# Toponium S-wave Green's function, JKT (Z. Phys. C 56 (1992) 653) Secs. 2-3. Colour singlet.
# Units: GeV. m_t = 173.0, Gamma_t = 1.49, C_F = 1.333333, n_F = 5, mZ = 91.1876.
# JKT potential: Lambda_MSbar from (14) at Q = mZ; (13) with the NLO bracket (31/3 - 10 n_F/9) alpha/4pi;
#   (15) with Lambda_R = 0.4 GeV, switch at |p| = 5 GeV, C from continuity there;
#   (19) below q_cut with C1 from continuity at q_cut; the d3 term V0_tilde fixed by (20): V_cut(r = 1/GeV) = -1/4 GeV.
# Position-space convention: V(r) = Int d^3q/(2pi)^3 e^{-iq.r} V(q), so the d3 term adds V0_tilde/(2pi)^3 = shift to V(r).
# Coulomb rows: V = -4 pi C_F alpha/Q^2, alpha fixed, no bracket, no cut, no shift.
# Sign of G: JKT (6), G0 = 1/(E + i Gamma_t - p^2/m_t); G -> G0 as alpha -> 0.
# G at energy E includes the d3 term, i.e. it is solved with G0 at E - shift. G0 columns are at the physical E.
# Solver: JKT (21) on Gauss-Legendre nodes (23), 120 per panel on (0,4,16,60,m_t) + t=1/q tail (N = 600).
# G in GeV^-1, E and p in GeV. G_exact: exact Coulomb solution (coulomb rows only).
id,E,p,ReG,ImG,ReG0,ImG0,absG_over_G0_sq,ReG_exact,ImG_exact
jkt_a0.112,-6,0.5,-0.5534727643,-0.3213364377,-0.15695205,-0.03896704063,15.66164401,nan,nan
jkt_a0.112,-6,1.5,-0.5521899242,-0.3198931022,-0.1566852392,-0.03882600732,15.62858384,nan,nan
jkt_a0.112,-6,2.5,-0.5496397548,-0.3170353196,-0.1561541305,-0.03854618167,15.56306493,nan,nan
jkt_a0.112,-6,3.5,-0.5458430883,-0.3128126315,-0.1553636967,-0.03813196867,15.4656758,nan,nan
jkt_a0.112,-6,4.5,-0.5408382069,-0.3073026085,-0.1543212666,-0.03758978776,15.3377264,nan,nan
jkt_a0.112,-6,5.5,-0.5346748941,-0.3006021293,-0.1530363732,-0.0369278595,15.18084022,nan,nan
jkt_a0.112,-6,6.5,-0.5274112033,-0.2928254837,-0.1515205585,-0.03615594016,14.9968419,nan,nan
jkt_a0.112,-6,7.5,-0.5191137803,-0.284098661,-0.1497871425,-0.03528501872,14.78771604,nan,nan
jkt_a0.112,-6,8.5,-0.5098623438,-0.2745606005,-0.1478509627,-0.03432699181,14.55592937,nan,nan
jkt_a0.112,-6,9.5,-0.499739633,-0.2643517757,-0.1457280922,-0.03329433221,14.30381978,nan,nan
jkt_a0.112,-6,10.5,-0.4888401776,-0.2536184251,-0.1434355466,-0.0321997656,14.0341912,nan,nan
jkt_a0.112,-6,11.5,-0.4772522525,-0.2424957268,-0.1409909875,-0.03105596824,13.74921216,nan,nan
jkt_a0.112,-6,12.5,-0.4650788771,-0.2311225287,-0.1384124304,-0.02987529594,13.45181044,nan,nan
jkt_a0.112,-6,13.5,-0.4524158121,-0.2196227135,-0.1357179674,-0.02866955169,13.144334,nan,nan
jkt_a0.112,-6,14.5,-0.4393608964,-0.2081117023,-0.1329255085,-0.02744979638,12.82921109,nan,nan
jkt_a0.112,-6,15.5,-0.426009518,-0.1966925631,-0.1300525494,-0.02622620432,12.50872547,nan,nan
jkt_a0.112,-6,16.5,-0.4124571218,-0.1854614229,-0.1271159683,-0.02500796271,12.18532115,nan,nan
jkt_a0.112,-6,17.5,-0.3987829168,-0.1744832092,-0.1241318549,-0.02380321238,11.86031452,nan,nan
jkt_a0.112,-6,18.5,-0.3850720763,-0.1638286917,-0.1211153732,-0.02261902535,11.53583361,nan,nan
jkt_a0.112,-6,19.5,-0.3713973738,-0.1535476326,-0.1180806566,-0.02146141432,11.21334292,nan,nan
jkt_a0.112,-6,20.5,-0.3578273511,-0.1436801345,-0.1150407353,-0.02033536796,10.89430729,nan,nan
jkt_a0.112,-6,21.5,-0.344424107,-0.1342559463,-0.1120074923,-0.01924490672,10.58006742,nan,nan
jkt_a0.112,-6,22.5,-0.3312376181,-0.125292307,-0.108991647,-0.01819315321,10.27148045,nan,nan
jkt_a0.112,-6,23.5,-0.3183125695,-0.1167992915,-0.1060027603,-0.01718241252,9.969368368,nan,nan
jkt_a0.112,-6,24.5,-0.3056883672,-0.1087806827,-0.1030492603,-0.0162142578,9.674518436,nan,nan
jkt_a0.112,-6,25.5,-0.2933961293,-0.1012332373,-0.1001384838,-0.01528961763,9.387474195,nan,nan
jkt_a0.112,-6,26.5,-0.2814605729,-0.09414865655,-0.09727672897,-0.01440886219,9.108643938,nan,nan
jkt_a0.112,-6,27.5,-0.2699008195,-0.08751472464,-0.09446931864,-0.01357188589,8.838334421,nan,nan
jkt_a0.112,-6,28.5,-0.258730704,-0.08131609816,-0.0917206687,-0.01277818499,8.576749263,nan,nan
jkt_a0.112,-6,29.5,-0.2479596271,-0.07553524272,-0.08903436056,-0.01202692892,8.324022653,nan,nan
jkt_a0.112,-5.5,0.5,-0.6246371551,-0.4282586537,-0.1693481936,-0.04586591423,18.63322292,nan,nan
jkt_a0.112,-5.5,1.5,-0.6231621089,-0.4261903937,-0.1690414722,-0.04568683649,18.58859731,nan,nan
jkt_a0.112,-5.5,2.5,-0.6202282547,-0.422097591,-0.1684310498,-0.04533173763,18.50018873,nan,nan
jkt_a0.112,-5.5,3.5,-0.6158564389,-0.4160563215,-0.1675229031,-0.04480661867,18.36892022,nan,nan
jkt_a0.112,-5.5,4.5,-0.6100865331,-0.4081845201,-0.1663258391,-0.0441202074,18.19669752,nan,nan
jkt_a0.112,-5.5,5.5,-0.6029711804,-0.3986289729,-0.1648513103,-0.04328364883,17.98587184,nan,nan
jkt_a0.112,-5.5,6.5,-0.59457226,-0.3875628323,-0.1631131772,-0.04231012195,17.73912331,nan,nan
jkt_a0.112,-5.5,7.5,-0.5849620267,-0.3751762334,-0.1611274253,-0.04121440479,17.45936388,nan,nan
jkt_a0.112,-5.5,8.5,-0.5742287596,-0.3616773243,-0.1589118444,-0.04001241137,17.15013462,nan,nan
jkt_a0.112,-5.5,9.5,-0.5624654674,-0.3472757662,-0.1564856818,-0.03872072396,16.81482277,nan,nan
jkt_a0.112,-5.5,10.5,-0.5497803406,-0.3321877618,-0.1538692792,-0.03735614231,16.45739063,nan,nan
jkt_a0.112,-5.5,11.5,-0.5362758665,-0.3166124665,-0.1510837056,-0.03593526809,16.0809858,nan,nan
jkt_a0.112,-5.5,12.5,-0.5220732279,-0.3007515939,-0.148150396,-0.03447413909,15.6896694,nan,nan
jkt_a0.112,-5.5,13.5,-0.5072865472,-0.2847837535,-0.1450908076,-0.0329879228,15.2867378,nan,nan
jkt_a0.112,-5.5,14.5,-0.4920334992,-0.2688731652,-0.1419261018,-0.03149067464,14.87553769,nan,nan
jkt_a0.112,-5.5,15.5,-0.4764297212,-0.2531643821,-0.1386768594,-0.02999516177,14.45918025,nan,nan
jkt_a0.112,-5.5,16.5,-0.4605915418,-0.237790486,-0.1353628343,-0.02851274998,14.04096192,nan,nan
jkt_a0.112,-5.5,17.5,-0.4446162639,-0.2228377967,-0.1320027497,-0.02705334827,13.6226042,nan,nan
jkt_a0.112,-5.5,18.5,-0.4286082527,-0.2084006361,-0.128614137,-0.02562540373,13.20691116,nan,nan
jkt_a0.112,-5.5,19.5,-0.4126569848,-0.1945422347,-0.1252132173,-0.02423593845,12.7957652,nan,nan
jkt_a0.112,-5.5,20.5,-0.3968464327,-0.1813113906,-0.1218148241,-0.02289061944,12.39100405,nan,nan
jkt_a0.112,-5.5,21.5,-0.3812523434,-0.1687418706,-0.1184323625,-0.02159385328,11.9942688,nan,nan
jkt_a0.112,-5.5,22.5,-0.365935626,-0.1568500324,-0.1150778013,-0.02034889716,11.60658057,nan,nan
jkt_a0.112,-5.5,23.5,-0.3509502169,-0.1456421866,-0.1117616942,-0.01915797965,11.22888628,nan,nan
jkt_a0.112,-5.5,24.5,-0.3363430933,-0.135116022,-0.1084932234,-0.01802242514,10.86206169,nan,nan
jkt_a0.112,-5.5,25.5,-0.3221508758,-0.1252599522,-0.1052802624,-0.01694277712,10.50666901,nan,nan
jkt_a0.112,-5.5,26.5,-0.3084020868,-0.1160559076,-0.1021294517,-0.01591891687,10.1630924,nan,nan
jkt_a0.112,-5.5,27.5,-0.295118167,-0.1074809807,-0.09904628514,-0.01495017475,9.831582179,nan,nan
jkt_a0.112,-5.5,28.5,-0.2823139379,-0.09950858657,-0.09603520147,-0.01403543239,9.512257447,nan,nan
jkt_a0.112,-5.5,29.5,-0.2699986807,-0.09210976228,-0.09309967909,-0.01317321492,9.205149208,nan,nan
jkt_a0.112,-5,0.5,-0.7001421256,-0.5866842059,-0.1836433701,-0.05470991216,22.72443891,nan,nan
jkt_a0.112,-5,1.5,-0.698540387,-0.5836399129,-0.1832886967,-0.05447832498,22.66232283,nan,nan
jkt_a0.112,-5,2.5,-0.6953495631,-0.5776190759,-0.1825829739,-0.05401941255,22.53931711,nan,nan
jkt_a0.112,-5,3.5,-0.690582088,-0.568741093,-0.1815333754,-0.05334153111,22.35690186,nan,nan
jkt_a0.112,-5,4.5,-0.6842677314,-0.5571894726,-0.180150476,-0.05245680679,22.11794621,nan,nan
jkt_a0.112,-5,5.5,-0.6764483672,-0.5431919258,-0.1784480349,-0.05138067573,21.82597597,nan,nan
jkt_a0.112,-5,6.5,-0.6671743407,-0.5270170379,-0.1764427118,-0.05013131752,21.48505577,nan,nan
jkt_a0.112,-5,7.5,-0.6565081818,-0.5089586987,-0.1741537275,-0.04872901637,21.09959489,nan,nan
jkt_a0.112,-5,8.5,-0.6445323148,-0.4893364924,-0.1716024747,-0.04719548669,20.67484645,nan,nan
jkt_a0.112,-5,9.5,-0.6313373526,-0.4684711622,-0.1688120931,-0.04555319889,20.21587124,nan,nan
jkt_a0.112,-5,10.5,-0.6170349401,-0.4466904922,-0.165807021,-0.04382473808,19.72844933,nan,nan
jkt_a0.112,-5,11.5,-0.601734264,-0.4242952954,-0.1626125384,-0.04203222265,19.21727608,nan,nan
jkt_a0.112,-5,12.5,-0.5855701918,-0.4015861065,-0.1592543159,-0.04019680294,18.68815632,nan,nan
jkt_a0.112,-5,13.5,-0.5686734522,-0.378826891,-0.1557579838,-0.03833825302,18.14584429,nan,nan
jkt_a0.112,-5,14.5,-0.5511823629,-0.3562570263,-0.1521487344,-0.03647466102,17.59507478,nan,nan
jkt_a0.112,-5,15.5,-0.5332357433,-0.3340839986,-0.1484509668,-0.03462221733,17.0401908,nan,nan
jkt_a0.112,-5,16.5,-0.5149751894,-0.3124960996,-0.1446879828,-0.0327950946,16.48573852,nan,nan
jkt_a0.112,-5,17.5,-0.4965223021,-0.2916099085,-0.140881738,-0.03100540927,15.93400658,nan,nan
jkt_a0.112,-5,18.5,-0.4780067337,-0.2715531881,-0.1370526498,-0.02926325246,15.38875564,nan,nan
jkt_a0.112,-5,19.5,-0.4595413527,-0.2524066251,-0.1332194615,-0.02757677622,14.85243098,nan,nan
jkt_a0.112,-5,20.5,-0.4412322095,-0.2342289337,-0.1293991597,-0.02595232165,14.32735378,nan,nan
jkt_a0.112,-5,21.5,-0.4231750228,-0.2170565772,-0.1256069393,-0.02439457581,13.81553352,nan,nan
jkt_a0.112,-5,22.5,-0.4054473131,-0.2009012893,-0.1218562101,-0.02290674587,13.3181636,nan,nan
jkt_a0.112,-5,23.5,-0.3881173371,-0.1857605052,-0.1181586394,-0.02149074086,12.83630148,nan,nan
jkt_a0.112,-5,24.5,-0.3712440362,-0.171619715,-0.1145242224,-0.02014735288,12.37087763,nan,nan
jkt_a0.112,-5,25.5,-0.3548731612,-0.1584520462,-0.1109613741,-0.01887643188,11.92241195,nan,nan
jkt_a0.112,-5,26.5,-0.3390399586,-0.1462223116,-0.1074770374,-0.01767704957,11.4911878,nan,nan
jkt_a0.112,-5,27.5,-0.3237704554,-0.1348894324,-0.1040768002,-0.01654764953,11.07731193,nan,nan
jkt_a0.112,-5,28.5,-0.3090821348,-0.1244081604,-0.1007650183,-0.015486182,10.68072447,nan,nan
jkt_a0.112,-5,29.5,-0.294985322,-0.1147309063,-0.09754493894,-0.01449022268,10.30125552,nan,nan
jkt_a0.112,-4.5,0.5,-0.7638369325,-0.8263678468,-0.2002145394,-0.06627197666,28.47104922,nan,nan
jkt_a0.112,-4.5,1.5,-0.7623704845,-0.8217837973,-0.1998026125,-0.06596621125,28.38181303,nan,nan
jkt_a0.112,-4.5,2.5,-0.759434032,-0.8127220362,-0.198983058,-0.06536076822,28.20519425,nan,nan
jkt_a0.112,-4.5,3.5,-0.7550074353,-0.7993718913,-0.1977643951,-0.06446756639,27.94361966,nan,nan
jkt_a0.112,-4.5,4.5,-0.7490762455,-0.7820225349,-0.1961592038,-0.06330385975,27.60155482,nan,nan
jkt_a0.112,-4.5,5.5,-0.7416313929,-0.7610321297,-0.1941838869,-0.06189153697,27.18447061,nan,nan
jkt_a0.112,-4.5,6.5,-0.732666145,-0.7368233852,-0.1918583529,-0.06025626273,26.69872665,nan,nan
jkt_a0.112,-4.5,7.5,-0.7221871084,-0.709857847,-0.1892056267,-0.05842651621,26.15120923,nan,nan
jkt_a0.112,-4.5,8.5,-0.7102261006,-0.6806349952,-0.186251393,-0.05643258487,25.54996937,nan,nan
jkt_a0.112,-4.5,9.5,-0.6968308704,-0.6496549211,-0.1830234857,-0.05430556998,24.90280316,nan,nan
jkt_a0.112,-4.5,10.5,-0.6820817207,-0.6174250339,-0.1795513389,-0.05207645414,24.21841595,nan,nan
jkt_a0.112,-4.5,11.5,-0.666067147,-0.5844096629,-0.1758654167,-0.04977527144,23.50400736,nan,nan
jkt_a0.112,-4.5,12.5,-0.6489154279,-0.5510671846,-0.1719966445,-0.04743040925,22.76813054,nan,nan
jkt_a0.112,-4.5,13.5,-0.6307612637,-0.5177972383,-0.167975859,-0.04506805848,22.01783089,nan,nan
jkt_a0.112,-4.5,14.5,-0.611757705,-0.484957531,-0.1638332994,-0.04271181754,21.25998574,nan,nan
jkt_a0.112,-4.5,15.5,-0.5920667465,-0.4528534151,-0.1595981519,-0.04038244477,20.50080633,nan,nan
jkt_a0.112,-4.5,16.5,-0.5718591138,-0.4217578672,-0.1552981621,-0.03809774661,19.74670048,nan,nan
jkt_a0.112,-4.5,17.5,-0.5512909965,-0.3918316243,-0.1509593218,-0.03587258297,19.00075441,nan,nan
jkt_a0.112,-4.5,18.5,-0.530526845,-0.363251268,-0.1466056315,-0.03371896823,18.26809228,nan,nan
jkt_a0.112,-4.5,19.5,-0.5097152196,-0.3361205317,-0.1422589405,-0.0316462456,17.55191015,nan,nan
jkt_a0.112,-4.5,20.5,-0.4889970424,-0.310509013,-0.1379388558,-0.02966131291,16.85514036,nan,nan
jkt_a0.112,-4.5,21.5,-0.4685006962,-0.2864526556,-0.1336627166,-0.02776888049,16.18021869,nan,nan
jkt_a0.112,-4.5,22.5,-0.4483323236,-0.2639514624,-0.1294456225,-0.02597174401,15.52847771,nan,nan
jkt_a0.112,-4.5,23.5,-0.4285855588,-0.2429847162,-0.1253005066,-0.02427105887,14.90101692,nan,nan
jkt_a0.112,-4.5,24.5,-0.4093412215,-0.2235149044,-0.1212382442,-0.0226666054,14.29872383,nan,nan
jkt_a0.112,-4.5,25.5,-0.390662818,-0.2054878378,-0.1172677868,-0.02115703756,13.7219403,nan,nan
jkt_a0.112,-4.5,26.5,-0.3725996674,-0.1888386633,-0.1133963139,-0.01974010997,13.17069278,nan,nan
jkt_a0.112,-4.5,27.5,-0.3551885145,-0.1734955043,-0.1096293935,-0.01841288078,12.64477641,nan,nan
jkt_a0.112,-4.5,28.5,-0.3384545085,-0.1593820498,-0.105971147,-0.01717188909,12.14377732,nan,nan
jkt_a0.112,-4.5,29.5,-0.3224130181,-0.1464201701,-0.1024244123,-0.01601330751,11.66714874,nan,nan
jkt_a0.112,-4,0.5,-0.7686361256,-1.189333318,-0.2194777917,-0.08172595214,36.56023113,nan,nan
jkt_a0.112,-4,1.5,-0.7680933066,-1.182382654,-0.2189989473,-0.081312724,36.42866694,nan,nan
jkt_a0.112,-4,2.5,-0.7669537433,-1.168644913,-0.2180461934,-0.08049519123,36.16842114,nan,nan
jkt_a0.112,-4,3.5,-0.7650998965,-1.148413274,-0.2166293377,-0.07929079782,35.78352242,nan,nan
jkt_a0.112,-4,4.5,-0.7623808455,-1.122134929,-0.2147629286,-0.07772473165,35.28108565,nan,nan
jkt_a0.112,-4,5.5,-0.7586274324,-1.090364524,-0.2124660469,-0.07582883059,34.66981412,nan,nan
jkt_a0.112,-4,6.5,-0.7536517284,-1.053758865,-0.2097620064,-0.07364024839,33.95988035,nan,nan
jkt_a0.112,-4,7.5,-0.7472776239,-1.013036485,-0.2066779601,-0.0711999703,33.16228187,nan,nan
jkt_a0.112,-4,8.5,-0.7393619966,-0.9689751663,-0.2032444072,-0.06855127359,32.28966795,nan,nan
jkt_a0.112,-4,9.5,-0.7297960177,-0.9223549793,-0.1994946093,-0.06573822362,31.35433055,nan,nan
jkt_a0.112,-4,10.5,-0.7185286001,-0.8739658254,-0.195463932,-0.06280428513,30.36971792,nan,nan
jkt_a0.112,-4,11.5,-0.7055470561,-0.8245312319,-0.1911891358,-0.05979111137,29.34710656,nan,nan
jkt_a0.112,-4,12.5,-0.6909099644,-0.7747605599,-0.1867076461,-0.0567375537,28.29941628,nan,nan
jkt_a0.112,-4,13.5,-0.674713277,-0.7252701153,-0.1820568333,-0.05367891327,27.23731691,nan,nan
jkt_a0.112,-4,14.5,-0.6570994893,-0.6766065511,-0.1772733365,-0.05064643719,26.17101138,nan,nan
jkt_a0.112,-4,15.5,-0.6382441785,-0.6292311025,-0.1723924545,-0.04766704532,25.10955389,nan,nan
jkt_a0.112,-4,16.5,-0.6183477076,-0.5835507578,-0.1674476268,-0.04476326135,24.0621254,nan,nan
jkt_a0.112,-4,17.5,-0.5976200456,-0.5397950212,-0.1624700167,-0.04195331449,23.03291894,nan,nan
jkt_a0.112,-4,18.5,-0.5762769967,-0.4982155204,-0.1574882023,-0.03925137434,22.02897856,nan,nan
jkt_a0.112,-4,19.5,-0.5545281022,-0.458949381,-0.1525279741,-0.03666788144,21.05446336,nan,nan
jkt_a0.112,-4,20.5,-0.5325764671,-0.4220795746,-0.1476122311,-0.03420993913,20.1130262,nan,nan
jkt_a0.112,-4,21.5,-0.5106111146,-0.3876369454,-0.1427609658,-0.03188173634,19.20752685,nan,nan
jkt_a0.112,-4,22.5,-0.4887942672,-0.3555987143,-0.1379913236,-0.02968497683,18.33930079,nan,nan
jkt_a0.112,-4,23.5,-0.4672707451,-0.325911261,-0.1333177208,-0.02761929587,17.50930039,nan,nan
jkt_a0.112,-4,24.5,-0.4461668922,-0.2984967399,-0.1287520086,-0.02568265062,16.71813994,nan,nan
jkt_a0.112,-4,25.5,-0.4255851915,-0.273254312,-0.1243036679,-0.02387167552,15.96570397,nan,nan
jkt_a0.112,-4,26.5,-0.4056076898,-0.2500692967,-0.1199800225,-0.02218199778,15.2514601,nan,nan
jkt_a0.112,-4,27.5,-0.3862979859,-0.2288187658,-0.1157864623,-0.02060851123,14.57458024,nan,nan
jkt_a0.112,-4,28.5,-0.3677026591,-0.2093755141,-0.1117266653,-0.01914560912,13.93398308,nan,nan
jkt_a0.112,-4,29.5,-0.3498537153,-0.1916118813,-0.1078028149,-0.0177873782,13.32843844,nan,nan
jkt_a0.112,-3.5,0.5,-0.5950550914,-1.708137632,-0.2418088706,-0.1028990055,47.3767344,nan,nan
jkt_a0.112,-3.5,1.5,-0.5974934845,-1.698013485,-0.2412561695,-0.102325961,47.18225813,nan,nan
jkt_a0.112,-3.5,2.5,-0.6021823519,-1.677988497,-0.2401559521,-0.1011932975,46.79777119,nan,nan
jkt_a0.112,-3.5,3.5,-0.6087485288,-1.648462458,-0.238518605,-0.09952722105,46.22981319,nan,nan
jkt_a0.112,-3.5,4.5,-0.6166779538,-1.610052949,-0.2363597297,-0.09736547747,45.4896108,nan,nan
jkt_a0.112,-3.5,5.5,-0.6253717262,-1.563534959,-0.2337001129,-0.09475560851,44.59091974,nan,nan
jkt_a0.112,-3.5,6.5,-0.6341524087,-1.509838229,-0.230565608,-0.09175283175,43.54986598,nan,nan
jkt_a0.112,-3.5,7.5,-0.6423437561,-1.449994965,-0.2269868847,-0.08841769438,42.38388558,nan,nan
jkt_a0.112,-3.5,8.5,-0.6493131749,-1.385139637,-0.2229990165,-0.08481365768,41.11279974,nan,nan
jkt_a0.112,-3.5,9.5,-0.6545046851,-1.31642668,-0.2186408946,-0.08100476234,39.75593199,nan,nan
jkt_a0.112,-3.5,10.5,-0.6574762943,-1.245040024,-0.2139544787,-0.07705350467,38.33408518,nan,nan
jkt_a0.112,-3.5,11.5,-0.6579022881,-1.172078244,-0.208983919,-0.07301902379,36.86488917,nan,nan
jkt_a0.112,-3.5,12.5,-0.655600758,-1.098626093,-0.2037745958,-0.06895566465,35.36793626,nan,nan
jkt_a0.112,-3.5,13.5,-0.6505090216,-1.025634201,-0.1983721332,-0.06491194512,33.85941328,nan,nan
jkt_a0.112,-3.5,14.5,-0.6426823384,-0.9539484718,-0.1928214453,-0.06092992209,32.35449451,nan,nan
jkt_a0.112,-3.5,15.5,-0.6322727985,-0.8842831874,-0.1871658644,-0.05704492447,30.86639576,nan,nan
jkt_a0.112,-3.5,16.5,-0.619498787,-0.8172659696,-0.181446392,-0.05328560121,29.40825586,nan,nan
jkt_a0.112,-3.5,17.5,-0.604661573,-0.7532489176,-0.1757010977,-0.04967422204,27.98572926,nan,nan
jkt_a0.112,-3.5,18.5,-0.5880589048,-0.6926116773,-0.1699646783,-0.04622716446,26.60840414,nan,nan
jkt_a0.112,-3.5,19.5,-0.5700156419,-0.6355544304,-0.1642681761,-0.04295552397,25.28155464,nan,nan
jkt_a0.112,-3.5,20.5,-0.5508575418,-0.5821897743,-0.1586388448,-0.03986579091,24.00954642,nan,nan
jkt_a0.112,-3.5,21.5,-0.5308976592,-0.5325473843,-0.1531001449,-0.03696054728,22.79549501,nan,nan
jkt_a0.112,-3.5,22.5,-0.5104180046,-0.4865743088,-0.1476718462,-0.03423914711,21.64039988,nan,nan
jkt_a0.112,-3.5,23.5,-0.4896752543,-0.444169466,-0.1423702139,-0.0316983546,20.5446585,nan,nan
jkt_a0.112,-3.5,24.5,-0.4688975857,-0.4051948495,-0.1372082542,-0.02933292281,19.50815619,nan,nan
jkt_a0.112,-3.5,25.5,-0.448277871,-0.3694790213,-0.1321959995,-0.02713610416,18.52981601,nan,nan
jkt_a0.112,-3.5,26.5,-0.4279768286,-0.3368313527,-0.1273408144,-0.02510008925,17.60802877,nan,nan
jkt_a0.112,-3.5,27.5,-0.4081253745,-0.307050867,-0.1226477069,-0.02321637555,16.74082881,nan,nan
jkt_a0.112,-3.5,28.5,-0.3888267438,-0.2799325274,-0.1181196356,-0.02147607016,15.92596772,nan,nan
jkt_a0.112,-3.5,29.5,-0.3701599398,-0.2552730195,-0.1137578017,-0.01987013284,15.16105699,nan,nan
jkt_a0.112,-3,0.5,-0.01004528963,-2.29449668,-0.2672994807,-0.1326948236,59.11742084,nan,nan
jkt_a0.112,-3,1.5,-0.01976692329,-2.282132643,-0.2666777089,-0.1318782024,58.84744296,nan,nan
jkt_a0.112,-3,2.5,-0.03873326663,-2.257581666,-0.2654382345,-0.1302656139,58.31378583,nan,nan
jkt_a0.112,-3,3.5,-0.06602191574,-2.221147432,-0.2635894681,-0.1278973312,57.52585759,nan,nan
jkt_a0.112,-3,4.5,-0.1003276247,-2.173347968,-0.2611446407,-0.1248312546,56.4996762,nan,nan
jkt_a0.112,-3,5.5,-0.1401034594,-2.114881221,-0.2581223746,-0.1211401083,55.2550589,nan,nan
jkt_a0.112,-3,6.5,-0.1835779248,-2.046641371,-0.2545472017,-0.1169080306,53.81527839,nan,nan
jkt_a0.112,-3,7.5,-0.2289373383,-1.969699867,-0.250449887,-0.1122268011,52.20565363,nan,nan
jkt_a0.112,-3,8.5,-0.274411007,-1.885330996,-0.2458674442,-0.107191968,50.45493524,nan,nan
jkt_a0.112,-3,9.5,-0.3183805781,-1.794918201,-0.2408427775,-0.1018991264,48.59134233,nan,nan
jkt_a0.112,-3,10.5,-0.3594472768,-1.699973492,-0.2354239398,-0.09644057048,46.64507044,nan,nan
jkt_a0.112,-3,11.5,-0.3964964878,-1.601975558,-0.2296630563,-0.09090248908,44.64198308,nan,nan
jkt_a0.112,-3,12.5,-0.4287081539,-1.502455615,-0.2236149991,-0.08536281128,42.6102848,nan,nan
jkt_a0.112,-3,13.5,-0.455568942,-1.402814255,-0.2173359299,-0.07988974352,40.5733188,nan,nan
jkt_a0.112,-3,14.5,-0.4768468038,-1.304342646,-0.2108818266,-0.07454097831,38.55264657,nan,nan
jkt_a0.112,-3,15.5,-0.4925576011,-1.208167011,-0.2043071043,-0.06936350645,36.56674958,nan,nan
jkt_a0.112,-3,16.5,-0.502882921,-1.115295706,-0.197663414,-0.0643939314,34.63363409,nan,nan
jkt_a0.112,-3,17.5,-0.5082729271,-1.026346659,-0.1909986747,-0.05965916797,32.76069758,nan,nan
jkt_a0.112,-3,18.5,-0.5091528691,-0.9419563855,-0.184356366,-0.05517740546,30.96036349,nan,nan
jkt_a0.112,-3,19.5,-0.5060649438,-0.8624931523,-0.1777750801,-0.05095922424,29.2389515,nan,nan
jkt_a0.112,-3,20.5,-0.4995765056,-0.7881817964,-0.171288314,-0.04700877158,27.60129073,nan,nan
jkt_a0.112,-3,21.5,-0.4902531653,-0.7191113504,-0.1649244685,-0.04332492254,26.05034681,nan,nan
jkt_a0.112,-3,22.5,-0.4786289825,-0.6552381289,-0.1587070135,-0.03990237197,24.58625358,nan,nan
jkt_a0.112,-3,23.5,-0.465200203,-0.5964367401,-0.1526547788,-0.03673262294,23.20826754,nan,nan
jkt_a0.112,-3,24.5,-0.4504167358,-0.5425188926,-0.1467823303,-0.0338048526,21.91492937,nan,nan
jkt_a0.112,-3,25.5,-0.4346726072,-0.4932415203,-0.1411003969,-0.03110664897,20.70357804,nan,nan
jkt_a0.112,-3,26.5,-0.4183071998,-0.4483292864,-0.1356163204,-0.02862462143,19.57092409,nan,nan
jkt_a0.112,-3,27.5,-0.4016076764,-0.4074890974,-0.1303345045,-0.02634489333,18.51329471,nan,nan
jkt_a0.112,-3,28.5,-0.3848121401,-0.3704206207,-0.1252568474,-0.02425348924,17.52674869,nan,nan
jkt_a0.112,-3,29.5,-0.3681147088,-0.336825601,-0.1203831469,-0.02233663039,16.60726263,nan,nan
jkt_a0.112,-2.5,0.5,1.162173529,-2.500486562,-0.2950747249,-0.175762939,64.45380239,nan,nan
jkt_a0.112,-2.5,1.5,1.140473283,-2.493014101,-0.2944250763,-0.1745691821,64.1495813,nan,nan
jkt_a0.112,-2.5,2.5,1.097899194,-2.47778603,-0.293124728,-0.1722137006,63.5475649,nan,nan
jkt_a0.112,-2.5,3.5,1.036041727,-2.454221416,-0.2911725682,-0.1687589723,62.65688771,nan,nan
jkt_a0.112,-2.5,4.5,0.957217431,-2.421643496,-0.2885692288,-0.1642948429,61.49388043,nan,nan
jkt_a0.112,-2.5,5.5,0.8642460914,-2.379410613,-0.285319383,-0.1589341488,60.07953087,nan,nan
jkt_a0.112,-2.5,6.5,0.7604499964,-2.326993798,-0.2814341359,-0.1528073243,58.43859055,nan,nan
jkt_a0.112,-2.5,7.5,0.6493560743,-2.264154867,-0.2769330998,-0.1460563583,56.59877015,nan,nan
jkt_a0.112,-2.5,8.5,0.5345644536,-2.191076904,-0.2718458105,-0.1388285182,54.59252936,nan,nan
jkt_a0.112,-2.5,9.5,0.4195098318,-2.108345211,-0.2662122651,-0.1312702737,52.45247661,nan,nan
jkt_a0.112,-2.5,10.5,0.3073361984,-2.017012109,-0.2600825067,-0.1235218199,50.21430343,nan,nan
jkt_a0.112,-2.5,11.5,0.2006911744,-1.918417225,-0.253515331,-0.1157125221,47.90921741,nan,nan
jkt_a0.112,-2.5,12.5,0.1017259286,-1.814256934,-0.2465763013,-0.1079574916,45.57160178,nan,nan
jkt_a0.112,-2.5,13.5,0.01197761693,-1.70632099,-0.2393353305,-0.1003553772,43.23032358,nan,nan
jkt_a0.112,-2.5,14.5,-0.06758411911,-1.596452614,-0.2318641061,-0.09298733667,40.91213591,nan,nan
jkt_a0.112,-2.5,15.5,-0.1365233941,-1.486417346,-0.22423361,-0.08591705338,38.63996566,nan,nan
jkt_a0.112,-2.5,16.5,-0.1947718507,-1.377891155,-0.2165119282,-0.07919159948,36.43587173,nan,nan
jkt_a0.112,-2.5,17.5,-0.2429073414,-1.272124844,-0.2087624792,-0.0728429161,34.30924336,nan,nan
jkt_a0.112,-2.5,18.5,-0.2814673784,-1.170326229,-0.2010427189,-0.06688968268,32.27466616,nan,nan
jkt_a0.112,-2.5,19.5,-0.3113033701,-1.073351197,-0.1934033222,-0.06133937173,30.33938712,nan,nan
jkt_a0.112,-2.5,20.5,-0.3333608644,-0.9818222328,-0.1858877988,-0.05619032296,28.50856546,nan,nan
jkt_a0.112,-2.5,21.5,-0.3486245703,-0.8961343354,-0.1785324744,-0.05143371436,26.78491756,nan,nan
jkt_a0.112,-2.5,22.5,-0.3580647578,-0.8164597,-0.1713667565,-0.04705534896,25.16774558,nan,nan
jkt_a0.112,-2.5,23.5,-0.3626027643,-0.7428170362,-0.1644136052,-0.04303721251,23.65520982,nan,nan
jkt_a0.112,-2.5,24.5,-0.3630895125,-0.6751020988,-0.1576901339,-0.0393587856,22.24457069,nan,nan
jkt_a0.112,-2.5,25.5,-0.3602893263,-0.6131052577,-0.1512082808,-0.03599811456,20.93172457,nan,nan
jkt_a0.112,-2.5,26.5,-0.354875199,-0.5565472098,-0.1449754999,-0.03293265884,19.71189137,nan,nan
jkt_a0.112,-2.5,27.5,-0.3474298164,-0.5051038488,-0.1389954385,-0.03013994043,18.57992024,nan,nan
jkt_a0.112,-2.5,28.5,-0.3384496159,-0.4584251318,-0.1332685739,-0.02759802394,17.53044347,nan,nan
jkt_a0.112,-2.5,29.5,-0.3283520034,-0.4161514252,-0.1277927959,-0.02528585608,16.55809471,nan,nan
jkt_a0.112,-2,0.5,2.429863178,-1.687379179,-0.3214717123,-0.239323504,54.48570776,nan,nan
jkt_a0.112,-2,1.5,2.401604694,-1.6987313,-0.3209362213,-0.2375527057,54.2766109,nan,nan
jkt_a0.112,-2,2.5,2.345596561,-1.720140157,-0.3198483702,-0.2340590898,53.86012156,nan,nan
jkt_a0.112,-2,3.5,2.262843234,-1.749065415,-0.3181772566,-0.2289366405,53.23628877,nan,nan
jkt_a0.112,-2,4.5,2.155032755,-1.782047319,-0.3158831834,-0.2223213876,52.4087663,nan,nan
jkt_a0.112,-2,5.5,2.024506601,-1.81514524,-0.3129245069,-0.2143855153,51.38469834,nan,nan
jkt_a0.112,-2,6.5,1.874416267,-1.844078449,-0.3092650684,-0.2053297017,50.17273098,nan,nan
jkt_a0.112,-2,7.5,1.708590617,-1.864827827,-0.3048811271,-0.1953740413,48.78502982,nan,nan
jkt_a0.112,-2,8.5,1.53149206,-1.874000837,-0.2997668366,-0.1847481111,47.23970967,nan,nan
jkt_a0.112,-2,9.5,1.347907406,-1.869089067,-0.2939375914,-0.1736809007,45.55721992,nan,nan
jkt_a0.112,-2,10.5,1.162753316,-1.848698067,-0.2874309467,-0.1623913976,43.76354313,nan,nan
jkt_a0.112,-2,11.5,0.9806331291,-1.812497526,-0.2803052091,-0.1510805515,41.88305494,nan,nan
jkt_a0.112,-2,12.5,0.8057419524,-1.761265693,-0.2726361195,-0.1399251618,39.94565782,nan,nan
jkt_a0.112,-2,13.5,0.6414927923,-1.696586829,-0.2645122617,-0.129073972,37.97807205,nan,nan
jkt_a0.112,-2,14.5,0.4904714324,-1.620671904,-0.2560298903,-0.1186459772,36.00659857,nan,nan
jkt_a0.112,-2,15.5,0.3543741318,-1.536076875,-0.2472878189,-0.108730714,34.05494654,nan,nan
jkt_a0.112,-2,16.5,0.2342136319,-1.44549674,-0.238382863,-0.09939013441,32.14637075,nan,nan
jkt_a0.112,-2,17.5,0.1297818011,-1.351446647,-0.2294061502,-0.09066159192,30.29336307,nan,nan
jkt_a0.112,-2,18.5,0.04081074514,-1.25625829,-0.220440436,-0.08256146922,28.51181224,nan,nan
jkt_a0.112,-2,19.5,-0.03363498609,-1.161904719,-0.2115584153,-0.07508903642,26.81109504,nan,nan
jkt_a0.112,-2,20.5,-0.0947673195,-1.069999744,-0.2028219199,-0.06823022028,25.19824258,nan,nan
jkt_a0.112,-2,21.5,-0.1439660711,-0.9817826289,-0.1942818393,-0.06196106368,23.67759234,nan,nan
jkt_a0.112,-2,22.5,-0.182677279,-0.8981148901,-0.1859785803,-0.05625074644,22.24987723,nan,nan
jkt_a0.112,-2,23.5,-0.2123248191,-0.8195618341,-0.1779428929,-0.05106411301,20.91444354,nan,nan
jkt_a0.112,-2,24.5,-0.2342589326,-0.7464390086,-0.1701969112,-0.04636370706,19.66952677,nan,nan
jkt_a0.112,-2,25.5,-0.2497215913,-0.6788471039,-0.16275529,-0.04211134866,18.51186147,nan,nan
jkt_a0.112,-2,26.5,-0.2598263792,-0.6167283428,-0.1556263487,-0.03826930971,17.43738686,nan,nan
jkt_a0.112,-2,27.5,-0.2655525924,-0.5599099746,-0.1488131615,-0.03480115097,16.44157877,nan,nan
jkt_a0.112,-2,28.5,-0.2677471887,-0.508139238,-0.1423145567,-0.03167228429,15.51962967,nan,nan
jkt_a0.112,-2,29.5,-0.267132762,-0.461113441,-0.1361260048,-0.02885031881,14.66668097,nan,nan
jkt_a0.112,-1.5,0.5,2.725639128,-0.09722931915,-0.3355606459,-0.333002763,33.28338052,nan,nan
jkt_a0.112,-1.5,1.5,2.713497983,-0.130062224,-0.3355310831,-0.330429216,33.27847788,nan,nan
jkt_a0.112,-1.5,2.5,2.687998446,-0.1942025508,-0.3354145677,-0.3253426646,33.26322087,nan,nan
jkt_a0.112,-1.5,3.5,2.646819823,-0.2865464882,-0.3351029923,-0.3178638393,33.22418957,nan,nan
jkt_a0.112,-1.5,4.5,2.587138994,-0.4024436486,-0.3344501184,-0.3081723218,33.14483613,nan,nan
jkt_a0.112,-1.5,5.5,2.506241707,-0.536000583,-0.3332885963,-0.2965031975,33.00851667,nan,nan
jkt_a0.112,-1.5,6.5,2.401989489,-0.6799559093,-0.3314493244,-0.283140654,32.79473029,nan,nan
jkt_a0.112,-1.5,7.5,2.273518295,-0.8263955687,-0.32878067,-0.2684078964,32.48490292,nan,nan
jkt_a0.112,-1.5,8.5,2.121698986,-0.9672714878,-0.3251650591,-0.2526534959,32.06549286,nan,nan
jkt_a0.112,-1.5,9.5,1.949174765,-1.09510058,-0.32053086,-0.2362351388,31.52708813,nan,nan
jkt_a0.112,-1.5,10.5,1.7603133,-1.203625983,-0.3148583034,-0.2195024337,30.86823837,nan,nan
jkt_a0.112,-1.5,11.5,1.560600986,-1.288307858,-0.3081792155,-0.2027807438,30.09095747,nan,nan
jkt_a0.112,-1.5,12.5,1.356291963,-1.346633334,-0.3005713461,-0.1863578494,29.20668146,nan,nan
jkt_a0.112,-1.5,13.5,1.153551761,-1.37808415,-0.2921488096,-0.1704746998,28.22939951,nan,nan
jkt_a0.112,-1.5,14.5,0.9579989949,-1.38392778,-0.283050492,-0.1553207564,27.17728896,nan,nan
jkt_a0.112,-1.5,15.5,0.7742523089,-1.366808573,-0.273428204,-0.1410336931,26.07016852,nan,nan
jkt_a0.112,-1.5,16.5,0.6059196459,-1.330223744,-0.2634359822,-0.1277026669,24.92966263,nan,nan
jkt_a0.112,-1.5,17.5,0.454711477,-1.278300996,-0.2532214276,-0.1153740829,23.7732402,nan,nan
jkt_a0.112,-1.5,18.5,0.3218522823,-1.214932079,-0.2429194495,-0.1040587395,22.61873241,nan,nan
jkt_a0.112,-1.5,19.5,0.20730997,-1.143862492,-0.2326483761,-0.09373938554,21.48066406,nan,nan
jkt_a0.112,-1.5,20.5,0.1103328739,-1.068389413,-0.2225081184,-0.08437795908,20.37152412,nan,nan
jkt_a0.112,-1.5,21.5,0.02965253074,-0.9912627804,-0.2125799455,-0.07592204026,19.3012061,nan,nan
jkt_a0.112,-1.5,22.5,-0.03631938419,-0.9146356723,-0.2029274034,-0.06831027983,18.27598268,nan,nan
jkt_a0.112,-1.5,23.5,-0.08930344614,-0.8401365982,-0.1935979554,-0.06147674157,17.30034547,nan,nan
jkt_a0.112,-1.5,24.5,-0.1310322029,-0.7689292429,-0.1846250003,-0.05535421498,16.377221,nan,nan
jkt_a0.112,-1.5,25.5,-0.1631663399,-0.7017712199,-0.1760300119,-0.04987662124,15.507628,nan,nan
jkt_a0.112,-1.5,26.5,-0.1872366964,-0.6391009273,-0.1678246261,-0.04498066428,14.69134124,nan,nan
jkt_a0.112,-1.5,27.5,-0.204615884,-0.5811115279,-0.1600125664,-0.04060688087,13.92724107,nan,nan
jkt_a0.112,-1.5,28.5,-0.2165079046,-0.527813579,-0.1525913519,-0.03670023119,13.21353098,nan,nan
jkt_a0.112,-1.5,29.5,-0.2239506419,-0.4790890843,-0.1455537665,-0.03321035132,12.54800212,nan,nan
jkt_a0.112,-1,0.5,1.808941303,1.04664576,-0.3107190478,-0.4623033129,14.07717927,nan,nan
jkt_a0.112,-1,1.5,1.826887414,1.01952116,-0.3120511966,-0.4589868014,14.20877921,nan,nan
jkt_a0.112,-1,2.5,1.860704756,0.9645256623,-0.314582356,-0.4523843453,14.46750459,nan,nan
jkt_a0.112,-1,3.5,1.906114856,0.8804422025,-0.3180559387,-0.4425656103,14.84207945,nan,nan
jkt_a0.112,-1,4.5,1.956863563,0.7662986414,-0.3221114625,-0.4296541873,15.31610263,nan,nan
jkt_a0.112,-1,5.5,2.005231309,0.6220971318,-0.3263138116,-0.4138445816,15.87034573,nan,nan
jkt_a0.112,-1,6.5,2.042130877,0.4497214907,-0.3301909178,-0.3954160877,16.47655881,nan,nan
jkt_a0.112,-1,7.5,2.058408608,0.2535168574,-0.333276792,-0.3747383149,17.10249998,nan,nan
jkt_a0.112,-1,8.5,2.046028969,0.04058827811,-0.3351549584,-0.352264602,17.71379829,nan,nan
jkt_a0.112,-1,9.5,1.999243291,-0.1796272238,-0.3354962332,-0.328512304,18.2750145,nan,nan
jkt_a0.112,-1,10.5,1.915663891,-0.3962536841,-0.3340851372,-0.3040322182,18.75429476,nan,nan
jkt_a0.112,-1,11.5,1.796522836,-0.5983793686,-0.3308312171,-0.279372196,19.12313683,nan,nan
jkt_a0.112,-1,12.5,1.646680881,-0.7763805641,-0.3257646284,-0.2550413007,19.36291806,nan,nan
jkt_a0.112,-1,13.5,1.473577019,-0.9231222057,-0.3190184721,-0.2314803421,19.46230025,nan,nan
jkt_a0.112,-1,14.5,1.286149122,-1.034562216,-0.3108025748,-0.2090426085,19.41949948,nan,nan
jkt_a0.112,-1,15.5,1.093532114,-1.109816562,-0.3013741173,-0.1879859799,19.24070549,nan,nan
jkt_a0.112,-1,16.5,0.9042285384,-1.150552845,-0.2910098446,-0.1684752558,18.93861281,nan,nan
jkt_a0.112,-1,17.5,0.7245389139,-1.161067873,-0.2799830751,-0.1505920444,18.53233699,nan,nan
jkt_a0.112,-1,18.5,0.5595121599,-1.146085803,-0.2685469962,-0.1343490717,18.03945567,nan,nan
jkt_a0.112,-1,19.5,0.412075681,-1.111090863,-0.2569243005,-0.1197060586,17.4799057,nan,nan
jkt_a0.112,-1,20.5,0.2835412409,-1.061416955,-0.2453022791,-0.106585029,16.8732174,nan,nan
jkt_a0.112,-1,21.5,0.1739184177,-1.00187004,-0.2338320661,-0.09488373348,16.23720761,nan,nan
jkt_a0.112,-1,22.5,0.08227067344,-0.9364903756,-0.2226306858,-0.08448658357,15.58633511,nan,nan
jkt_a0.112,-1,23.5,0.007085857634,-0.8685288938,-0.2117847312,-0.07527300954,14.9329096,nan,nan
jkt_a0.112,-1,24.5,-0.0534545246,-0.8004775625,-0.20135478,-0.06712346802,14.28705016,nan,nan
jkt_a0.112,-1,25.5,-0.1012747231,-0.734137525,-0.191379927,-0.05992347863,13.65624271,nan,nan
jkt_a0.112,-1,26.5,-0.1382567082,-0.6707397075,-0.1818820501,-0.05356610803,13.0459346,nan,nan
jkt_a0.112,-1,27.5,-0.1661523032,-0.6110611988,-0.1728696041,-0.04795329334,12.45990628,nan,nan
jkt_a0.112,-1,28.5,-0.1865357089,-0.5555302782,-0.1643408612,-0.0429963398,11.90055011,nan,nan
jkt_a0.112,-1,29.5,-0.2007849852,-0.5043189535,-0.1562865947,-0.03861585958,11.36920966,nan,nan
jkt_a0.112,-0.5,0.5,0.7528827998,1.06750844,-0.2028871194,-0.6028612422,4.217464857,nan,nan
jkt_a0.112,-0.5,1.5,0.7746508315,1.066574579,-0.2065843673,-0.600014111,4.315100535,nan,nan
jkt_a0.112,-0.5,2.5,0.8184285232,1.063035785,-0.2138066812,-0.5942096843,4.513233052,nan,nan
jkt_a0.112,-0.5,3.5,0.8843519125,1.053392586,-0.2242052113,-0.5852493905,4.81615918,nan,nan
jkt_a0.112,-0.5,4.5,0.9718774772,1.032457517,-0.2372498468,-0.5728889275,5.229052693,nan,nan
jkt_a0.112,-0.5,5.5,1.079083781,0.9937568621,-0.2522324578,-0.5568990206,5.757672211,nan,nan
jkt_a0.112,-0.5,6.5,1.201472714,0.9298272004,-0.2682875302,-0.5371376828,6.402626206,nan,nan
jkt_a0.112,-0.5,7.5,1.331440029,0.8336706627,-0.284438091,-0.5136224639,7.158821609,nan,nan
jkt_a0.112,-0.5,8.5,1.458106781,0.7004813206,-0.2996690493,-0.4865870289,8.012866088,nan,nan
jkt_a0.112,-0.5,9.5,1.56814901,0.5293951369,-0.3130210083,-0.4565059424,8.941027723,nan,nan
jkt_a0.112,-0.5,10.5,1.647755138,0.3248918786,-0.3236883384,-0.4240769656,9.91039697,nan,nan
jkt_a0.112,-0.5,11.5,1.685068174,0.09683604329,-0.3311003035,-0.3901610296,10.87950696,nan,nan
jkt_a0.112,-0.5,12.5,1.672809142,-0.1405867456,-0.3349666327,-0.3556924775,11.804866,nan,nan
jkt_a0.112,-0.5,13.5,1.609626487,-0.3714264188,-0.3352787272,-0.3215806419,12.64377714,nan,nan
jkt_a0.112,-0.5,14.5,1.50027091,-0.5807084375,-0.3322704067,-0.2886245754,13.36051264,nan,nan
jkt_a0.112,-0.5,15.5,1.354277409,-0.7568364887,-0.3263520855,-0.257456089,13.92949952,nan,nan
jkt_a0.112,-0.5,16.5,1.184029042,-0.8925673405,-0.3180359962,-0.2285160662,14.33560401,nan,nan
jkt_a0.112,-0.5,17.5,1.002032136,-0.9867096118,-0.3078676286,-0.2020599328,14.58339467,nan,nan
jkt_a0.112,-0.5,18.5,0.8196521664,-1.040818094,-0.2963726232,-0.1781830229,14.6767442,nan,nan
jkt_a0.112,-0.5,19.5,0.6458078364,-1.059819833,-0.2840221046,-0.156855657,14.63145128,nan,nan
jkt_a0.112,-0.5,20.5,0.4866645094,-1.050121069,-0.2712148753,-0.1379596614,14.46798955,nan,nan
jkt_a0.112,-0.5,21.5,0.3457641873,-1.018514221,-0.2582725743,-0.1213210414,14.20872156,nan,nan
jkt_a0.112,-0.5,22.5,0.224464232,-0.971358195,-0.2454434101,-0.1067363101,13.87477411,nan,nan
jkt_a0.112,-0.5,23.5,0.1225544313,-0.9141666466,-0.2329106624,-0.09399198661,13.48597059,nan,nan
jkt_a0.112,-0.5,24.5,0.03879063554,-0.8514270074,-0.2208031361,-0.0828779387,13.05998537,nan,nan
jkt_a0.112,-0.5,25.5,-0.02866612641,-0.7865803558,-0.2092057453,-0.07319574479,12.61139296,nan,nan
jkt_a0.112,-0.5,26.5,-0.08190437813,-0.7221365898,-0.1981692006,-0.06476332785,12.15197709,nan,nan
jkt_a0.112,-0.5,27.5,-0.1230339216,-0.6598288221,-0.1877183346,-0.05741697434,11.69100295,nan,nan
jkt_a0.112,-0.5,28.5,-0.1540449185,-0.600773442,-0.1778589511,-0.0510116293,11.23550199,nan,nan
jkt_a0.112,-0.5,29.5,-0.1767318353,-0.5456202296,-0.1685832792,-0.04542013263,10.79067763,nan,nan
jkt_a0.112,0,0.5,0.3269643579,0.6865225905,-0.0006509100247,-0.6711403083,1.283705117,nan,nan
jkt_a0.112,0,1.5,0.3353648099,0.6929848793,-0.005857749429,-0.671089809,1.315948194,nan,nan
jkt_a0.112,0,2.5,0.3529317678,0.7057374472,-0.01626320497,-0.6707466151,1.38310501,nan,nan
jkt_a0.112,0,3.5,0.3812508751,0.724219176,-0.03182275162,-0.6696286274,1.490482888,nan,nan
jkt_a0.112,0,4.5,0.4227279242,0.747235575,-0.05240037671,-0.6670244496,1.646445277,nan,nan
jkt_a0.112,0,5.5,0.4804436733,0.7725950043,-0.07769026386,-0.662023779,1.862948875,nan,nan
jkt_a0.112,0,6.5,0.5578753524,0.7961877077,-0.1071259469,-0.6535823748,2.154676011,nan,nan
jkt_a0.112,0,7.5,0.6580131766,0.8115089801,-0.1397978585,-0.6406345597,2.538696893,nan,nan
jkt_a0.112,0,8.5,0.7818590435,0.8093446188,-0.174411136,-0.6222554813,3.032275404,nan,nan
jkt_a0.112,0,9.5,0.9264746464,0.7783441549,-0.2093197327,-0.5978542659,3.64908426,nan,nan
jkt_a0.112,0,10.5,1.083238393,0.7071485518,-0.2426608695,-0.5673532185,4.394902522,nan,nan
jkt_a0.112,0,11.5,1.237369966,0.5875880098,-0.2725815371,-0.5312918172,5.262179131,nan,nan
jkt_a0.112,0,12.5,1.369818554,0.4185085221,-0.2975062511,-0.4908043926,6.228169321,nan,nan
jkt_a0.112,0,13.5,1.461272471,0.2077400618,-0.3163667696,-0.4474615209,7.254087491,nan,nan
jkt_a0.112,0,14.5,1.497144179,-0.02845367494,-0.3287221588,-0.4030188389,8.289818315,nan,nan
jkt_a0.112,0,15.5,1.471301064,-0.268909444,-0.3347409033,-0.3591515614,9.280728896,nan,nan
jkt_a0.112,0,16.5,1.387064253,-0.4919178132,-0.3350699257,-0.3172487594,10.1725733,nan,nan
jkt_a0.112,0,17.5,1.256122621,-0.6817316742,-0.3306483395,-0.2783060326,10.9357211,nan,nan
jkt_a0.112,0,18.5,1.093570737,-0.8277768391,-0.322524837,-0.2429137392,11.53848305,nan,nan
jkt_a0.112,0,19.5,0.9156083287,-0.9270776296,-0.3117166076,-0.2113114791,11.97161276,nan,nan
jkt_a0.112,0,20.5,0.7363901591,-0.9822807312,-0.2991220907,-0.1834734118,12.23963391,nan,nan
jkt_a0.112,0,21.5,0.5665653848,-0.9996501621,-0.2854816711,-0.1591965611,12.35731596,nan,nan
jkt_a0.112,0,22.5,0.4129482696,-0.987047805,-0.2713724982,-0.1381761755,12.34465031,nan,nan
jkt_a0.112,0,23.5,0.2790424022,-0.9524569012,-0.2572232295,-0.1200623483,12.22454707,nan,nan
jkt_a0.112,0,24.5,0.1658167353,-0.9030591966,-0.2433376936,-0.1044983878,12.02015236,nan,nan
jkt_a0.112,0,25.5,0.07251370103,-0.8447780401,-0.2299203914,-0.09114429725,11.75249809,nan,nan
jkt_a0.112,0,26.5,-0.002631207554,-0.7821951591,-0.2170999919,-0.07968937688,11.43986763,nan,nan
jkt_a0.112,0,27.5,-0.06186062691,-0.7186604975,-0.2049491912,-0.06985752466,11.09753715,nan,nan
jkt_a0.112,0,28.5,-0.1075379549,-0.6564887037,-0.1935005966,-0.06140800097,10.73780804,nan,nan
jkt_a0.112,0,29.5,-0.1419286915,-0.597180124,-0.1827589532,-0.05413361144,10.3703427,nan,nan
jkt_a0.112,0.5,0.5,0.2229839336,0.4451564426,0.2019539016,-0.6035670403,0.6119457392,nan,nan
jkt_a0.112,0.5,1.5,0.2257265923,0.4492190452,0.1981856018,-0.6063656091,0.6210739187,nan,nan
jkt_a0.112,0.5,2.5,0.2314612494,0.4574833289,0.1904804427,-0.611839797,0.6401500984,nan,nan
jkt_a0.112,0.5,3.5,0.2407529431,0.470182352,0.1785093009,-0.6197217846,0.6708813726,nan,nan
jkt_a0.112,0.5,4.5,0.2545604085,0.4876494979,0.1618033649,-0.6295555227,0.7161854752,nan,nan
jkt_a0.112,0.5,5.5,0.274313458,0.5102682377,0.1397978585,-0.6406345597,0.7805949562,nan,nan
jkt_a0.112,0.5,6.5,0.3022348968,0.5382078787,0.1119132388,-0.6519293913,0.8708156916,nan,nan
jkt_a0.112,0.5,7.5,0.3415146482,0.5711385388,0.07769026386,-0.662023779,0.9966695068,nan,nan
jkt_a0.112,0.5,8.5,0.3964790085,0.6075432055,0.03698886531,-0.669096127,1.172019163,nan,nan
jkt_a0.112,0.5,9.5,0.4723973872,0.6435840538,-0.009761593611,-0.6709989294,1.415301798,nan,nan
jkt_a0.112,0.5,10.5,0.5743912932,0.6718184666,-0.06131599193,-0.6654915048,1.749211601,nan,nan
jkt_a0.112,0.5,11.5,0.7050311986,0.680197353,-0.1154790003,-0.6506452874,2.197831596,nan,nan
jkt_a0.112,0.5,12.5,0.8607414467,0.6531737796,-0.1692143644,-0.6253532144,2.781776088,nan,nan
jkt_a0.112,0.5,13.5,1.02874871,0.575436311,-0.219071517,-0.5897656913,3.510346237,nan,nan
jkt_a0.112,0.5,14.5,1.187143716,0.4382639977,-0.2618505118,-0.545431971,4.374632532,nan,nan
jkt_a0.112,0.5,15.5,1.309689082,0.2450808349,-0.2952646579,-0.4950268024,5.343693807,nan,nan
jkt_a0.112,0.5,16.5,1.373322096,0.01326657487,-0.3183283611,-0.4417523642,6.361986271,nan,nan
jkt_a0.112,0.5,17.5,1.367953255,-0.23168944,-0.3313427091,-0.3886698982,7.37956402,nan,nan
jkt_a0.112,0.5,18.5,1.294808188,-0.4623404328,-0.3355600851,-0.3382104521,8.327736449,nan,nan
jkt_a0.112,0.5,19.5,1.167205787,-0.6569985262,-0.3327262111,-0.2919722058,9.155270268,nan,nan
jkt_a0.112,0.5,20.5,1.00435526,-0.8033306574,-0.3246769945,-0.2507625135,9.82827824,nan,nan
jkt_a0.112,0.5,21.5,0.8259069337,-0.8984480327,-0.3130745772,-0.2147737426,10.33228438,nan,nan
jkt_a0.112,0.5,22.5,0.6481585135,-0.9465151526,-0.2992833668,-0.1837910029,10.66886058,nan,nan
jkt_a0.112,0.5,23.5,0.4825661617,-0.9556712336,-0.284346243,-0.1573718327,10.85203499,nan,nan
jkt_a0.112,0.5,24.5,0.3357934244,-0.935386133,-0.2690161535,-0.1349767278,10.90321007,nan,nan
jkt_a0.112,0.5,25.5,0.2106145159,-0.8946656713,-0.2538096427,-0.1160523487,10.84622473,nan,nan
jkt_a0.112,0.5,26.5,0.1071123479,-0.841138242,-0.2390626556,-0.1000782472,10.7045243,nan,nan
jkt_a0.112,0.5,27.5,0.02374303715,-0.7807631137,-0.2249794218,-0.08658894448,10.49938436,nan,nan
jkt_a0.112,0.5,28.5,-0.04185487593,-0.7179015875,-0.211671524,-0.07518094212,10.24901276,nan,nan
jkt_a0.112,0.5,29.5,-0.09231385534,-0.6555626958,-0.1991874109,-0.0655113734,9.968400403,nan,nan
jkt_a0.112,1,0.5,0.1883776942,0.3190262547,0.3103789678,-0.4631339307,0.4416070767,nan,nan
jkt_a0.112,1,1.5,0.1896287486,0.3213199526,0.3089901775,-0.4664620677,0.4446584621,nan,nan
jkt_a0.112,1,2.5,0.1922070561,0.3259941461,0.3060738854,-0.4731434209,0.451007954,nan,nan
jkt_a0.112,1,3.5,0.1962936235,0.3332058326,0.3013433182,-0.483217836,0.4611592961,nan,nan
jkt_a0.112,1,4.5,0.2021932866,0.3432176241,0.2943457085,-0.4967168136,0.4759933282,nan,nan
jkt_a0.112,1,5.5,0.2103418899,0.356402809,0.284438091,-0.5136224639,0.4968383601,nan,nan
jkt_a0.112,1,6.5,0.2214627926,0.3732237048,0.2707624698,-0.5338007025,0.5257189344,nan,nan
jkt_a0.112,1,7.5,0.2366424019,0.3942512495,0.2522324578,-0.5568990206,0.5656971242,nan,nan
jkt_a0.112,1,8.5,0.25754135,0.4201169874,0.2275545028,-0.5822007365,0.6214531589,nan,nan
jkt_a0.112,1,9.5,0.2867168918,0.4513070134,0.1953223721,-0.6084380405,0.7001009473,nan,nan
jkt_a0.112,1,10.5,0.3280065265,0.48776249,0.1542383809,-0.6335940629,0.812500964,nan,nan
jkt_a0.112,1,11.5,0.3869295182,0.5278168702,0.1035115362,-0.6547771459,0.9746439743,nan,nan
jkt_a0.112,1,12.5,0.4703869623,0.5665616934,0.04342764148,-0.6683189937,1.208945904,nan,nan
jkt_a0.112,1,13.5,0.5848466162,0.5934954258,-0.02405272059,-0.6702778149,1.543361171,nan,nan
jkt_a0.112,1,14.5,0.731885881,0.5915389278,-0.09500178581,-0.6574123578,2.007122471,nan,nan
jkt_a0.112,1,15.5,0.9023368068,0.5399879833,-0.1639367122,-0.6283712461,2.622080697,nan,nan
jkt_a0.112,1,16.5,1.072305423,0.4227859677,-0.2250480305,-0.5844899832,3.386874934,nan,nan
jkt_a0.112,1,17.5,1.210985054,0.2398136466,-0.2737766498,-0.5296165629,4.287541752,nan,nan
jkt_a0.112,1,18.5,1.288035285,0.008100254851,-0.3079184139,-0.4689638377,5.271322775,nan,nan
jkt_a0.112,1,19.5,1.28750251,-0.2411540792,-0.3277415599,-0.4076330128,6.271741359,nan,nan
jkt_a0.112,1,20.5,1.211735431,-0.4744628554,-0.3352793715,-0.3495448477,7.218508503,nan,nan
jkt_a0.112,1,21.5,1.07770272,-0.6663723287,-0.3333551274,-0.2970750258,8.052470553,nan,nan
jkt_a0.112,1,22.5,0.9088810585,-0.8041306666,-0.3247996968,-0.2512336619,8.734137914,nan,nan
jkt_a0.112,1,23.5,0.7279135435,-0.8867128953,-0.3120197748,-0.2120747194,9.246814778,nan,nan
jkt_a0.112,1,24.5,0.5522717023,-0.9209425956,-0.296858761,-0.1791018907,9.593296566,nan,nan
jkt_a0.112,1,25.5,0.3930231983,-0.9172528332,-0.2806275322,-0.1515712079,9.789272067,nan,nan
jkt_a0.112,1,26.5,0.255635347,-0.886540535,-0.2642043078,-0.1286801028,9.85733041,nan,nan
jkt_a0.112,1,27.5,0.1415198089,-0.8384003451,-0.2481451408,-0.1096688778,9.822158159,nan,nan
jkt_a0.112,1,28.5,0.04957196775,-0.7804331189,-0.2327794653,-0.09386556553,9.707335296,nan,nan
jkt_a0.112,1,29.5,-0.02262106353,-0.7182157329,-0.2182837663,-0.08069846746,9.533698667,nan,nan
jkt_a0.112,1.5,0.5,0.1686808949,0.2455964683,0.3355649704,-0.3336493053,0.3964300045,nan,nan
jkt_a0.112,1.5,1.5,0.1694363775,0.2470076762,0.3355697856,-0.3362480997,0.3975784624,nan,nan
jkt_a0.112,1.5,2.5,0.1709769158,0.2498775721,0.3355179672,-0.3415062839,0.3999666992,nan,nan
jkt_a0.112,1.5,3.5,0.1733768374,0.2542881115,0.3352793715,-0.3495448477,0.4037700408,nan,nan
jkt_a0.112,1.5,4.5,0.176757615,0.2603841082,0.3346399077,-0.3605439038,0.4093101408,nan,nan
jkt_a0.112,1.5,5.5,0.1812777537,0.2683712196,0.333276792,-0.3747383149,0.4170330326,nan,nan
jkt_a0.112,1.5,6.5,0.1872079937,0.2785197766,0.3307222738,-0.3924063545,0.4276280068,nan,nan
jkt_a0.112,1.5,7.5,0.1949361926,0.291188981,0.3263138116,-0.4138445816,0.4420954375,nan,nan
jkt_a0.112,1.5,8.5,0.2050319894,0.3068580339,0.3191302224,-0.4393174763,0.4619391801,nan,nan
jkt_a0.112,1.5,9.5,0.2183712243,0.3261145417,0.3079184139,-0.4689638377,0.4894080173,nan,nan
jkt_a0.112,1.5,10.5,0.2362836276,0.3496813081,0.2910277026,-0.5026345789,0.5279767774,nan,nan
jkt_a0.112,1.5,11.5,0.2609007211,0.3782877828,0.266393998,-0.5396336414,0.5830706554,nan,nan
jkt_a0.112,1.5,12.5,0.2955408915,0.4124828223,0.2316585605,-0.5783498996,0.6633611956,nan,nan
jkt_a0.112,1.5,13.5,0.3453981592,0.4518124151,0.1845561145,-0.615832099,0.7825463752,nan,nan
jkt_a0.112,1.5,14.5,0.4179245064,0.4931378745,0.1237132899,-0.6475040558,0.961523438,nan,nan
jkt_a0.112,1.5,15.5,0.5218853907,0.5276219308,0.04984215188,-0.6674187787,1.229537478,nan,nan
jkt_a0.112,1.5,16.5,0.6623959856,0.5369301109,-0.03311542366,-0.6695029614,1.618100318,nan,nan
jkt_a0.112,1.5,17.5,0.8329558848,0.4978261542,-0.1178440881,-0.649768355,2.159312783,nan,nan
jkt_a0.112,1.5,18.5,1.009364984,0.3882115745,-0.1953223721,-0.6084380405,2.864044442,nan,nan
jkt_a0.112,1.5,19.5,1.153556614,0.2041280338,-0.2578155981,-0.5503695796,3.715354442,nan,nan
jkt_a0.112,1.5,20.5,1.2294145,-0.03373462451,-0.3013433182,-0.483217836,4.664089174,nan,nan
jkt_a0.112,1.5,21.5,1.219183181,-0.2874286443,-0.3261254551,-0.4146256895,5.638444779,nan,nan
jkt_a0.112,1.5,22.5,1.128682101,-0.5179724771,-0.3352504234,-0.3502229043,6.561266955,nan,nan
jkt_a0.112,1.5,23.5,0.9805939158,-0.6985314574,-0.3328717532,-0.2930977005,7.368774395,nan,nan
jkt_a0.112,1.5,24.5,0.8030074724,-0.8186926601,-0.3229133573,-0.2442769659,8.021498118,nan,nan
jkt_a0.112,1.5,25.5,0.6204075066,-0.8813378096,-0.3084902179,-0.2035048585,8.505330575,nan,nan
jkt_a0.112,1.5,26.5,0.4497113264,-0.8967770044,-0.2918234213,-0.169900222,8.826412341,nan,nan
jkt_a0.112,1.5,27.5,0.3001855351,-0.8776333607,-0.2743809752,-0.1423798369,9.003550068,nan,nan
jkt_a0.112,1.5,28.5,0.1752208533,-0.835676407,-0.2570737157,-0.1198840193,9.061220494,nan,nan
jkt_a0.112,1.5,29.5,0.07445808016,-0.7804300774,-0.2404303579,-0.1014747988,9.024669444,nan,nan
jkt_a0.112,2,0.5,0.1540635868,0.1980187743,0.3216046733,-0.2397687249,0.3911730583,nan,nan
jkt_a0.112,2,1.5,0.1545950666,0.1989613183,0.3221327765,-0.2415597551,0.3915925844,nan,nan
jkt_a0.112,2,2.5,0.1556720049,0.2008744172,0.3231703604,-0.2451909457,0.3924721346,nan,nan
jkt_a0.112,2,3.5,0.1573326869,0.203801962,0.3246769945,-0.2507625135,0.3938799767,nan,nan
jkt_a0.112,2,4.5,0.159637764,0.2078272278,0.3265835708,-0.2584296149,0.3959600173,nan,nan
jkt_a0.112,2,5.5,0.1626589282,0.2130654499,0.32878067,-0.2684078964,0.3988842078,nan,nan
jkt_a0.112,2,6.5,0.1665227316,0.2196683252,0.3311003525,-0.2809802069,0.40293283,nan,nan
jkt_a0.112,2,7.5,0.1714035745,0.2278369268,0.3332885963,-0.2965031975,0.408496058,nan,nan
jkt_a0.112,2,8.5,0.1775381676,0.2378459337,0.3349643818,-0.3154110272,0.4161389979,nan,nan
jkt_a0.112,2,9.5,0.1852825229,0.2500430019,0.3355600851,-0.3382104521,0.4266815589,nan,nan
jkt_a0.112,2,10.5,0.1951391917,0.2648903255,0.3342370248,-0.3654561098,0.4413302086,nan,nan
jkt_a0.112,2,11.5,0.2079069983,0.2829581218,0.3297715806,-0.3976852413,0.4619306996,nan,nan
jkt_a0.112,2,12.5,0.2247664383,0.3049815738,0.320415915,-0.4352759442,0.4913325304,nan,nan
jkt_a0.112,2,13.5,0.2476280899,0.3317888264,0.3037628298,-0.4781737077,0.5340971394,nan,nan
jkt_a0.112,2,14.5,0.2795684322,0.3641547418,0.2767031862,-0.5254201128,0.5976990544,nan,nan
jkt_a0.112,2,15.5,0.3255985766,0.4022477005,0.2356707295,-0.5744571531,0.6946528384,nan,nan
jkt_a0.112,2,16.5,0.3938010979,0.443408511,0.1774897435,-0.6203597448,0.8447013506,nan,nan
jkt_a0.112,2,17.5,0.4936256664,0.4798907823,0.1010908634,-0.6555519967,1.077264017,nan,nan
jkt_a0.112,2,18.5,0.6329757883,0.4929518813,0.009761593611,-0.6709989294,1.429291788,nan,nan
jkt_a0.112,2,19.5,0.8063625564,0.4542766028,-0.08762773,-0.6594978091,1.93528441,nan,nan
jkt_a0.112,2,20.5,0.9857084471,0.3382188515,-0.1785093009,-0.6197217846,2.611106484,nan,nan
jkt_a0.112,2,21.5,1.125773963,0.1416205034,-0.2515181592,-0.5577104162,3.439528445,nan,nan
jkt_a0.112,2,22.5,1.186130235,-0.1076986293,-0.3009293783,-0.4840596932,4.366343419,nan,nan
jkt_a0.112,2,23.5,1.151876422,-0.3634365753,-0.327397668,-0.4091796213,5.312505775,nan,nan
jkt_a0.112,2,24.5,1.036719391,-0.5830403547,-0.3355387519,-0.3401841655,6.196459768,nan,nan
jkt_a0.112,2,25.5,0.8707122832,-0.7422033275,-0.3310113379,-0.2804430323,6.954775865,nan,nan
jkt_a0.112,2,26.5,0.6854279804,-0.8361800281,-0.3187392944,-0.2306285696,7.552502065,nan,nan
jkt_a0.112,2,27.5,0.5049799895,-0.8732993603,-0.3023349025,-0.1899643335,7.982068266,nan,nan
jkt_a0.112,2,28.5,0.3437233172,-0.8673848962,-0.2841841579,-0.1571134593,8.255488732,nan,nan
jkt_a0.112,2,29.5,0.2078502966,-0.8324876293,-0.2657475886,-0.1306662011,8.395390048,nan,nan
jkt_a0.112,2.5,0.5,0.1421409114,0.1647881546,0.2952370707,-0.1760630647,0.400794853,nan,nan
jkt_a0.112,2.5,1.5,0.1425465757,0.1654576884,0.2958861551,-0.1772703642,0.40089443,nan,nan
jkt_a0.112,2.5,2.5,0.1433653022,0.1668147555,0.2971826538,-0.1797179417,0.4011138253,nan,nan
jkt_a0.112,2.5,3.5,0.1446204744,0.1688836925,0.2991220907,-0.1834734118,0.4014794637,nan,nan
jkt_a0.112,2.5,4.5,0.1463476417,0.1717165073,0.3016947002,-0.1886424326,0.4020688438,nan,nan
jkt_a0.112,2.5,5.5,0.1485843109,0.1753824818,0.3048811271,-0.1953740413,0.4029506934,nan,nan
jkt_a0.112,2.5,6.5,0.1514013193,0.179971042,0.3086454952,-0.2038681596,0.4042552988,nan,nan
jkt_a0.112,2.5,7.5,0.154893528,0.185601325,0.3129245069,-0.2143855153,0.406162639,nan,nan
jkt_a0.112,2.5,8.5,0.1591789563,0.1924338865,0.3176104559,-0.2272600894,0.4089122029,nan,nan
jkt_a0.112,2.5,9.5,0.1644340061,0.2006717231,0.322524837,-0.2429137392,0.4128562169,nan,nan
jkt_a0.112,2.5,10.5,0.1708879528,0.2105833018,0.3273774588,-0.2618714897,0.4184745314,nan,nan
jkt_a0.112,2.5,11.5,0.1789027288,0.222509554,0.3317034744,-0.2847733709,0.4265141249,nan,nan
jkt_a0.112,2.5,12.5,0.1889641351,0.2369045804,0.3347677151,-0.3123731183,0.438029128,nan,nan
jkt_a0.112,2.5,13.5,0.2018356266,0.254345134,0.3354234443,-0.3455029021,0.4546685698,nan,nan
jkt_a0.112,2.5,14.5,0.2186841203,0.2755639235,0.3319156205,-0.3849623825,0.4790071883,nan,nan
jkt_a0.112,2.5,15.5,0.241355886,0.3014611518,0.321639282,-0.431255957,0.5152529865,nan,nan
jkt_a0.112,2.5,16.5,0.2732016365,0.3328324832,0.3009293783,-0.4840596932,0.5707368987,nan,nan
jkt_a0.112,2.5,17.5,0.3189909857,0.3700193618,0.2651137911,-0.5412941144,0.6569767902,nan,nan
jkt_a0.112,2.5,18.5,0.3872719905,0.4108880635,0.2093197327,-0.5978542659,0.7945494984,nan,nan
jkt_a0.112,2.5,19.5,0.4893565664,0.446709522,0.1306713857,-0.6446538391,1.014713071,nan,nan
jkt_a0.112,2.5,20.5,0.6339749708,0.456315681,0.03182275162,-0.6696286274,1.357649414,nan,nan
jkt_a0.112,2.5,21.5,0.8133890838,0.4067235088,-0.07644017107,-0.6623187528,1.860536876,nan,nan
jkt_a0.112,2.5,22.5,0.9917187019,0.2704978777,-0.1774897435,-0.6203597448,2.537956227,nan,nan
jkt_a0.112,2.5,23.5,1.115489826,0.05126893105,-0.2564416457,-0.5520080418,3.365801733,nan,nan
jkt_a0.112,2.5,24.5,1.144514147,-0.2107155243,-0.3068204938,-0.4714701562,4.280074429,nan,nan
jkt_a0.112,2.5,25.5,1.073649084,-0.4609687034,-0.3308502191,-0.3916567668,5.193755808,nan,nan
jkt_a0.112,2.5,26.5,0.9284095613,-0.6581186453,-0.33522451,-0.3203366894,6.023805941,nan,nan
jkt_a0.112,2.5,27.5,0.7457732299,-0.7854446254,-0.3270403751,-0.2603897992,6.712707067,nan,nan
jkt_a0.112,2.5,28.5,0.5579356897,-0.8465714496,-0.311868288,-0.2116926625,7.235411028,nan,nan
jkt_a0.112,2.5,29.5,0.3857083214,-0.8555238445,-0.2934499253,-0.1727986002,7.593991011,nan,nan
jkt_a0.112,3,0.5,0.1320457179,0.1403228782,0.2674551323,-0.1329000664,0.4162421308,nan,nan
jkt_a0.112,3,1.5,0.1323704533,0.1408207821,0.2680785643,-0.1337254214,0.4161895284,nan,nan
jkt_a0.112,3,2.5,0.1330239636,0.141828988,0.2693293237,-0.1353974057,0.4160947281,nan,nan
jkt_a0.112,3,3.5,0.1340227503,0.1433610766,0.2712148753,-0.1379596614,0.4159665099,nan,nan
jkt_a0.112,3,4.5,0.1353896838,0.1454524574,0.2737455232,-0.1414804682,0.4158546313,nan,nan
jkt_a0.112,3,5.5,0.1371459483,0.1481467707,0.2769330998,-0.1460563583,0.4157788894,nan,nan
jkt_a0.112,3,6.5,0.1393372809,0.1515003354,0.2807887632,-0.1518173455,0.4158100096,nan,nan
jkt_a0.112,3,7.5,0.1420218567,0.1555887501,0.285319383,-0.1589341488,0.416042243,nan,nan
jkt_a0.112,3,8.5,0.1452674967,0.1605109627,0.2905216639,-0.1676279111,0.4165831184,nan,nan
jkt_a0.112,3,9.5,0.149175562,0.1663921301,0.2963726232,-0.1781830229,0.4176050882,nan,nan
jkt_a0.112,3,10.5,0.1538689223,0.1733940013,0.3028141655,-0.1909636879,0.4193167666,nan,nan
jkt_a0.112,3,11.5,0.1595411385,0.1817237575,0.309728082,-0.2064346676,0.4220733871,nan,nan
jkt_a0.112,3,12.5,0.1664292785,0.1916516965,0.3168955198,-0.2251858253,0.4263115823,nan,nan
jkt_a0.112,3,13.5,0.1748960091,0.2035271386,0.3239314243,-0.2479578418,0.4327257623,nan,nan
jkt_a0.112,3,14.5,0.1854616726,0.2178055899,0.3301793347,-0.2756609785,0.4423353935,nan,nan
jkt_a0.112,3,15.5,0.198895365,0.2350854613,0.3345457874,-0.3093663412,0.4567030938,nan,nan
jkt_a0.112,3,16.5,0.2165841991,0.2561348187,0.3352504234,-0.3502229043,0.4786822944,nan,nan
jkt_a0.112,3,17.5,0.2402939658,0.2818211809,0.3294819644,-0.3992036004,0.5119565759,nan,nan
jkt_a0.112,3,18.5,0.2734906391,0.3130835177,0.3130210083,-0.4565059424,0.5640659189,nan,nan
jkt_a0.112,3,19.5,0.3218828314,0.3501701156,0.280100448,-0.520371117,0.6477669739,nan,nan
jkt_a0.112,3,20.5,0.3948955935,0.3904755749,0.2242052113,-0.5852493905,0.7851976045,nan,nan
jkt_a0.112,3,21.5,0.5053167041,0.4231327334,0.1409261204,-0.6401149966,1.011123881,nan,nan
jkt_a0.112,3,22.5,0.6613562562,0.4218051071,0.03311542366,-0.6695029614,1.369395515,nan,nan
jkt_a0.112,3,23.5,0.8480514558,0.3481304759,-0.08515426124,-0.6601568096,1.896784628,nan,nan
jkt_a0.112,3,24.5,1.016699959,0.1781663772,-0.1924276484,-0.610487076,2.600348047,nan,nan
jkt_a0.112,3,25.5,1.107497229,-0.06898846181,-0.2713723531,-0.5329649635,3.44234858,nan,nan
jkt_a0.112,3,26.5,1.089178526,-0.3371860278,-0.3169403003,-0.4458264731,4.344754051,nan,nan
jkt_a0.112,3,27.5,0.9738676873,-0.5683622235,-0.3344191994,-0.3633434649,5.213982027,nan,nan
jkt_a0.112,3,28.5,0.7999505372,-0.7297178598,-0.332799388,-0.2925343503,5.97157029,nan,nan
jkt_a0.112,3,29.5,0.6076797688,-0.8167088103,-0.3201223814,-0.2349265374,6.572561409,nan,nan
jkt_a0.112,3.5,0.5,0.1233329489,0.1216024382,0.2419473156,-0.1030429732,0.433773122,nan,nan
jkt_a0.112,3.5,1.5,0.1236010199,0.1219858281,0.2425021742,-0.1036216916,0.4336452469,nan,nan
jkt_a0.112,3.5,2.5,0.1241391746,0.1227615965,0.2436170608,-0.1047929408,0.4333937629,nan,nan
jkt_a0.112,3.5,3.5,0.1249608207,0.1239373058,0.2453022791,-0.106585029,0.4330227001,nan,nan
jkt_a0.112,3.5,4.5,0.126080873,0.1255387746,0.2475731692,-0.10904218,0.4325664805,nan,nan
jkt_a0.112,3.5,5.5,0.1275123401,0.1275939711,0.250449887,-0.1122268011,0.4320182955,nan,nan
jkt_a0.112,3.5,6.5,0.1292874756,0.1301411545,0.2539569514,-0.1162227845,0.4314251949,nan,nan
jkt_a0.112,3.5,7.5,0.1314448833,0.1332307838,0.2581223746,-0.1211401083,0.4308401024,nan,nan
jkt_a0.112,3.5,8.5,0.1340278637,0.1369271961,0.2629760662,-0.1271211263,0.4303113439,nan,nan
jkt_a0.112,3.5,9.5,0.1371009618,0.1413119674,0.2685469962,-0.1343490717,0.429931972,nan,nan
jkt_a0.112,3.5,10.5,0.1407384387,0.1464879097,0.2748582621,-0.1430594937,0.4297957584,nan,nan
jkt_a0.112,3.5,11.5,0.1450571393,0.1525873097,0.2819186195,-0.1535555469,0.430094828,nan,nan
jkt_a0.112,3.5,12.5,0.1501899468,0.1597775764,0.2897080516,-0.166228257,0.4310216772,nan,nan
jkt_a0.112,3.5,13.5,0.1563359644,0.1682749708,0.2981532712,-0.1815829149,0.4329070575,nan,nan
jkt_a0.112,3.5,14.5,0.1637657254,0.1783587711,0.3070861994,-0.2002722571,0.4362076242,nan,nan
jkt_a0.112,3.5,15.5,0.1728559412,0.1903930352,0.3161737398,-0.2231351264,0.4415787919,nan,nan
jkt_a0.112,3.5,16.5,0.184271789,0.2048869261,0.3247996968,-0.2512336619,0.4503487659,nan,nan
jkt_a0.112,3.5,17.5,0.1987527382,0.222407889,0.3318692238,-0.2858677688,0.4637185975,nan,nan
jkt_a0.112,3.5,18.5,0.2177551183,0.2437847989,0.3354962332,-0.328512304,0.4846211068,nan,nan
jkt_a0.112,3.5,19.5,0.2435471359,0.269968739,0.3325420196,-0.3805520816,0.5176045996,nan,nan
jkt_a0.112,3.5,20.5,0.2799977837,0.3018693265,0.3180559387,-0.4425656103,0.5707414435,nan,nan
jkt_a0.112,3.5,21.5,0.3338556989,0.33945785,0.2849650255,-0.5127779032,0.6587061858,nan,nan
jkt_a0.112,3.5,22.5,0.416364275,0.378654957,0.2250480305,-0.5844899832,0.8074403407,nan,nan
jkt_a0.112,3.5,23.5,0.541731486,0.4039190989,0.1329694807,-0.6436721696,1.057012029,nan,nan
jkt_a0.112,3.5,24.5,0.7140081977,0.3807121,0.01366345558,-0.6708626561,1.454212142,nan,nan
jkt_a0.112,3.5,25.5,0.9035200559,0.2672727931,-0.113104215,-0.6515055529,2.030369531,nan,nan
jkt_a0.112,3.5,26.5,1.045709436,0.05336375897,-0.2207973546,-0.5882680527,2.776914889,nan,nan
jkt_a0.112,3.5,27.5,1.083094654,-0.217408136,-0.292469176,-0.5000980398,3.635960837,nan,nan
jkt_a0.112,3.5,28.5,1.00558146,-0.4757076585,-0.3275706895,-0.4084057879,4.514781402,nan,nan
jkt_a0.112,3.5,29.5,0.8466905377,-0.6701352995,-0.3354507292,-0.3266067402,5.319209323,nan,nan
jkt_a0.112,4,0.5,0.1157193805,0.1068496694,0.2195977606,-0.08182972857,0.4517143428,nan,nan
jkt_a0.112,4,1.5,0.1159455688,0.1071530119,0.2200786687,-0.08224672481,0.4515494442,nan,nan
jkt_a0.112,4,2.5,0.1163985374,0.1077662838,0.2210454553,-0.08308988262,0.4512181754,nan,nan
jkt_a0.112,4,3.5,0.1170904043,0.1086942289,0.2225081184,-0.08437795908,0.4507296893,nan,nan
jkt_a0.112,4,4.5,0.1180304399,0.1099560467,0.2244817918,-0.08614018829,0.4501041968,nan,nan
jkt_a0.112,4,5.5,0.1192276835,0.1115699837,0.2269868847,-0.08841769438,0.4493220723,nan,nan
jkt_a0.112,4,6.5,0.1207057813,0.1135636896,0.2300492199,-0.09126554431,0.4484192821,nan,nan
jkt_a0.112,4,7.5,0.1224920064,0.115972183,0.2337001129,-0.09475560851,0.447427024,nan,nan
jkt_a0.112,4,8.5,0.1246161442,0.1188393171,0.2379762868,-0.09898047189,0.4463651213,nan,nan
jkt_a0.112,4,9.5,0.1271223866,0.122220822,0.2429194495,-0.1040587395,0.4452875909,nan,nan
jkt_a0.112,4,10.5,0.1300596538,0.126185364,0.2485752295,-0.1101422207,0.4442347953,nan,nan
jkt_a0.112,4,11.5,0.1335048733,0.1308215745,0.2549909522,-0.1174256682,0.4433219396,nan,nan
jkt_a0.112,4,12.5,0.1375406237,0.1362383421,0.2622113594,-0.1261600039,0.4426337881,nan,nan
jkt_a0.112,4,13.5,0.1422887962,0.1425757241,0.2702707172,-0.1366702948,0.4423431488,nan,nan
jkt_a0.112,4,14.5,0.1479079413,0.15001166,0.2791785978,-0.1493801083,0.4426732854,nan,nan
jkt_a0.112,4,15.5,0.1546095527,0.158773565,0.2888945643,-0.1648441657,0.4439259722,nan,nan
jkt_a0.112,4,16.5,0.1627559243,0.1691916443,0.2992833668,-0.1837910029,0.4468216658,nan,nan
jkt_a0.112,4,17.5,0.1727048939,0.1816061827,0.3100359353,-0.2071755361,0.4517116396,nan,nan
jkt_a0.112,4,18.5,0.185165757,0.1965621515,0.32053086,-0.2362351388,0.4599456528,nan,nan
jkt_a0.112,4,19.5,0.2011596135,0.2147318639,0.3295949258,-0.272525049,0.4733388584,nan,nan
jkt_a0.112,4,20.5,0.2223225216,0.2369740025,0.3351029923,-0.3178638393,0.4949293154,nan,nan
jkt_a0.112,4,21.5,0.2513864059,0.2642951585,0.3333607721,-0.374017002,0.5300296837,nan,nan
jkt_a0.112,4,22.5,0.2931581821,0.297510368,0.3183283611,-0.4417523642,0.5884216767,nan,nan
jkt_a0.112,4,23.5,0.356175136,0.3357826912,0.281205322,-0.5186854802,0.6883169494,nan,nan
jkt_a0.112,4,24.5,0.454208962,0.3717734954,0.2120227307,-0.5956741066,0.8617745018,nan,nan
jkt_a0.112,4,25.5,0.6013922408,0.3814237358,0.1059233865,-0.6539849424,1.155475339,nan,nan
jkt_a0.112,4,26.5,0.790078319,0.3198495625,-0.02664520509,-0.6700814162,1.615514083,nan,nan
jkt_a0.112,4,27.5,0.9671294268,0.1507094228,-0.1574990637,-0.6318837924,2.259115486,nan,nan
jkt_a0.112,4,28.5,1.057391951,-0.107226571,-0.2571304375,-0.5511892962,3.053519312,nan,nan
jkt_a0.112,4,29.5,1.023051345,-0.3834398132,-0.3139660072,-0.4540309548,3.91725189,nan,nan
jkt_a0.118,-6,0.5,-0.6175188986,-0.3946720061,-0.15695205,-0.03896704063,20.53716179,nan,nan
jkt_a0.118,-6,1.5,-0.6160770738,-0.3928802715,-0.1566852392,-0.03882600732,20.48935235,nan,nan
jkt_a0.118,-6,2.5,-0.6132103337,-0.3893327991,-0.1561541305,-0.03854618167,20.39461003,nan,nan
jkt_a0.118,-6,3.5,-0.6089411595,-0.3840915588,-0.1553636967,-0.03813196867,20.25387522,nan,nan
jkt_a0.118,-6,4.5,-0.6033111795,-0.3772533211,-0.1543212666,-0.03758978776,20.0691111,nan,nan
jkt_a0.118,-6,5.5,-0.5963747075,-0.3689389221,-0.1530363732,-0.0369278595,19.84275023,nan,nan
jkt_a0.118,-6,6.5,-0.5881952841,-0.3592910177,-0.1515205585,-0.03615594016,19.5775563,nan,nan
jkt_a0.118,-6,7.5,-0.5788462001,-0.3484668994,-0.1497871425,-0.03528501872,19.27654451,nan,nan
jkt_a0.118,-6,8.5,-0.5684155291,-0.3366397844,-0.1478509627,-0.03432699181,18.94339053,nan,nan
jkt_a0.118,-6,9.5,-0.5569951645,-0.3239849394,-0.1457280922,-0.03329433221,18.5816216,nan,nan
jkt_a0.118,-6,10.5,-0.5446905238,-0.3106844943,-0.1434355466,-0.0321997656,18.19537488,nan,nan
jkt_a0.118,-6,11.5,-0.5316007313,-0.2969071763,-0.1409909875,-0.03105596824,17.78795872,nan,nan
jkt_a0.118,-6,12.5,-0.5178416781,-0.2828256574,-0.1384124304,-0.02987529594,17.36364492,nan,nan
jkt_a0.118,-6,13.5,-0.5035217763,-0.2685942067,-0.1357179674,-0.02866955169,16.92592809,nan,nan
jkt_a0.118,-6,14.5,-0.4887521424,-0.254356317,-0.1329255085,-0.02744979638,16.47837109,nan,nan
jkt_a0.118,-6,15.5,-0.4736415016,-0.240239983,-0.1300525494,-0.02622620432,16.02430767,nan,nan
jkt_a0.118,-6,16.5,-0.4582989815,-0.226364395,-0.1271159683,-0.02500796271,15.56725792,nan,nan
jkt_a0.118,-6,17.5,-0.4428155344,-0.2128099416,-0.1241318549,-0.02380321238,15.10916933,nan,nan
jkt_a0.118,-6,18.5,-0.4272890103,-0.1996640362,-0.1211153732,-0.02261902535,14.65306383,nan,nan
jkt_a0.118,-6,19.5,-0.4118033313,-0.1869879788,-0.1180806566,-0.02146141432,14.20103365,nan,nan
jkt_a0.118,-6,20.5,-0.3964375271,-0.1748308755,-0.1150407353,-0.02033536796,13.7551254,nan,nan
jkt_a0.118,-6,21.5,-0.3812632308,-0.1632288827,-0.1120074923,-0.01924490672,13.31718202,nan,nan
jkt_a0.118,-6,22.5,-0.3663383879,-0.1522027455,-0.108991647,-0.01819315321,12.88839475,nan,nan
jkt_a0.118,-6,23.5,-0.3517147225,-0.1417642108,-0.1060027603,-0.01718241252,12.46987305,nan,nan
jkt_a0.118,-6,24.5,-0.3374377372,-0.131917149,-0.1030492603,-0.0162142578,12.06264756,nan,nan
jkt_a0.118,-6,25.5,-0.3235434144,-0.12265678,-0.1001384838,-0.01528961763,11.66741341,nan,nan
jkt_a0.118,-6,26.5,-0.3100602875,-0.1139720708,-0.09727672897,-0.01440886219,11.2846698,nan,nan
jkt_a0.118,-6,27.5,-0.2970103666,-0.1058471683,-0.09446931864,-0.01357188589,10.91476783,nan,nan
jkt_a0.118,-6,28.5,-0.2844095002,-0.09826238891,-0.0917206687,-0.01277818499,10.5579117,nan,nan
jkt_a0.118,-6,29.5,-0.2722683428,-0.09119537628,-0.08903436056,-0.01202692892,10.21420389,nan,nan
jkt_a0.118,-5.5,0.5,-0.6960289019,-0.5340920807,-0.1693481936,-0.04586591423,25.00481649,nan,nan
jkt_a0.118,-5.5,1.5,-0.6944027629,-0.5314916041,-0.1690414722,-0.04568683649,24.93871508,nan,nan
jkt_a0.118,-5.5,2.5,-0.6911668986,-0.5263456879,-0.1684310498,-0.04533173763,24.80777798,nan,nan
jkt_a0.118,-5.5,3.5,-0.6863413176,-0.5187503887,-0.1675229031,-0.04480661867,24.61350408,nan,nan
jkt_a0.118,-5.5,4.5,-0.6799658459,-0.5088543208,-0.1663258391,-0.0441202074,24.35882802,nan,nan
jkt_a0.118,-5.5,5.5,-0.6720937032,-0.4968424719,-0.1648513103,-0.04328364883,24.04737091,nan,nan
jkt_a0.118,-5.5,6.5,-0.662787785,-0.4829332066,-0.1631131772,-0.04231012195,23.68329438,nan,nan
jkt_a0.118,-5.5,7.5,-0.6521225404,-0.4673664167,-0.1611274253,-0.04121440479,23.27113095,nan,nan
jkt_a0.118,-5.5,8.5,-0.6401904845,-0.4504044764,-0.1589118444,-0.04001241137,22.81629529,nan,nan
jkt_a0.118,-5.5,9.5,-0.6270901973,-0.432311923,-0.1564856818,-0.03872072396,22.32401995,nan,nan
jkt_a0.118,-5.5,10.5,-0.6129380124,-0.4133611995,-0.1538692792,-0.03735614231,21.80030049,nan,nan
jkt_a0.118,-5.5,11.5,-0.5978453401,-0.3938038477,-0.1510837056,-0.03593526809,21.250037,nan,nan
jkt_a0.118,-5.5,12.5,-0.5819454042,-0.3738938865,-0.148150396,-0.03447413909,20.67930007,nan,nan
jkt_a0.118,-5.5,13.5,-0.5653650279,-0.3538566024,-0.1450908076,-0.0329879228,20.09310036,nan,nan
jkt_a0.118,-5.5,14.5,-0.5482361303,-0.333898893,-0.1419261018,-0.03149067464,19.49645352,nan,nan
jkt_a0.118,-5.5,15.5,-0.530689419,-0.3142027666,-0.1386768594,-0.02999516177,18.89399414,nan,nan
jkt_a0.118,-5.5,16.5,-0.5128572213,-0.2949355673,-0.1353628343,-0.02851274998,18.29056063,nan,nan
jkt_a0.118,-5.5,17.5,-0.4948514716,-0.2762058592,-0.1320027497,-0.02705334827,17.68874603,nan,nan
jkt_a0.118,-5.5,18.5,-0.4767922226,-0.2581318831,-0.128614137,-0.02562540373,17.09259743,nan,nan
jkt_a0.118,-5.5,19.5,-0.4587833,-0.2407927796,-0.1252132173,-0.02423593845,16.50483998,nan,nan
jkt_a0.118,-5.5,20.5,-0.4409223897,-0.2242492646,-0.1218148241,-0.02289061944,15.92807166,nan,nan
jkt_a0.118,-5.5,21.5,-0.4232978956,-0.2085430147,-0.1184323625,-0.02159385328,15.36456828,nan,nan
jkt_a0.118,-5.5,22.5,-0.4059815415,-0.1936939492,-0.1150778013,-0.02034889716,14.81574904,nan,nan
jkt_a0.118,-5.5,23.5,-0.3890369107,-0.1797091954,-0.1117616942,-0.01915797965,14.28288489,nan,nan
jkt_a0.118,-5.5,24.5,-0.3725194055,-0.1665849364,-0.1084932234,-0.01802242514,13.76710728,nan,nan
jkt_a0.118,-5.5,25.5,-0.3564724909,-0.1543057642,-0.1052802624,-0.01694277712,13.26910741,nan,nan
jkt_a0.118,-5.5,26.5,-0.3409301522,-0.1428481269,-0.1021294517,-0.01591891687,12.78931513,nan,nan
jkt_a0.118,-5.5,27.5,-0.3259180516,-0.1321824287,-0.09904628514,-0.01495017475,12.3279635,nan,nan
jkt_a0.118,-5.5,28.5,-0.311454057,-0.1222745009,-0.09603520147,-0.01403543239,11.88509718,nan,nan
jkt_a0.118,-5.5,29.5,-0.2975494667,-0.1130872314,-0.09309967909,-0.01317321492,11.46063185,nan,nan
jkt_a0.118,-5,0.5,-0.7723458547,-0.7432977652,-0.1836433701,-0.05470991216,31.29276517,nan,nan
jkt_a0.118,-5,1.5,-0.7706752714,-0.739425754,-0.1832886967,-0.05447832498,31.19826687,nan,nan
jkt_a0.118,-5,2.5,-0.7673428882,-0.7317676164,-0.1825829739,-0.05401941255,31.01117469,nan,nan
jkt_a0.118,-5,3.5,-0.7623524868,-0.7204749961,-0.1815333754,-0.05334153111,30.7339443,nan,nan
jkt_a0.118,-5,4.5,-0.7557227269,-0.7057807192,-0.180150476,-0.05245680679,30.37112932,nan,nan
jkt_a0.118,-5,5.5,-0.7474829098,-0.6879738519,-0.1784480349,-0.05138067573,29.92832758,nan,nan
jkt_a0.118,-5,6.5,-0.7376693616,-0.6673956281,-0.1764427118,-0.05013131752,29.41202944,nan,nan
jkt_a0.118,-5,7.5,-0.7263313572,-0.6444197936,-0.1741537275,-0.04872901637,28.82928755,nan,nan
jkt_a0.118,-5,8.5,-0.713540382,-0.6194527174,-0.1716024747,-0.04719548669,28.18836708,nan,nan
jkt_a0.118,-5,9.5,-0.6993786355,-0.5929028384,-0.1688120931,-0.04555319889,27.49729471,nan,nan
jkt_a0.118,-5,10.5,-0.6839536428,-0.5651874206,-0.165807021,-0.04382473808,26.76506161,nan,nan
jkt_a0.118,-5,11.5,-0.6673735608,-0.5366904523,-0.1626125384,-0.04203222265,25.99914677,nan,nan
jkt_a0.118,-5,12.5,-0.6497777202,-0.507794889,-0.1592543159,-0.04019680294,25.20845841,nan,nan
jkt_a0.118,-5,13.5,-0.6313045462,-0.4788378699,-0.1557579838,-0.03833825302,24.40039173,nan,nan
jkt_a0.118,-5,14.5,-0.6121039909,-0.4501250949,-0.1521487344,-0.03647466102,23.58220699,nan,nan
jkt_a0.118,-5,15.5,-0.5923295199,-0.4219216576,-0.1484509668,-0.03462221733,22.76051499,nan,nan
jkt_a0.118,-5,16.5,-0.5721398455,-0.3944679892,-0.1446879828,-0.0327950946,21.9421232,nan,nan
jkt_a0.118,-5,17.5,-0.5516747895,-0.3679135059,-0.140881738,-0.03100540927,21.13054118,nan,nan
jkt_a0.118,-5,18.5,-0.5310832711,-0.3424212016,-0.1370526498,-0.02926325246,20.33128627,nan,nan
jkt_a0.118,-5,19.5,-0.5104972935,-0.3180942052,-0.1332194615,-0.02757677622,19.54794124,nan,nan
jkt_a0.118,-5,20.5,-0.4900418062,-0.2950072649,-0.1293991597,-0.02595232165,18.78381793,nan,nan
jkt_a0.118,-5,21.5,-0.4698305189,-0.2732065605,-0.1256069393,-0.02439457581,18.04171508,nan,nan
jkt_a0.118,-5,22.5,-0.4499569633,-0.2527068733,-0.1218562101,-0.02290674587,17.32327371,nan,nan
jkt_a0.118,-5,23.5,-0.4305039918,-0.2335044892,-0.1181586394,-0.02149074086,16.62988131,nan,nan
jkt_a0.118,-5,24.5,-0.4115435592,-0.2155802689,-0.1145242224,-0.02014735288,15.9626926,nan,nan
jkt_a0.118,-5,25.5,-0.3931323729,-0.1988993381,-0.1109613741,-0.01887643188,15.32227466,nan,nan
jkt_a0.118,-5,26.5,-0.3753147524,-0.1834161646,-0.1074770374,-0.01767704957,14.70884333,nan,nan
jkt_a0.118,-5,27.5,-0.3581240523,-0.1690776951,-0.1040768002,-0.01654764953,14.12235341,nan,nan
jkt_a0.118,-5,28.5,-0.3415834133,-0.155825569,-0.1007650183,-0.015486182,13.56251954,nan,nan
jkt_a0.118,-5,29.5,-0.3257073257,-0.1435984505,-0.09754493894,-0.01449022268,13.02889623,nan,nan
jkt_a0.118,-4.5,0.5,-0.8155896543,-1.06122855,-0.2002145394,-0.06627197666,40.27607124,nan,nan
jkt_a0.118,-4.5,1.5,-0.814344294,-1.055363208,-0.1998026125,-0.06596621125,40.1364981,nan,nan
jkt_a0.118,-4.5,2.5,-0.8118346115,-1.043766903,-0.198983058,-0.06536076822,39.86033214,nan,nan
jkt_a0.118,-4.5,3.5,-0.8080099279,-1.026678986,-0.1977643951,-0.06446756639,39.45170136,nan,nan
jkt_a0.118,-4.5,4.5,-0.8028132735,-1.004465215,-0.1961592038,-0.06330385975,38.91792217,nan,nan
jkt_a0.118,-4.5,5.5,-0.7961854176,-0.9775792746,-0.1941838869,-0.06189153697,38.26796162,nan,nan
jkt_a0.118,-4.5,6.5,-0.7880624505,-0.9465573547,-0.1918583529,-0.06025626273,37.5122791,nan,nan
jkt_a0.118,-4.5,7.5,-0.7783929014,-0.9119861375,-0.1892056267,-0.05842651621,36.66220978,nan,nan
jkt_a0.118,-4.5,8.5,-0.7671527879,-0.8745014458,-0.186251393,-0.05643258487,35.73080182,nan,nan
jkt_a0.118,-4.5,9.5,-0.7543393971,-0.8347415748,-0.1830234857,-0.05430556998,34.73076373,nan,nan
jkt_a0.118,-4.5,10.5,-0.7399907381,-0.7933551305,-0.1795513389,-0.05207645414,33.67602548,nan,nan
jkt_a0.118,-4.5,11.5,-0.7241623043,-0.7509380226,-0.1758654167,-0.04977527144,32.57833054,nan,nan
jkt_a0.118,-4.5,12.5,-0.7069604122,-0.7080787952,-0.1719966445,-0.04743040925,31.45115643,nan,nan
jkt_a0.118,-4.5,13.5,-0.6885080478,-0.6652926323,-0.167975859,-0.04506805848,30.30571757,nan,nan
jkt_a0.118,-4.5,14.5,-0.6689566959,-0.6230416047,-0.1638332994,-0.04271181754,29.1527986,nan,nan
jkt_a0.118,-4.5,15.5,-0.6484756909,-0.5817212556,-0.1595981519,-0.04038244477,28.00205175,nan,nan
jkt_a0.118,-4.5,16.5,-0.6272495876,-0.5416856401,-0.1552981621,-0.03809774661,26.86325319,nan,nan
jkt_a0.118,-4.5,17.5,-0.6054571422,-0.5031456617,-0.1509593218,-0.03587258297,25.7412053,nan,nan
jkt_a0.118,-4.5,18.5,-0.5832859747,-0.4663314063,-0.1466056315,-0.03371896823,24.64352949,nan,nan
jkt_a0.118,-4.5,19.5,-0.5609116975,-0.4313796052,-0.1422589405,-0.0316462456,23.57494,nan,nan
jkt_a0.118,-4.5,20.5,-0.5385035101,-0.398382444,-0.1379388558,-0.02966131291,22.53962794,nan,nan
jkt_a0.118,-4.5,21.5,-0.5162180747,-0.3673883301,-0.1336627166,-0.02776888049,21.54096115,nan,nan
jkt_a0.118,-4.5,22.5,-0.4941882103,-0.3383992851,-0.1294456225,-0.02597174401,20.58070241,nan,nan
jkt_a0.118,-4.5,23.5,-0.472532649,-0.3113900244,-0.1253005066,-0.02427105887,19.66019578,nan,nan
jkt_a0.118,-4.5,24.5,-0.4513552601,-0.2863131018,-0.1212382442,-0.0226666054,18.78041151,nan,nan
jkt_a0.118,-4.5,25.5,-0.430739865,-0.2630993346,-0.1172677868,-0.02115703756,17.94152678,nan,nan
jkt_a0.118,-4.5,26.5,-0.4107533776,-0.2416654604,-0.1133963139,-0.01974010997,17.14324759,nan,nan
jkt_a0.118,-4.5,27.5,-0.3914474931,-0.2219189178,-0.1096293935,-0.01841288078,16.38493895,nan,nan
jkt_a0.118,-4.5,28.5,-0.3728597242,-0.2037612288,-0.105971147,-0.01717188909,15.66566654,nan,nan
jkt_a0.118,-4.5,29.5,-0.35501542,-0.1870913997,-0.1024244123,-0.01601330751,14.9843072,nan,nan
jkt_a0.118,-4,0.5,-0.7421214967,-1.533230429,-0.2194777917,-0.08172595214,52.89989636,nan,nan
jkt_a0.118,-4,1.5,-0.7426167515,-1.524433003,-0.2189989473,-0.081312724,52.68928976,nan,nan
jkt_a0.118,-4,2.5,-0.7435081635,-1.507038333,-0.2180461934,-0.08049519123,52.27285799,nan,nan
jkt_a0.118,-4,3.5,-0.7445915923,-1.481404365,-0.2166293377,-0.07929079782,51.65761548,nan,nan
jkt_a0.118,-4,4.5,-0.7455925468,-1.448079257,-0.2147629286,-0.07772473165,50.85555357,nan,nan
jkt_a0.118,-4,5.5,-0.7461942659,-1.407745402,-0.2124660469,-0.07582883059,49.88134381,nan,nan
jkt_a0.118,-4,6.5,-0.7460393632,-1.361213545,-0.2097620064,-0.07364024839,48.75215492,nan,nan
jkt_a0.118,-4,7.5,-0.7447762461,-1.309375068,-0.2066779601,-0.0711999703,47.48654426,nan,nan
jkt_a0.118,-4,8.5,-0.7420872814,-1.253199882,-0.2032444072,-0.06855127359,46.10553552,nan,nan
jkt_a0.118,-4,9.5,-0.7377008685,-1.193666383,-0.1994946093,-0.06573822362,44.62962986,nan,nan
jkt_a0.118,-4,10.5,-0.7314200166,-1.131770906,-0.195463932,-0.06280428513,43.08085229,nan,nan
jkt_a0.118,-4,11.5,-0.7231109971,-1.068432654,-0.1911891358,-0.05979111137,41.47794448,nan,nan
jkt_a0.118,-4,12.5,-0.7127353986,-1.004557501,-0.1867076461,-0.0567375537,39.84168968,nan,nan
jkt_a0.118,-4,13.5,-0.7003203653,-0.940938767,-0.1820568333,-0.05367891327,38.18936147,nan,nan
jkt_a0.118,-4,14.5,-0.6859652978,-0.8782848574,-0.1772733365,-0.05064643719,36.5372136,nan,nan
jkt_a0.118,-4,15.5,-0.6698266947,-0.8171982303,-0.1723924545,-0.04766704532,34.89950561,nan,nan
jkt_a0.118,-4,16.5,-0.6521025082,-0.7582134599,-0.1674476268,-0.04476326135,33.29039708,nan,nan
jkt_a0.118,-4,17.5,-0.6330297945,-0.7016408069,-0.1624700167,-0.04195331449,31.71643444,nan,nan
jkt_a0.118,-4,18.5,-0.6128505028,-0.647816657,-0.1574882023,-0.03925137434,30.18813324,nan,nan
jkt_a0.118,-4,19.5,-0.5918154584,-0.596931129,-0.1525279741,-0.03666788144,28.71157809,nan,nan
jkt_a0.118,-4,20.5,-0.5701745361,-0.5491034077,-0.1476122311,-0.03420993913,27.29189876,nan,nan
jkt_a0.118,-4,21.5,-0.5481665213,-0.5043842681,-0.1427609658,-0.03188173634,25.93290806,nan,nan
jkt_a0.118,-4,22.5,-0.5260036888,-0.4627542877,-0.1379913236,-0.02968497683,24.63616216,nan,nan
jkt_a0.118,-4,23.5,-0.5038795445,-0.4241525321,-0.1333177208,-0.02761929587,23.40254988,nan,nan
jkt_a0.118,-4,24.5,-0.4819665036,-0.3884851879,-0.1287520086,-0.02568265062,22.2323841,nan,nan
jkt_a0.118,-4,25.5,-0.4604093807,-0.3556274733,-0.1243036679,-0.02387167552,21.12491304,nan,nan
jkt_a0.118,-4,26.5,-0.4393283155,-0.325435411,-0.1199800225,-0.02218199778,20.07876801,nan,nan
jkt_a0.118,-4,27.5,-0.4188206007,-0.2977532644,-0.1157864623,-0.02060851123,19.09215429,nan,nan
jkt_a0.118,-4,28.5,-0.3989620716,-0.2724188123,-0.1117266653,-0.01914560912,18.16292634,nan,nan
jkt_a0.118,-4,29.5,-0.3798097459,-0.2492684257,-0.1078028149,-0.0177873782,17.28874156,nan,nan
jkt_a0.118,-3.5,0.5,-0.3629141322,-2.149882802,-0.2418088706,-0.1028990055,68.83465041,nan,nan
jkt_a0.118,-3.5,1.5,-0.3682826383,-2.137784881,-0.2412561695,-0.102325961,68.52197443,nan,nan
jkt_a0.118,-3.5,2.5,-0.3787234668,-2.113829563,-0.2401559521,-0.1011932975,67.90413422,nan,nan
jkt_a0.118,-3.5,3.5,-0.3936584428,-2.0784429,-0.238518605,-0.09952722105,66.99261566,nan,nan
jkt_a0.118,-3.5,4.5,-0.4122769389,-2.032294349,-0.2363597297,-0.09736547747,65.80655828,nan,nan
jkt_a0.118,-3.5,5.5,-0.433622499,-1.976234579,-0.2337001129,-0.09475560851,64.36940414,nan,nan
jkt_a0.118,-3.5,6.5,-0.4566039596,-1.911295686,-0.230565608,-0.09175283175,62.70860606,nan,nan
jkt_a0.118,-3.5,7.5,-0.4801108371,-1.838641524,-0.2269868847,-0.08841769438,60.85379803,nan,nan
jkt_a0.118,-3.5,8.5,-0.5030702377,-1.75957394,-0.2229990165,-0.08481365768,58.83814597,nan,nan
jkt_a0.118,-3.5,9.5,-0.5245080475,-1.675439045,-0.2186408946,-0.08100476234,56.69401217,nan,nan
jkt_a0.118,-3.5,10.5,-0.5435962279,-1.587641844,-0.2139544787,-0.07705350467,54.45559173,nan,nan
jkt_a0.118,-3.5,11.5,-0.5596801218,-1.497507875,-0.208983919,-0.07301902379,52.15215978,nan,nan
jkt_a0.118,-3.5,12.5,-0.5722990288,-1.4063682,-0.2037745958,-0.06895566465,49.81523387,nan,nan
jkt_a0.118,-3.5,13.5,-0.5811789906,-1.315410273,-0.1983721332,-0.06491194512,47.47090955,nan,nan
jkt_a0.118,-3.5,14.5,-0.5862240405,-1.225709239,-0.1928214453,-0.06092992209,45.14321262,nan,nan
jkt_a0.118,-3.5,15.5,-0.5874933656,-1.138190427,-0.1871658644,-0.05704492447,42.85276244,nan,nan
jkt_a0.118,-3.5,16.5,-0.5851524941,-1.053679092,-0.181446392,-0.05328560121,40.61956938,nan,nan
jkt_a0.118,-3.5,17.5,-0.5795286056,-0.9726678582,-0.1757010977,-0.04967422204,38.4522356,nan,nan
jkt_a0.118,-3.5,18.5,-0.5709412544,-0.895678713,-0.1699646783,-0.04622716446,36.36474974,nan,nan
jkt_a0.118,-3.5,19.5,-0.5597797489,-0.8230114961,-0.1642681761,-0.04295552397,34.36449578,nan,nan
jkt_a0.118,-3.5,20.5,-0.54645082,-0.7548529472,-0.1586388448,-0.03986579091,32.45722865,nan,nan
jkt_a0.118,-3.5,21.5,-0.5313597017,-0.6912814864,-0.1531001449,-0.03696054728,30.64667031,nan,nan
jkt_a0.118,-3.5,22.5,-0.5148867573,-0.6322668516,-0.1476718462,-0.03423914711,28.93342863,nan,nan
jkt_a0.118,-3.5,23.5,-0.4973872515,-0.5777126768,-0.1423702139,-0.0316983546,27.31711387,nan,nan
jkt_a0.118,-3.5,24.5,-0.47918505,-0.527470722,-0.1372082542,-0.02933292281,25.79651132,nan,nan
jkt_a0.118,-3.5,25.5,-0.4605637034,-0.4813456676,-0.1321959995,-0.02713610416,24.36903747,nan,nan
jkt_a0.118,-3.5,26.5,-0.4417677375,-0.4391133516,-0.1273408144,-0.02510008925,23.03135681,nan,nan
jkt_a0.118,-3.5,27.5,-0.4230041548,-0.4005325594,-0.1226477069,-0.02321637555,21.77965633,nan,nan
jkt_a0.118,-3.5,28.5,-0.4044441989,-0.3653534872,-0.1181196356,-0.02147607016,20.60976868,nan,nan
jkt_a0.118,-3.5,29.5,-0.386226857,-0.3333255885,-0.1137578017,-0.01987013284,19.51737974,nan,nan
jkt_a0.118,-3,0.5,0.5851428036,-2.647406115,-0.2672994807,-0.1326948236,82.54440568,nan,nan
jkt_a0.118,-3,1.5,0.5696754365,-2.63523935,-0.2666777089,-0.1318782024,82.12755737,nan,nan
jkt_a0.118,-3,2.5,0.5393933868,-2.610977139,-0.2654382345,-0.1302656139,81.30417903,nan,nan
jkt_a0.118,-3,3.5,0.4955500917,-2.574714797,-0.2635894681,-0.1278973312,80.09034988,nan,nan
jkt_a0.118,-3,4.5,0.4399413731,-2.526695191,-0.2611446407,-0.1248312546,78.51261419,nan,nan
jkt_a0.118,-3,5.5,0.3747190322,-2.467312332,-0.2581223746,-0.1211401083,76.60374771,nan,nan
jkt_a0.118,-3,6.5,0.3023709425,-2.397142503,-0.2545472017,-0.1169080306,74.4021031,nan,nan
jkt_a0.118,-3,7.5,0.2254854979,-2.316974927,-0.250449887,-0.1122268011,71.94923613,nan,nan
jkt_a0.118,-3,8.5,0.1466467895,-2.227866501,-0.2458674442,-0.107191968,69.29150412,nan,nan
jkt_a0.118,-3,9.5,0.06827216392,-2.131062706,-0.2408427775,-0.1018991264,66.47430027,nan,nan
jkt_a0.118,-3,10.5,-0.007471952774,-2.028033913,-0.2354239398,-0.09644057048,63.54520998,nan,nan
jkt_a0.118,-3,11.5,-0.07879112493,-1.920301287,-0.2296630563,-0.09090248908,60.54520637,nan,nan
jkt_a0.118,-3,12.5,-0.1442598042,-1.80952966,-0.2236149991,-0.08536281128,57.51756019,nan,nan
jkt_a0.118,-3,13.5,-0.2028794625,-1.697313641,-0.2173359299,-0.07988974352,54.49798661,nan,nan
jkt_a0.118,-3,14.5,-0.254042553,-1.585187433,-0.2108818266,-0.07454097831,51.51879867,nan,nan
jkt_a0.118,-3,15.5,-0.2975025554,-1.474546394,-0.2043071043,-0.06936350645,48.60717808,nan,nan
jkt_a0.118,-3,16.5,-0.3332589293,-1.366680339,-0.197663414,-0.0643939314,45.78888358,nan,nan
jkt_a0.118,-3,17.5,-0.3617453628,-1.262466517,-0.1909986747,-0.05965916797,43.0742733,nan,nan
jkt_a0.118,-3,18.5,-0.3833668564,-1.162790973,-0.184356366,-0.05517740546,40.48013752,nan,nan
jkt_a0.118,-3,19.5,-0.3987402542,-1.068236774,-0.1777750801,-0.05095922424,38.01439652,nan,nan
jkt_a0.118,-3,20.5,-0.4085486626,-0.9792110844,-0.171288314,-0.04700877158,35.68252937,nan,nan
jkt_a0.118,-3,21.5,-0.4135040898,-0.895949676,-0.1649244685,-0.04332492254,33.48719355,nan,nan
jkt_a0.118,-3,22.5,-0.414308267,-0.8185170643,-0.1587070135,-0.03990237197,31.42710595,nan,nan
jkt_a0.118,-3,23.5,-0.4116320399,-0.7468651589,-0.1526547788,-0.03673262294,29.49967035,nan,nan
jkt_a0.118,-3,24.5,-0.4060997416,-0.6808554961,-0.1467823303,-0.0338048526,27.70125961,nan,nan
jkt_a0.118,-3,25.5,-0.3982753142,-0.6202694376,-0.1411003969,-0.03110664897,26.02667129,nan,nan
jkt_a0.118,-3,26.5,-0.3886586818,-0.5648360154,-0.1356163204,-0.02862462143,24.46991278,nan,nan
jkt_a0.118,-3,27.5,-0.3776856109,-0.5142509046,-0.1303345045,-0.02634489333,23.02456148,nan,nan
jkt_a0.118,-3,28.5,-0.3657295743,-0.4681905403,-0.1252568474,-0.02425348924,21.68393772,nan,nan
jkt_a0.118,-3,29.5,-0.3531062993,-0.4263248739,-0.1203831469,-0.02233663039,20.44135832,nan,nan
jkt_a0.118,-2.5,0.5,1.998141981,-2.372905356,-0.2950747249,-0.175762939,81.57945228,nan,nan
jkt_a0.118,-2.5,1.5,1.970693856,-2.371610402,-0.2944250763,-0.1745691821,81.15506635,nan,nan
jkt_a0.118,-2.5,2.5,1.916675811,-2.368387834,-0.293124728,-0.1722137006,80.31609289,nan,nan
jkt_a0.118,-2.5,3.5,1.83777336,-2.361983445,-0.2911725682,-0.1687589723,79.07728479,nan,nan
jkt_a0.118,-2.5,4.5,1.736493977,-2.350774013,-0.2885692288,-0.1642948429,77.4638386,nan,nan
jkt_a0.118,-2.5,5.5,1.615952948,-2.333005036,-0.285319383,-0.1589341488,75.5078916,nan,nan
jkt_a0.118,-2.5,6.5,1.479898683,-2.306896013,-0.2814341359,-0.1528073243,73.2470472,nan,nan
jkt_a0.118,-2.5,7.5,1.332419305,-2.270955159,-0.2769330998,-0.1460563583,70.72298764,nan,nan
jkt_a0.118,-2.5,8.5,1.17782148,-2.224181252,-0.2718458105,-0.1388285182,67.9833379,nan,nan
jkt_a0.118,-2.5,9.5,1.020346126,-2.166127322,-0.2662122651,-0.1312702737,65.07557511,nan,nan
jkt_a0.118,-2.5,10.5,0.86402797,-2.097013301,-0.2600825067,-0.1235218199,62.05036155,nan,nan
jkt_a0.118,-2.5,11.5,0.7124047291,-2.01758634,-0.253515331,-0.1157125221,58.95196844,nan,nan
jkt_a0.118,-2.5,12.5,0.5685168446,-1.929185464,-0.2465763013,-0.1079574916,55.82754996,nan,nan
jkt_a0.118,-2.5,13.5,0.4347000576,-1.833472378,-0.2393353305,-0.1003553772,52.71637602,nan,nan
jkt_a0.118,-2.5,14.5,0.3126193772,-1.732356026,-0.2318641061,-0.09298733667,49.65401413,nan,nan
jkt_a0.118,-2.5,15.5,0.2032724347,-1.627821669,-0.22423361,-0.08591705338,46.67028508,nan,nan
jkt_a0.118,-2.5,16.5,0.1071795161,-1.521859852,-0.2165119282,-0.07919159948,43.79305207,nan,nan
jkt_a0.118,-2.5,17.5,0.02397662602,-1.41614918,-0.2087624792,-0.0728429161,41.03377097,nan,nan
jkt_a0.118,-2.5,18.5,-0.04668351391,-1.312296867,-0.2010427189,-0.06688968268,38.40966945,nan,nan
jkt_a0.118,-2.5,19.5,-0.1056172622,-1.211580339,-0.1934033222,-0.06133937173,35.92850734,nan,nan
jkt_a0.118,-2.5,20.5,-0.1538196402,-1.115018304,-0.1858877988,-0.05619032296,33.5951119,nan,nan
jkt_a0.118,-2.5,21.5,-0.1923932856,-1.023363384,-0.1785324744,-0.05143371436,31.41108571,nan,nan
jkt_a0.118,-2.5,22.5,-0.2224796954,-0.9370966498,-0.1713667565,-0.04705534896,29.3738029,nan,nan
jkt_a0.118,-2.5,23.5,-0.2451999164,-0.8564968573,-0.1644136052,-0.04303721251,27.47918907,nan,nan
jkt_a0.118,-2.5,24.5,-0.2616194667,-0.7816722667,-0.1576901339,-0.0393587856,25.72208056,nan,nan
jkt_a0.118,-2.5,25.5,-0.2727231916,-0.7125804247,-0.1512082808,-0.03599811456,24.09575401,nan,nan
jkt_a0.118,-2.5,26.5,-0.2794005349,-0.6490694093,-0.1449754999,-0.03293265884,22.59277277,nan,nan
jkt_a0.118,-2.5,27.5,-0.2824404278,-0.5909086375,-0.1389954385,-0.03013994043,21.20538244,nan,nan
jkt_a0.118,-2.5,28.5,-0.2825316286,-0.5378132409,-0.1332685739,-0.02759802394,19.92570679,nan,nan
jkt_a0.118,-2.5,29.5,-0.280267659,-0.4894658468,-0.1277927959,-0.02528585608,18.74600941,nan,nan
jkt_a0.118,-2,0.5,2.968683938,-1.014490117,-0.3214717123,-0.239323504,61.27684406,nan,nan
jkt_a0.118,-2,1.5,2.94188682,-1.036358967,-0.3209362213,-0.2375527057,61.02148797,nan,nan
jkt_a0.118,-2,2.5,2.888392866,-1.078457339,-0.3198483702,-0.2340590898,60.51363587,nan,nan
jkt_a0.118,-2,3.5,2.808421421,-1.137569638,-0.3181772566,-0.2289366405,59.75509364,nan,nan
jkt_a0.118,-2,4.5,2.70262958,-1.209210344,-0.3158831834,-0.2223213876,58.75246926,nan,nan
jkt_a0.118,-2,5.5,2.572244259,-1.288128003,-0.3129245069,-0.2143855153,57.5170121,nan,nan
jkt_a0.118,-2,6.5,2.41930176,-1.368428215,-0.3092650684,-0.2053297017,56.06187958,nan,nan
jkt_a0.118,-2,7.5,2.246708642,-1.444297386,-0.3048811271,-0.1953740413,54.40438746,nan,nan
jkt_a0.118,-2,8.5,2.058309549,-1.510440905,-0.2997668366,-0.1847481111,52.56846271,nan,nan
jkt_a0.118,-2,9.5,1.858634177,-1.562483052,-0.2939375914,-0.1736809007,50.58041881,nan,nan
jkt_a0.118,-2,10.5,1.652732663,-1.597295533,-0.2874309467,-0.1623913976,48.47232519,nan,nan
jkt_a0.118,-2,11.5,1.445671013,-1.613086647,-0.2803052091,-0.1510805515,46.27398837,nan,nan
jkt_a0.118,-2,12.5,1.242396133,-1.609477332,-0.2726361195,-0.1399251618,44.0207352,nan,nan
jkt_a0.118,-2,13.5,1.047232161,-1.587273083,-0.2645122617,-0.129073972,41.74377814,nan,nan
jkt_a0.118,-2,14.5,0.8637500607,-1.548263607,-0.2560298903,-0.1186459772,39.47327009,nan,nan
jkt_a0.118,-2,15.5,0.6946077481,-1.494912356,-0.2472878189,-0.108730714,37.23595418,nan,nan
jkt_a0.118,-2,16.5,0.5417084973,-1.430054808,-0.238382863,-0.09939013441,35.05752605,nan,nan
jkt_a0.118,-2,17.5,0.4055300767,-1.356669102,-0.2294061502,-0.09066159192,32.95175411,nan,nan
jkt_a0.118,-2,18.5,0.2863916512,-1.2775456,-0.220440436,-0.08256146922,30.93541094,nan,nan
jkt_a0.118,-2,19.5,0.1837550404,-1.195245083,-0.2115584153,-0.07508903642,29.01810199,nan,nan
jkt_a0.118,-2,20.5,0.09665819829,-1.111983934,-0.2028219199,-0.06823022028,27.20668492,nan,nan
jkt_a0.118,-2,21.5,0.02384129252,-1.029585291,-0.1942818393,-0.06196106368,25.50497332,nan,nan
jkt_a0.118,-2,22.5,-0.03613120754,-0.9494502068,-0.1859785803,-0.05625074644,23.91282272,nan,nan
jkt_a0.118,-2,23.5,-0.08474909288,-0.8726236022,-0.1779428929,-0.05106411301,22.42856927,nan,nan
jkt_a0.118,-2,24.5,-0.1234823317,-0.7998351924,-0.1701969112,-0.04636370706,21.04936278,nan,nan
jkt_a0.118,-2,25.5,-0.1537290672,-0.7315339931,-0.16275529,-0.04211134866,19.770779,nan,nan
jkt_a0.118,-2,26.5,-0.1767779567,-0.667948448,-0.1556263487,-0.03826930971,18.58759179,nan,nan
jkt_a0.118,-2,27.5,-0.1937898197,-0.6091364173,-0.1488131615,-0.03480115097,17.49414804,nan,nan
jkt_a0.118,-2,28.5,-0.2057909449,-0.5550273054,-0.1423145567,-0.03167228429,16.48456351,nan,nan
jkt_a0.118,-2,29.5,-0.2136749989,-0.5054596362,-0.1361260048,-0.02885031881,15.55297229,nan,nan
jkt_a0.118,-1.5,0.5,2.679819123,0.6507034746,-0.3355606459,-0.333002763,34.02740492,nan,nan
jkt_a0.118,-1.5,1.5,2.677998319,0.6125195413,-0.3355310831,-0.330429216,34.03093214,nan,nan
jkt_a0.118,-1.5,2.5,2.672492997,0.5373697709,-0.3354145677,-0.3253426646,34.0323265,nan,nan
jkt_a0.118,-1.5,3.5,2.659698866,0.4278010004,-0.3351029923,-0.3178638393,34.01754517,nan,nan
jkt_a0.118,-1.5,4.5,2.634934282,0.2878590575,-0.3344501184,-0.3081723218,33.96915981,nan,nan
jkt_a0.118,-1.5,5.5,2.593219909,0.1229854818,-0.3332885963,-0.2965031975,33.86969626,nan,nan
jkt_a0.118,-1.5,6.5,2.529784034,-0.05969031704,-0.3314493244,-0.283140654,33.69710937,nan,nan
jkt_a0.118,-1.5,7.5,2.441068177,-0.2518890857,-0.32878067,-0.2684078964,33.43109659,nan,nan
jkt_a0.118,-1.5,8.5,2.325409968,-0.444614257,-0.3251650591,-0.2526534959,33.05621349,nan,nan
jkt_a0.118,-1.5,9.5,2.183328813,-0.6289103893,-0.32053086,-0.2362351388,32.56101098,nan,nan
jkt_a0.118,-1.5,10.5,2.017669594,-0.7966316647,-0.3148583034,-0.2195024337,31.94207305,nan,nan
jkt_a0.118,-1.5,11.5,1.833103338,-0.9411776459,-0.3081792155,-0.2027807438,31.19953041,nan,nan
jkt_a0.118,-1.5,12.5,1.635787157,-1.057976429,-0.3005713461,-0.1863578494,30.34333945,nan,nan
jkt_a0.118,-1.5,13.5,1.432415138,-1.144706782,-0.2921488096,-0.1704746998,29.38634561,nan,nan
jkt_a0.118,-1.5,14.5,1.229609784,-1.201213698,-0.283050492,-0.1553207564,28.34607177,nan,nan
jkt_a0.118,-1.5,15.5,1.033282536,-1.229183133,-0.273428204,-0.1410336931,27.24214502,nan,nan
jkt_a0.118,-1.5,16.5,0.848444734,-1.231569418,-0.2634359822,-0.1277026669,26.09629391,nan,nan
jkt_a0.118,-1.5,17.5,0.678178139,-1.212532769,-0.2532214276,-0.1153740829,24.9270917,nan,nan
jkt_a0.118,-1.5,18.5,0.5249091331,-1.176147589,-0.2429194495,-0.1040587395,23.75284007,nan,nan
jkt_a0.118,-1.5,19.5,0.389614058,-1.126647477,-0.2326483761,-0.09373938554,22.58910838,nan,nan
jkt_a0.118,-1.5,20.5,0.2723229627,-1.067948982,-0.2225081184,-0.08437795908,21.44950539,nan,nan
jkt_a0.118,-1.5,21.5,0.1723287607,-1.003480052,-0.2125799455,-0.07592204026,20.34504637,nan,nan
jkt_a0.118,-1.5,22.5,0.0884054982,-0.9360715299,-0.2029274034,-0.06831027983,19.28300851,nan,nan
jkt_a0.118,-1.5,23.5,0.01903675904,-0.8679864962,-0.1935979554,-0.06147674157,18.26880826,nan,nan
jkt_a0.118,-1.5,24.5,-0.03742840313,-0.8009572694,-0.1846250003,-0.05535421498,17.30619457,nan,nan
jkt_a0.118,-1.5,25.5,-0.08266032698,-0.736233542,-0.1760300119,-0.04987662124,16.39686272,nan,nan
jkt_a0.118,-1.5,26.5,-0.1182607213,-0.6746671732,-0.1678246261,-0.04498066428,15.54113276,nan,nan
jkt_a0.118,-1.5,27.5,-0.1457109346,-0.6167907388,-0.1600125664,-0.04060688087,14.73831775,nan,nan
jkt_a0.118,-1.5,28.5,-0.166344205,-0.5628876706,-0.1525913519,-0.03670023119,13.98694887,nan,nan
jkt_a0.118,-1.5,29.5,-0.1813353875,-0.5130553646,-0.1455537665,-0.03321035132,13.28505704,nan,nan
jkt_a0.118,-1,0.5,1.415567268,1.436735477,-0.3107190478,-0.4623033129,13.1112599,nan,nan
jkt_a0.118,-1,1.5,1.442424305,1.41543427,-0.3120511966,-0.4589868014,13.25794692,nan,nan
jkt_a0.118,-1,2.5,1.494227381,1.371301726,-0.314582356,-0.4523843453,13.54742723,nan,nan
jkt_a0.118,-1,3.5,1.566920042,1.301549248,-0.3180559387,-0.4425656103,13.96947812,nan,nan
jkt_a0.118,-1,4.5,1.654279172,1.2029656,-0.3221114625,-0.4296541873,14.50890332,nan,nan
jkt_a0.118,-1,5.5,1.748183966,1.072886212,-0.3263138116,-0.4138445816,15.14765679,nan,nan
jkt_a0.118,-1,6.5,1.838440785,0.9102352077,-0.3301909178,-0.3954160877,15.85799173,nan,nan
jkt_a0.118,-1,7.5,1.913962878,0.7165940083,-0.333276792,-0.3747383149,16.60725218,nan,nan
jkt_a0.118,-1,8.5,1.963965134,0.4969148575,-0.3351549584,-0.352264602,17.35934939,nan,nan
jkt_a0.118,-1,9.5,1.979390436,0.2594560142,-0.3354962332,-0.328512304,18.07573954,nan,nan
jkt_a0.118,-1,10.5,1.954375553,0.01513145151,-0.3340851372,-0.3040322182,18.72012462,nan,nan
jkt_a0.118,-1,11.5,1.887009365,-0.2239271631,-0.3308312171,-0.279372196,19.25858112,nan,nan
jkt_a0.118,-1,12.5,1.779744915,-0.4458754478,-0.3257646284,-0.2550413007,19.66654944,nan,nan
jkt_a0.118,-1,13.5,1.638639579,-0.6407925183,-0.3190184721,-0.2314803421,19.92685206,nan,nan
jkt_a0.118,-1,14.5,1.472331376,-0.8017127061,-0.3108025748,-0.2090426085,20.03251593,nan,nan
jkt_a0.118,-1,15.5,1.290611905,-0.9250992184,-0.3013741173,-0.1879859799,19.9856213,nan,nan
jkt_a0.118,-1,16.5,1.103314008,-1.010455663,-0.2910098446,-0.1684752558,19.79578799,nan,nan
jkt_a0.118,-1,17.5,0.918568245,-1.060759765,-0.2799830751,-0.1505920444,19.48163048,nan,nan
jkt_a0.118,-1,18.5,0.7432295103,-1.079904694,-0.2685469962,-0.1343490717,19.05997939,nan,nan
jkt_a0.118,-1,19.5,0.5819891086,-1.073185199,-0.2569243005,-0.1197060586,18.55171189,nan,nan
jkt_a0.118,-1,20.5,0.4376795552,-1.046169523,-0.2453022791,-0.106585029,17.97804787,nan,nan
jkt_a0.118,-1,21.5,0.3115266825,-1.004179793,-0.2338320661,-0.09488373348,17.35897794,nan,nan
jkt_a0.118,-1,22.5,0.2034945741,-0.9519246276,-0.2226306858,-0.08448658357,16.71129359,nan,nan
jkt_a0.118,-1,23.5,0.1126918134,-0.8933707068,-0.2117847312,-0.07527300954,16.04968232,nan,nan
jkt_a0.118,-1,24.5,0.03768780923,-0.831704819,-0.20135478,-0.06712346802,15.38654681,nan,nan
jkt_a0.118,-1,25.5,-0.02323681538,-0.7693603581,-0.191379927,-0.05992347863,14.73142802,nan,nan
jkt_a0.118,-1,26.5,-0.07189181862,-0.708116668,-0.1818820501,-0.05356610803,14.09156881,nan,nan
jkt_a0.118,-1,27.5,-0.1100473811,-0.6492100116,-0.1728696041,-0.04795329334,13.4722813,nan,nan
jkt_a0.118,-1,28.5,-0.1393537572,-0.5934421493,-0.1643408612,-0.0429963398,12.87722753,nan,nan
jkt_a0.118,-1,29.5,-0.161297902,-0.5412816585,-0.1562865947,-0.03861585958,12.30878316,nan,nan
jkt_a0.118,-0.5,0.5,0.4303667841,1.111460969,-0.2028871194,-0.6028612422,3.510983659,nan,nan
jkt_a0.118,-0.5,1.5,0.4513745581,1.117524137,-0.2065843673,-0.600014111,3.607203151,nan,nan
jkt_a0.118,-0.5,2.5,0.4942401749,1.128054839,-0.2138066812,-0.5942096843,3.803377585,nan,nan
jkt_a0.118,-0.5,3.5,0.5603498261,1.13958485,-0.2242052113,-0.5852493905,4.105671739,nan,nan
jkt_a0.118,-0.5,4.5,0.6509821729,1.146688012,-0.2372498468,-0.5728889275,4.52202852,nan,nan
jkt_a0.118,-0.5,5.5,0.7664287183,1.142125321,-0.2522324578,-0.5568990206,5.061736699,nan,nan
jkt_a0.118,-0.5,6.5,0.9046249523,1.116781659,-0.2682875302,-0.5371376828,5.729752332,nan,nan
jkt_a0.118,-0.5,7.5,1.06007688,1.060983804,-0.284438091,-0.5136224639,6.525571167,nan,nan
jkt_a0.118,-0.5,8.5,1.223103585,0.9662753462,-0.2996690493,-0.4865870289,7.440002954,nan,nan
jkt_a0.118,-0.5,9.5,1.380132249,0.8275783583,-0.3130210083,-0.4565059424,8.452419953,nan,nan
jkt_a0.118,-0.5,10.5,1.515338087,0.6453244386,-0.3236883384,-0.4240769656,9.531083085,nan,nan
jkt_a0.118,-0.5,11.5,1.613258603,0.4263288578,-0.3311003035,-0.3901610296,10.63329116,nan,nan
jkt_a0.118,-0.5,12.5,1.661971154,0.183443066,-0.3349666327,-0.3556924775,11.7116371,nan,nan
jkt_a0.118,-0.5,13.5,1.655372548,-0.06674334108,-0.3352787272,-0.3215806419,12.71725272,nan,nan
jkt_a0.118,-0.5,14.5,1.5942308,-0.3068446079,-0.3322704067,-0.2886245754,13.60671011,nan,nan
jkt_a0.118,-0.5,15.5,1.485499444,-0.5216990067,-0.3263520855,-0.257456089,14.34624796,nan,nan
jkt_a0.118,-0.5,16.5,1.340529043,-0.7000648781,-0.3180359962,-0.2285160662,14.91270347,nan,nan
jkt_a0.118,-0.5,17.5,1.172483414,-0.8371837852,-0.3078676286,-0.2020599328,15.30553379,nan,nan
jkt_a0.118,-0.5,18.5,0.9941378529,-0.931712481,-0.2963726232,-0.1781830229,15.52355157,nan,nan
jkt_a0.118,-0.5,19.5,0.8164959545,-0.9866608139,-0.2840221046,-0.156855657,15.58022326,nan,nan
jkt_a0.118,-0.5,20.5,0.6479324488,-1.007431419,-0.2712148753,-0.1379596614,15.49550365,nan,nan
jkt_a0.118,-0.5,21.5,0.4940260738,-1.000562199,-0.2582725743,-0.1213210414,15.29271284,nan,nan
jkt_a0.118,-0.5,22.5,0.3578252313,-0.9726879856,-0.2454434101,-0.1067363101,14.99489359,nan,nan
jkt_a0.118,-0.5,23.5,0.2404145899,-0.9299117558,-0.2329106624,-0.09399198661,14.62440865,nan,nan
jkt_a0.118,-0.5,24.5,0.1414656177,-0.8774555174,-0.2208031361,-0.0828779387,14.20174862,nan,nan
jkt_a0.118,-0.5,25.5,0.05972907877,-0.8195212238,-0.2092057453,-0.07319574479,13.74426991,nan,nan
jkt_a0.118,-0.5,26.5,-0.006547953257,-0.7593307231,-0.1981692006,-0.06476332785,13.2663469,nan,nan
jkt_a0.118,-0.5,27.5,-0.05932486229,-0.6992419125,-0.1877183346,-0.05741697434,12.7795562,nan,nan
jkt_a0.118,-0.5,28.5,-0.1005681996,-0.6408947932,-0.1778589511,-0.0510116293,12.29291351,nan,nan
jkt_a0.118,-0.5,29.5,-0.1321293309,-0.5853629071,-0.1685832792,-0.04542013263,11.81328036,nan,nan
jkt_a0.118,0,0.5,0.1696773188,0.6466159451,-0.0006509100247,-0.6711403083,0.9921693356,nan,nan
jkt_a0.118,0,1.5,0.175375553,0.6548235778,-0.005857749429,-0.671089809,1.020325804,nan,nan
jkt_a0.118,0,2.5,0.1875615835,0.6713444254,-0.01626320497,-0.6707466151,1.07934231,nan,nan
jkt_a0.118,0,3.5,0.2079360114,0.696198383,-0.03182275162,-0.6696286274,1.174703458,nan,nan
jkt_a0.118,0,4.5,0.2392163457,0.7290688734,-0.05240037671,-0.6670244496,1.31518592,nan,nan
jkt_a0.118,0,5.5,0.2851415364,0.7688779515,-0.07769026386,-0.662023779,1.513531299,nan,nan
jkt_a0.118,0,6.5,0.3504832993,0.8127697403,-0.1071259469,-0.6535823748,1.786026527,nan,nan
jkt_a0.118,0,7.5,0.4403288261,0.8552906681,-0.1397978585,-0.6406345597,2.152339842,nan,nan
jkt_a0.118,0,8.5,0.5586402888,0.8875523232,-0.174411136,-0.6222554813,2.633554731,nan,nan
jkt_a0.118,0,9.5,0.706021389,0.8971807832,-0.2093197327,-0.5978542659,3.24839255,nan,nan
jkt_a0.118,0,10.5,0.877204154,0.8699549028,-0.2426608695,-0.5673532185,4.008437478,nan,nan
jkt_a0.118,0,11.5,1.059497538,0.7930367554,-0.2725815371,-0.5312918172,4.911893961,nan,nan
jkt_a0.118,0,12.5,1.233581351,0.6595717135,-0.2975062511,-0.4908043926,5.940389199,nan,nan
jkt_a0.118,0,13.5,1.377111752,0.4720613304,-0.3163667696,-0.4474615209,7.056976029,nan,nan
jkt_a0.118,0,14.5,1.470186832,0.2433057855,-0.3287221588,-0.4030188389,8.209948885,nan,nan
jkt_a0.118,0,15.5,1.500394451,-0.006206254493,-0.3347409033,-0.3591515614,9.339569083,nan,nan
jkt_a0.118,0,16.5,1.465250621,-0.2526563346,-0.3350699257,-0.3172487594,10.38328398,nan,nan
jkt_a0.118,0,17.5,1.372773524,-0.4761607565,-0.3306483395,-0.2783060326,11.30317561,nan,nan
jkt_a0.118,0,18.5,1.236242649,-0.6614201835,-0.322524837,-0.2429137392,12.05778275,nan,nan
jkt_a0.118,0,19.5,1.072194633,-0.8009910575,-0.3117166076,-0.2113114791,12.63002909,nan,nan
jkt_a0.118,0,20.5,0.8965071352,-0.8940711682,-0.2991220907,-0.1834734118,13.0187886,nan,nan
jkt_a0.118,0,21.5,0.7222344357,-0.9447310541,-0.2854816711,-0.1591965611,13.2356353,nan,nan
jkt_a0.118,0,22.5,0.5586852581,-0.9597981317,-0.2713724982,-0.1381761755,13.2995365,nan,nan
jkt_a0.118,0,23.5,0.4115778256,-0.9470980402,-0.2572232295,-0.1200623483,13.23414558,nan,nan
jkt_a0.118,0,24.5,0.2836426157,-0.9142242863,-0.2433376936,-0.1044983878,13.06456688,nan,nan
jkt_a0.118,0,25.5,0.1753973704,-0.867815374,-0.2299203914,-0.09114429725,12.81443819,nan,nan
jkt_a0.118,0,26.5,0.08592108737,-0.8132738056,-0.2170999919,-0.07968937688,12.5048927,nan,nan
jkt_a0.118,0,27.5,0.01347104697,-0.7547519125,-0.2049491912,-0.06985752466,12.15401723,nan,nan
jkt_a0.118,0,28.5,-0.04406869039,-0.6952812144,-0.1935005966,-0.06140800097,11.77669739,nan,nan
jkt_a0.118,0,29.5,-0.08888849278,-0.6369659104,-0.1827589532,-0.05413361144,11.38486458,nan,nan
jkt_a0.118,0.5,0.5,0.1424910259,0.4154390072,0.2019539016,-0.6035670403,0.4761872996,nan,nan
jkt_a0.118,0.5,1.5,0.1439407538,0.4196162218,0.1981856018,-0.6063656091,0.4835813571,nan,nan
jkt_a0.118,0.5,2.5,0.1470225582,0.4281732563,0.1904804427,-0.611839797,0.4991052835,nan,nan
jkt_a0.118,0.5,3.5,0.1521705155,0.4414947837,0.1785093009,-0.6197217846,0.5243151648,nan,nan
jkt_a0.118,0.5,4.5,0.1601510957,0.4601814213,0.1618033649,-0.6295555227,0.5619024933,nan,nan
jkt_a0.118,0.5,5.5,0.172162368,0.4850380988,0.1397978585,-0.6406345597,0.6161137156,nan,nan
jkt_a0.118,0.5,6.5,0.1902154063,0.5169241592,0.1119132388,-0.6519293913,0.6934106852,nan,nan
jkt_a0.118,0.5,7.5,0.2174254108,0.5565363352,0.07769026386,-0.662023779,0.8035054091,nan,nan
jkt_a0.118,0.5,8.5,0.2584195685,0.6037814097,0.03698886531,-0.669096127,0.9605281565,nan,nan
jkt_a0.118,0.5,9.5,0.3195167586,0.6565684372,-0.009761593611,-0.6709989294,1.183948054,nan,nan
jkt_a0.118,0.5,10.5,0.408053662,0.7091313232,-0.06131599193,-0.6654915048,1.498694994,nan,nan
jkt_a0.118,0.5,11.5,0.5302138828,0.7502342435,-0.1154790003,-0.6506452874,1.932738952,nan,nan
jkt_a0.118,0.5,12.5,0.6869927646,0.7631659361,-0.1692143644,-0.6253532144,2.512225264,nan,nan
jkt_a0.118,0.5,13.5,0.8698507117,0.7286936403,-0.219071517,-0.5897656913,3.253115101,nan,nan
jkt_a0.118,0.5,14.5,1.058868655,0.631690191,-0.2618505118,-0.545431971,4.152948039,nan,nan
jkt_a0.118,0.5,15.5,1.226109528,0.4683719063,-0.2952646579,-0.4950268024,5.185270866,nan,nan
jkt_a0.118,0.5,16.5,1.343008716,0.2504265383,-0.3183283611,-0.4417523642,6.295189704,nan,nan
jkt_a0.118,0.5,17.5,1.392147745,0.00157123937,-0.3313427091,-0.3886698982,7.429790563,nan,nan
jkt_a0.118,0.5,18.5,1.367571129,-0.2491545704,-0.3355600851,-0.3382104521,8.512953642,nan,nan
jkt_a0.118,0.5,19.5,1.277607983,-0.4754996597,-0.3327262111,-0.2919722058,9.483742805,nan,nan
jkt_a0.118,0.5,20.5,1.139373874,-0.6595237698,-0.3246769945,-0.2507625135,10.29813094,nan,nan
jkt_a0.118,0.5,21.5,0.9729870466,-0.7932192727,-0.3130745772,-0.2147737426,10.93286301,nan,nan
jkt_a0.118,0.5,22.5,0.7968515095,-0.8770027419,-0.2992833668,-0.1837910029,11.38313689,nan,nan
jkt_a0.118,0.5,23.5,0.6252020855,-0.9168265838,-0.284346243,-0.1573718327,11.65938295,nan,nan
jkt_a0.118,0.5,24.5,0.4674375415,-0.9213075557,-0.2690161535,-0.1349767278,11.78192102,nan,nan
jkt_a0.118,0.5,25.5,0.3286237729,-0.8995344049,-0.2538096427,-0.1160523487,11.77539319,nan,nan
jkt_a0.118,0.5,26.5,0.2105564843,-0.8597572757,-0.2390626556,-0.1000782472,11.66526968,nan,nan
jkt_a0.118,0.5,27.5,0.1128515926,-0.8087917637,-0.2249794218,-0.08658894448,11.47549042,nan,nan
jkt_a0.118,0.5,28.5,0.03385345921,-0.7518913614,-0.211671524,-0.07518094212,11.22711586,nan,nan
jkt_a0.118,0.5,29.5,-0.02870073933,-0.69288268,-0.1991874109,-0.0655113734,10.93788868,nan,nan
jkt_a0.118,1,0.5,0.1385571818,0.3019227272,0.3103789678,-0.4631339307,0.3550367909,nan,nan
jkt_a0.118,1,1.5,0.1392213014,0.304155919,0.3089901775,-0.4664620677,0.3574163224,nan,nan
jkt_a0.118,1,2.5,0.1405948993,0.3087187789,0.3060738854,-0.4731434209,0.3623860452,nan,nan
jkt_a0.118,1,3.5,0.1427949043,0.3157955488,0.3013433182,-0.483217836,0.3703808811,nan,nan
jkt_a0.118,1,4.5,0.1460218147,0.3256974714,0.2943457085,-0.4967168136,0.3821650538,nan,nan
jkt_a0.118,1,5.5,0.1505643593,0.338876146,0.284438091,-0.5136224639,0.3989018213,nan,nan
jkt_a0.118,1,6.5,0.1569416554,0.3559428769,0.2707624698,-0.5338007025,0.4223969002,nan,nan
jkt_a0.118,1,7.5,0.1659751437,0.3777196822,0.2522324578,-0.5568990206,0.4554284557,nan,nan
jkt_a0.118,1,8.5,0.1790069632,0.4052635033,0.2275545028,-0.5822007365,0.5023356408,nan,nan
jkt_a0.118,1,9.5,0.1982715876,0.4397748573,0.1953223721,-0.6084380405,0.5698907082,nan,nan
jkt_a0.118,1,10.5,0.227418694,0.4823341811,0.1542383809,-0.6335940629,0.6687320109,nan,nan
jkt_a0.118,1,11.5,0.2722390751,0.5329718196,0.1035115362,-0.6547771459,0.8150527005,nan,nan
jkt_a0.118,1,12.5,0.3409152157,0.5889191932,0.04342764148,-0.6683189937,1.032355832,nan,nan
jkt_a0.118,1,13.5,0.4428702303,0.6416508253,-0.02405272059,-0.6702778149,1.351225142,nan,nan
jkt_a0.118,1,14.5,0.584501433,0.6745268194,-0.09500178581,-0.6574123578,1.805527741,nan,nan
jkt_a0.118,1,15.5,0.7622641492,0.6641225645,-0.1639367122,-0.6283712461,2.423626282,nan,nan
jkt_a0.118,1,16.5,0.9562183857,0.5877315333,-0.2250480305,-0.5844899832,3.21147525,nan,nan
jkt_a0.118,1,17.5,1.134918061,0.4369716128,-0.2737766498,-0.5296165629,4.160906429,nan,nan
jkt_a0.118,1,18.5,1.26274545,0.2214947426,-0.3079184139,-0.4689638377,5.222029783,nan,nan
jkt_a0.118,1,19.5,1.315214727,-0.03056531379,-0.3277415599,-0.4076330128,6.326226537,nan,nan
jkt_a0.118,1,20.5,1.286299724,-0.283844289,-0.3352793715,-0.3495448477,7.396334154,nan,nan
jkt_a0.118,1,21.5,1.187372657,-0.50754444,-0.3333551274,-0.2970750258,8.363234908,nan,nan
jkt_a0.118,1,22.5,1.039948318,-0.6825181651,-0.3247996968,-0.2512336619,9.176764253,nan,nan
jkt_a0.118,1,23.5,0.8676756937,-0.8022232604,-0.3120197748,-0.2120747194,9.811026399,nan,nan
jkt_a0.118,1,24.5,0.6907039045,-0.8697660576,-0.296858761,-0.1791018907,10.26238004,nan,nan
jkt_a0.118,1,25.5,0.5232520671,-0.893706965,-0.2806275322,-0.1515712079,10.54311218,nan,nan
jkt_a0.118,1,26.5,0.3736445096,-0.8844839661,-0.2642043078,-0.1286801028,10.67502984,nan,nan
jkt_a0.118,1,27.5,0.2455173727,-0.852111133,-0.2481451408,-0.1096688778,10.68392918,nan,nan
jkt_a0.118,1,28.5,0.1393085648,-0.8050380028,-0.2327794653,-0.09386556553,10.59562851,nan,nan
jkt_a0.118,1,29.5,0.05356386882,-0.7498142634,-0.2182837663,-0.08069846746,10.43371575,nan,nan
jkt_a0.118,1.5,0.5,0.1337375399,0.2358033453,0.3355649704,-0.3336493053,0.3281845028,nan,nan
jkt_a0.118,1.5,1.5,0.1341839848,0.237164383,0.3355697856,-0.3362480997,0.3290305782,nan,nan
jkt_a0.118,1.5,2.5,0.1350930016,0.2399350368,0.3355179672,-0.3415062839,0.3307998341,nan,nan
jkt_a0.118,1.5,3.5,0.136510926,0.2442028576,0.3352793715,-0.3495448477,0.3336415941,nan,nan
jkt_a0.118,1.5,4.5,0.1385129297,0.2501216031,0.3346399077,-0.3605439038,0.337829885,nan,nan
jkt_a0.118,1.5,5.5,0.1411926614,0.2579103461,0.333276792,-0.3747383149,0.3437469166,nan,nan
jkt_a0.118,1.5,6.5,0.1447261789,0.2678699973,0.3307222738,-0.3924063545,0.3519897215,nan,nan
jkt_a0.118,1.5,7.5,0.1493713189,0.2804120535,0.3263138116,-0.4138445816,0.3634326644,nan,nan
jkt_a0.118,1.5,8.5,0.1555203744,0.2961068633,0.3191302224,-0.4393174763,0.3794070176,nan,nan
jkt_a0.118,1.5,9.5,0.1638118973,0.3157074907,0.3079184139,-0.4689638377,0.4019356404,nan,nan
jkt_a0.118,1.5,10.5,0.1752695089,0.3402266238,0.2910277026,-0.5026345789,0.434203312,nan,nan
jkt_a0.118,1.5,11.5,0.1916591537,0.3709147542,0.266393998,-0.5396336414,0.4812957334,nan,nan
jkt_a0.118,1.5,12.5,0.2159467422,0.409212596,0.2316585605,-0.5783498996,0.5515537169,nan,nan
jkt_a0.118,1.5,13.5,0.2532155074,0.4561459167,0.1845561145,-0.615832099,0.6585543601,nan,nan
jkt_a0.118,1.5,14.5,0.3115811671,0.5107567042,0.1237132899,-0.6475040558,0.8237065,nan,nan
jkt_a0.118,1.5,15.5,0.4021257287,0.5667487113,0.04984215188,-0.6674187787,1.078085808,nan,nan
jkt_a0.118,1.5,16.5,0.5348500968,0.607250071,-0.03311542366,-0.6695029614,1.457316541,nan,nan
jkt_a0.118,1.5,17.5,0.7094092582,0.6071219097,-0.1178440881,-0.649768355,1.999280464,nan,nan
jkt_a0.118,1.5,18.5,0.906927836,0.5377791413,-0.1953223721,-0.6084380405,2.722494981,nan,nan
jkt_a0.118,1.5,19.5,1.089623531,0.3855874105,-0.2578155981,-0.5503695796,3.616798856,nan,nan
jkt_a0.118,1.5,20.5,1.215386388,0.1627728604,-0.3013433182,-0.483217836,4.636525927,nan,nan
jkt_a0.118,1.5,21.5,1.256664943,-0.09596075854,-0.3261254551,-0.4146256895,5.708133325,nan,nan
jkt_a0.118,1.5,22.5,1.21006457,-0.3488837391,-0.3352504234,-0.3502229043,6.747429712,nan,nan
jkt_a0.118,1.5,23.5,1.092776633,-0.5626821992,-0.3328717532,-0.2930977005,7.680204645,nan,nan
jkt_a0.118,1.5,24.5,0.9317251476,-0.7198644824,-0.3229133573,-0.2442769659,8.456023522,nan,nan
jkt_a0.118,1.5,25.5,0.7533264125,-0.8177929472,-0.3084902179,-0.2035048585,9.051705872,nan,nan
jkt_a0.118,1.5,26.5,0.5778149402,-0.8635248643,-0.2918234213,-0.169900222,9.467453735,nan,nan
jkt_a0.118,1.5,27.5,0.4178546679,-0.8684178374,-0.2743809752,-0.1423798369,9.719357776,nan,nan
jkt_a0.118,1.5,28.5,0.2796299941,-0.844311441,-0.2570737157,-0.1198840193,9.831765514,nan,nan
jkt_a0.118,1.5,29.5,0.1647744313,-0.801507083,-0.2404303579,-0.1014747988,9.83151182,nan,nan
jkt_a0.118,2,0.5,0.12770251,0.192358918,0.3216046733,-0.2397687249,0.3312847736,nan,nan
jkt_a0.118,2,1.5,0.1280493612,0.193270644,0.3221327765,-0.2415597551,0.3315443389,nan,nan
jkt_a0.118,2,2.5,0.128750472,0.1951218643,0.3231703604,-0.2451909457,0.3320976901,nan,nan
jkt_a0.118,2,3.5,0.1298305985,0.1979580569,0.3246769945,-0.2507625135,0.333002848,nan,nan
jkt_a0.118,2,4.5,0.1313278564,0.201864101,0.3265835708,-0.2584296149,0.334382035,nan,nan
jkt_a0.118,2,5.5,0.1332833371,0.2069571663,0.32878067,-0.2684078964,0.3363821222,nan,nan
jkt_a0.118,2,6.5,0.1357785131,0.213396171,0.3311003525,-0.2809802069,0.3392440322,nan,nan
jkt_a0.118,2,7.5,0.1389263244,0.2213945026,0.3332885963,-0.2965031975,0.3433046067,nan,nan
jkt_a0.118,2,8.5,0.1428797519,0.2312476957,0.3349643818,-0.3154110272,0.3490565317,nan,nan
jkt_a0.118,2,9.5,0.1478798333,0.2433433422,0.3355600851,-0.3382104521,0.3572207658,nan,nan
jkt_a0.118,2,10.5,0.1542730315,0.2582129861,0.3342370248,-0.3654561098,0.3688717384,nan,nan
jkt_a0.118,2,11.5,0.1626441605,0.276557495,0.3297715806,-0.3976852413,0.3856728107,nan,nan
jkt_a0.118,2,12.5,0.1738905629,0.299341673,0.320415915,-0.4352759442,0.410237727,nan,nan
jkt_a0.118,2,13.5,0.1895622316,0.3278165703,0.3037628298,-0.4781737077,0.4468299622,nan,nan
jkt_a0.118,2,14.5,0.2123360737,0.3635184393,0.2767031862,-0.5254201128,0.5025998565,nan,nan
jkt_a0.118,2,15.5,0.2469451103,0.4079509143,0.2356707295,-0.5744571531,0.5898345834,nan,nan
jkt_a0.118,2,16.5,0.3018970283,0.4606902278,0.1774897435,-0.6203597448,0.7286613667,nan,nan
jkt_a0.118,2,17.5,0.3886098686,0.5166368203,0.1010908634,-0.6555519967,0.949913267,nan,nan
jkt_a0.118,2,18.5,0.5197681444,0.5591408671,0.009761593611,-0.6709989294,1.294142416,nan,nan
jkt_a0.118,2,19.5,0.6969752019,0.558342922,-0.08762773,-0.6594978091,1.80183565,nan,nan
jkt_a0.118,2,20.5,0.8980998504,0.4813954747,-0.1785093009,-0.6197217846,2.496449545,nan,nan
jkt_a0.118,2,21.5,1.077876374,0.3142130025,-0.2515181592,-0.5577104162,3.367725264,nan,nan
jkt_a0.118,2,22.5,1.188403383,0.07566883111,-0.3009293783,-0.4840596932,4.364879593,nan,nan
jkt_a0.118,2,23.5,1.203565216,-0.1901774349,-0.327397668,-0.4091796213,5.406568531,nan,nan
jkt_a0.118,2,24.5,1.127670213,-0.4362506534,-0.3355387519,-0.3401841655,6.403333211,nan,nan
jkt_a0.118,2,25.5,0.9863392846,-0.630461442,-0.3310113379,-0.2804430323,7.280682769,nan,nan
jkt_a0.118,2,26.5,0.8114433905,-0.7607275719,-0.3187392944,-0.2306285696,7.992716415,nan,nan
jkt_a0.118,2,27.5,0.6301432547,-0.8304227654,-0.3023349025,-0.1899643335,8.523478493,nan,nan
jkt_a0.118,2,28.5,0.4606153085,-0.8509989031,-0.2841841579,-0.1571134593,8.880109597,nan,nan
jkt_a0.118,2,29.5,0.3124431665,-0.8360440578,-0.2657475886,-0.1306662011,9.083601455,nan,nan
jkt_a0.118,2.5,0.5,0.1213177364,0.1615664628,0.2952370707,-0.1760630647,0.3454691394,nan,nan
jkt_a0.118,2.5,1.5,0.1216028121,0.1622180123,0.2958861551,-0.1772703642,0.3454715745,nan,nan
jkt_a0.118,2.5,2.5,0.1221767854,0.1635387139,0.2971826538,-0.1797179417,0.3454935852,nan,nan
jkt_a0.118,2.5,3.5,0.1230557587,0.1655536731,0.2991220907,-0.1834734118,0.3455574279,nan,nan
jkt_a0.118,2.5,4.5,0.1242630436,0.1683150021,0.3016947002,-0.1886424326,0.3457289674,nan,nan
jkt_a0.118,2.5,5.5,0.1258201529,0.171891854,0.3048811271,-0.1953740413,0.3460669842,nan,nan
jkt_a0.118,2.5,6.5,0.1277742027,0.1763757477,0.3086454952,-0.2038681596,0.3466830256,nan,nan
jkt_a0.118,2.5,7.5,0.1301882321,0.1818892056,0.3129245069,-0.2143855153,0.3477318029,nan,nan
jkt_a0.118,2.5,8.5,0.133137929,0.1885981513,0.3176104559,-0.2272600894,0.3494212586,nan,nan
jkt_a0.118,2.5,9.5,0.1367419684,0.1967168394,0.322524837,-0.2429137392,0.352058565,nan,nan
jkt_a0.118,2.5,10.5,0.141152391,0.2065325412,0.3273774588,-0.2618714897,0.3560667689,nan,nan
jkt_a0.118,2.5,11.5,0.146623839,0.2184230352,0.3317034744,-0.2847733709,0.3621078988,nan,nan
jkt_a0.118,2.5,12.5,0.1534974037,0.2329046461,0.3347677151,-0.3123731183,0.3711298239,nan,nan
jkt_a0.118,2.5,13.5,0.1623363368,0.2506701136,0.3354234443,-0.3455029021,0.3846306397,nan,nan
jkt_a0.118,2.5,14.5,0.1740367286,0.2726625997,0.3319156205,-0.3849623825,0.4049854859,nan,nan
jkt_a0.118,2.5,15.5,0.1900890659,0.3001661161,0.321639282,-0.431255957,0.4361400388,nan,nan
jkt_a0.118,2.5,16.5,0.2134255801,0.334746058,0.3009293783,-0.4840596932,0.4851303499,nan,nan
jkt_a0.118,2.5,17.5,0.2485244574,0.3779918541,0.2651137911,-0.5412941144,0.5633110373,nan,nan
jkt_a0.118,2.5,18.5,0.3042173736,0.4300143235,0.2093197327,-0.5978542659,0.6914999382,nan,nan
jkt_a0.118,2.5,19.5,0.3938777665,0.4850844234,0.1306713857,-0.6446538391,0.9024462247,nan,nan
jkt_a0.118,2.5,20.5,0.5314650611,0.5242310797,0.03182275162,-0.6696286274,1.239996674,nan,nan
jkt_a0.118,2.5,21.5,0.7171147086,0.5123807905,-0.07644017107,-0.6623187528,1.747517323,nan,nan
jkt_a0.118,2.5,22.5,0.9209034345,0.4133580995,-0.1774897435,-0.6203597448,2.447294192,nan,nan
jkt_a0.118,2.5,23.5,1.087614087,0.2185987883,-0.2564416457,-0.5520080418,3.321922348,nan,nan
jkt_a0.118,2.5,24.5,1.167114736,-0.03988615329,-0.3068204938,-0.4714701562,4.309889108,nan,nan
jkt_a0.118,2.5,25.5,1.141938152,-0.3073692363,-0.3308502191,-0.3916567668,5.320380184,nan,nan
jkt_a0.118,2.5,26.5,1.029200373,-0.5355518906,-0.33522451,-0.3203366894,6.261047289,nan,nan
jkt_a0.118,2.5,27.5,0.8635427397,-0.6989768085,-0.3270403751,-0.2603897992,7.062754464,nan,nan
jkt_a0.118,2.5,28.5,0.6793112323,-0.7944216189,-0.311868288,-0.2116926625,7.690056303,nan,nan
jkt_a0.118,2.5,29.5,0.5013346137,-0.8321308534,-0.2934499253,-0.1727986002,8.137967811,nan,nan
jkt_a0.118,3,0.5,0.1150665905,0.1386027183,0.2674551323,-0.1329000664,0.3638225442,nan,nan
jkt_a0.118,3,1.5,0.1153074303,0.1390903339,0.2680785643,-0.1337254214,0.3637039761,nan,nan
jkt_a0.118,3,2.5,0.1157910397,0.1400776062,0.2693293237,-0.1353974057,0.3634756345,nan,nan
jkt_a0.118,3,3.5,0.116529611,0.1415787199,0.2712148753,-0.1379596614,0.3631444793,nan,nan
jkt_a0.118,3,4.5,0.1175387658,0.1436288489,0.2737455232,-0.1414804682,0.3627530084,nan,nan
jkt_a0.118,3,5.5,0.1188305927,0.1462712768,0.2769330998,-0.1460563583,0.3623179086,nan,nan
jkt_a0.118,3,6.5,0.1204371057,0.1495631173,0.2807887632,-0.1518173455,0.3618993028,nan,nan
jkt_a0.118,3,7.5,0.1223984481,0.1535810775,0.285319383,-0.1589341488,0.3615780899,nan,nan
jkt_a0.118,3,8.5,0.1247590275,0.1584256743,0.2905216639,-0.1676279111,0.361447138,nan,nan
jkt_a0.118,3,9.5,0.1275886477,0.1642258497,0.2963726232,-0.1781830229,0.3616562236,nan,nan
jkt_a0.118,3,10.5,0.1309690093,0.1711492937,0.3028141655,-0.1909636879,0.3623882337,nan,nan
jkt_a0.118,3,11.5,0.1350369523,0.1794155052,0.309728082,-0.2064346676,0.3639558453,nan,nan
jkt_a0.118,3,12.5,0.1399547353,0.1893142496,0.3168955198,-0.2251858253,0.3667484279,nan,nan
jkt_a0.118,3,13.5,0.1459813886,0.2012312107,0.3239314243,-0.2479578418,0.3713889532,nan,nan
jkt_a0.118,3,14.5,0.1534950781,0.2156861052,0.3301793347,-0.2756609785,0.3788023996,nan,nan
jkt_a0.118,3,15.5,0.1630688128,0.233391207,0.3345457874,-0.3093663412,0.3904229219,nan,nan
jkt_a0.118,3,16.5,0.1758066026,0.2553489095,0.3352504234,-0.3502229043,0.408897958,nan,nan
jkt_a0.118,3,17.5,0.193142365,0.2828023974,0.3294819644,-0.3992036004,0.4377439027,nan,nan
jkt_a0.118,3,18.5,0.2181127154,0.3174602097,0.3130210083,-0.4565059424,0.4842164144,nan,nan
jkt_a0.118,3,19.5,0.2561193156,0.3609741436,0.280100448,-0.520371117,0.5609269045,nan,nan
jkt_a0.118,3,20.5,0.3169912186,0.4131489056,0.2242052113,-0.5852493905,0.6903918711,nan,nan
jkt_a0.118,3,21.5,0.4160423365,0.4663529563,0.1409261204,-0.6401149966,0.9091471041,nan,nan
jkt_a0.118,3,22.5,0.5677308737,0.496155949,0.03311542366,-0.6695029614,1.265190394,nan,nan
jkt_a0.118,3,23.5,0.7657550118,0.4604229716,-0.08515426124,-0.6601568096,1.801952746,nan,nan
jkt_a0.118,3,24.5,0.966093769,0.3240140414,-0.1924276484,-0.610487076,2.53420628,nan,nan
jkt_a0.118,3,25.5,1.103729121,0.09325292864,-0.2713723531,-0.5329649635,3.430060336,nan,nan
jkt_a0.118,3,26.5,1.134583094,-0.181316733,-0.3169403003,-0.4458264731,4.412098439,nan,nan
jkt_a0.118,3,27.5,1.058597567,-0.4375652323,-0.3344191994,-0.3633434649,5.380631493,nan,nan
jkt_a0.118,3,28.5,0.9083111529,-0.6334994795,-0.332799388,-0.2925343503,6.246318089,nan,nan
jkt_a0.118,3,29.5,0.7244645774,-0.7558782625,-0.3201223814,-0.2349265374,6.952553411,nan,nan
jkt_a0.118,3.5,0.5,0.1091604015,0.1208392713,0.2419473156,-0.1030429732,0.3834516965,nan,nan
jkt_a0.118,3.5,1.5,0.1093673349,0.1212169638,0.2425021742,-0.1036216916,0.3832749798,nan,nan
jkt_a0.118,3.5,2.5,0.1097819041,0.1219810383,0.2436170608,-0.1047929408,0.3829250859,nan,nan
jkt_a0.118,3.5,3.5,0.1104147168,0.1231396136,0.2453022791,-0.106585029,0.3824046755,nan,nan
jkt_a0.118,3.5,4.5,0.1112761451,0.1247182046,0.2475731692,-0.10904218,0.3817435275,nan,nan
jkt_a0.118,3.5,5.5,0.1123736492,0.1267445445,0.250449887,-0.1122268011,0.3809348951,nan,nan
jkt_a0.118,3.5,6.5,0.1137309276,0.1292572828,0.2539569514,-0.1162227845,0.3800187036,nan,nan
jkt_a0.118,3.5,7.5,0.1153755817,0.1323073544,0.2581223746,-0.1211401083,0.3790402233,nan,nan
jkt_a0.118,3.5,8.5,0.1173369142,0.1359596475,0.2629760662,-0.1271211263,0.3780405148,nan,nan
jkt_a0.118,3.5,9.5,0.1196608084,0.1402972918,0.2685469962,-0.1343490717,0.3771000253,nan,nan
jkt_a0.118,3.5,10.5,0.1223977669,0.1454253188,0.2748582621,-0.1430594937,0.3763001413,nan,nan
jkt_a0.118,3.5,11.5,0.1256322632,0.1514809431,0.2819186195,-0.1535555469,0.3758093685,nan,nan
jkt_a0.118,3.5,12.5,0.1294557061,0.1586387028,0.2897080516,-0.166228257,0.3757981812,nan,nan
jkt_a0.118,3.5,13.5,0.1340105411,0.1671282394,0.2981532712,-0.1815829149,0.376561328,nan,nan
jkt_a0.118,3.5,14.5,0.1394908759,0.1772515815,0.3070861994,-0.2002722571,0.378509656,nan,nan
jkt_a0.118,3.5,15.5,0.1461692322,0.1894116733,0.3161737398,-0.2231351264,0.3822388645,nan,nan
jkt_a0.118,3.5,16.5,0.1545549756,0.2041967668,0.3247996968,-0.2512336619,0.3889586441,nan,nan
jkt_a0.118,3.5,17.5,0.1652009796,0.2222936511,0.3318692238,-0.2858677688,0.3998061365,nan,nan
jkt_a0.118,3.5,18.5,0.1792757229,0.2447767606,0.3354962332,-0.328512304,0.4175265733,nan,nan
jkt_a0.118,3.5,19.5,0.198680428,0.2730495116,0.3325420196,-0.3805520816,0.4464687781,nan,nan
jkt_a0.118,3.5,20.5,0.2268646311,0.3088845098,0.3180559387,-0.4425656103,0.4944962392,nan,nan
jkt_a0.118,3.5,21.5,0.2703359705,0.353875698,0.2849650255,-0.5127779032,0.5762362663,nan,nan
jkt_a0.118,3.5,22.5,0.3410889971,0.4067181189,0.2250480305,-0.5844899832,0.7182747302,nan,nan
jkt_a0.118,3.5,23.5,0.4568976604,0.4552794494,0.1329694807,-0.6436721696,0.9630553477,nan,nan
jkt_a0.118,3.5,24.5,0.6296487787,0.4657603925,0.01366345558,-0.6708626561,1.362352756,nan,nan
jkt_a0.118,3.5,25.5,0.8384665237,0.3894469649,-0.113104215,-0.6515055529,1.9546965,nan,nan
jkt_a0.118,3.5,26.5,1.020030558,0.2021902691,-0.2207973546,-0.5882680527,2.738889909,nan,nan
jkt_a0.118,3.5,27.5,1.10669381,-0.06370844237,-0.292469176,-0.5000980398,3.661195382,nan,nan
jkt_a0.118,3.5,28.5,1.073704026,-0.3395636432,-0.3275706895,-0.4084057879,4.626609914,nan,nan
jkt_a0.118,3.5,29.5,0.9447720093,-0.5657201047,-0.3354507292,-0.3266067402,5.532107955,nan,nan
jkt_a0.118,4,0.5,0.1036733293,0.1067120331,0.2195977606,-0.08182972857,0.4030573026,nan,nan
jkt_a0.118,4,1.5,0.1038533574,0.1070124525,0.2200786687,-0.08224672481,0.4028537973,nan,nan
jkt_a0.118,4,2.5,0.1042131729,0.1076196427,0.2210454553,-0.08308988262,0.4024453346,nan,nan
jkt_a0.118,4,3.5,0.1047629093,0.1085388217,0.2225081184,-0.08437795908,0.4018390043,nan,nan
jkt_a0.118,4,4.5,0.1055088892,0.1097889269,0.2244817918,-0.08614018829,0.4010525702,nan,nan
jkt_a0.118,4,5.5,0.1064565586,0.1113881071,0.2269868847,-0.08841769438,0.4000676679,nan,nan
jkt_a0.118,4,6.5,0.1076239225,0.1133642445,0.2300492199,-0.09126554431,0.3989150299,nan,nan
jkt_a0.118,4,7.5,0.1090311293,0.1157526447,0.2337001129,-0.09475560851,0.397621089,nan,nan
jkt_a0.118,4,8.5,0.1106990552,0.1185974235,0.2379762868,-0.09898047189,0.3962018719,nan,nan
jkt_a0.118,4,9.5,0.1126601214,0.1219551072,0.2429194495,-0.1040587395,0.3947037354,nan,nan
jkt_a0.118,4,10.5,0.1149485792,0.1258953689,0.2485752295,-0.1101422207,0.3931607805,nan,nan
jkt_a0.118,4,11.5,0.1176215638,0.1305092027,0.2549909522,-0.1174256682,0.3916737479,nan,nan
jkt_a0.118,4,12.5,0.1207369868,0.1359085658,0.2622113594,-0.1261600039,0.3903166633,nan,nan
jkt_a0.118,4,13.5,0.1243835578,0.1422393003,0.2702707172,-0.1366702948,0.3892425868,nan,nan
jkt_a0.118,4,14.5,0.1286760514,0.1496887466,0.2791785978,-0.1493801083,0.3886509977,nan,nan
jkt_a0.118,4,15.5,0.1337675369,0.1584998056,0.2888945643,-0.1648441657,0.38881421,nan,nan
jkt_a0.118,4,16.5,0.1399331089,0.1690331878,0.2992833668,-0.1837910029,0.3903820331,nan,nan
jkt_a0.118,4,17.5,0.1474298479,0.1816725494,0.3100359353,-0.2071755361,0.3936917924,nan,nan
jkt_a0.118,4,18.5,0.1568055927,0.1970501403,0.32053086,-0.2362351388,0.3999868966,nan,nan
jkt_a0.118,4,19.5,0.168864247,0.2159931328,0.3295949258,-0.272525049,0.4109734858,nan,nan
jkt_a0.118,4,20.5,0.1849427118,0.239648891,0.3351029923,-0.3178638393,0.4295447471,nan,nan
jkt_a0.118,4,21.5,0.2073855391,0.2695734967,0.3333607721,-0.374017002,0.4608377712,nan,nan
jkt_a0.118,4,22.5,0.2405910383,0.3076478279,0.3183283611,-0.4417523642,0.5144772427,nan,nan
jkt_a0.118,4,23.5,0.2930392332,0.355049995,0.281205322,-0.5186854802,0.608807117,nan,nan
jkt_a0.118,4,24.5,0.3800227831,0.4077177828,0.2120227307,-0.5956741066,0.7770526584,nan,nan
jkt_a0.118,4,25.5,0.5210716908,0.4447423506,0.1059233865,-0.6539849424,1.069251045,nan,nan
jkt_a0.118,4,26.5,0.7181407807,0.4191979927,-0.02664520509,-0.6700814162,1.537522383,nan,nan
jkt_a0.118,4,27.5,0.9249756806,0.2831958648,-0.1574990637,-0.6318837924,2.206595705,nan,nan
jkt_a0.118,4,28.5,1.061430538,0.04045865323,-0.2571304375,-0.5511892962,3.049995401,nan,nan
jkt_a0.118,4,29.5,1.074764862,-0.244865299,-0.3139660072,-0.4540309548,3.987540896,nan,nan
jkt_a0.120,-6,0.5,-0.6415211376,-0.4249586514,-0.15695205,-0.03896704063,22.64188995,nan,nan
jkt_a0.120,-6,1.5,-0.6400218311,-0.4230226789,-0.1566852392,-0.03882600732,22.58739685,nan,nan
jkt_a0.120,-6,2.5,-0.637040552,-0.4191896712,-0.1561541305,-0.03854618167,22.47941363,nan,nan
jkt_a0.120,-6,3.5,-0.6326002128,-0.4135267471,-0.1553636967,-0.03813196867,22.31904765,nan,nan
jkt_a0.120,-6,4.5,-0.6267434253,-0.4061386257,-0.1543212666,-0.03758978776,22.10856584,nan,nan
jkt_a0.120,-6,5.5,-0.6195258756,-0.3971560632,-0.1530363732,-0.0369278595,21.85077695,nan,nan
jkt_a0.120,-6,6.5,-0.611012787,-0.3867334639,-0.1515205585,-0.03615594016,21.54888241,nan,nan
jkt_a0.120,-6,7.5,-0.601279551,-0.3750410881,-0.1497871425,-0.03528501872,21.20637801,nan,nan
jkt_a0.120,-6,8.5,-0.5904169795,-0.3622663514,-0.1478509627,-0.03432699181,20.82749899,nan,nan
jkt_a0.120,-6,9.5,-0.5785200286,-0.3485989397,-0.1457280922,-0.03329433221,20.41632478,nan,nan
jkt_a0.120,-6,10.5,-0.5656978605,-0.3342358523,-0.1434355466,-0.0321997656,19.97760613,nan,nan
jkt_a0.120,-6,11.5,-0.5520533889,-0.3193597301,-0.1409909875,-0.03105596824,19.51518084,nan,nan
jkt_a0.120,-6,12.5,-0.5377071003,-0.304157259,-0.1384124304,-0.02987529594,19.03393497,nan,nan
jkt_a0.120,-6,13.5,-0.5227719888,-0.2887953081,-0.1357179674,-0.02866955169,18.53788983,nan,nan
jkt_a0.120,-6,14.5,-0.5073640479,-0.2734290075,-0.1329255085,-0.02744979638,18.03112581,nan,nan
jkt_a0.120,-6,15.5,-0.4915969613,-0.2581966851,-0.1300525494,-0.02622620432,17.5174537,nan,nan
jkt_a0.120,-6,16.5,-0.475584988,-0.2432270857,-0.1271159683,-0.02500796271,17.00087864,nan,nan
jkt_a0.120,-6,17.5,-0.4594235603,-0.2286070139,-0.1241318549,-0.02380321238,16.48363439,nan,nan
jkt_a0.120,-6,18.5,-0.4432153604,-0.2144307718,-0.1211153732,-0.02261902535,15.96914136,nan,nan
jkt_a0.120,-6,19.5,-0.4270486124,-0.2007644368,-0.1180806566,-0.02146141432,15.45977078,nan,nan
jkt_a0.120,-6,20.5,-0.4110064158,-0.1876608363,-0.1150407353,-0.02033536796,14.95782456,nan,nan
jkt_a0.120,-6,21.5,-0.3951641274,-0.1751587694,-0.1120074923,-0.01924490672,14.46536346,nan,nan
jkt_a0.120,-6,22.5,-0.379582834,-0.1632804238,-0.108991647,-0.01819315321,13.98372222,nan,nan
jkt_a0.120,-6,23.5,-0.364317049,-0.152038225,-0.1060027603,-0.01718241252,13.51413112,nan,nan
jkt_a0.120,-6,24.5,-0.3494147039,-0.1414360632,-0.1030492603,-0.0162142578,13.0577204,nan,nan
jkt_a0.120,-6,25.5,-0.3349137386,-0.131468506,-0.1001384838,-0.01528961763,12.61524411,nan,nan
jkt_a0.120,-6,26.5,-0.3208442373,-0.1221233705,-0.09727672897,-0.01440886219,12.18723308,nan,nan
jkt_a0.120,-6,27.5,-0.3072294001,-0.1133832812,-0.09446931864,-0.01357188589,11.77404921,nan,nan
jkt_a0.120,-6,28.5,-0.2940859226,-0.1052267409,-0.0917206687,-0.01277818499,11.37588816,nan,nan
jkt_a0.120,-6,29.5,-0.2814250071,-0.09762938078,-0.08903436056,-0.01202692892,10.99282963,nan,nan
jkt_a0.120,-5.5,0.5,-0.7221202854,-0.5782747209,-0.1693481936,-0.04586591423,27.80344547,nan,nan
jkt_a0.120,-5.5,1.5,-0.7204455357,-0.575452235,-0.1690414722,-0.04568683649,27.72743298,nan,nan
jkt_a0.120,-5.5,2.5,-0.7171122269,-0.5698670019,-0.1684310498,-0.04533173763,27.5768722,nan,nan
jkt_a0.120,-5.5,3.5,-0.7121395141,-0.5616233846,-0.1675229031,-0.04480661867,27.35353998,nan,nan
jkt_a0.120,-5.5,4.5,-0.7055664193,-0.5508827492,-0.1663258391,-0.0441202074,27.06085886,nan,nan
jkt_a0.120,-5.5,5.5,-0.697445425,-0.5378459696,-0.1648513103,-0.04328364883,26.70305205,nan,nan
jkt_a0.120,-5.5,6.5,-0.6878387048,-0.5227502195,-0.1631131772,-0.04231012195,26.28498486,nan,nan
jkt_a0.120,-5.5,7.5,-0.6768203667,-0.505856105,-0.1611274253,-0.04121440479,25.81195955,nan,nan
jkt_a0.120,-5.5,8.5,-0.6644833211,-0.4874485819,-0.1589118444,-0.04001241137,25.29027443,nan,nan
jkt_a0.120,-5.5,9.5,-0.6509270942,-0.4678150602,-0.1564856818,-0.03872072396,24.72603429,nan,nan
jkt_a0.120,-5.5,10.5,-0.6362699993,-0.4472514315,-0.1538692792,-0.03735614231,24.12618764,nan,nan
jkt_a0.120,-5.5,11.5,-0.6206258665,-0.4260311116,-0.1510837056,-0.03593526809,23.49646229,nan,nan
jkt_a0.120,-5.5,12.5,-0.6041316231,-0.4044299549,-0.148150396,-0.03447413909,22.84386339,nan,nan
jkt_a0.120,-5.5,13.5,-0.5869182229,-0.3826927615,-0.1450908076,-0.0329879228,22.17420181,nan,nan
jkt_a0.120,-5.5,14.5,-0.5691224499,-0.3610442798,-0.1419261018,-0.03149067464,21.49326671,nan,nan
jkt_a0.120,-5.5,15.5,-0.5508803449,-0.3396821967,-0.1386768594,-0.02999516177,20.80639528,nan,nan
jkt_a0.120,-5.5,16.5,-0.5323300282,-0.3187881988,-0.1353628343,-0.02851274998,20.11913094,nan,nan
jkt_a0.120,-5.5,17.5,-0.5135889431,-0.2984801995,-0.1320027497,-0.02705334827,19.43446713,nan,nan
jkt_a0.120,-5.5,18.5,-0.4947830427,-0.2788864611,-0.128614137,-0.02562540373,18.75701168,nan,nan
jkt_a0.120,-5.5,19.5,-0.4760216851,-0.260092811,-0.1252132173,-0.02423593845,18.08986783,nan,nan
jkt_a0.120,-5.5,20.5,-0.4574079067,-0.2421649747,-0.1218148241,-0.02289061944,17.43596954,nan,nan
jkt_a0.120,-5.5,21.5,-0.439035111,-0.2251479582,-0.1184323625,-0.02159385328,16.79786876,nan,nan
jkt_a0.120,-5.5,22.5,-0.4209793628,-0.2090631931,-0.1150778013,-0.02034889716,16.17715451,nan,nan
jkt_a0.120,-5.5,23.5,-0.4033081579,-0.1939181633,-0.1117616942,-0.01915797965,15.57523155,nan,nan
jkt_a0.120,-5.5,24.5,-0.3860803521,-0.179708431,-0.1084932234,-0.01802242514,14.99333215,nan,nan
jkt_a0.120,-5.5,25.5,-0.369342264,-0.1664169969,-0.1052802624,-0.01694277712,14.43219151,nan,nan
jkt_a0.120,-5.5,26.5,-0.3531301975,-0.154018018,-0.1021294517,-0.01591891687,13.89224571,nan,nan
jkt_a0.120,-5.5,27.5,-0.3374716483,-0.1424791012,-0.09904628514,-0.01495017475,13.37370572,nan,nan
jkt_a0.120,-5.5,28.5,-0.3223858533,-0.1317629031,-0.09603520147,-0.01403543239,12.87656878,nan,nan
jkt_a0.120,-5.5,29.5,-0.3078850691,-0.1218288985,-0.09309967909,-0.01317321492,12.40068506,nan,nan
jkt_a0.120,-5,0.5,-0.7967401492,-0.8092080878,-0.1836433701,-0.05470991216,35.1220225,nan,nan
jkt_a0.120,-5,1.5,-0.7950679522,-0.8049899557,-0.1832886967,-0.05447832498,35.01229889,nan,nan
jkt_a0.120,-5,2.5,-0.7917301021,-0.7966470765,-0.1825829739,-0.05401941255,34.79508122,nan,nan
jkt_a0.120,-5,3.5,-0.7867256677,-0.7843444264,-0.1815333754,-0.05334153111,34.47330458,nan,nan
jkt_a0.120,-5,4.5,-0.7800669937,-0.7683352409,-0.180150476,-0.05245680679,34.05233771,nan,nan
jkt_a0.120,-5,5.5,-0.7717760558,-0.7489340051,-0.1784480349,-0.05138067573,33.53878102,nan,nan
jkt_a0.120,-5,6.5,-0.7618808935,-0.7265120759,-0.1764427118,-0.05013131752,32.94029954,nan,nan
jkt_a0.120,-5,7.5,-0.7504225982,-0.7014763606,-0.1741537275,-0.04872901637,32.26522565,nan,nan
jkt_a0.120,-5,8.5,-0.7374652379,-0.6742693167,-0.1716024747,-0.04719548669,31.52327259,nan,nan
jkt_a0.120,-5,9.5,-0.7230846569,-0.6453359155,-0.1688120931,-0.04555319889,30.72389498,nan,nan
jkt_a0.120,-5,10.5,-0.7073837925,-0.6151307551,-0.165807021,-0.04382473808,29.87761694,nan,nan
jkt_a0.120,-5,11.5,-0.6904677533,-0.5840726115,-0.1626125384,-0.04203222265,28.99325467,nan,nan
jkt_a0.120,-5,12.5,-0.6724751616,-0.5525789587,-0.1592543159,-0.04019680294,28.08118499,nan,nan
jkt_a0.120,-5,13.5,-0.6535454144,-0.5210176623,-0.1557579838,-0.03833825302,27.15005582,nan,nan
jkt_a0.120,-5,14.5,-0.633831316,-0.4897223291,-0.1521487344,-0.03647466102,26.20831606,nan,nan
jkt_a0.120,-5,15.5,-0.6134907288,-0.4589823516,-0.1484509668,-0.03462221733,25.26363765,nan,nan
jkt_a0.120,-5,16.5,-0.5926879753,-0.4290601854,-0.1446879828,-0.0327950946,24.3238756,nan,nan
jkt_a0.120,-5,17.5,-0.5715695369,-0.4001192404,-0.140881738,-0.03100540927,23.39310652,nan,nan
jkt_a0.120,-5,18.5,-0.5502913575,-0.3723374654,-0.1370526498,-0.02926325246,22.47764813,nan,nan
jkt_a0.120,-5,19.5,-0.528992791,-0.3458276009,-0.1332194615,-0.02757677622,21.58159634,nan,nan
jkt_a0.120,-5,20.5,-0.5078062164,-0.3206713016,-0.1293991597,-0.02595232165,20.70870154,nan,nan
jkt_a0.120,-5,21.5,-0.4868525682,-0.2969189875,-0.1256069393,-0.02439457581,19.8621039,nan,nan
jkt_a0.120,-5,22.5,-0.4662319709,-0.2745868671,-0.1218562101,-0.02290674587,19.04363011,nan,nan
jkt_a0.120,-5,23.5,-0.4460333858,-0.2536708667,-0.1181586394,-0.02149074086,18.25479589,nan,nan
jkt_a0.120,-5,24.5,-0.4263343031,-0.2341500043,-0.1145242224,-0.02014735288,17.49683317,nan,nan
jkt_a0.120,-5,25.5,-0.4071961994,-0.2159861277,-0.1109613741,-0.01887643188,16.7703061,nan,nan
jkt_a0.120,-5,26.5,-0.3886674364,-0.1991294219,-0.1074770374,-0.01767704957,16.07537525,nan,nan
jkt_a0.120,-5,27.5,-0.3707847248,-0.1835218506,-0.1040768002,-0.01654764953,15.41190224,nan,nan
jkt_a0.120,-5,28.5,-0.3535738929,-0.1690995767,-0.1007650183,-0.015486182,14.77947601,nan,nan
jkt_a0.120,-5,29.5,-0.3370515118,-0.1557955084,-0.09754493894,-0.01449022268,14.17750354,nan,nan
jkt_a0.120,-4.5,0.5,-0.8268868551,-1.15994422,-0.2002145394,-0.06627197666,45.62300273,nan,nan
jkt_a0.120,-4.5,1.5,-0.8257903267,-1.15354974,-0.1998026125,-0.06596621125,45.45939315,nan,nan
jkt_a0.120,-4.5,2.5,-0.8235704881,-1.140906421,-0.198983058,-0.06536076822,45.13570504,nan,nan
jkt_a0.120,-4.5,3.5,-0.8201614122,-1.122273652,-0.1977643951,-0.06446756639,44.65691616,nan,nan
jkt_a0.120,-4.5,4.5,-0.8154846107,-1.098047986,-0.1961592038,-0.06330385975,44.0317472,nan,nan
jkt_a0.120,-4.5,5.5,-0.8094552553,-1.068721615,-0.1941838869,-0.06189153697,43.27088717,nan,nan
jkt_a0.120,-4.5,6.5,-0.8019801044,-1.034876584,-0.1918583529,-0.06025626273,42.38681451,nan,nan
jkt_a0.120,-4.5,7.5,-0.7929775074,-0.9971503274,-0.1892056267,-0.05842651621,41.39305387,nan,nan
jkt_a0.120,-4.5,8.5,-0.7823938499,-0.9562341937,-0.186251393,-0.05643258487,40.30509536,nan,nan
jkt_a0.120,-4.5,9.5,-0.7701990494,-0.9128229973,-0.1830234857,-0.05430556998,39.13804932,nan,nan
jkt_a0.120,-4.5,10.5,-0.75640717,-0.8676233547,-0.1795513389,-0.05207645414,37.90837817,nan,nan
jkt_a0.120,-4.5,11.5,-0.7410541981,-0.8212855019,-0.1758654167,-0.04977527144,36.63003807,nan,nan
jkt_a0.120,-4.5,12.5,-0.7242317667,-0.7744519809,-0.1719966445,-0.04743040925,35.31886895,nan,nan
jkt_a0.120,-4.5,13.5,-0.7060532134,-0.7276861771,-0.167975859,-0.04506805848,33.98808685,nan,nan
jkt_a0.120,-4.5,14.5,-0.6866652014,-0.6814939349,-0.1638332994,-0.04271181754,32.65033597,nan,nan
jkt_a0.120,-4.5,15.5,-0.6662366484,-0.6363088573,-0.1595981519,-0.04038244477,31.31689415,nan,nan
jkt_a0.120,-4.5,16.5,-0.6449548571,-0.5925193693,-0.1552981621,-0.03809774661,29.99911013,nan,nan
jkt_a0.120,-4.5,17.5,-0.623006282,-0.5503580468,-0.1509593218,-0.03587258297,28.70258614,nan,nan
jkt_a0.120,-4.5,18.5,-0.6005863822,-0.5100779647,-0.1466056315,-0.03371896823,27.43608456,nan,nan
jkt_a0.120,-4.5,19.5,-0.5778810639,-0.4718303471,-0.1422589405,-0.0316462456,26.20500097,nan,nan
jkt_a0.120,-4.5,20.5,-0.5550707324,-0.4357174929,-0.1379388558,-0.02966131291,25.01407631,nan,nan
jkt_a0.120,-4.5,21.5,-0.5323236322,-0.4017936476,-0.1336627166,-0.02776888049,23.86706988,nan,nan
jkt_a0.120,-4.5,22.5,-0.5097838813,-0.3700622478,-0.1294456225,-0.02597174401,22.76590484,nan,nan
jkt_a0.120,-4.5,23.5,-0.4875810694,-0.3404965952,-0.1253005066,-0.02427105887,21.7119952,nan,nan
jkt_a0.120,-4.5,24.5,-0.4658292354,-0.3130455119,-0.1212382442,-0.0226666054,20.70630347,nan,nan
jkt_a0.120,-4.5,25.5,-0.4446213902,-0.2876338954,-0.1172677868,-0.02115703756,19.74888696,nan,nan
jkt_a0.120,-4.5,26.5,-0.4240325964,-0.2641710615,-0.1133963139,-0.01974010997,18.83926125,nan,nan
jkt_a0.120,-4.5,27.5,-0.4041216503,-0.242556013,-0.1096293935,-0.01841288078,17.9765523,nan,nan
jkt_a0.120,-4.5,28.5,-0.3849321149,-0.2226811589,-0.105971147,-0.01717188909,17.15954777,nan,nan
jkt_a0.120,-4.5,29.5,-0.3664943975,-0.2044360506,-0.1024244123,-0.01601330751,16.38682332,nan,nan
jkt_a0.120,-4,0.5,-0.7111622373,-1.6737368,-0.2194777917,-0.08172595214,60.29478167,nan,nan
jkt_a0.120,-4,1.5,-0.7122063569,-1.664219791,-0.2189989473,-0.081312724,60.04631524,nan,nan
jkt_a0.120,-4,2.5,-0.7141738964,-1.645398922,-0.2180461934,-0.08049519123,59.55509961,nan,nan
jkt_a0.120,-4,3.5,-0.7168196003,-1.617654828,-0.2166293377,-0.07929079782,58.82964955,nan,nan
jkt_a0.120,-4,4.5,-0.719809872,-1.581571603,-0.2147629286,-0.07772473165,57.88437524,nan,nan
jkt_a0.120,-4,5.5,-0.7227569673,-1.537877618,-0.2124660469,-0.07582883059,56.73690753,nan,nan
jkt_a0.120,-4,6.5,-0.7252216793,-1.487439542,-0.2097620064,-0.07364024839,55.4078805,nan,nan
jkt_a0.120,-4,7.5,-0.7267670027,-1.431212412,-0.2066779601,-0.0711999703,53.91959097,nan,nan
jkt_a0.120,-4,8.5,-0.7269893557,-1.370237996,-0.2032444072,-0.06855127359,52.29717389,nan,nan
jkt_a0.120,-4,9.5,-0.7255360189,-1.305569877,-0.1994946093,-0.06573822362,50.56515815,nan,nan
jkt_a0.120,-4,10.5,-0.7221358573,-1.238283864,-0.195463932,-0.06280428513,48.74973753,nan,nan
jkt_a0.120,-4,11.5,-0.7165924164,-1.169375525,-0.1911891358,-0.05979111137,46.87329288,nan,nan
jkt_a0.120,-4,12.5,-0.7088150297,-1.099828569,-0.1867076461,-0.0567375537,44.9603809,nan,nan
jkt_a0.120,-4,13.5,-0.6987918859,-1.03050744,-0.1820568333,-0.05367891327,43.03144063,nan,nan
jkt_a0.120,-4,14.5,-0.6865954254,-0.9621864715,-0.1772733365,-0.05064643719,41.10559559,nan,nan
jkt_a0.120,-4,15.5,-0.6723666973,-0.8955265533,-0.1723924545,-0.04766704532,39.19955002,nan,nan
jkt_a0.120,-4,16.5,-0.6562961818,-0.8311156756,-0.1674476268,-0.04476326135,37.32976747,nan,nan
jkt_a0.120,-4,17.5,-0.6386285854,-0.7692992919,-0.1624700167,-0.04195331449,35.50387247,nan,nan
jkt_a0.120,-4,18.5,-0.619612965,-0.7104504298,-0.1574882023,-0.03925137434,33.73393878,nan,nan
jkt_a0.120,-4,19.5,-0.5995153917,-0.6547832142,-0.1525279741,-0.03666788144,32.02688565,nan,nan
jkt_a0.120,-4,20.5,-0.5786041906,-0.6024339579,-0.1476122311,-0.03420993913,30.38845307,nan,nan
jkt_a0.120,-4,21.5,-0.5571386904,-0.5534638112,-0.1427609658,-0.03188173634,28.82281251,nan,nan
jkt_a0.120,-4,22.5,-0.5353526575,-0.5078567808,-0.1379913236,-0.02968497683,27.33154422,nan,nan
jkt_a0.120,-4,23.5,-0.5134610051,-0.465550778,-0.1333177208,-0.02761929587,25.91542529,nan,nan
jkt_a0.120,-4,24.5,-0.4916568302,-0.426447061,-0.1287520086,-0.02568265062,24.57454551,nan,nan
jkt_a0.120,-4,25.5,-0.4701043963,-0.3904124169,-0.1243036679,-0.02387167552,23.30778154,nan,nan
jkt_a0.120,-4,26.5,-0.4489417106,-0.357292008,-0.1199800225,-0.02218199778,22.11330558,nan,nan
jkt_a0.120,-4,27.5,-0.428282195,-0.3269175863,-0.1157864623,-0.02060851123,20.98880932,nan,nan
jkt_a0.120,-4,28.5,-0.4082159983,-0.2991133194,-0.1117266653,-0.01914560912,19.93159504,nan,nan
jkt_a0.120,-4,29.5,-0.3888126604,-0.2737014044,-0.1078028149,-0.0177873782,18.93875165,nan,nan
jkt_a0.120,-3.5,0.5,-0.2335108191,-2.311812196,-0.2418088706,-0.1028990055,78.1787378,nan,nan
jkt_a0.120,-3.5,1.5,-0.2402630122,-2.299122485,-0.2412561695,-0.102325961,77.81113208,nan,nan
jkt_a0.120,-3.5,2.5,-0.2534238063,-2.273982135,-0.2401559521,-0.1011932975,77.08490154,nan,nan
jkt_a0.120,-3.5,3.5,-0.2723256538,-2.236811939,-0.238518605,-0.09952722105,76.01396279,nan,nan
jkt_a0.120,-3.5,4.5,-0.296027722,-2.188279562,-0.2363597297,-0.09736547747,74.62129256,nan,nan
jkt_a0.120,-3.5,5.5,-0.3234156202,-2.129239119,-0.2337001129,-0.09475560851,72.93502596,nan,nan
jkt_a0.120,-3.5,6.5,-0.3532144683,-2.060733117,-0.230565608,-0.09175283175,70.98809073,nan,nan
jkt_a0.120,-3.5,7.5,-0.3841192751,-1.983946702,-0.2269868847,-0.08841769438,68.8160025,nan,nan
jkt_a0.120,-3.5,8.5,-0.4148576726,-1.900217685,-0.2229990165,-0.08481365768,66.45830427,nan,nan
jkt_a0.120,-3.5,9.5,-0.4442638984,-1.810940331,-0.2186408946,-0.08100476234,63.95357554,nan,nan
jkt_a0.120,-3.5,10.5,-0.4713300878,-1.717582708,-0.2139544787,-0.07705350467,61.34232588,nan,nan
jkt_a0.120,-3.5,11.5,-0.4952457636,-1.621540576,-0.208983919,-0.07301902379,58.65932555,nan,nan
jkt_a0.120,-3.5,12.5,-0.5154147097,-1.524227061,-0.2037745958,-0.06895566465,55.94161843,nan,nan
jkt_a0.120,-3.5,13.5,-0.5314569897,-1.426912979,-0.1983721332,-0.06491194512,53.2198734,nan,nan
jkt_a0.120,-3.5,14.5,-0.5431969418,-1.330758116,-0.1928214453,-0.06092992209,50.52214438,nan,nan
jkt_a0.120,-3.5,15.5,-0.5506402809,-1.236769118,-0.1871658644,-0.05704492447,47.87237171,nan,nan
jkt_a0.120,-3.5,16.5,-0.5539172154,-1.145849754,-0.181446392,-0.05328560121,45.29358578,nan,nan
jkt_a0.120,-3.5,17.5,-0.553356873,-1.058553132,-0.1757010977,-0.04967422204,42.79564674,nan,nan
jkt_a0.120,-3.5,18.5,-0.5492791419,-0.9754618655,-0.1699646783,-0.04622716446,40.39438343,nan,nan
jkt_a0.120,-3.5,19.5,-0.5420946026,-0.8969216621,-0.1642681761,-0.04295552397,38.09799155,nan,nan
jkt_a0.120,-3.5,20.5,-0.5322399896,-0.823155518,-0.1586388448,-0.03986579091,35.91269464,nan,nan
jkt_a0.120,-3.5,21.5,-0.5201569575,-0.7542682193,-0.1531001449,-0.03696054728,33.84232553,nan,nan
jkt_a0.120,-3.5,22.5,-0.506266585,-0.6902454464,-0.1476718462,-0.03423914711,31.88716989,nan,nan
jkt_a0.120,-3.5,23.5,-0.4909660788,-0.6309992338,-0.1423702139,-0.0316983546,30.046339,nan,nan
jkt_a0.120,-3.5,24.5,-0.4746209288,-0.5763832757,-0.1372082542,-0.02933292281,28.31798379,nan,nan
jkt_a0.120,-3.5,25.5,-0.4575550079,-0.5261981818,-0.1321959995,-0.02713610416,26.69872035,nan,nan
jkt_a0.120,-3.5,26.5,-0.4400508125,-0.4802112459,-0.1273408144,-0.02510008925,25.18432725,nan,nan
jkt_a0.120,-3.5,27.5,-0.4223504138,-0.438169423,-0.1226477069,-0.02321637555,23.77006474,nan,nan
jkt_a0.120,-3.5,28.5,-0.4046569374,-0.3998086839,-0.1181196356,-0.02147607016,22.45082016,nan,nan
jkt_a0.120,-3.5,29.5,-0.3871379608,-0.364862727,-0.1137578017,-0.01987013284,21.22134324,nan,nan
jkt_a0.120,-3,0.5,0.8514665313,-2.726967405,-0.2672994807,-0.1326948236,91.64190384,nan,nan
jkt_a0.120,-3,1.5,0.8337142373,-2.715446813,-0.2666777089,-0.1318782024,91.16297238,nan,nan
jkt_a0.120,-3,2.5,0.7989235343,-2.69241623,-0.2654382345,-0.1302656139,90.21722434,nan,nan
jkt_a0.120,-3,3.5,0.7484625197,-2.657853084,-0.2635894681,-0.1278973312,88.82378421,nan,nan
jkt_a0.120,-3,4.5,0.6842999161,-2.611839373,-0.2611446407,-0.1248312546,87.01392332,nan,nan
jkt_a0.120,-3,5.5,0.6088040893,-2.554585379,-0.2581223746,-0.1211401083,84.82622288,nan,nan
jkt_a0.120,-3,6.5,0.5247233383,-2.486467503,-0.2545472017,-0.1169080306,82.30575978,nan,nan
jkt_a0.120,-3,7.5,0.4349334439,-2.408084397,-0.250449887,-0.1122268011,79.50129451,nan,nan
jkt_a0.120,-3,8.5,0.3423273048,-2.320325592,-0.2458674442,-0.107191968,76.46689782,nan,nan
jkt_a0.120,-3,9.5,0.2496324985,-2.224303617,-0.2408427775,-0.1018991264,73.25544663,nan,nan
jkt_a0.120,-3,10.5,0.159321382,-2.121398642,-0.2354239398,-0.09644057048,69.92198473,nan,nan
jkt_a0.120,-3,11.5,0.07346640587,-2.013084937,-0.2296630563,-0.09090248908,66.5139469,nan,nan
jkt_a0.120,-3,12.5,-0.006251404922,-1.901024809,-0.2236149991,-0.08536281128,63.08089183,nan,nan
jkt_a0.120,-3,13.5,-0.07862145221,-1.786846674,-0.2173359299,-0.07988974352,59.66364796,nan,nan
jkt_a0.120,-3,14.5,-0.1428645525,-1.672148854,-0.2108818266,-0.07454097831,56.2988745,nan,nan
jkt_a0.120,-3,15.5,-0.1986062873,-1.55841201,-0.2043071043,-0.06936350645,53.0171835,nan,nan
jkt_a0.120,-3,16.5,-0.2457500497,-1.447023588,-0.197663414,-0.0643939314,49.84728765,nan,nan
jkt_a0.120,-3,17.5,-0.2847018997,-1.338964732,-0.1909986747,-0.05965916797,46.80058181,nan,nan
jkt_a0.120,-3,18.5,-0.3158392588,-1.235220706,-0.184356366,-0.05517740546,43.89535313,nan,nan
jkt_a0.120,-3,19.5,-0.3397924511,-1.136468264,-0.1777750801,-0.05095922424,41.13991879,nan,nan
jkt_a0.120,-3,20.5,-0.3572774378,-1.043198576,-0.171288314,-0.04700877158,38.53975524,nan,nan
jkt_a0.120,-3,21.5,-0.3690543657,-0.9557195822,-0.1649244685,-0.04332492254,36.09713451,nan,nan
jkt_a0.120,-3,22.5,-0.3758847263,-0.8741542327,-0.1587070135,-0.03990237197,33.80997191,nan,nan
jkt_a0.120,-3,23.5,-0.3785043601,-0.7985008511,-0.1526547788,-0.03673262294,31.67470643,nan,nan
jkt_a0.120,-3,24.5,-0.3776046366,-0.7286561726,-0.1467823303,-0.0338048526,29.68663642,nan,nan
jkt_a0.120,-3,25.5,-0.3738166128,-0.6644261001,-0.1411003969,-0.03110664897,27.83936467,nan,nan
jkt_a0.120,-3,26.5,-0.3677050207,-0.6055552787,-0.1356163204,-0.02862462143,26.12566342,nan,nan
jkt_a0.120,-3,27.5,-0.3597667362,-0.5517476749,-0.1303345045,-0.02634489333,24.5378798,nan,nan
jkt_a0.120,-3,28.5,-0.3504318404,-0.5026820541,-0.1252568474,-0.02425348924,23.06813097,nan,nan
jkt_a0.120,-3,29.5,-0.3400676969,-0.4580260879,-0.1203831469,-0.02233663039,21.70858163,nan,nan
jkt_a0.120,-2.5,0.5,2.288291762,-2.241546127,-0.2950747249,-0.175762939,86.98423197,nan,nan
jkt_a0.120,-2.5,1.5,2.259323741,-2.243162689,-0.2944250763,-0.1745691821,86.5165347,nan,nan
jkt_a0.120,-2.5,2.5,2.202249356,-2.245623767,-0.293124728,-0.1722137006,85.59229119,nan,nan
jkt_a0.120,-2.5,3.5,2.118721003,-2.247407155,-0.2911725682,-0.1687589723,84.22857788,nan,nan
jkt_a0.120,-2.5,4.5,2.011221412,-2.246507496,-0.2885692288,-0.1642948429,82.45415944,nan,nan
jkt_a0.120,-2.5,5.5,1.882864196,-2.240714095,-0.285319383,-0.1589341488,80.30562456,nan,nan
jkt_a0.120,-2.5,6.5,1.737432329,-2.227724933,-0.2814341359,-0.1528073243,77.8256538,nan,nan
jkt_a0.120,-2.5,7.5,1.579100358,-2.205513318,-0.2769330998,-0.1460563583,75.06138086,nan,nan
jkt_a0.120,-2.5,8.5,1.41232402,-2.172556526,-0.2718458105,-0.1388285182,72.0662081,nan,nan
jkt_a0.120,-2.5,9.5,1.241547128,-2.127935698,-0.2662122651,-0.1312702737,68.89319768,nan,nan
jkt_a0.120,-2.5,10.5,1.071059288,-2.071468493,-0.2600825067,-0.1235218199,65.59847552,nan,nan
jkt_a0.120,-2.5,11.5,0.9046771018,-2.003592717,-0.253515331,-0.1157125221,62.23102114,nan,nan
jkt_a0.120,-2.5,12.5,0.7457418173,-1.925429172,-0.2465763013,-0.1079574916,58.84240505,nan,nan
jkt_a0.120,-2.5,13.5,0.5968778456,-1.838518371,-0.2393353305,-0.1003553772,55.47540621,nan,nan
jkt_a0.120,-2.5,14.5,0.4600177323,-1.744732399,-0.2318641061,-0.09298733667,52.16843807,nan,nan
jkt_a0.120,-2.5,15.5,0.3363901588,-1.64609125,-0.22423361,-0.08591705338,48.95342895,nan,nan
jkt_a0.120,-2.5,16.5,0.2267129271,-1.544666827,-0.2165119282,-0.07919159948,45.85988432,nan,nan
jkt_a0.120,-2.5,17.5,0.1307407119,-1.44228353,-0.2087624792,-0.0728429161,42.89970516,nan,nan
jkt_a0.120,-2.5,18.5,0.04823183003,-1.340685842,-0.2010427189,-0.06688968268,40.0906313,nan,nan
jkt_a0.120,-2.5,19.5,-0.02158076092,-1.241310398,-0.1934033222,-0.06133937173,37.44027062,nan,nan
jkt_a0.120,-2.5,20.5,-0.07967718974,-1.145332579,-0.1858877988,-0.05619032296,34.95301864,nan,nan
jkt_a0.120,-2.5,21.5,-0.1271744866,-1.053652617,-0.1785324744,-0.05143371436,32.62980771,nan,nan
jkt_a0.120,-2.5,22.5,-0.1652527206,-0.9668849852,-0.1713667565,-0.04705534896,30.46711662,nan,nan
jkt_a0.120,-2.5,23.5,-0.1950864394,-0.8854253578,-0.1644136052,-0.04303721251,28.45990099,nan,nan
jkt_a0.120,-2.5,24.5,-0.2178042474,-0.8094817887,-0.1576901339,-0.0393587856,26.60199429,nan,nan
jkt_a0.120,-2.5,25.5,-0.2344599604,-0.7390946697,-0.1512082808,-0.03599811456,24.88564451,nan,nan
jkt_a0.120,-2.5,26.5,-0.2460136557,-0.6741792535,-0.1449754999,-0.03293265884,23.30240558,nan,nan
jkt_a0.120,-2.5,27.5,-0.2533237357,-0.6145582548,-0.1389954385,-0.03013994043,21.84356002,nan,nan
jkt_a0.120,-2.5,28.5,-0.2571454087,-0.5599880547,-0.1332685739,-0.02759802394,20.50032536,nan,nan
jkt_a0.120,-2.5,29.5,-0.2581343324,-0.5101823899,-0.1277927959,-0.02528585608,19.26412581,nan,nan
jkt_a0.120,-2,0.5,3.092538112,-0.7344125848,-0.3214717123,-0.239323504,62.90104789,nan,nan
jkt_a0.120,-2,1.5,3.067243823,-0.759911985,-0.3209362213,-0.2375527057,62.63166647,nan,nan
jkt_a0.120,-2,2.5,3.016572959,-0.8091836432,-0.3198483702,-0.2340590898,62.09624667,nan,nan
jkt_a0.120,-2,3.5,2.940393401,-0.8788373608,-0.3181772566,-0.2289366405,61.29739641,nan,nan
jkt_a0.120,-2,4.5,2.838888387,-0.9641077187,-0.3158831834,-0.2223213876,60.24296038,nan,nan
jkt_a0.120,-2,5.5,2.712754773,-1.059366571,-0.3129245069,-0.2143855153,58.9458248,nan,nan
jkt_a0.120,-2,6.5,2.563473015,-1.158232255,-0.3092650684,-0.2053297017,57.42089299,nan,nan
jkt_a0.120,-2,7.5,2.39345034,-1.25432043,-0.3048811271,-0.1953740413,55.68737324,nan,nan
jkt_a0.120,-2,8.5,2.20613642,-1.341700004,-0.2997668366,-0.1847481111,53.77117623,nan,nan
jkt_a0.120,-2,9.5,2.005803915,-1.415340138,-0.2939375914,-0.1736809007,51.70051037,nan,nan
jkt_a0.120,-2,10.5,1.797402793,-1.471473503,-0.2874309467,-0.1623913976,49.50925858,nan,nan
jkt_a0.120,-2,11.5,1.586045323,-1.507741152,-0.2803052091,-0.1510805515,47.22875594,nan,nan
jkt_a0.120,-2,12.5,1.376857311,-1.523285215,-0.2726361195,-0.1399251618,44.89571018,nan,nan
jkt_a0.120,-2,13.5,1.174433103,-1.518558039,-0.2645122617,-0.129073972,42.54238285,nan,nan
jkt_a0.120,-2,14.5,0.9826707421,-1.495121725,-0.2560298903,-0.1186459772,40.19972649,nan,nan
jkt_a0.120,-2,15.5,0.8045733323,-1.455334727,-0.2472878189,-0.108730714,37.89502153,nan,nan
jkt_a0.120,-2,16.5,0.6423812952,-1.402019337,-0.238382863,-0.09939013441,35.65429132,nan,nan
jkt_a0.120,-2,17.5,0.4968606568,-1.33827241,-0.2294061502,-0.09066159192,33.49143593,nan,nan
jkt_a0.120,-2,18.5,0.368580491,-1.267010992,-0.220440436,-0.08256146922,31.42314433,nan,nan
jkt_a0.120,-2,19.5,0.2571930303,-1.1909829,-0.2115584153,-0.07508903642,29.45885319,nan,nan
jkt_a0.120,-2,20.5,0.1618731662,-1.11260763,-0.2028219199,-0.06823022028,27.60517254,nan,nan
jkt_a0.120,-2,21.5,0.08144865954,-1.033913647,-0.1942818393,-0.06196106368,25.86561243,nan,nan
jkt_a0.120,-2,22.5,0.01452815195,-0.9564985395,-0.1859785803,-0.05625074644,24.23967442,nan,nan
jkt_a0.120,-2,23.5,-0.04036657976,-0.8815868867,-0.1779428929,-0.05106411301,22.7253355,nan,nan
jkt_a0.120,-2,24.5,-0.08471849825,-0.8100675488,-0.1701969112,-0.04636370706,21.3193936,nan,nan
jkt_a0.120,-2,25.5,-0.1199567508,-0.7425268407,-0.16275529,-0.04211134866,20.01708011,nan,nan
jkt_a0.120,-2,26.5,-0.1474123093,-0.6793088694,-0.1556263487,-0.03826930971,18.81284219,nan,nan
jkt_a0.120,-2,27.5,-0.1682945526,-0.6205671098,-0.1488131615,-0.03480115097,17.70072565,nan,nan
jkt_a0.120,-2,28.5,-0.1836808803,-0.5663086271,-0.1423145567,-0.03167228429,16.67457087,nan,nan
jkt_a0.120,-2,29.5,-0.1945158801,-0.5164340378,-0.1361260048,-0.02885031881,15.72826325,nan,nan
jkt_a0.120,-1.5,0.5,2.604216323,0.8993227035,-0.3355606459,-0.333002763,33.96421888,nan,nan
jkt_a0.120,-1.5,1.5,2.606503324,0.8601195875,-0.3355310831,-0.330429216,33.97145509,nan,nan
jkt_a0.120,-1.5,2.5,2.609004637,0.7827632951,-0.3354145677,-0.3253426646,33.98029316,nan,nan
jkt_a0.120,-1.5,3.5,2.607696376,0.6694876712,-0.3351029923,-0.3178638393,33.97668095,nan,nan
jkt_a0.120,-1.5,4.5,2.59727267,0.5239598726,-0.3344501184,-0.3081723218,33.94313691,nan,nan
jkt_a0.120,-1.5,5.5,2.571969403,0.3512655572,-0.3332885963,-0.2965031975,33.86215425,nan,nan
jkt_a0.120,-1.5,6.5,2.526071371,0.1582672937,-0.3314493244,-0.283140654,33.71139635,nan,nan
jkt_a0.120,-1.5,7.5,2.455015141,-0.04684316759,-0.32878067,-0.2684078964,33.47013118,nan,nan
jkt_a0.120,-1.5,8.5,2.356147579,-0.2549282755,-0.3251650591,-0.2526534959,33.12230267,nan,nan
jkt_a0.120,-1.5,9.5,2.229107543,-0.4566648351,-0.32053086,-0.2362351388,32.65568461,nan,nan
jkt_a0.120,-1.5,10.5,2.07604892,-0.6433386401,-0.3148583034,-0.2195024337,32.06596316,nan,nan
jkt_a0.120,-1.5,11.5,1.901199139,-0.8076617581,-0.3081792155,-0.2027807438,31.35231011,nan,nan
jkt_a0.120,-1.5,12.5,1.710536351,-0.9443217561,-0.3005713461,-0.1863578494,30.52375051,nan,nan
jkt_a0.120,-1.5,13.5,1.510824627,-1.050303818,-0.2921488096,-0.1704746998,29.59228824,nan,nan
jkt_a0.120,-1.5,14.5,1.308958594,-1.124864987,-0.283050492,-0.1553207564,28.57476311,nan,nan
jkt_a0.120,-1.5,15.5,1.111260603,-1.169253475,-0.273428204,-0.1410336931,27.49031171,nan,nan
jkt_a0.120,-1.5,16.5,0.9232222943,-1.186132359,-0.2634359822,-0.1277026669,26.36030752,nan,nan
jkt_a0.120,-1.5,17.5,0.7484312545,-1.179581319,-0.2532214276,-0.1153740829,25.20346389,nan,nan
jkt_a0.120,-1.5,18.5,0.5897677342,-1.153664647,-0.2429194495,-0.1040587395,24.03800466,nan,nan
jkt_a0.120,-1.5,19.5,0.4486095653,-1.112729458,-0.2326483761,-0.09373938554,22.87973084,nan,nan
jkt_a0.120,-1.5,20.5,0.3253124374,-1.060868956,-0.2225081184,-0.08437795908,21.74257346,nan,nan
jkt_a0.120,-1.5,21.5,0.2194168079,-1.001723171,-0.2125799455,-0.07592204026,20.63792851,nan,nan
jkt_a0.120,-1.5,22.5,0.1298706035,-0.9383470336,-0.2029274034,-0.06831027983,19.57346217,nan,nan
jkt_a0.120,-1.5,23.5,0.05526996092,-0.873221383,-0.1935979554,-0.06147674157,18.55498186,nan,nan
jkt_a0.120,-1.5,24.5,-0.005972872158,-0.8082792783,-0.1846250003,-0.05535421498,17.58661179,nan,nan
jkt_a0.120,-1.5,25.5,-0.05550322487,-0.7449482421,-0.1760300119,-0.04987662124,16.67038447,nan,nan
jkt_a0.120,-1.5,26.5,-0.09492493701,-0.6842325626,-0.1678246261,-0.04498066428,15.80691564,nan,nan
jkt_a0.120,-1.5,27.5,-0.1257396444,-0.6267922059,-0.1600125664,-0.04060688087,14.99577385,nan,nan
jkt_a0.120,-1.5,28.5,-0.1493121221,-0.5730147672,-0.1525913519,-0.03670023119,14.23570459,nan,nan
jkt_a0.120,-1.5,29.5,-0.1668547597,-0.5230812384,-0.1455537665,-0.03321035132,13.52491547,nan,nan
jkt_a0.120,-1,0.5,1.254399174,1.536288717,-0.3107190478,-0.4623033129,12.67828565,nan,nan
jkt_a0.120,-1,1.5,1.283891053,1.517787029,-0.3120511966,-0.4589868014,12.8294757,nan,nan
jkt_a0.120,-1,2.5,1.341091908,1.478983554,-0.314582356,-0.4523843453,13.12826284,nan,nan
jkt_a0.120,-1,3.5,1.422161686,1.416539746,-0.3180559387,-0.4425656103,13.56499838,nan,nan
jkt_a0.120,-1,4.5,1.521080519,1.326436681,-0.3221114625,-0.4296541873,14.12519486,nan,nan
jkt_a0.120,-1,5.5,1.629807759,1.205010936,-0.3263138116,-0.4138445816,14.79155233,nan,nan
jkt_a0.120,-1,6.5,1.737994436,1.050026081,-0.3301909178,-0.3954160877,15.53689276,nan,nan
jkt_a0.120,-1,7.5,1.834077827,0.8619095431,-0.333276792,-0.3747383149,16.32880003,nan,nan
jkt_a0.120,-1,8.5,1.9064475,0.6446203118,-0.3351549584,-0.352264602,17.13091613,nan,nan
jkt_a0.120,-1,9.5,1.944937796,0.4057389762,-0.3354962332,-0.328512304,17.90385498,nan,nan
jkt_a0.120,-1,10.5,1.942421234,0.1559371173,-0.3340851372,-0.3040322182,18.60987568,nan,nan
jkt_a0.120,-1,11.5,1.895753941,-0.09243459222,-0.3308312171,-0.279372196,19.21313768,nan,nan
jkt_a0.120,-1,12.5,1.80635319,-0.3268897853,-0.3257646284,-0.2550413007,19.68683293,nan,nan
jkt_a0.120,-1,13.5,1.679577171,-0.5365818331,-0.3190184721,-0.2314803421,20.01146302,nan,nan
jkt_a0.120,-1,14.5,1.523754377,-0.713491491,-0.3108025748,-0.2090426085,20.17788296,nan,nan
jkt_a0.120,-1,15.5,1.34873943,-0.8530618006,-0.3013741173,-0.1879859799,20.18634904,nan,nan
jkt_a0.120,-1,16.5,1.164712413,-0.9539120632,-0.2910098446,-0.1684752558,20.04501965,nan,nan
jkt_a0.120,-1,17.5,0.9803891498,-1.018413613,-0.2799830751,-0.1505920444,19.77203031,nan,nan
jkt_a0.120,-1,18.5,0.8032372811,-1.05003866,-0.2685469962,-0.1343490717,19.38367888,nan,nan
jkt_a0.120,-1,19.5,0.638584837,-1.053901342,-0.2569243005,-0.1197060586,18.90098953,nan,nan
jkt_a0.120,-1,20.5,0.4898374578,-1.035562763,-0.2453022791,-0.106585029,18.34566417,nan,nan
jkt_a0.120,-1,21.5,0.3586981859,-1.000461867,-0.2338320661,-0.09488373348,17.73841057,nan,nan
jkt_a0.120,-1,22.5,0.2455000939,-0.9534998706,-0.2226306858,-0.08448658357,17.09684621,nan,nan
jkt_a0.120,-1,23.5,0.1496193286,-0.8988704961,-0.2117847312,-0.07527300954,16.43653728,nan,nan
jkt_a0.120,-1,24.5,0.06980497129,-0.8399934067,-0.20135478,-0.06712346802,15.7707565,nan,nan
jkt_a0.120,-1,25.5,0.00444574599,-0.7795219794,-0.191379927,-0.05992347863,15.10984842,nan,nan
jkt_a0.120,-1,26.5,-0.04821391077,-0.7194317612,-0.1818820501,-0.05356610803,14.46177299,nan,nan
jkt_a0.120,-1,27.5,-0.0899283711,-0.6611270059,-0.1728696041,-0.04795329334,13.83246568,nan,nan
jkt_a0.120,-1,28.5,-0.1223579208,-0.6055487511,-0.1643408612,-0.0429963398,13.22611462,nan,nan
jkt_a0.120,-1,29.5,-0.1470155895,-0.5532780858,-0.1562865947,-0.03861585958,12.64553059,nan,nan
jkt_a0.120,-0.5,0.5,0.3225532283,1.101750255,-0.2028871194,-0.6028612422,3.257237709,nan,nan
jkt_a0.120,-0.5,1.5,0.3426972294,1.110146265,-0.2065843673,-0.600014111,3.352088698,nan,nan
jkt_a0.120,-0.5,2.5,0.384045242,1.125424613,-0.2138066812,-0.5942096843,3.545829536,nan,nan
jkt_a0.120,-0.5,3.5,0.4484253217,1.14423993,-0.2242052113,-0.5852493905,3.845286753,nan,nan
jkt_a0.120,-0.5,4.5,0.5377856801,1.161241635,-0.2372498468,-0.5728889275,4.259405768,nan,nan
jkt_a0.120,-0.5,5.5,0.6532727926,1.16910911,-0.2522324578,-0.5568990206,4.798780863,nan,nan
jkt_a0.120,-0.5,6.5,0.793828602,1.158343172,-0.2682875302,-0.5371376828,5.470040545,nan,nan
jkt_a0.120,-0.5,7.5,0.9549319254,1.11848756,-0.284438091,-0.5136224639,6.274521146,nan,nan
jkt_a0.120,-0.5,8.5,1.12762181,1.039874029,-0.2996690493,-0.4865870289,7.204825685,nan,nan
jkt_a0.120,-0.5,9.5,1.298562912,0.9158917382,-0.3130210083,-0.4565059424,8.241806699,nan,nan
jkt_a0.120,-0.5,10.5,1.451512074,0.7453610668,-0.3236883384,-0.4240769656,9.354554597,nan,nan
jkt_a0.120,-0.5,11.5,1.56992944,0.5337275724,-0.3311003035,-0.3901610296,10.5003309,nan,nan
jkt_a0.120,-0.5,12.5,1.640306749,0.2930208354,-0.3349666327,-0.3556924775,11.63065498,nan,nan
jkt_a0.120,-0.5,13.5,1.654768386,0.03972272951,-0.3352787272,-0.3215806419,12.69465746,nan,nan
jkt_a0.120,-0.5,14.5,1.612462684,-0.2081833656,-0.3322704067,-0.2886245754,13.64620654,nan,nan
jkt_a0.120,-0.5,15.5,1.519155196,-0.4344138893,-0.3263520855,-0.257456089,14.44850825,nan,nan
jkt_a0.120,-0.5,16.5,1.385549569,-0.6263366754,-0.3180359962,-0.2285160662,15.0752963,nan,nan
jkt_a0.120,-0.5,17.5,1.224810037,-0.7778462989,-0.3078676286,-0.2020599328,15.52388269,nan,nan
jkt_a0.120,-0.5,18.5,1.050041029,-0.8864467191,-0.2963726232,-0.1781830229,15.79093865,nan,nan
jkt_a0.120,-0.5,19.5,0.872887887,-0.9543131342,-0.2840221046,-0.156855657,15.88877196,nan,nan
jkt_a0.120,-0.5,20.5,0.7024730339,-0.986343683,-0.2712148753,-0.1379596614,15.83687501,nan,nan
jkt_a0.120,-0.5,21.5,0.5451068229,-0.9888604157,-0.2582725743,-0.1213210414,15.65869918,nan,nan
jkt_a0.120,-0.5,22.5,0.4044742209,-0.9685004946,-0.2454434101,-0.1067363101,15.37783138,nan,nan
jkt_a0.120,-0.5,23.5,0.2821685166,-0.9315098255,-0.2329106624,-0.09399198661,15.0174626,nan,nan
jkt_a0.120,-0.5,24.5,0.17823754,-0.8833298808,-0.2208031361,-0.0828779387,14.59906055,nan,nan
jkt_a0.120,-0.5,25.5,0.0916888694,-0.8284106466,-0.2092057453,-0.07319574479,14.14098408,nan,nan
jkt_a0.120,-0.5,26.5,0.0209291929,-0.7702180984,-0.1981692006,-0.06476332785,13.65856597,nan,nan
jkt_a0.120,-0.5,27.5,-0.03591482436,-0.7113319651,-0.1877183346,-0.05741697434,13.16425564,nan,nan
jkt_a0.120,-0.5,28.5,-0.08077614664,-0.6535831861,-0.1778589511,-0.0510116293,12.66783088,nan,nan
jkt_a0.120,-0.5,29.5,-0.1155075722,-0.5982032745,-0.1685832792,-0.04542013263,12.1767994,nan,nan
jkt_a0.120,0,0.5,0.1227290318,0.6237573668,-0.0006509100247,-0.6711403083,0.8972224401,nan,nan
jkt_a0.120,0,1.5,0.1273873831,0.6323174198,-0.005857749429,-0.671089809,0.9237493405,nan,nan
jkt_a0.120,0,2.5,0.1374763483,0.6496412714,-0.01626320497,-0.6707466151,0.9794920195,nan,nan
jkt_a0.120,0,3.5,0.1546836222,0.6759600183,-0.03182275162,-0.6696286274,1.069943749,nan,nan
jkt_a0.120,0,4.5,0.1817566272,0.7112893545,-0.05240037671,-0.6670244496,1.203947391,nan,nan
jkt_a0.120,0,5.5,0.2225665299,0.7549971219,-0.07769026386,-0.662023779,1.394420013,nan,nan
jkt_a0.120,0,6.5,0.2822308729,0.8047759641,-0.1071259469,-0.6535823748,1.658099702,nan,nan
jkt_a0.120,0,7.5,0.3664864295,0.8557153496,-0.1397978585,-0.6406345597,2.015464142,nan,nan
jkt_a0.120,0,8.5,0.4803137462,0.8992809628,-0.174411136,-0.6222554813,2.488876817,nan,nan
jkt_a0.120,0,9.5,0.6256521292,0.9230149236,-0.2093197327,-0.5978542659,3.098851741,nan,nan
jkt_a0.120,0,10.5,0.7986465291,0.9119359325,-0.2426608695,-0.5673532185,3.859148815,nan,nan
jkt_a0.120,0,11.5,0.9877019975,0.851696861,-0.2725815371,-0.5312918172,4.770268727,nan,nan
jkt_a0.120,0,12.5,1.173821726,0.7333829991,-0.2975062511,-0.4908043926,5.815769102,nan,nan
jkt_a0.120,0,13.5,1.333958067,0.5573648028,-0.3163667696,-0.4474615209,6.959812922,nan,nan
jkt_a0.120,0,14.5,1.446542556,0.3348202519,-0.3287221588,-0.4030188389,8.150584377,nan,nan
jkt_a0.120,0,15.5,1.496945798,0.08555853203,-0.3347409033,-0.3591515614,9.32689473,nan,nan
jkt_a0.120,0,16.5,1.480443566,-0.1662340527,-0.3350699257,-0.3172487594,10.423451,nan,nan
jkt_a0.120,0,17.5,1.403447143,-0.3994244709,-0.3306483395,-0.2783060326,11.39937075,nan,nan
jkt_a0.120,0,18.5,1.278269291,-0.5971162275,-0.322524837,-0.2429137392,12.20958132,nan,nan
jkt_a0.120,0,19.5,1.121283012,-0.7502203223,-0.3117166076,-0.2113114791,12.83393661,nan,nan
jkt_a0.120,0,20.5,0.9487778318,-0.8565710268,-0.2991220907,-0.1834734118,13.2689581,nan,nan
jkt_a0.120,0,21.5,0.7745517298,-0.9192922495,-0.2854816711,-0.1591965611,13.52474345,nan,nan
jkt_a0.120,0,22.5,0.6087634457,-0.9446853947,-0.2713724982,-0.1381761755,13.61960483,nan,nan
jkt_a0.120,0,23.5,0.457932448,-0.9403907704,-0.2572232295,-0.1200623483,13.57723754,nan,nan
jkt_a0.120,0,24.5,0.3254575795,-0.9140542404,-0.2433376936,-0.1044983878,13.42329329,nan,nan
jkt_a0.120,0,25.5,0.2123630407,-0.8725074533,-0.2299203914,-0.09114429725,13.18225428,nan,nan
jkt_a0.120,0,26.5,0.1180804645,-0.8214099186,-0.2170999919,-0.07968937688,12.876237,nan,nan
jkt_a0.120,0,27.5,0.0410914096,-0.7651832983,-0.2049491912,-0.06985752466,12.52433493,nan,nan
jkt_a0.120,0,28.5,-0.02059404534,-0.7071103662,-0.1935005966,-0.06140800097,12.1423833,nan,nan
jkt_a0.120,0,29.5,-0.06911013053,-0.6495136617,-0.1827589532,-0.05413361144,11.74316384,nan,nan
jkt_a0.120,0.5,0.5,0.1189556574,0.401830755,0.2019539016,-0.6035670403,0.4335416029,nan,nan
jkt_a0.120,0.5,1.5,0.1199812682,0.4059488677,0.1981856018,-0.6063656091,0.4403169936,nan,nan
jkt_a0.120,0.5,2.5,0.12218696,0.4144030729,0.1904804427,-0.611839797,0.4545679209,nan,nan
jkt_a0.120,0.5,3.5,0.1259499806,0.4276172306,0.1785093009,-0.6197217846,0.4777831741,nan,nan
jkt_a0.120,0.5,4.5,0.1319492787,0.4462650883,0.1618033649,-0.6295555227,0.5125506309,nan,nan
jkt_a0.120,0.5,5.5,0.1412684098,0.4712744251,0.1397978585,-0.6406345597,0.56297924,nan,nan
jkt_a0.120,0.5,6.5,0.155788171,0.5037215328,0.1119132388,-0.6519293913,0.6353877542,nan,nan
jkt_a0.120,0.5,7.5,0.1785129294,0.5446492739,0.07769026386,-0.662023779,0.7393683805,nan,nan
jkt_a0.120,0.5,8.5,0.2140580721,0.5944814732,0.03698886531,-0.669096127,0.8890371733,nan,nan
jkt_a0.120,0.5,9.5,0.2689690977,0.6518190623,-0.009761593611,-0.6709989294,1.104095016,nan,nan
jkt_a0.120,0.5,10.5,0.3512289214,0.7116555482,-0.06131599193,-0.6654915048,1.410123046,nan,nan
jkt_a0.120,0.5,11.5,0.4682322196,0.7633145902,-0.1154790003,-0.6506452874,1.836356891,nan,nan
jkt_a0.120,0.5,12.5,0.6226770306,0.7900106376,-0.1692143644,-0.6253532144,2.410872397,nan,nan
jkt_a0.120,0.5,13.5,0.8078087606,0.7714242635,-0.219071517,-0.5897656913,3.152097698,nan,nan
jkt_a0.120,0.5,14.5,1.004868183,0.690288534,-0.2618505118,-0.545431971,4.06013036,nan,nan
jkt_a0.120,0.5,15.5,1.185809248,0.540130432,-0.2952646579,-0.4950268024,5.110527002,nan,nan
jkt_a0.120,0.5,16.5,1.320484183,0.3302312587,-0.3183283611,-0.4417523642,6.249133347,nan,nan
jkt_a0.120,0.5,17.5,1.388966124,0.08318223147,-0.3313427091,-0.3886698982,7.422385471,nan,nan
jkt_a0.120,0.5,18.5,1.382613897,-0.1718710698,-0.3355600851,-0.3382104521,8.551863653,nan,nan
jkt_a0.120,0.5,19.5,1.307666919,-0.4073526446,-0.3327262111,-0.2919722058,9.573288401,nan,nan
jkt_a0.120,0.5,20.5,1.18013315,-0.6034283065,-0.3246769945,-0.2507625135,10.43892695,nan,nan
jkt_a0.120,0.5,21.5,1.019986278,-0.7502083977,-0.3130745772,-0.2147737426,11.12214695,nan,nan
jkt_a0.120,0.5,22.5,0.8461700605,-0.8466228678,-0.2992833668,-0.1837910029,11.61554866,nan,nan
jkt_a0.120,0.5,23.5,0.6738022787,-0.89766616,-0.284346243,-0.1573718327,11.92794731,nan,nan
jkt_a0.120,0.5,24.5,0.5132302594,-0.9114883926,-0.2690161535,-0.1349767278,12.07898907,nan,nan
jkt_a0.120,0.5,25.5,0.3703614983,-0.8970818249,-0.2538096427,-0.1160523487,12.09338666,nan,nan
jkt_a0.120,0.5,26.5,0.2476516815,-0.8628321467,-0.2390626556,-0.1000782472,11.99719149,nan,nan
jkt_a0.120,0.5,27.5,0.1451861526,-0.8158083839,-0.2249794218,-0.08658894448,11.81521833,nan,nan
jkt_a0.120,0.5,28.5,0.06161302239,-0.7615557658,-0.211671524,-0.07518094212,11.56951969,nan,nan
jkt_a0.120,0.5,29.5,-0.005155116719,-0.7041830715,-0.1991874109,-0.0655113734,11.27882867,nan,nan
jkt_a0.120,1,0.5,0.1236905368,0.2943073329,0.3103789678,-0.4631339307,0.3278858684,nan,nan
jkt_a0.120,1,1.5,0.1241718969,0.2964838988,0.3089901775,-0.4664620677,0.3300350455,nan,nan
jkt_a0.120,1,2.5,0.1251691754,0.300934278,0.3060738854,-0.4731434209,0.3345303952,nan,nan
jkt_a0.120,1,3.5,0.1267763577,0.3078465716,0.3013433182,-0.483217836,0.3417800521,nan,nan
jkt_a0.120,1,4.5,0.1291560486,0.3175397971,0.2943457085,-0.4967168136,0.3525028319,nan,nan
jkt_a0.120,1,5.5,0.1325423152,0.3304797714,0.284438091,-0.5136224639,0.3677967511,nan,nan
jkt_a0.120,1,6.5,0.137374947,0.3473109668,0.2707624698,-0.5338007025,0.389377921,nan,nan
jkt_a0.120,1,7.5,0.1443670624,0.3689182291,0.2522324578,-0.5568990206,0.4199043793,nan,nan
jkt_a0.120,1,8.5,0.154719806,0.3964766539,0.2275545028,-0.5822007365,0.4635628173,nan,nan
jkt_a0.120,1,9.5,0.1705017194,0.4314042944,0.1953223721,-0.6084380405,0.5269541448,nan,nan
jkt_a0.120,1,10.5,0.1952094095,0.4751581797,0.1542383809,-0.6335940629,0.6205616765,nan,nan
jkt_a0.120,1,11.5,0.2345983379,0.5283766989,0.1035115362,-0.6547771459,0.7605416501,nan,nan
jkt_a0.120,1,12.5,0.2971384432,0.5891333382,0.04342764148,-0.6683189937,0.9706447514,nan,nan
jkt_a0.120,1,13.5,0.3931464916,0.6498103354,-0.02405272059,-0.6702778149,1.282241868,nan,nan
jkt_a0.120,1,14.5,0.5306878509,0.694262922,-0.09500178581,-0.6574123578,1.730739589,nan,nan
jkt_a0.120,1,15.5,0.7083942401,0.6984907322,-0.1639367122,-0.6283712461,2.346813999,nan,nan
jkt_a0.120,1,16.5,0.908172662,0.6376946598,-0.2250480305,-0.5844899832,3.139204822,nan,nan
jkt_a0.120,1,17.5,1.098897044,0.5005117636,-0.2737766498,-0.5296165629,4.102117254,nan,nan
jkt_a0.120,1,18.5,1.243542589,0.2936244412,-0.3079184139,-0.4689638377,5.187167741,nan,nan
jkt_a0.120,1,19.5,1.314769592,0.04353000727,-0.3277415599,-0.4076330128,6.325458664,nan,nan
jkt_a0.120,1,20.5,1.303435303,-0.2142563328,-0.3352793715,-0.3495448477,7.437745322,nan,nan
jkt_a0.120,1,21.5,1.218575148,-0.447360093,-0.3333551274,-0.2970750258,8.451515219,nan,nan
jkt_a0.120,1,22.5,1.080613266,-0.6344481402,-0.3247996968,-0.2512336619,9.312731807,nan,nan
jkt_a0.120,1,23.5,0.913237341,-0.7669266534,-0.3120197748,-0.2120747194,9.991981201,nan,nan
jkt_a0.120,1,24.5,0.7373522845,-0.8464018891,-0.296858761,-0.1791018907,10.48300479,nan,nan
jkt_a0.120,1,25.5,0.5682162685,-0.8805774373,-0.2806275322,-0.1515712079,10.79655355,nan,nan
jkt_a0.120,1,26.5,0.4151683266,-0.879568081,-0.2642043078,-0.1286801028,10.95388521,nan,nan
jkt_a0.120,1,27.5,0.2826782489,-0.8534227157,-0.2481451408,-0.1096688778,10.98099696,nan,nan
jkt_a0.120,1,28.5,0.1717913677,-0.8108215575,-0.2327794653,-0.09386556553,10.90438611,nan,nan
jkt_a0.120,1,29.5,0.08145287875,-0.7586225672,-0.2182837663,-0.08069846746,10.74856507,nan,nan
jkt_a0.120,1.5,0.5,0.1230652538,0.2313236442,0.3355649704,-0.3336493053,0.3066002808,nan,nan
jkt_a0.120,1.5,1.5,0.1234162157,0.2326515885,0.3355697856,-0.3362480997,0.3073441983,nan,nan
jkt_a0.120,1.5,2.5,0.1241298455,0.235355498,0.3355179672,-0.3415062839,0.3089039475,nan,nan
jkt_a0.120,1.5,3.5,0.1252431003,0.2395227944,0.3352793715,-0.3495448477,0.3114190798,nan,nan
jkt_a0.120,1.5,4.5,0.1268155794,0.2453069438,0.3346399077,-0.3605439038,0.3151459606,nan,nan
jkt_a0.120,1.5,5.5,0.1289189045,0.2529268179,0.333276792,-0.3747383149,0.3204427287,nan,nan
jkt_a0.120,1.5,6.5,0.1316961722,0.2626865744,0.3307222738,-0.3924063545,0.3278710819,nan,nan
jkt_a0.120,1.5,7.5,0.1353589054,0.2750054839,0.3263138116,-0.4138445816,0.3382563887,nan,nan
jkt_a0.120,1.5,8.5,0.1402342566,0.2904710335,0.3191302224,-0.4393174763,0.3528614721,nan,nan
jkt_a0.120,1.5,9.5,0.1468697735,0.3098737531,0.3079184139,-0.4689638377,0.3736168357,nan,nan
jkt_a0.120,1.5,10.5,0.1561648564,0.3343007786,0.2910277026,-0.5026345789,0.4035839817,nan,nan
jkt_a0.120,1.5,11.5,0.1697230593,0.3651516368,0.266393998,-0.5396336414,0.4476945417,nan,nan
jkt_a0.120,1.5,12.5,0.1903236574,0.4041457998,0.2316585605,-0.5783498996,0.5141175162,nan,nan
jkt_a0.120,1.5,13.5,0.2229035643,0.4528114128,0.1845561145,-0.615832099,0.6163027565,nan,nan
jkt_a0.120,1.5,14.5,0.2756534698,0.5109966178,0.1237132899,-0.6475040558,0.7757210785,nan,nan
jkt_a0.120,1.5,15.5,0.3602902643,0.5734563762,0.04984215188,-0.6674187787,1.023952792,nan,nan
jkt_a0.120,1.5,16.5,0.4884343241,0.624161922,-0.03311542366,-0.6695029614,1.397959207,nan,nan
jkt_a0.120,1.5,17.5,0.6620417052,0.6377089508,-0.1178440881,-0.649768355,1.937626169,nan,nan
jkt_a0.120,1.5,18.5,0.8645365916,0.5835548238,-0.1953223721,-0.6084380405,2.664297629,nan,nan
jkt_a0.120,1.5,19.5,1.058843882,0.4446489823,-0.2578155981,-0.5503695796,3.570520733,nan,nan
jkt_a0.120,1.5,20.5,1.201242425,0.2298387427,-0.3013433182,-0.483217836,4.612320901,nan,nan
jkt_a0.120,1.5,21.5,1.260884909,-0.02792119008,-0.3261254551,-0.4146256895,5.716021644,nan,nan
jkt_a0.120,1.5,22.5,1.230919864,-0.2864675995,-0.3352504234,-0.3502229043,6.795297491,nan,nan
jkt_a0.120,1.5,23.5,1.126191027,-0.5104862496,-0.3328717532,-0.2930977005,7.772372938,nan,nan
jkt_a0.120,1.5,24.5,0.9727962295,-0.6800082141,-0.3229133573,-0.2442769659,8.592820321,nan,nan
jkt_a0.120,1.5,25.5,0.7975364567,-0.7902969687,-0.3084902179,-0.2035048585,9.229972321,nan,nan
jkt_a0.120,1.5,26.5,0.6216659185,-0.8470503466,-0.2918234213,-0.169900222,9.681591691,nan,nan
jkt_a0.120,1.5,27.5,0.4590121963,-0.8609838397,-0.2743809752,-0.1423798369,9.962493496,nan,nan
jkt_a0.120,1.5,28.5,0.3167790331,-0.8438157895,-0.2570737157,-0.1198840193,10.09673624,nan,nan
jkt_a0.120,1.5,29.5,0.1973657636,-0.8060293058,-0.2404303579,-0.1014747988,10.1115585,nan,nan
jkt_a0.120,2,0.5,0.1194988941,0.1896113143,0.3216046733,-0.2397687249,0.3121605204,nan,nan
jkt_a0.120,2,1.5,0.1197883389,0.1905040645,0.3221327765,-0.2415597551,0.3123664231,nan,nan
jkt_a0.120,2,2.5,0.120372528,0.1923168582,0.3231703604,-0.2451909457,0.3128101886,nan,nan
jkt_a0.120,2,3.5,0.1212717883,0.195094849,0.3246769945,-0.2507625135,0.3135459945,nan,nan
jkt_a0.120,2,4.5,0.1225168777,0.198922057,0.3265835708,-0.2584296149,0.3146882042,nan,nan
jkt_a0.120,2,5.5,0.1241388603,0.2039143498,0.32878067,-0.2684078964,0.3163743093,nan,nan
jkt_a0.120,2,6.5,0.1262041873,0.21023013,0.3311003525,-0.2809802069,0.3188305169,nan,nan
jkt_a0.120,2,7.5,0.1288050687,0.2180828254,0.3332885963,-0.2965031975,0.3223735488,nan,nan
jkt_a0.120,2,8.5,0.1320658025,0.2277692705,0.3349643818,-0.3154110272,0.3274683321,nan,nan
jkt_a0.120,2,9.5,0.136187108,0.2396824486,0.3355600851,-0.3382104521,0.3347973431,nan,nan
jkt_a0.120,2,10.5,0.141459226,0.2543661132,0.3342370248,-0.3654561098,0.3453824318,nan,nan
jkt_a0.120,2,11.5,0.1483869412,0.2725496697,0.3297715806,-0.3976852413,0.3608129626,nan,nan
jkt_a0.120,2,12.5,0.1577565913,0.29525491,0.320415915,-0.4352759442,0.3836032801,nan,nan
jkt_a0.120,2,13.5,0.1709664436,0.3238502509,0.3037628298,-0.4781737077,0.4178851251,nan,nan
jkt_a0.120,2,14.5,0.1905031951,0.3601034827,0.2767031862,-0.5254201128,0.4706506518,nan,nan
jkt_a0.120,2,15.5,0.2209105417,0.4059590207,0.2356707295,-0.5744571531,0.554036532,nan,nan
jkt_a0.120,2,16.5,0.2706910723,0.4617980554,0.1774897435,-0.6203597448,0.6881996187,nan,nan
jkt_a0.120,2,17.5,0.3517748195,0.5235810764,0.1010908634,-0.6555519967,0.9043450056,nan,nan
jkt_a0.120,2,18.5,0.4783937382,0.5757022502,0.009761593611,-0.6709989294,1.244171192,nan,nan
jkt_a0.120,2,19.5,0.6547520302,0.5882012635,-0.08762773,-0.6594978091,1.750232671,nan,nan
jkt_a0.120,2,20.5,0.8612622796,0.5260449412,-0.1785093009,-0.6197217846,2.448774707,nan,nan
jkt_a0.120,2,21.5,1.053302146,0.3712718158,-0.2515181592,-0.5577104162,3.332301714,nan,nan
jkt_a0.120,2,22.5,1.180840747,0.1391384039,-0.3009293783,-0.4840596932,4.351692844,nan,nan
jkt_a0.120,2,23.5,1.213899454,-0.1277425599,-0.327397668,-0.4091796213,5.425261312,nan,nan
jkt_a0.120,2,24.5,1.15317428,-0.381217871,-0.3355387519,-0.3401841655,6.461075565,nan,nan
jkt_a0.120,2,25.5,1.022262287,-0.5866615187,-0.3310113379,-0.2804430323,7.380807239,nan,nan
jkt_a0.120,2,26.5,0.8527357993,-0.7293406762,-0.3187392944,-0.2306285696,8.134522491,nan,nan
jkt_a0.120,2,27.5,0.6725841538,-0.8106790165,-0.3023349025,-0.1899643335,8.702997757,nan,nan
jkt_a0.120,2,28.5,0.5012384588,-0.8410685936,-0.2841841579,-0.1571134593,9.09131656,nan,nan
jkt_a0.120,2,29.5,0.3494872103,-0.8337539821,-0.2657475886,-0.1306662011,9.319607052,nan,nan
jkt_a0.120,2.5,0.5,0.1147426448,0.1598434858,0.2952370707,-0.1760630647,0.3276471625,nan,nan
jkt_a0.120,2.5,1.5,0.1149898631,0.1604838283,0.2958861551,-0.1772703642,0.3276171662,nan,nan
jkt_a0.120,2.5,2.5,0.1154869842,0.161781792,0.2971826538,-0.1797179417,0.3275732024,nan,nan
jkt_a0.120,2.5,3.5,0.1162477376,0.163762322,0.2991220907,-0.1834734118,0.3275359354,nan,nan
jkt_a0.120,2.5,4.5,0.1172914809,0.1664768905,0.3016947002,-0.1886424326,0.327567083,nan,nan
jkt_a0.120,2.5,5.5,0.1186345565,0.1699936912,0.3048811271,-0.1953740413,0.3277216308,nan,nan
jkt_a0.120,2.5,6.5,0.1203163075,0.1744035666,0.3086454952,-0.2038681596,0.3281042062,nan,nan
jkt_a0.120,2.5,7.5,0.1223892787,0.179828286,0.3129245069,-0.2143855153,0.3288601303,nan,nan
jkt_a0.120,2.5,8.5,0.1249150865,0.1864329997,0.3176104559,-0.2272600894,0.3301853531,nan,nan
jkt_a0.120,2.5,9.5,0.1279929393,0.1944321373,0.322524837,-0.2429137392,0.3323698881,nan,nan
jkt_a0.120,2.5,10.5,0.1317484474,0.2041143269,0.3273774588,-0.2618714897,0.3358145812,nan,nan
jkt_a0.120,2.5,11.5,0.1363987341,0.215862676,0.3317034744,-0.2847733709,0.3411482996,nan,nan
jkt_a0.120,2.5,12.5,0.142233034,0.230204692,0.3347677151,-0.3123731183,0.3492759251,nan,nan
jkt_a0.120,2.5,13.5,0.1497404061,0.2478584852,0.3354234443,-0.3455029021,0.3616336244,nan,nan
jkt_a0.120,2.5,14.5,0.1597120675,0.2698196089,0.3319156205,-0.3849623825,0.3805118364,nan,nan
jkt_a0.120,2.5,15.5,0.1734921558,0.2974778463,0.321639282,-0.431255957,0.4097403571,nan,nan
jkt_a0.120,2.5,16.5,0.193818547,0.3326327971,0.3009293783,-0.4840596932,0.4562106932,nan,nan
jkt_a0.120,2.5,17.5,0.2249840047,0.3772851156,0.2651137911,-0.5412941144,0.5311588746,nan,nan
jkt_a0.120,2.5,18.5,0.2757717593,0.4323447083,0.2093197327,-0.5978542659,0.6553909829,nan,nan
jkt_a0.120,2.5,19.5,0.3600858482,0.4932654376,0.1306713857,-0.6446538391,0.8620582942,nan,nan
jkt_a0.120,2.5,20.5,0.4935913632,0.5421727868,0.03182275162,-0.6696286274,1.196185134,nan,nan
jkt_a0.120,2.5,21.5,0.6793296639,0.543725636,-0.07644017107,-0.6623187528,1.703286025,nan,nan
jkt_a0.120,2.5,22.5,0.8899940003,0.459002222,-0.1774897435,-0.6203597448,2.408490927,nan,nan
jkt_a0.120,2.5,23.5,1.070444646,0.2750173014,-0.2564416457,-0.5520080418,3.297079722,nan,nan
jkt_a0.120,2.5,24.5,1.167482113,0.02029971468,-0.3068204938,-0.4714701562,4.308874173,nan,nan
jkt_a0.120,2.5,25.5,1.159241395,-0.2510204184,-0.3308502191,-0.3916567668,5.352158966,nan,nan
jkt_a0.120,2.5,26.5,1.059463779,-0.4886338853,-0.33522451,-0.3203366894,6.331549462,nan,nan
jkt_a0.120,2.5,27.5,0.9014829147,-0.6640843288,-0.3270403751,-0.2603897992,7.173792417,nan,nan
jkt_a0.120,2.5,28.5,0.7200523326,-0.7715778011,-0.311868288,-0.2116926625,7.839541535,nan,nan
jkt_a0.120,2.5,29.5,0.5412499031,-0.8197880958,-0.2934499253,-0.1727986002,8.320992923,nan,nan
jkt_a0.120,3,0.5,0.1096439243,0.1375201848,0.2674551323,-0.1329000664,0.3468098428,nan,nan
jkt_a0.120,3,1.5,0.1098581724,0.1380009821,0.2680785643,-0.1337254214,0.3466693337,nan,nan
jkt_a0.120,3,2.5,0.1102879285,0.1389743954,0.2693293237,-0.1353974057,0.3463965302,nan,nan
jkt_a0.120,3,3.5,0.1109439759,0.1404545833,0.2712148753,-0.1379596614,0.3459976821,nan,nan
jkt_a0.120,3,4.5,0.1118396007,0.1424762776,0.2737455232,-0.1414804682,0.3455127319,nan,nan
jkt_a0.120,3,5.5,0.1129839616,0.1450821637,0.2769330998,-0.1460563583,0.3449570644,nan,nan
jkt_a0.120,3,6.5,0.1144045978,0.1483288979,0.2807887632,-0.1518173455,0.3443869476,nan,nan
jkt_a0.120,3,7.5,0.1161357556,0.1522925884,0.285319383,-0.1589341488,0.3438783565,nan,nan
jkt_a0.120,3,8.5,0.1182141549,0.1570729878,0.2905216639,-0.1676279111,0.3435185667,nan,nan
jkt_a0.120,3,9.5,0.1206991385,0.1627985285,0.2963726232,-0.1781830229,0.3434488144,nan,nan
jkt_a0.120,3,10.5,0.1236586458,0.1696365043,0.3028141655,-0.1909636879,0.3438419474,nan,nan
jkt_a0.120,3,11.5,0.1272102936,0.1778071801,0.309728082,-0.2064346676,0.3449943775,nan,nan
jkt_a0.120,3,12.5,0.1314906324,0.1876022719,0.3168955198,-0.2251858253,0.3472765398,nan,nan
jkt_a0.120,3,13.5,0.1367223622,0.1994131748,0.3239314243,-0.2479578418,0.3512828677,nan,nan
jkt_a0.120,3,14.5,0.1432325734,0.2137720635,0.3301793347,-0.2756609785,0.3578996119,nan,nan
jkt_a0.120,3,15.5,0.1515216483,0.2314167649,0.3345457874,-0.3093663412,0.3685070191,nan,nan
jkt_a0.120,3,16.5,0.1625837427,0.2534102818,0.3352504234,-0.3502229043,0.3856654216,nan,nan
jkt_a0.120,3,17.5,0.177715205,0.2811014541,0.3294819644,-0.3992036004,0.4128095913,nan,nan
jkt_a0.120,3,18.5,0.1997560043,0.31643425,0.3130210083,-0.4565059424,0.4570571671,nan,nan
jkt_a0.120,3,19.5,0.2339111687,0.36152554,0.280100448,-0.520371117,0.5309068197,nan,nan
jkt_a0.120,3,20.5,0.2899982971,0.4170456117,0.2242052113,-0.5852493905,0.656914518,nan,nan
jkt_a0.120,3,21.5,0.3840200414,0.4766531477,0.1409261204,-0.6401149966,0.8721209939,nan,nan
jkt_a0.120,3,22.5,0.5325251082,0.5169580898,0.03311542366,-0.6695029614,1.225886586,nan,nan
jkt_a0.120,3,23.5,0.7324876472,0.4949859558,-0.08515426124,-0.6601568096,1.763987533,nan,nan
jkt_a0.120,3,24.5,0.942165382,0.3718940843,-0.1924276484,-0.610487076,2.504084816,nan,nan
jkt_a0.120,3,25.5,1.095389673,0.149195543,-0.2713723531,-0.5329649635,3.416707505,nan,nan
jkt_a0.120,3,26.5,1.143837133,-0.1252445212,-0.3169403003,-0.4458264731,4.425116025,nan,nan
jkt_a0.120,3,27.5,1.082900793,-0.3884992386,-0.3344191994,-0.3633434649,5.427846683,nan,nan
jkt_a0.120,3,28.5,0.9425497817,-0.5956050796,-0.332799388,-0.2925343503,6.331860842,nan,nan
jkt_a0.120,3,29.5,0.7632469269,-0.7301844559,-0.3201223814,-0.2349265374,7.076321317,nan,nan
jkt_a0.120,3.5,0.5,0.1045927335,0.120174174,0.2419473156,-0.1030429732,0.3670157418,nan,nan
jkt_a0.120,3.5,1.5,0.1047801201,0.1205476308,0.2425021742,-0.1036216916,0.3668228212,nan,nan
jkt_a0.120,3.5,2.5,0.1051551801,0.1213030745,0.2436170608,-0.1047929408,0.3664402478,nan,nan
jkt_a0.120,3.5,3.5,0.1057275986,0.1224486726,0.2453022791,-0.106585029,0.3658701798,nan,nan
jkt_a0.120,3.5,4.5,0.1065062849,0.1240096268,0.2475731692,-0.10904218,0.3651407616,nan,nan
jkt_a0.120,3.5,5.5,0.107496909,0.1260133195,0.250449887,-0.1122268011,0.3642451125,nan,nan
jkt_a0.120,3.5,6.5,0.1087203798,0.1284981144,0.2539569514,-0.1162227845,0.3632206107,nan,nan
jkt_a0.120,3.5,7.5,0.1102007074,0.13151456,0.2581223746,-0.1211401083,0.3621097169,nan,nan
jkt_a0.120,3.5,8.5,0.1119626163,0.1351270189,0.2629760662,-0.1271211263,0.3609506931,nan,nan
jkt_a0.120,3.5,9.5,0.1140458452,0.1394181775,0.2685469962,-0.1343490717,0.3598192758,nan,nan
jkt_a0.120,3.5,10.5,0.1164930365,0.1444925489,0.2748582621,-0.1430594937,0.3587919807,nan,nan
jkt_a0.120,3.5,11.5,0.1193778522,0.1504872481,0.2819186195,-0.1535555469,0.3580284231,nan,nan
jkt_a0.120,3.5,12.5,0.1227777369,0.157576882,0.2897080516,-0.166228257,0.3576902161,nan,nan
jkt_a0.120,3.5,13.5,0.1268158146,0.1659923337,0.2981532712,-0.1815829149,0.3580579235,nan,nan
jkt_a0.120,3.5,14.5,0.1316597371,0.1760387601,0.3070861994,-0.2002722571,0.3595238744,nan,nan
jkt_a0.120,3.5,15.5,0.1375452884,0.1881258588,0.3161737398,-0.2231351264,0.3626590241,nan,nan
jkt_a0.120,3.5,16.5,0.1449254491,0.2028589594,0.3247996968,-0.2512336619,0.3686256159,nan,nan
jkt_a0.120,3.5,17.5,0.154283065,0.2209531667,0.3318692238,-0.2858677688,0.3785285547,nan,nan
jkt_a0.120,3.5,18.5,0.166674445,0.2435479353,0.3354962332,-0.328512304,0.3950323622,nan,nan
jkt_a0.120,3.5,19.5,0.1838475656,0.2721775137,0.3325420196,-0.3805520816,0.4223915516,nan,nan
jkt_a0.120,3.5,20.5,0.2090537293,0.308884492,0.3180559387,-0.4425656103,0.4683565577,nan,nan
jkt_a0.120,3.5,21.5,0.2486162644,0.3558102894,0.2849650255,-0.5127779032,0.5474736756,nan,nan
jkt_a0.120,3.5,22.5,0.3146243157,0.4126652177,0.2250480305,-0.5844899832,0.6864595869,nan,nan
jkt_a0.120,3.5,23.5,0.4259070863,0.4687244824,0.1329694807,-0.6436721696,0.9284823287,nan,nan
jkt_a0.120,3.5,24.5,0.597076269,0.4908899313,0.01366345558,-0.6708626561,1.327000028,nan,nan
jkt_a0.120,3.5,25.5,0.8107453392,0.4284672457,-0.113104215,-0.6515055529,1.923129206,nan,nan
jkt_a0.120,3.5,26.5,1.004770631,0.2524495967,-0.2207973546,-0.5882680527,2.718504387,nan,nan
jkt_a0.120,3.5,27.5,1.108494923,-0.009398803974,-0.292469176,-0.5000980398,3.66125311,nan,nan
jkt_a0.120,3.5,28.5,1.091998207,-0.2893818046,-0.3275706895,-0.4084057879,4.656008573,nan,nan
jkt_a0.120,3.5,29.5,0.9750785396,-0.5254113791,-0.3354507292,-0.3266067402,5.596897845,nan,nan
jkt_a0.120,4,0.5,0.09976212312,0.1063277822,0.2195977606,-0.08182972857,0.387078602,nan,nan
jkt_a0.120,4,1.5,0.09992728058,0.1066255445,0.2200786687,-0.08224672481,0.3868623052,nan,nan
jkt_a0.120,4,2.5,0.100257091,0.1072273058,0.2210454553,-0.08308988262,0.3864282424,nan,nan
jkt_a0.120,4,3.5,0.1007610291,0.1081383524,0.2225081184,-0.08437795908,0.385782802,nan,nan
jkt_a0.120,4,4.5,0.1014444678,0.1093774045,0.2244817918,-0.08614018829,0.3849428671,nan,nan
jkt_a0.120,4,5.5,0.1023116885,0.1109624119,0.2269868847,-0.08841769438,0.3838904027,nan,nan
jkt_a0.120,4,6.5,0.1033788536,0.112921078,0.2300492199,-0.09126554431,0.3826542925,nan,nan
jkt_a0.120,4,7.5,0.1046637831,0.1152884742,0.2337001129,-0.09475560851,0.3812592291,nan,nan
jkt_a0.120,4,8.5,0.106184439,0.1181083829,0.2379762868,-0.09898047189,0.3797197553,nan,nan
jkt_a0.120,4,9.5,0.1079693737,0.1214370323,0.2429194495,-0.1040587395,0.3780793857,nan,nan
jkt_a0.120,4,10.5,0.1100480038,0.1253437096,0.2485752295,-0.1101422207,0.3763697215,nan,nan
jkt_a0.120,4,11.5,0.1124708958,0.1299192125,0.2549909522,-0.1174256682,0.3746861307,nan,nan
jkt_a0.120,4,12.5,0.1152877359,0.1352752523,0.2622113594,-0.1261600039,0.3730982551,nan,nan
jkt_a0.120,4,13.5,0.1185760729,0.1415578601,0.2702707172,-0.1366702948,0.371751449,nan,nan
jkt_a0.120,4,14.5,0.1224358149,0.1489551531,0.2791785978,-0.1493801083,0.3708356392,nan,nan
jkt_a0.120,4,15.5,0.1269999521,0.1577119641,0.2888945643,-0.1648441657,0.3706109733,nan,nan
jkt_a0.120,4,16.5,0.1325131354,0.1681943306,0.2992833668,-0.1837910029,0.3716999427,nan,nan
jkt_a0.120,4,17.5,0.1391964153,0.1807944128,0.3100359353,-0.2071755361,0.374430164,nan,nan
jkt_a0.120,4,18.5,0.1475387263,0.1961642741,0.32053086,-0.2362351388,0.3800013274,nan,nan
jkt_a0.120,4,19.5,0.1582617659,0.2151701954,0.3295949258,-0.272525049,0.3900707466,nan,nan
jkt_a0.120,4,20.5,0.1725836529,0.2390392444,0.3351029923,-0.3178638393,0.4074639882,nan,nan
jkt_a0.120,4,21.5,0.1926831231,0.269491699,0.3333607721,-0.374017002,0.4372296342,nan,nan
jkt_a0.120,4,22.5,0.2227529771,0.3087511947,0.3183283611,-0.4417523642,0.4888934144,nan,nan
jkt_a0.120,4,23.5,0.2711329926,0.3586936247,0.281205322,-0.5186854802,0.5807750426,nan,nan
jkt_a0.120,4,24.5,0.3534594667,0.4164940654,0.2120227307,-0.5956741066,0.7464103909,nan,nan
jkt_a0.120,4,25.5,0.4909901388,0.4626546111,0.1059233865,-0.6539849424,1.036919443,nan,nan
jkt_a0.120,4,26.5,0.6891826066,0.450041365,-0.02664520509,-0.6700814162,1.506518044,nan,nan
jkt_a0.120,4,27.5,0.904816625,0.3270378526,-0.1574990637,-0.6318837924,2.182701742,nan,nan
jkt_a0.120,4,28.5,1.056745357,0.09178692554,-0.2571304375,-0.5511892962,3.041517751,nan,nan
jkt_a0.120,4,29.5,1.087260909,-0.1945712543,-0.3139660072,-0.4540309548,4.003672929,nan,nan
jkt_a0.125,-6,0.5,-0.707915256,-0.5183003158,-0.15695205,-0.03896704063,29.43438941,nan,nan
jkt_a0.125,-6,1.5,-0.7062654497,-0.5159192286,-0.1566852392,-0.03882600732,29.35726713,nan,nan
jkt_a0.125,-6,2.5,-0.7029839717,-0.5112050484,-0.1561541305,-0.03854618167,29.2044602,nan,nan
jkt_a0.125,-6,3.5,-0.6980942204,-0.5042407762,-0.1553636967,-0.03813196867,28.97766748,nan,nan
jkt_a0.125,-6,4.5,-0.6916405084,-0.4951556335,-0.1543212666,-0.03758978776,28.68021206,nan,nan
jkt_a0.125,-6,5.5,-0.6836810858,-0.484110964,-0.1530363732,-0.0369278595,28.31621059,nan,nan
jkt_a0.125,-6,6.5,-0.6742844089,-0.471297408,-0.1515205585,-0.03615594016,27.89038965,nan,nan
jkt_a0.125,-6,7.5,-0.6635301906,-0.4569252423,-0.1497871425,-0.03528501872,27.40791961,nan,nan
jkt_a0.125,-6,8.5,-0.6515153082,-0.441225689,-0.1478509627,-0.03432699181,26.87497175,nan,nan
jkt_a0.125,-6,9.5,-0.6383417604,-0.4244329486,-0.1457280922,-0.03329433221,26.29754084,nan,nan
jkt_a0.125,-6,10.5,-0.6241277525,-0.4067899175,-0.1434355466,-0.0321997656,25.68248812,nan,nan
jkt_a0.125,-6,11.5,-0.6089855715,-0.3885222328,-0.1409909875,-0.03105596824,25.03548728,nan,nan
jkt_a0.125,-6,12.5,-0.5930474858,-0.3698598559,-0.1384124304,-0.02987529594,24.36352213,nan,nan
jkt_a0.125,-6,13.5,-0.5764384827,-0.3510086005,-0.1357179674,-0.02866955169,23.67241967,nan,nan
jkt_a0.125,-6,14.5,-0.5592875881,-0.3321595656,-0.1329255085,-0.02744979638,22.9680228,nan,nan
jkt_a0.125,-6,15.5,-0.5417219666,-0.3134830242,-0.1300525494,-0.02622620432,22.25575967,nan,nan
jkt_a0.125,-6,16.5,-0.5238699978,-0.2951372466,-0.1271159683,-0.02500796271,21.54126675,nan,nan
jkt_a0.125,-6,17.5,-0.5058397236,-0.2772289089,-0.1241318549,-0.02380321238,20.82774527,nan,nan
jkt_a0.125,-6,18.5,-0.4877474229,-0.2598735923,-0.1211153732,-0.02261902535,20.11993989,nan,nan
jkt_a0.125,-6,19.5,-0.4696936152,-0.2431521502,-0.1180806566,-0.02146141432,19.42114502,nan,nan
jkt_a0.125,-6,20.5,-0.4517731252,-0.2271289047,-0.1150407353,-0.02033536796,18.73449645,nan,nan
jkt_a0.125,-6,21.5,-0.4340721261,-0.211850809,-0.1120074923,-0.01924490672,18.06275683,nan,nan
jkt_a0.125,-6,22.5,-0.4166609365,-0.1973445039,-0.108991647,-0.01819315321,17.40771752,nan,nan
jkt_a0.125,-6,23.5,-0.3996023265,-0.1836244932,-0.1060027603,-0.01718241252,16.77098374,nan,nan
jkt_a0.125,-6,24.5,-0.3829514702,-0.1706947016,-0.1030492603,-0.0162142578,16.15398513,nan,nan
jkt_a0.125,-6,25.5,-0.3667522178,-0.1585476553,-0.1001384838,-0.01528961763,15.55764066,nan,nan
jkt_a0.125,-6,26.5,-0.3510393965,-0.1471675886,-0.09727672897,-0.01440886219,14.9825547,nan,nan
jkt_a0.125,-6,27.5,-0.3358399077,-0.1365323904,-0.09446931864,-0.01357188589,14.42909349,nan,nan
jkt_a0.125,-6,28.5,-0.3211731513,-0.1266149294,-0.0917206687,-0.01277818499,13.89739349,nan,nan
jkt_a0.125,-6,29.5,-0.3070521558,-0.1173845875,-0.08903436056,-0.01202692892,13.38742841,nan,nan
jkt_a0.125,-5.5,0.5,-0.791482945,-0.7158127461,-0.1693481936,-0.04586591423,36.99613115,nan,nan
jkt_a0.125,-5.5,1.5,-0.7897054294,-0.7123009482,-0.1690414722,-0.04568683649,36.8859176,nan,nan
jkt_a0.125,-5.5,2.5,-0.7861648847,-0.7053516005,-0.1684310498,-0.04533173763,36.6676524,nan,nan
jkt_a0.125,-5.5,3.5,-0.780876073,-0.6950947125,-0.1675229031,-0.04480661867,36.34411519,nan,nan
jkt_a0.125,-5.5,4.5,-0.7738728255,-0.6817310277,-0.1663258391,-0.0441202074,35.92046017,nan,nan
jkt_a0.125,-5.5,5.5,-0.7652019819,-0.6655105059,-0.1648513103,-0.04328364883,35.40304753,nan,nan
jkt_a0.125,-5.5,6.5,-0.7549195392,-0.6467284677,-0.1631131772,-0.04231012195,34.79924312,nan,nan
jkt_a0.125,-5.5,7.5,-0.7430942313,-0.6257096113,-0.1611274253,-0.04121440479,34.11708414,nan,nan
jkt_a0.125,-5.5,8.5,-0.7298155016,-0.6028088021,-0.1589118444,-0.04001241137,33.36598672,nan,nan
jkt_a0.125,-5.5,9.5,-0.7151810999,-0.578384339,-0.1564856818,-0.03872072396,32.55513896,nan,nan
jkt_a0.125,-5.5,10.5,-0.6993106546,-0.5528048331,-0.1538692792,-0.03735614231,31.69482991,nan,nan
jkt_a0.125,-5.5,11.5,-0.6823210635,-0.5264116474,-0.1510837056,-0.03593526809,30.79370854,nan,nan
jkt_a0.125,-5.5,12.5,-0.6643562845,-0.499548485,-0.148150396,-0.03447413909,29.86202963,nan,nan
jkt_a0.125,-5.5,13.5,-0.6455561432,-0.4725208786,-0.1450908076,-0.0329879228,28.90839446,nan,nan
jkt_a0.125,-5.5,14.5,-0.6260689058,-0.4456091867,-0.1419261018,-0.03149067464,27.94126975,nan,nan
jkt_a0.125,-5.5,15.5,-0.6060439839,-0.4190600002,-0.1386768594,-0.02999516177,26.96841216,nan,nan
jkt_a0.125,-5.5,16.5,-0.5856345579,-0.3930997613,-0.1353628343,-0.02851274998,25.99777063,nan,nan
jkt_a0.125,-5.5,17.5,-0.5649732276,-0.3678757075,-0.1320027497,-0.02705334827,25.03370919,nan,nan
jkt_a0.125,-5.5,18.5,-0.5442021711,-0.3435474367,-0.128614137,-0.02562540373,24.08272137,nan,nan
jkt_a0.125,-5.5,19.5,-0.5234464739,-0.3202217767,-0.1252132173,-0.02423593845,23.14917227,nan,nan
jkt_a0.125,-5.5,20.5,-0.5028246351,-0.2979802102,-0.1218148241,-0.02289061944,22.23709944,nan,nan
jkt_a0.125,-5.5,21.5,-0.482444736,-0.2768782557,-0.1184323625,-0.02159385328,21.3499456,nan,nan
jkt_a0.125,-5.5,22.5,-0.4623958418,-0.2569421962,-0.1150778013,-0.02034889716,20.48983366,nan,nan
jkt_a0.125,-5.5,23.5,-0.4427573196,-0.2381807388,-0.1117616942,-0.01915797965,19.65857196,nan,nan
jkt_a0.125,-5.5,24.5,-0.4235986439,-0.2205876012,-0.1084932234,-0.01802242514,18.8576788,nan,nan
jkt_a0.125,-5.5,25.5,-0.4049750831,-0.204140901,-0.1052802624,-0.01694277712,18.08798538,nan,nan
jkt_a0.125,-5.5,26.5,-0.3869303652,-0.1888077129,-0.1021294517,-0.01591891687,17.3498962,nan,nan
jkt_a0.125,-5.5,27.5,-0.3694980061,-0.1745469684,-0.09904628514,-0.01495017475,16.64349622,nan,nan
jkt_a0.125,-5.5,28.5,-0.3527019032,-0.1613114598,-0.09603520147,-0.01403543239,15.96857317,nan,nan
jkt_a0.125,-5.5,29.5,-0.336557752,-0.1490500413,-0.09309967909,-0.01317321492,15.3247088,nan,nan
jkt_a0.125,-5,0.5,-0.8532052549,-1.015427694,-0.1836433701,-0.05470991216,47.9070114,nan,nan
jkt_a0.125,-5,1.5,-0.8516229212,-1.010137021,-0.1832886967,-0.05447832498,47.74378103,nan,nan
jkt_a0.125,-5,2.5,-0.8484556492,-0.9996719555,-0.1825829739,-0.05401941255,47.42071747,nan,nan
jkt_a0.125,-5,3.5,-0.8436839801,-0.9842381347,-0.1815333754,-0.05334153111,46.94251778,nan,nan
jkt_a0.125,-5,4.5,-0.8372947295,-0.9641511321,-0.180150476,-0.05245680679,46.317503,nan,nan
jkt_a0.125,-5,5.5,-0.8292797932,-0.9398031831,-0.1784480349,-0.05138067573,45.55590432,nan,nan
jkt_a0.125,-5,6.5,-0.8196328757,-0.9116578863,-0.1764427118,-0.05013131752,44.66964281,nan,nan
jkt_a0.125,-5,7.5,-0.8083602767,-0.8802238914,-0.1741537275,-0.04872901637,43.67168492,nan,nan
jkt_a0.125,-5,8.5,-0.7954929496,-0.8460545989,-0.1716024747,-0.04719548669,42.57695158,nan,nan
jkt_a0.125,-5,9.5,-0.7810769333,-0.809707544,-0.1688120931,-0.04555319889,41.40003765,nan,nan
jkt_a0.125,-5,10.5,-0.7651907721,-0.7717526205,-0.165807021,-0.04382473808,40.15693931,nan,nan
jkt_a0.125,-5,11.5,-0.7479208119,-0.7327163521,-0.1626125384,-0.04203222265,38.86127117,nan,nan
jkt_a0.125,-5,12.5,-0.7293943802,-0.693123362,-0.1592543159,-0.04019680294,37.52860335,nan,nan
jkt_a0.125,-5,13.5,-0.7097459531,-0.653437211,-0.1557579838,-0.03833825302,36.17202025,nan,nan
jkt_a0.125,-5,14.5,-0.6891301011,-0.6140786702,-0.1521487344,-0.03647466102,34.80414621,nan,nan
jkt_a0.125,-5,15.5,-0.6677122813,-0.5754132845,-0.1484509668,-0.03462221733,33.43635664,nan,nan
jkt_a0.125,-5,16.5,-0.6456688424,-0.537772689,-0.1446879828,-0.0327950946,32.08012401,nan,nan
jkt_a0.125,-5,17.5,-0.6231636316,-0.501364736,-0.140881738,-0.03100540927,30.74148326,nan,nan
jkt_a0.125,-5,18.5,-0.6003708709,-0.4664146823,-0.1370526498,-0.02926325246,29.42946553,nan,nan
jkt_a0.125,-5,19.5,-0.5774505575,-0.4330660324,-0.1332194615,-0.02757677622,28.1498839,nan,nan
jkt_a0.125,-5,20.5,-0.5545566061,-0.401422735,-0.1293991597,-0.02595232165,26.9079252,nan,nan
jkt_a0.125,-5,21.5,-0.5318314823,-0.3715491464,-0.1256069393,-0.02439457581,25.70781761,nan,nan
jkt_a0.125,-5,22.5,-0.5093955604,-0.3434665894,-0.1218562101,-0.02290674587,24.55194527,nan,nan
jkt_a0.125,-5,23.5,-0.487356939,-0.3171704453,-0.1181586394,-0.02149074086,23.44217356,nan,nan
jkt_a0.125,-5,24.5,-0.4658107786,-0.292634475,-0.1145242224,-0.02014735288,22.37990186,nan,nan
jkt_a0.125,-5,25.5,-0.444834169,-0.2698107157,-0.1109613741,-0.01887643188,21.36559177,nan,nan
jkt_a0.125,-5,26.5,-0.4244890372,-0.2486363213,-0.1074770374,-0.01767704957,20.39912449,nan,nan
jkt_a0.125,-5,27.5,-0.4048236699,-0.2290379687,-0.1040768002,-0.01654764953,19.4799561,nan,nan
jkt_a0.125,-5,28.5,-0.3858734941,-0.2109349285,-0.1007650183,-0.015486182,18.60716394,nan,nan
jkt_a0.125,-5,29.5,-0.3676628431,-0.1942422835,-0.09754493894,-0.01449022268,17.77957397,nan,nan
jkt_a0.125,-4.5,0.5,-0.8257176937,-1.465694017,-0.2002145394,-0.06627197666,63.62873896,nan,nan
jkt_a0.125,-4.5,1.5,-0.8252831019,-1.457701013,-0.1998026125,-0.06596621125,63.37967178,nan,nan
jkt_a0.125,-4.5,2.5,-0.824358068,-1.441893342,-0.198983058,-0.06536076822,62.88707795,nan,nan
jkt_a0.125,-4.5,3.5,-0.8228207012,-1.418588333,-0.1977643951,-0.06446756639,62.15909957,nan,nan
jkt_a0.125,-4.5,4.5,-0.8205126727,-1.388272043,-0.1961592038,-0.06330385975,61.20961784,nan,nan
jkt_a0.125,-4.5,5.5,-0.8172535353,-1.351549046,-0.1941838869,-0.06189153697,60.05564811,nan,nan
jkt_a0.125,-4.5,6.5,-0.8128399836,-1.309135644,-0.1918583529,-0.06025626273,58.7170835,nan,nan
jkt_a0.125,-4.5,7.5,-0.8070759478,-1.261818637,-0.1892056267,-0.05842651621,57.2154807,nan,nan
jkt_a0.125,-4.5,8.5,-0.7997936035,-1.210453784,-0.186251393,-0.05643258487,55.57522455,nan,nan
jkt_a0.125,-4.5,9.5,-0.7908556875,-1.155904212,-0.1830234857,-0.05430556998,53.820174,nan,nan
jkt_a0.125,-4.5,10.5,-0.78017967,-1.099050446,-0.1795513389,-0.05207645414,51.97593469,nan,nan
jkt_a0.125,-4.5,11.5,-0.7677205627,-1.040706651,-0.1758654167,-0.04977527144,50.06448123,nan,nan
jkt_a0.125,-4.5,12.5,-0.7535046874,-0.9816794395,-0.1719966445,-0.04743040925,48.110087,nan,nan
jkt_a0.125,-4.5,13.5,-0.7375982812,-0.9226797452,-0.167975859,-0.04506805848,46.13311254,nan,nan
jkt_a0.125,-4.5,14.5,-0.720117932,-0.8643484153,-0.1638332994,-0.04271181754,44.15277684,nan,nan
jkt_a0.125,-4.5,15.5,-0.7012185619,-0.8072373998,-0.1595981519,-0.04038244477,42.18605757,nan,nan
jkt_a0.125,-4.5,16.5,-0.6810849072,-0.7518426821,-0.1552981621,-0.03809774661,40.24974702,nan,nan
jkt_a0.125,-4.5,17.5,-0.6599208529,-0.6984662847,-0.1509593218,-0.03587258297,38.35220115,nan,nan
jkt_a0.125,-4.5,18.5,-0.6379393753,-0.6474345456,-0.1466056315,-0.03371896823,36.50603471,nan,nan
jkt_a0.125,-4.5,19.5,-0.615354512,-0.5989461556,-0.1422589405,-0.0316462456,34.7188904,nan,nan
jkt_a0.125,-4.5,20.5,-0.5923791108,-0.5531373439,-0.1379388558,-0.02966131291,32.99726353,nan,nan
jkt_a0.125,-4.5,21.5,-0.5692164192,-0.5100829937,-0.1336627166,-0.02776888049,31.3460987,nan,nan
jkt_a0.125,-4.5,22.5,-0.5460460907,-0.4697933447,-0.1294456225,-0.02597174401,29.76771442,nan,nan
jkt_a0.125,-4.5,23.5,-0.5230327097,-0.4322395171,-0.1253005066,-0.02427105887,28.26359513,nan,nan
jkt_a0.125,-4.5,24.5,-0.500323819,-0.3973607232,-0.1212382442,-0.0226666054,26.83449934,nan,nan
jkt_a0.125,-4.5,25.5,-0.4780434961,-0.3650652155,-0.1172677868,-0.02115703756,25.47990521,nan,nan
jkt_a0.125,-4.5,26.5,-0.4562950133,-0.3352407418,-0.1133963139,-0.01974010997,24.19851393,nan,nan
jkt_a0.125,-4.5,27.5,-0.4351623464,-0.3077613518,-0.1096293935,-0.01841288078,22.98848008,nan,nan
jkt_a0.125,-4.5,28.5,-0.4147110974,-0.2824921713,-0.105971147,-0.01717188909,21.84749788,nan,nan
jkt_a0.125,-4.5,29.5,-0.3949906556,-0.2592942,-0.1024244123,-0.01601330751,20.77298142,nan,nan
jkt_a0.125,-4,0.5,-0.5472741124,-2.086366104,-0.2194777917,-0.08172595214,84.82158002,nan,nan
jkt_a0.125,-4,1.5,-0.5503947225,-2.074883071,-0.2189989473,-0.081312724,84.43980335,nan,nan
jkt_a0.125,-4,2.5,-0.556440187,-2.052160021,-0.2180461934,-0.08049519123,83.68536905,nan,nan
jkt_a0.125,-4,3.5,-0.5650232784,-2.018628512,-0.2166293377,-0.07929079782,82.57234913,nan,nan
jkt_a0.125,-4,4.5,-0.5756048882,-1.974956095,-0.2147629286,-0.07772473165,81.12399988,nan,nan
jkt_a0.125,-4,5.5,-0.5875491812,-1.921980251,-0.2124660469,-0.07582883059,79.36876936,nan,nan
jkt_a0.125,-4,6.5,-0.6001298251,-1.860702798,-0.2097620064,-0.07364024839,77.33993949,nan,nan
jkt_a0.125,-4,7.5,-0.6126077916,-1.792236523,-0.2066779601,-0.0711999703,75.07343144,nan,nan
jkt_a0.125,-4,8.5,-0.6242722959,-1.717806328,-0.2032444072,-0.06855127359,72.60924141,nan,nan
jkt_a0.125,-4,9.5,-0.6344775424,-1.638661925,-0.1994946093,-0.06573822362,69.98643993,nan,nan
jkt_a0.125,-4,10.5,-0.6426800021,-1.556091885,-0.195463932,-0.06280428513,67.24612348,nan,nan
jkt_a0.125,-4,11.5,-0.648448892,-1.471300602,-0.1911891358,-0.05979111137,64.42370674,nan,nan
jkt_a0.125,-4,12.5,-0.6514923805,-1.385489758,-0.1867076461,-0.0567375537,61.5570432,nan,nan
jkt_a0.125,-4,13.5,-0.6516431569,-1.299727207,-0.1820568333,-0.05367891327,58.67769924,nan,nan
jkt_a0.125,-4,14.5,-0.6488590059,-1.214979847,-0.1772733365,-0.05064643719,55.8147675,nan,nan
jkt_a0.125,-4,15.5,-0.6432065513,-1.132082903,-0.1723924545,-0.04766704532,52.99334725,nan,nan
jkt_a0.125,-4,16.5,-0.6348297542,-1.051786397,-0.1674476268,-0.04476326135,50.23768285,nan,nan
jkt_a0.125,-4,17.5,-0.623982821,-0.9745480674,-0.1624700167,-0.04195331449,47.55897798,nan,nan
jkt_a0.125,-4,18.5,-0.610922265,-0.9008569154,-0.1574882023,-0.03925137434,44.97437686,nan,nan
jkt_a0.125,-4,19.5,-0.595952939,-0.8310073751,-0.1525279741,-0.03666788144,42.49338526,nan,nan
jkt_a0.125,-4,20.5,-0.5793951074,-0.7651958627,-0.1476122311,-0.03420993913,40.12351086,nan,nan
jkt_a0.125,-4,21.5,-0.561569546,-0.7035234376,-0.1427609658,-0.03188173634,37.86981063,nan,nan
jkt_a0.125,-4,22.5,-0.542777406,-0.645992904,-0.1379913236,-0.02968497683,35.73363325,nan,nan
jkt_a0.125,-4,23.5,-0.523302582,-0.5925466142,-0.1333177208,-0.02761929587,33.71505403,nan,nan
jkt_a0.125,-4,24.5,-0.5034063504,-0.5430782094,-0.1287520086,-0.02568265062,31.81308409,nan,nan
jkt_a0.125,-4,25.5,-0.4833186351,-0.4974355461,-0.1243036679,-0.02387167552,30.02504568,nan,nan
jkt_a0.125,-4,26.5,-0.4632390219,-0.4554367107,-0.1199800225,-0.02218199778,28.34728231,nan,nan
jkt_a0.125,-4,27.5,-0.4433376042,-0.4168806159,-0.1157864623,-0.02060851123,26.77549755,nan,nan
jkt_a0.125,-4,28.5,-0.4237558316,-0.3815545191,-0.1117266653,-0.01914560912,25.30490162,nan,nan
jkt_a0.125,-4,29.5,-0.4046090347,-0.3492413128,-0.1078028149,-0.0177873782,23.93046147,nan,nan
jkt_a0.125,-3.5,0.5,0.2536420423,-2.707181665,-0.2418088706,-0.1028990055,107.0546655,nan,nan
jkt_a0.125,-3.5,1.5,0.2423026912,-2.693606679,-0.2412561695,-0.102325961,106.5047317,nan,nan
jkt_a0.125,-3.5,2.5,0.2201127409,-2.666659616,-0.2401559521,-0.1011932975,105.4189331,nan,nan
jkt_a0.125,-3.5,3.5,0.1880121759,-2.626685835,-0.238518605,-0.09952722105,103.8197611,nan,nan
jkt_a0.125,-3.5,4.5,0.1473419585,-2.574261064,-0.2363597297,-0.09736547747,101.7435489,nan,nan
jkt_a0.125,-3.5,5.5,0.09970525192,-2.510145403,-0.2337001129,-0.09475560851,99.23474777,nan,nan
jkt_a0.125,-3.5,6.5,0.04694914064,-2.435292297,-0.230565608,-0.09175283175,96.34526254,nan,nan
jkt_a0.125,-3.5,7.5,-0.009009531313,-2.3508247,-0.2269868847,-0.08841769438,93.13093261,nan,nan
jkt_a0.125,-3.5,8.5,-0.06626301918,-2.258060441,-0.2229990165,-0.08481365768,89.6531236,nan,nan
jkt_a0.125,-3.5,9.5,-0.1230273111,-2.158417057,-0.2186408946,-0.08100476234,85.97162272,nan,nan
jkt_a0.125,-3.5,10.5,-0.1777046543,-2.053439618,-0.2139544787,-0.07705350467,82.14821519,nan,nan
jkt_a0.125,-3.5,11.5,-0.2289645852,-1.94463918,-0.208983919,-0.07301902379,78.23617356,nan,nan
jkt_a0.125,-3.5,12.5,-0.2757475746,-1.833593288,-0.2037745958,-0.06895566465,74.29078698,nan,nan
jkt_a0.125,-3.5,13.5,-0.3173008954,-1.721760487,-0.1983721332,-0.06491194512,70.35773079,nan,nan
jkt_a0.125,-3.5,14.5,-0.3531569432,-1.610508754,-0.1928214453,-0.06092992209,66.47805689,nan,nan
jkt_a0.125,-3.5,15.5,-0.3831126044,-1.501059168,-0.1871658644,-0.05704492447,62.68623083,nan,nan
jkt_a0.125,-3.5,16.5,-0.4071474299,-1.394532377,-0.181446392,-0.05328560121,59.01461937,nan,nan
jkt_a0.125,-3.5,17.5,-0.4255642764,-1.29166665,-0.1757010977,-0.04967422204,55.47679141,nan,nan
jkt_a0.125,-3.5,18.5,-0.4386527194,-1.193228361,-0.1699646783,-0.04622716446,52.09389589,nan,nan
jkt_a0.125,-3.5,19.5,-0.4468654349,-1.099714832,-0.1642681761,-0.04295552397,48.87617083,nan,nan
jkt_a0.125,-3.5,20.5,-0.4507135079,-1.011476298,-0.1586388448,-0.03986579091,45.83072703,nan,nan
jkt_a0.125,-3.5,21.5,-0.4507380479,-0.9287183126,-0.1531001449,-0.03696054728,42.96113099,nan,nan
jkt_a0.125,-3.5,22.5,-0.4474783125,-0.8514982208,-0.1476718462,-0.03423914711,40.2660798,nan,nan
jkt_a0.125,-3.5,23.5,-0.4414574101,-0.7797773304,-0.1423702139,-0.0316983546,37.74254647,nan,nan
jkt_a0.125,-3.5,24.5,-0.4331690548,-0.7134386617,-0.1372082542,-0.02933292281,35.38614056,nan,nan
jkt_a0.125,-3.5,25.5,-0.4230643458,-0.652293218,-0.1321959995,-0.02713610416,33.19047275,nan,nan
jkt_a0.125,-3.5,26.5,-0.4115479608,-0.5961037677,-0.1273408144,-0.02510008925,31.14809739,nan,nan
jkt_a0.125,-3.5,27.5,-0.3989767785,-0.5446011579,-0.1226477069,-0.02321637555,29.25097442,nan,nan
jkt_a0.125,-3.5,28.5,-0.3856600212,-0.4974962401,-0.1181196356,-0.02147607016,27.49068499,nan,nan
jkt_a0.125,-3.5,29.5,-0.371861891,-0.4544911539,-0.1137578017,-0.01987013284,25.85874899,nan,nan
jkt_a0.125,-3,0.5,1.64859833,-2.753152241,-0.2672994807,-0.1326948236,115.630798,nan,nan
jkt_a0.125,-3,1.5,1.624798314,-2.7451762,-0.2666777089,-0.1318782024,114.9711097,nan,nan
jkt_a0.125,-3,2.5,1.578044487,-2.729011945,-0.2654382345,-0.1302656139,113.6694339,nan,nan
jkt_a0.125,-3,3.5,1.509950742,-2.704207823,-0.2635894681,-0.1278973312,111.7545593,nan,nan
jkt_a0.125,-3,4.5,1.422868187,-2.670248635,-0.2611446407,-0.1248312546,109.2725112,nan,nan
jkt_a0.125,-3,5.5,1.319657269,-2.626649042,-0.2581223746,-0.1211401083,106.2799358,nan,nan
jkt_a0.125,-3,6.5,1.203673538,-2.573011994,-0.2545472017,-0.1169080306,102.8427114,nan,nan
jkt_a0.125,-3,7.5,1.078484755,-2.509171588,-0.250449887,-0.1122268011,99.03174918,nan,nan
jkt_a0.125,-3,8.5,0.9477536155,-2.435306645,-0.2458674442,-0.107191968,94.92449567,nan,nan
jkt_a0.125,-3,9.5,0.8150061597,-2.351920243,-0.2408427775,-0.1018991264,90.5963426,nan,nan
jkt_a0.125,-3,10.5,0.68352989,-2.259912581,-0.2354239398,-0.09644057048,86.12436402,nan,nan
jkt_a0.125,-3,11.5,0.5561625503,-2.160425947,-0.2296630563,-0.09090248908,81.57497214,nan,nan
jkt_a0.125,-3,12.5,0.435314369,-2.054937051,-0.2236149991,-0.08536281128,77.01567674,nan,nan
jkt_a0.125,-3,13.5,0.3228249429,-1.94502636,-0.2173359299,-0.07988974352,72.5016947,nan,nan
jkt_a0.125,-3,14.5,0.2200055543,-1.832361407,-0.2108818266,-0.07454097831,68.08156753,nan,nan
jkt_a0.125,-3,15.5,0.1276503292,-1.718584462,-0.2043071043,-0.06936350645,63.79496501,nan,nan
jkt_a0.125,-3,16.5,0.0461908374,-1.605302497,-0.197663414,-0.0643939314,59.67803443,nan,nan
jkt_a0.125,-3,17.5,-0.0246352641,-1.493781162,-0.1909986747,-0.05965916797,55.74438612,nan,nan
jkt_a0.125,-3,18.5,-0.08506734224,-1.385276161,-0.184356366,-0.05517740546,52.01544824,nan,nan
jkt_a0.125,-3,19.5,-0.1357185237,-1.280746164,-0.1777750801,-0.05095922424,48.49971948,nan,nan
jkt_a0.125,-3,20.5,-0.1773496938,-1.18094855,-0.171288314,-0.04700877158,45.2017271,nan,nan
jkt_a0.125,-3,21.5,-0.2108172448,-1.086432841,-0.1649244685,-0.04332492254,42.12177276,nan,nan
jkt_a0.125,-3,22.5,-0.2370204834,-0.9975312612,-0.1587070135,-0.03990237197,39.25477206,nan,nan
jkt_a0.125,-3,23.5,-0.2568553847,-0.9144195591,-0.1526547788,-0.03673262294,36.59377529,nan,nan
jkt_a0.125,-3,24.5,-0.2711859468,-0.8371403855,-0.1467823303,-0.0338048526,34.13046403,nan,nan
jkt_a0.125,-3,25.5,-0.2808221693,-0.7656146165,-0.1411003969,-0.03110664897,31.85460382,nan,nan
jkt_a0.125,-3,26.5,-0.2865061665,-0.6996743826,-0.1356163204,-0.02862462143,29.75510924,nan,nan
jkt_a0.125,-3,27.5,-0.2889056456,-0.6390874748,-0.1303345045,-0.02634489333,27.82056874,nan,nan
jkt_a0.125,-3,28.5,-0.2886118565,-0.5835763062,-0.1252568474,-0.02425348924,26.03949378,nan,nan
jkt_a0.125,-3,29.5,-0.2861415416,-0.5328356562,-0.1203831469,-0.02233663039,24.40065085,nan,nan
jkt_a0.125,-2.5,0.5,2.950711256,-1.702462413,-0.2950747249,-0.175762939,98.38002325,nan,nan
jkt_a0.125,-2.5,1.5,2.919693502,-1.712958054,-0.2944250763,-0.1745691821,97.8045758,nan,nan
jkt_a0.125,-2.5,2.5,2.858375557,-1.732806461,-0.293124728,-0.1722137006,96.66864042,nan,nan
jkt_a0.125,-2.5,3.5,2.768130806,-1.759772908,-0.2911725682,-0.1687589723,94.99601453,nan,nan
jkt_a0.125,-2.5,4.5,2.651105906,-1.790821895,-0.2885692288,-0.1642948429,92.82552058,nan,nan
jkt_a0.125,-2.5,5.5,2.510090768,-1.822494492,-0.285319383,-0.1589341488,90.20617938,nan,nan
jkt_a0.125,-2.5,6.5,2.348600846,-1.851039083,-0.2814341359,-0.1528073243,87.19467329,nan,nan
jkt_a0.125,-2.5,7.5,2.17067818,-1.872909839,-0.2769330998,-0.1460563583,83.85294781,nan,nan
jkt_a0.125,-2.5,8.5,1.980828402,-1.885063153,-0.2718458105,-0.1388285182,80.24968555,nan,nan
jkt_a0.125,-2.5,9.5,1.783728865,-1.885162415,-0.2662122651,-0.1312702737,76.45244771,nan,nan
jkt_a0.125,-2.5,10.5,1.584092809,-1.871767841,-0.2600825067,-0.1235218199,72.53106113,nan,nan
jkt_a0.125,-2.5,11.5,1.386290662,-1.844300999,-0.253515331,-0.1157125221,68.54607729,nan,nan
jkt_a0.125,-2.5,12.5,1.194336663,-1.803105364,-0.2465763013,-0.1079574916,64.55936623,nan,nan
jkt_a0.125,-2.5,13.5,1.011559647,-1.74921916,-0.2393353305,-0.1003553772,60.62157154,nan,nan
jkt_a0.125,-2.5,14.5,0.8405927281,-1.684257969,-0.2318641061,-0.09298733667,56.77706816,nan,nan
jkt_a0.125,-2.5,15.5,0.6833108212,-1.610204744,-0.22423361,-0.08591705338,53.06179137,nan,nan
jkt_a0.125,-2.5,16.5,0.5410142279,-1.529243685,-0.2165119282,-0.07919159948,49.50791705,nan,nan
jkt_a0.125,-2.5,17.5,0.4138678878,-1.443533058,-0.2087624792,-0.0728429161,46.12748796,nan,nan
jkt_a0.125,-2.5,18.5,0.3019954577,-1.355137439,-0.2010427189,-0.06688968268,42.93819315,nan,nan
jkt_a0.125,-2.5,19.5,0.2048565848,-1.265905215,-0.1934033222,-0.06133937173,39.9462606,nan,nan
jkt_a0.125,-2.5,20.5,0.1216020121,-1.177435789,-0.1858877988,-0.05619032296,37.15411478,nan,nan
jkt_a0.125,-2.5,21.5,0.05116043275,-1.091044506,-0.1785324744,-0.05143371436,34.56027477,nan,nan
jkt_a0.125,-2.5,22.5,-0.007676063519,-1.007735006,-0.1713667565,-0.04705534896,32.15845368,nan,nan
jkt_a0.125,-2.5,23.5,-0.05616002486,-0.9282545508,-0.1644136052,-0.04303721251,29.94077706,nan,nan
jkt_a0.125,-2.5,24.5,-0.09553379777,-0.8531204746,-0.1576901339,-0.0393587856,27.89828108,nan,nan
jkt_a0.125,-2.5,25.5,-0.1269901319,-0.7826387328,-0.1512082808,-0.03599811456,26.0204828,nan,nan
jkt_a0.125,-2.5,26.5,-0.1516410939,-0.7169476544,-0.1449754999,-0.03293265884,24.29634835,nan,nan
jkt_a0.125,-2.5,27.5,-0.170501409,-0.656054028,-0.1389954385,-0.03013994043,22.71476457,nan,nan
jkt_a0.125,-2.5,28.5,-0.1844808596,-0.59986341,-0.1332685739,-0.02759802394,21.26475634,nan,nan
jkt_a0.125,-2.5,29.5,-0.1943834025,-0.5482084257,-0.1277927959,-0.02528585608,19.93576577,nan,nan
jkt_a0.125,-2,0.5,3.241703715,0.04167743555,-0.3214717123,-0.239323504,65.43639012,nan,nan
jkt_a0.125,-2,1.5,3.222534649,0.007561064764,-0.3209362213,-0.2375527057,65.13641757,nan,nan
jkt_a0.125,-2,2.5,3.183569075,-0.05882051784,-0.3198483702,-0.2340590898,64.54127526,nan,nan
jkt_a0.125,-2,3.5,3.123623387,-0.1538213364,-0.3181772566,-0.2289366405,63.65612437,nan,nan
jkt_a0.125,-2,4.5,3.041438337,-0.2722120034,-0.3158831834,-0.2223213876,62.49252709,nan,nan
jkt_a0.125,-2,5.5,2.93606147,-0.407673462,-0.3129245069,-0.2143855153,61.06809664,nan,nan
jkt_a0.125,-2,6.5,2.80719531,-0.5528507067,-0.3092650684,-0.2053297017,59.40262966,nan,nan
jkt_a0.125,-2,7.5,2.655578135,-0.7001275602,-0.3048811271,-0.1953740413,57.52037441,nan,nan
jkt_a0.125,-2,8.5,2.48324025,-0.842104645,-0.2997668366,-0.1847481111,55.45213575,nan,nan
jkt_a0.125,-2,9.5,2.293402471,-0.9721532681,-0.2939375914,-0.1736809007,53.23047899,nan,nan
jkt_a0.125,-2,10.5,2.090400066,-1.084864922,-0.2874309467,-0.1623913976,50.893025,nan,nan
jkt_a0.125,-2,11.5,1.879170148,-1.176350382,-0.2803052091,-0.1510805515,48.47394399,nan,nan
jkt_a0.125,-2,12.5,1.665071518,-1.244390341,-0.2726361195,-0.1399251618,46.01206768,nan,nan
jkt_a0.125,-2,13.5,1.453247521,-1.288364515,-0.2645122617,-0.129073972,43.54091702,nan,nan
jkt_a0.125,-2,14.5,1.248365138,-1.309071507,-0.2560298903,-0.1186459772,41.09203591,nan,nan
jkt_a0.125,-2,15.5,1.054308485,-1.308427247,-0.2472878189,-0.108730714,38.69271825,nan,nan
jkt_a0.125,-2,16.5,0.8742226957,-1.289064984,-0.238382863,-0.09939013441,36.36851147,nan,nan
jkt_a0.125,-2,17.5,0.709712315,-1.25426494,-0.2294061502,-0.09066159192,34.13286021,nan,nan
jkt_a0.125,-2,18.5,0.5620822838,-1.207174029,-0.220440436,-0.08256146922,32.00132475,nan,nan
jkt_a0.125,-2,19.5,0.4315886938,-1.150957022,-0.2115584153,-0.07508903642,29.98236094,nan,nan
jkt_a0.125,-2,20.5,0.317871902,-1.088518066,-0.2028219199,-0.06823022028,28.08157498,nan,nan
jkt_a0.125,-2,21.5,0.2200918115,-1.022397904,-0.1942818393,-0.06196106368,26.30150845,nan,nan
jkt_a0.125,-2,22.5,0.1370675442,-0.9547010831,-0.1859785803,-0.05625074644,24.64074124,nan,nan
jkt_a0.125,-2,23.5,0.06743486972,-0.8871273826,-0.1779428929,-0.05106411301,23.0964211,nan,nan
jkt_a0.125,-2,24.5,0.009748810528,-0.8209956132,-0.1701969112,-0.04636370706,21.66461721,nan,nan
jkt_a0.125,-2,25.5,-0.03744013156,-0.7572703087,-0.16275529,-0.04211134866,20.33992148,nan,nan
jkt_a0.125,-2,26.5,-0.07552336491,-0.6966199018,-0.1556263487,-0.03826930971,19.11622588,nan,nan
jkt_a0.125,-2,27.5,-0.1057962548,-0.6394705759,-0.1488131615,-0.03480115097,17.98710748,nan,nan
jkt_a0.125,-2,28.5,-0.1294367554,-0.5860547152,-0.1423145567,-0.03167228429,16.94601057,nan,nan
jkt_a0.125,-2,29.5,-0.1474961262,-0.5364562891,-0.1361260048,-0.02885031881,15.98648821,nan,nan
jkt_a0.125,-1.5,0.5,2.284102007,1.482891316,-0.3355606459,-0.333002763,33.18282397,nan,nan
jkt_a0.125,-1.5,1.5,2.297752955,1.443334666,-0.3355310831,-0.330429216,33.20135156,nan,nan
jkt_a0.125,-1.5,2.5,2.322516037,1.36469484,-0.3354145677,-0.3253426646,33.23309722,nan,nan
jkt_a0.125,-1.5,3.5,2.353415877,1.24811842,-0.3351029923,-0.3178638393,33.26451095,nan,nan
jkt_a0.125,-1.5,4.5,2.383681577,1.095893027,-0.3344501184,-0.3081723218,33.27862097,nan,nan
jkt_a0.125,-1.5,5.5,2.40563742,0.9116996685,-0.3332885963,-0.2965031975,33.25849006,nan,nan
jkt_a0.125,-1.5,6.5,2.411180897,0.7011579577,-0.3314493244,-0.283140654,33.18163396,nan,nan
jkt_a0.125,-1.5,7.5,2.393098226,0.4716773559,-0.32878067,-0.2684078964,33.02661397,nan,nan
jkt_a0.125,-1.5,8.5,2.346005026,0.2322483051,-0.3251650591,-0.2526534959,32.77588331,nan,nan
jkt_a0.125,-1.5,9.5,2.266990807,-0.007270562357,-0.32053086,-0.2362351388,32.41497986,nan,nan
jkt_a0.125,-1.5,10.5,2.156074767,-0.2369807174,-0.3148583034,-0.2195024337,31.93668103,nan,nan
jkt_a0.125,-1.5,11.5,2.015963679,-0.4479533816,-0.3081792155,-0.2027807438,31.33685106,nan,nan
jkt_a0.125,-1.5,12.5,1.851812204,-0.6329583682,-0.3005713461,-0.1863578494,30.62102655,nan,nan
jkt_a0.125,-1.5,13.5,1.670263117,-0.7870666077,-0.2921488096,-0.1704746998,29.7978912,nan,nan
jkt_a0.125,-1.5,14.5,1.478692386,-0.9078128575,-0.283050492,-0.1553207564,28.8813716,nan,nan
jkt_a0.125,-1.5,15.5,1.284352701,-0.9950689054,-0.273428204,-0.1410336931,27.88829148,nan,nan
jkt_a0.125,-1.5,16.5,1.093923566,-1.050493785,-0.2634359822,-0.1277026669,26.8381778,nan,nan
jkt_a0.125,-1.5,17.5,0.9123381138,-1.077721804,-0.2532214276,-0.1153740829,25.74953712,nan,nan
jkt_a0.125,-1.5,18.5,0.7437143951,-1.080597157,-0.2429194495,-0.1040587395,24.63987142,nan,nan
jkt_a0.125,-1.5,19.5,0.5905737699,-1.063605345,-0.2326483761,-0.09373938554,23.52533263,nan,nan
jkt_a0.125,-1.5,20.5,0.4542322877,-1.031184184,-0.2225081184,-0.08437795908,22.42060642,nan,nan
jkt_a0.125,-1.5,21.5,0.3349895768,-0.9874481372,-0.2125799455,-0.07592204026,21.33813892,nan,nan
jkt_a0.125,-1.5,22.5,0.2323544756,-0.9359890455,-0.2029274034,-0.06831027983,20.2867783,nan,nan
jkt_a0.125,-1.5,23.5,0.1453121929,-0.8798318547,-0.1935979554,-0.06147674157,19.27358805,nan,nan
jkt_a0.125,-1.5,24.5,0.07252128806,-0.8214262975,-0.1846250003,-0.05535421498,18.30394929,nan,nan
jkt_a0.125,-1.5,25.5,0.01246899695,-0.7626681741,-0.1760300119,-0.04987662124,17.38107205,nan,nan
jkt_a0.125,-1.5,26.5,-0.03640003314,-0.7049705957,-0.1678246261,-0.04498066428,16.50664084,nan,nan
jkt_a0.125,-1.5,27.5,-0.075597895,-0.6493405294,-0.1600125664,-0.04060688087,15.68117649,nan,nan
jkt_a0.125,-1.5,28.5,-0.1065388991,-0.59645321,-0.1525913519,-0.03670023119,14.90424898,nan,nan
jkt_a0.125,-1.5,29.5,-0.1305085274,-0.5467233819,-0.1455537665,-0.03321035132,14.1747675,nan,nan
jkt_a0.125,-1,0.5,0.80298521,1.699005671,-0.3107190478,-0.4623033129,11.38169265,nan,nan
jkt_a0.125,-1,1.5,0.8377058882,1.68933098,-0.3120511966,-0.4589868014,11.54244426,nan,nan
jkt_a0.125,-1,2.5,0.905872773,1.667534131,-0.314582356,-0.4523843453,11.86137549,nan,nan
jkt_a0.125,-1,3.5,1.004556945,1.628931053,-0.3180559387,-0.4425656103,12.3308294,nan,nan
jkt_a0.125,-1,4.5,1.128764072,1.567457922,-0.3221114625,-0.4296541873,12.93886767,nan,nan
jkt_a0.125,-1,5.5,1.271253384,1.476819785,-0.3263138116,-0.4138445816,13.67095812,nan,nan
jkt_a0.125,-1,6.5,1.421922821,1.351583247,-0.3301909178,-0.3954160877,14.50238479,nan,nan
jkt_a0.125,-1,7.5,1.568575719,1.188819172,-0.333276792,-0.3747383149,15.40233219,nan,nan
jkt_a0.125,-1,8.5,1.697924226,0.9893772992,-0.3351549584,-0.352264602,16.33460474,nan,nan
jkt_a0.125,-1,9.5,1.797176891,0.7584373729,-0.3354962332,-0.328512304,17.25827998,nan,nan
jkt_a0.125,-1,10.5,1.855921156,0.5053755002,-0.3340851372,-0.3040322182,18.13220044,nan,nan
jkt_a0.125,-1,11.5,1.867567865,0.2425252815,-0.3308312171,-0.279372196,18.91554047,nan,nan
jkt_a0.125,-1,12.5,1.830410833,-0.01638685213,-0.3257646284,-0.2550413007,19.57526794,nan,nan
jkt_a0.125,-1,13.5,1.747461154,-0.2583267487,-0.3190184721,-0.2314803421,20.0851883,nan,nan
jkt_a0.125,-1,14.5,1.625705643,-0.4725453115,-0.3108025748,-0.2090426085,20.42963736,nan,nan
jkt_a0.125,-1,15.5,1.474696443,-0.6516676563,-0.3013741173,-0.1879859799,20.60316677,nan,nan
jkt_a0.125,-1,16.5,1.305161226,-0.791735895,-0.2910098446,-0.1684752558,20.6091654,nan,nan
jkt_a0.125,-1,17.5,1.127137302,-0.8931971645,-0.2799830751,-0.1505920444,20.46374445,nan,nan
jkt_a0.125,-1,18.5,0.9495863716,-0.9581024346,-0.2685469962,-0.1343490717,20.18112257,nan,nan
jkt_a0.125,-1,19.5,0.7794992082,-0.9907969477,-0.2569243005,-0.1197060586,19.78223543,nan,nan
jkt_a0.125,-1,20.5,0.6218446024,-0.9965814407,-0.2453022791,-0.106585029,19.28975656,nan,nan
jkt_a0.125,-1,21.5,0.4796764442,-0.9810190242,-0.2338320661,-0.09488373348,18.72614812,nan,nan
jkt_a0.125,-1,22.5,0.354410953,-0.9493901172,-0.2226306858,-0.08448658357,18.1112021,nan,nan
jkt_a0.125,-1,23.5,0.2462407113,-0.9064049669,-0.2117847312,-0.07527300954,17.46289462,nan,nan
jkt_a0.125,-1,24.5,0.1544902528,-0.856051256,-0.20135478,-0.06712346802,16.79695061,nan,nan
jkt_a0.125,-1,25.5,0.07792079905,-0.8015425469,-0.191379927,-0.05992347863,16.12602871,nan,nan
jkt_a0.125,-1,26.5,0.01499127339,-0.7453692751,-0.1818820501,-0.05356610803,15.46018876,nan,nan
jkt_a0.125,-1,27.5,-0.03595455731,-0.6893867954,-0.1728696041,-0.04795329334,14.80721776,nan,nan
jkt_a0.125,-1,28.5,-0.07656032121,-0.6349172311,-0.1643408612,-0.0429963398,14.17288655,nan,nan
jkt_a0.125,-1,29.5,-0.1083757985,-0.5828545306,-0.1562865947,-0.03861585958,13.56133037,nan,nan
jkt_a0.125,-0.5,0.5,0.0675308573,1.02407236,-0.2028871194,-0.6028612422,2.603242616,nan,nan
jkt_a0.125,-0.5,1.5,0.08408971561,1.037879204,-0.2065843673,-0.600014111,2.692526411,nan,nan
jkt_a0.125,-0.5,2.5,0.1187689812,1.06432796,-0.2138066812,-0.5942096843,2.875889032,nan,nan
jkt_a0.125,-0.5,3.5,0.1744831377,1.100672176,-0.2242052113,-0.5852493905,3.161842116,nan,nan
jkt_a0.125,-0.5,4.5,0.2548976505,1.142171535,-0.2372498468,-0.5728889275,3.561942914,nan,nan
jkt_a0.125,-0.5,5.5,0.3634642028,1.181804486,-0.2522324578,-0.5568990206,4.090264733,nan,nan
jkt_a0.125,-0.5,6.5,0.5020064303,1.209646877,-0.2682875302,-0.5371376828,4.758056558,nan,nan
jkt_a0.125,-0.5,7.5,0.6690231317,1.213723512,-0.284438091,-0.5136224639,5.571929003,nan,nan
jkt_a0.125,-0.5,8.5,0.8581350885,1.181548665,-0.2996690493,-0.4865870289,6.529880363,nan,nan
jkt_a0.125,-0.5,9.5,1.057465501,1.102557816,-0.3130210083,-0.4565059424,7.617561004,nan,nan
jkt_a0.125,-0.5,10.5,1.250502868,0.9710465746,-0.3236883384,-0.4240769656,8.807284345,nan,nan
jkt_a0.125,-0.5,11.5,1.41852571,0.7882329811,-0.3311003035,-0.3901610296,10.05726885,nan,nan
jkt_a0.125,-0.5,12.5,1.54418117,0.5631339167,-0.3349666327,-0.3556924775,11.31709845,nan,nan
jkt_a0.125,-0.5,13.5,1.614870948,0.3110579055,-0.3352787272,-0.3215806419,12.5312336,nan,nan
jkt_a0.125,-0.5,14.5,1.625077233,0.05080874591,-0.3322704067,-0.2886245754,13.64662636,nan,nan
jkt_a0.125,-0.5,15.5,1.57681227,-0.1988669554,-0.3263520855,-0.257456089,14.61829341,nan,nan
jkt_a0.125,-0.5,16.5,1.478374258,-0.4218736721,-0.3180359962,-0.2285160662,15.41124064,nan,nan
jkt_a0.125,-0.5,17.5,1.342299588,-0.6084556135,-0.3078676286,-0.2020599328,16.01633593,nan,nan
jkt_a0.125,-0.5,18.5,1.182069514,-0.7528349606,-0.2963726232,-0.1781830229,16.42374612,nan,nan
jkt_a0.125,-0.5,19.5,1.010705882,-0.8546346887,-0.2840221046,-0.156855657,16.64186698,nan,nan
jkt_a0.125,-0.5,20.5,0.8391494774,-0.9170591418,-0.2712148753,-0.1379596614,16.68822796,nan,nan
jkt_a0.125,-0.5,21.5,0.6756134984,-0.9455373641,-0.2582725743,-0.1213210414,16.58604963,nan,nan
jkt_a0.125,-0.5,22.5,0.5255191458,-0.9464550581,-0.2454434101,-0.1067363101,16.35996079,nan,nan
jkt_a0.125,-0.5,23.5,0.3919031703,-0.9262486499,-0.2329106624,-0.09399198661,16.03510887,nan,nan
jkt_a0.125,-0.5,24.5,0.2759237633,-0.890816009,-0.2208031361,-0.0828779387,15.63544867,nan,nan
jkt_a0.125,-0.5,25.5,0.1773804883,-0.8451903034,-0.2092057453,-0.07319574479,15.18199764,nan,nan
jkt_a0.125,-0.5,26.5,0.09520212923,-0.793447846,-0.1981692006,-0.06476332785,14.69270028,nan,nan
jkt_a0.125,-0.5,27.5,0.02782586643,-0.738744966,-0.1877183346,-0.05741697434,14.18243352,nan,nan
jkt_a0.125,-0.5,28.5,-0.0265269657,-0.6834230876,-0.1778589511,-0.0510116293,13.6631293,nan,nan
jkt_a0.125,-0.5,29.5,-0.06966328404,-0.6291455668,-0.1685832792,-0.04542013263,13.14414711,nan,nan
jkt_a0.125,0,0.5,0.02253856009,0.5496503536,-0.0006509100247,-0.6711403083,0.6718550597,nan,nan
jkt_a0.125,0,1.5,0.02444220036,0.5584785291,-0.005857749429,-0.671089809,0.6938245371,nan,nan
jkt_a0.125,0,2.5,0.0289147349,0.5765788857,-0.01626320497,-0.6707466151,0.7403483015,nan,nan
jkt_a0.125,0,3.5,0.03747747794,0.6047148419,-0.03182275162,-0.6696286274,0.8168050671,nan,nan
jkt_a0.125,0,4.5,0.05274853898,0.6437741632,-0.05240037671,-0.6670244496,0.9320034623,nan,nan
jkt_a0.125,0,5.5,0.0786695471,0.6943563088,-0.07769026386,-0.662023779,1.099048401,nan,nan
jkt_a0.125,0,6.5,0.1209292003,0.7557795328,-0.1071259469,-0.6535823748,1.33553417,nan,nan
jkt_a0.125,0,7.5,0.1866427353,0.8249214758,-0.1397978585,-0.6406345597,1.663730284,nan,nan
jkt_a0.125,0,8.5,0.2832559957,0.8947459698,-0.174411136,-0.6222554813,2.109099013,nan,nan
jkt_a0.125,0,9.5,0.4162630811,0.9533050977,-0.2093197327,-0.5978542659,2.696773744,nan,nan
jkt_a0.125,0,10.5,0.5859418553,0.984367957,-0.2426608695,-0.5673532185,3.446422887,nan,nan
jkt_a0.125,0,11.5,0.7843862335,0.9701652136,-0.2725815371,-0.5312918172,4.365131476,nan,nan
jkt_a0.125,0,12.5,0.9945126529,0.8964795786,-0.2975062511,-0.4908043926,5.44243146,nan,nan
jkt_a0.125,0,13.5,1.192469223,0.7576556643,-0.3163667696,-0.4474615209,6.646554039,nan,nan
jkt_a0.125,0,14.5,1.353039222,0.559722361,-0.3287221588,-0.4030188389,7.926593088,nan,nan
jkt_a0.125,0,15.5,1.455991136,0.3196003167,-0.3347409033,-0.3591515614,9.218562953,nan,nan
jkt_a0.125,0,16.5,1.490422961,0.06140434029,-0.3350699257,-0.3172487594,10.45061718,nan,nan
jkt_a0.125,0,17.5,1.457846772,-0.1911312547,-0.3306483395,-0.2783060326,11.57414389,nan,nan
jkt_a0.125,0,18.5,1.367247562,-0.4172453071,-0.322524837,-0.2429137392,12.53430427,nan,nan
jkt_a0.125,0,19.5,1.233824483,-0.6034830358,-0.3117166076,-0.2113114791,13.30219641,nan,nan
jkt_a0.125,0,20.5,1.074388073,-0.7438141669,-0.2991220907,-0.1834734118,13.86728547,nan,nan
jkt_a0.125,0,21.5,0.9043496116,-0.8384839766,-0.2854816711,-0.1591965611,14.2348952,nan,nan
jkt_a0.125,0,22.5,0.7359571963,-0.8920160547,-0.2713724982,-0.1381761755,14.42083044,nan,nan
jkt_a0.125,0,23.5,0.577833636,-0.911226074,-0.2572232295,-0.1200623483,14.44828275,nan,nan
jkt_a0.125,0,24.5,0.435217234,-0.9036427843,-0.2433376936,-0.1044983878,14.3439212,nan,nan
jkt_a0.125,0,25.5,0.3105850881,-0.8764335552,-0.2299203914,-0.09114429725,14.13420653,nan,nan
jkt_a0.125,0,26.5,0.2044244013,-0.8358306468,-0.2170999919,-0.07968937688,13.84374342,nan,nan
jkt_a0.125,0,27.5,0.1159238402,-0.7869122091,-0.2049491912,-0.06985752466,13.49428076,nan,nan
jkt_a0.125,0,28.5,0.04352307926,-0.733604685,-0.1935005966,-0.06140800097,13.10422787,nan,nan
jkt_a0.125,0,29.5,-0.01468720672,-0.6788090239,-0.1827589532,-0.05413361144,12.68871807,nan,nan
jkt_a0.125,0.5,0.5,0.06882767478,0.3618369392,0.2019539016,-0.6035670403,0.3349059564,nan,nan
jkt_a0.125,0.5,1.5,0.06887038374,0.3656000446,0.1981856018,-0.6063656091,0.3401012776,nan,nan
jkt_a0.125,0.5,2.5,0.06903207281,0.3733654235,0.1904804427,-0.611839797,0.3510871297,nan,nan
jkt_a0.125,0.5,3.5,0.06952592225,0.3856195449,0.1785093009,-0.6197217846,0.3691480173,nan,nan
jkt_a0.125,0.5,4.5,0.07076943608,0.4031657654,0.1618033649,-0.6295555227,0.3965510631,nan,nan
jkt_a0.125,0.5,5.5,0.07348570246,0.4271721192,0.1397978585,-0.6406345597,0.4369659518,nan,nan
jkt_a0.125,0.5,6.5,0.07909943273,0.4591860639,0.1119132388,-0.6519293913,0.496206738,nan,nan
jkt_a0.125,0.5,7.5,0.09013307705,0.5010677451,0.07769026386,-0.662023779,0.5833587385,nan,nan
jkt_a0.125,0.5,8.5,0.1108790354,0.5545613552,0.03698886531,-0.669096127,0.7122300399,nan,nan
jkt_a0.125,0.5,9.5,0.1480858162,0.6201812406,-0.009761593611,-0.6709989294,0.9027819597,nan,nan
jkt_a0.125,0.5,10.5,0.2110068893,0.6952454522,-0.06131599193,-0.6654915048,1.181917894,nan,nan
jkt_a0.125,0.5,11.5,0.3099082074,0.7711764884,-0.1154790003,-0.6506452874,1.581855532,nan,nan
jkt_a0.125,0.5,12.5,0.4519953052,0.8318680238,-0.1692143644,-0.6253532144,2.13558222,nan,nan
jkt_a0.125,0.5,13.5,0.6357594848,0.8550324331,-0.219071517,-0.5897656913,2.868178322,nan,nan
jkt_a0.125,0.5,14.5,0.8465538855,0.8183184721,-0.2618505118,-0.545431971,3.787062416,nan,nan
jkt_a0.125,0.5,15.5,1.057334253,0.7080773989,-0.2952646579,-0.4950268024,4.874080926,nan,nan
jkt_a0.125,0.5,16.5,1.234879317,0.5264604137,-0.3183283611,-0.4417523642,6.078315782,nan,nan
jkt_a0.125,0.5,17.5,1.353111379,0.2918953072,-0.3313427091,-0.3886698982,7.345587584,nan,nan
jkt_a0.125,0.5,18.5,1.396171664,0.03259787856,-0.3355600851,-0.3382104521,8.592381774,nan,nan
jkt_a0.125,0.5,19.5,1.364120345,-0.2212419514,-0.3327262111,-0.2919722058,9.745998741,nan,nan
jkt_a0.125,0.5,20.5,1.269169487,-0.445193688,-0.3246769945,-0.2507625135,10.74878772,nan,nan
jkt_a0.125,0.5,21.5,1.130101135,-0.6243692799,-0.3130745772,-0.2147737426,11.56462924,nan,nan
jkt_a0.125,0.5,22.5,0.9666937525,-0.7534663249,-0.2992833668,-0.1837910029,12.17845462,nan,nan
jkt_a0.125,0.5,23.5,0.7960610794,-0.8345317271,-0.284346243,-0.1573718327,12.59395071,nan,nan
jkt_a0.125,0.5,24.5,0.6309343134,-0.8740763209,-0.2690161535,-0.1349767278,12.82821444,nan,nan
jkt_a0.125,0.5,25.5,0.4794675171,-0.8805065366,-0.2538096427,-0.1160523487,12.90555081,nan,nan
jkt_a0.125,0.5,26.5,0.3459611308,-0.8623300729,-0.2390626556,-0.1000782472,12.85314642,nan,nan
jkt_a0.125,0.5,27.5,0.2318703196,-0.8271362,-0.2249794218,-0.08658894448,12.6979031,nan,nan
jkt_a0.125,0.5,28.5,0.1367733788,-0.7811592823,-0.211671524,-0.07518094212,12.4644089,nan,nan
jkt_a0.125,0.5,29.5,0.0591569629,-0.7292189583,-0.1991874109,-0.0655113734,12.17402587,nan,nan
jkt_a0.125,1,0.5,0.09095759553,0.2720838846,0.3103789678,-0.4631339307,0.2647859491,nan,nan
jkt_a0.125,1,1.5,0.09103034055,0.2740484218,0.3089901775,-0.4664620677,0.266366139,nan,nan
jkt_a0.125,1,2.5,0.09118385917,0.2780708805,0.3060738854,-0.4731434209,0.2696866984,nan,nan
jkt_a0.125,1,3.5,0.09145473626,0.284336392,0.3013433182,-0.483217836,0.2750821834,nan,nan
jkt_a0.125,1,4.5,0.09190947337,0.2931625373,0.2943457085,-0.4967168136,0.2831462852,nan,nan
jkt_a0.125,1,5.5,0.09264069695,0.3050201833,0.284438091,-0.5136224639,0.2947947782,nan,nan
jkt_a0.125,1,6.5,0.09387526277,0.3205919523,0.2707624698,-0.5338007025,0.311486532,nan,nan
jkt_a0.125,1,7.5,0.09602335314,0.3408589161,0.2522324578,-0.5568990206,0.335525594,nan,nan
jkt_a0.125,1,8.5,0.09986835952,0.3672143184,0.2275545028,-0.5822007365,0.3706313877,nan,nan
jkt_a0.125,1,9.5,0.106940842,0.4015347548,0.1953223721,-0.6084380405,0.4228418875,nan,nan
jkt_a0.125,1,10.5,0.1201432909,0.4461547551,0.1542383809,-0.6335940629,0.5020530457,nan,nan
jkt_a0.125,1,11.5,0.1448177383,0.5032571105,0.1035115362,-0.6547771459,0.6240557547,nan,nan
jkt_a0.125,1,12.5,0.1897418223,0.5732462286,0.04342764148,-0.6683189937,0.8128957425,nan,nan
jkt_a0.125,1,13.5,0.2671029985,0.6513209439,-0.02405272059,-0.6702778149,1.10161612,nan,nan
jkt_a0.125,1,14.5,0.3890906971,0.7234521252,-0.09500178581,-0.6574123578,1.529350741,nan,nan
jkt_a0.125,1,15.5,0.5603307502,0.7651673109,-0.1639367122,-0.6283712461,2.13278828,nan,nan
jkt_a0.125,1,16.5,0.7685683146,0.7470170078,-0.2250480305,-0.5844899832,2.9283824,nan,nan
jkt_a0.125,1,17.5,0.9848955018,0.6499114925,-0.2737766498,-0.5296165629,3.917328593,nan,nan
jkt_a0.125,1,18.5,1.169888737,0.4720393539,-0.3079184139,-0.4689638377,5.056416753,nan,nan
jkt_a0.125,1,19.5,1.289355242,0.2342966337,-0.3277415599,-0.4076330128,6.27727485,nan,nan
jkt_a0.125,1,20.5,1.32579415,-0.02874973535,-0.3352793715,-0.3495448477,7.496175275,nan,nan
jkt_a0.125,1,21.5,1.281335324,-0.281513056,-0.3333551274,-0.2970750258,8.632142727,nan,nan
jkt_a0.125,1,22.5,1.17257156,-0.4972684378,-0.3247996968,-0.2512336619,9.62083634,nan,nan
jkt_a0.125,1,23.5,1.02245433,-0.6619016726,-0.3120197748,-0.2120747194,10.42299978,nan,nan
jkt_a0.125,1,24.5,0.8533212527,-0.7726804605,-0.296858761,-0.1791018907,11.02465446,nan,nan
jkt_a0.125,1,25.5,0.6828985651,-0.8345907053,-0.2806275322,-0.1515712079,11.43165148,nan,nan
jkt_a0.125,1,26.5,0.5231464549,-0.8564867401,-0.2642043078,-0.1286801028,11.66307046,nan,nan
jkt_a0.125,1,27.5,0.380807367,-0.8482033529,-0.2481451408,-0.1096688778,11.74490122,nan,nan
jkt_a0.125,1,28.5,0.258659311,-0.8188293269,-0.2327794653,-0.09386556553,11.70509432,nan,nan
jkt_a0.125,1,29.5,0.1568413466,-0.77592268,-0.2182837663,-0.08069846746,11.57043371,nan,nan
jkt_a0.125,1.5,0.5,0.09887980706,0.217980416,0.3355649704,-0.3336493053,0.255855741,nan,nan
jkt_a0.125,1.5,1.5,0.09901633282,0.21919468,0.3355697856,-0.3362480997,0.2563503184,nan,nan
jkt_a0.125,1.5,2.5,0.09929072042,0.2216678537,0.3355179672,-0.3415062839,0.2573978229,nan,nan
jkt_a0.125,1.5,3.5,0.09971757544,0.2254826645,0.3352793715,-0.3495448477,0.2591117579,nan,nan
jkt_a0.125,1.5,4.5,0.1003192269,0.2307845982,0.3346399077,-0.3605439038,0.261701727,nan,nan
jkt_a0.125,1.5,5.5,0.1011141699,0.2377814598,0.333276792,-0.3747383149,0.265461262,nan,nan
jkt_a0.125,1.5,6.5,0.1021642324,0.2467692838,0.3307222738,-0.3924063545,0.2708559314,nan,nan
jkt_a0.125,1.5,7.5,0.1035644364,0.2581633718,0.3263138116,-0.4138445816,0.2785759304,nan,nan
jkt_a0.125,1.5,8.5,0.1054736532,0.2725604553,0.3191302224,-0.4393174763,0.2896918696,nan,nan
jkt_a0.125,1.5,9.5,0.1081956966,0.2907970966,0.3079184139,-0.4689638377,0.3058683551,nan,nan
jkt_a0.125,1.5,10.5,0.1122819385,0.314081813,0.2910277026,-0.5026345789,0.3298009912,nan,nan
jkt_a0.125,1.5,11.5,0.1188506235,0.3441047386,0.266393998,-0.5396336414,0.3659426733,nan,nan
jkt_a0.125,1.5,12.5,0.1300628643,0.3831972176,0.2316585605,-0.5783498996,0.4218849523,nan,nan
jkt_a0.125,1.5,13.5,0.1502246994,0.4341009624,0.1845561145,-0.615832099,0.5105393958,nan,nan
jkt_a0.125,1.5,14.5,0.1873189958,0.4987859755,0.1237132899,-0.6475040558,0.6532391896,nan,nan
jkt_a0.125,1.5,15.5,0.2542065945,0.5750514695,0.04984215188,-0.6674187787,0.8825114679,nan,nan
jkt_a0.125,1.5,16.5,0.3663452284,0.6498308531,-0.03311542366,-0.6695029614,1.238483777,nan,nan
jkt_a0.125,1.5,17.5,0.5318565059,0.6980812635,-0.1178440881,-0.649768355,1.766139106,nan,nan
jkt_a0.125,1.5,18.5,0.7410864414,0.6851278892,-0.1953223721,-0.6084380405,2.49446585,nan,nan
jkt_a0.125,1.5,19.5,0.9603142337,0.5852167325,-0.2578155981,-0.5503695796,3.423837957,nan,nan
jkt_a0.125,1.5,20.5,1.143004567,0.3975735869,-0.3013433182,-0.483217836,4.515853704,nan,nan
jkt_a0.125,1.5,21.5,1.250312949,0.1491318293,-0.3261254551,-0.4146256895,5.69773893,nan,nan
jkt_a0.125,1.5,22.5,1.266024891,-0.1182258032,-0.3352504234,-0.3502229043,6.878552356,nan,nan
jkt_a0.125,1.5,23.5,1.197914845,-0.3648136302,-0.3328717532,-0.2930977005,7.971582673,nan,nan
jkt_a0.125,1.5,24.5,1.068880637,-0.5643756496,-0.3229133573,-0.2442769659,8.911721459,nan,nan
jkt_a0.125,1.5,25.5,0.9059286244,-0.7063999144,-0.3084902179,-0.2035048585,9.662492615,nan,nan
jkt_a0.125,1.5,26.5,0.7325301476,-0.7925382014,-0.2918234213,-0.169900222,10.21439898,nan,nan
jkt_a0.125,1.5,27.5,0.5654077468,-0.8313379455,-0.2743809752,-0.1423798369,10.57807759,nan,nan
jkt_a0.125,1.5,28.5,0.4144755387,-0.8338167027,-0.2570737157,-0.1198840193,10.77616519,nan,nan
jkt_a0.125,1.5,29.5,0.2842721185,-0.810677517,-0.2404303579,-0.1014747988,10.83651248,nan,nan
jkt_a0.125,2,0.5,0.1005102262,0.1811471228,0.3216046733,-0.2397687249,0.2666974713,nan,nan
jkt_a0.125,2,1.5,0.1006689186,0.1819758237,0.3221327765,-0.2415597551,0.2667731346,nan,nan
jkt_a0.125,2,2.5,0.1009867193,0.1836585181,0.3231703604,-0.2451909457,0.2669505811,nan,nan
jkt_a0.125,2,3.5,0.1014735224,0.1862377483,0.3246769945,-0.2507625135,0.2672737935,nan,nan
jkt_a0.125,2,4.5,0.1021427825,0.1897924412,0.3265835708,-0.2584296149,0.2678366988,nan,nan
jkt_a0.125,2,5.5,0.1030019551,0.1944310468,0.32878067,-0.2684078964,0.2687518687,nan,nan
jkt_a0.125,2,6.5,0.1040815761,0.2003042854,0.3311003525,-0.2809802069,0.2702063068,nan,nan
jkt_a0.125,2,7.5,0.1054237875,0.2076165987,0.3332885963,-0.2965031975,0.2724626681,nan,nan
jkt_a0.125,2,8.5,0.1070826912,0.2166550863,0.3349643818,-0.3154110272,0.2759102408,nan,nan
jkt_a0.125,2,9.5,0.1091583268,0.2278073589,0.3355600851,-0.3382104521,0.2811252037,nan,nan
jkt_a0.125,2,10.5,0.1117972765,0.2416206375,0.3342370248,-0.3654561098,0.2889812232,nan,nan
jkt_a0.125,2,11.5,0.1152932368,0.25885642,0.3297715806,-0.3976852413,0.3008554523,nan,nan
jkt_a0.125,2,12.5,0.1201282154,0.280624205,0.320415915,-0.4352759442,0.318968446,nan,nan
jkt_a0.125,2,13.5,0.1272615349,0.3085125812,0.3037628298,-0.4781737077,0.3470485909,nan,nan
jkt_a0.125,2,14.5,0.1385830593,0.3447830954,0.2767031862,-0.5254201128,0.391572685,nan,nan
jkt_a0.125,2,15.5,0.1579360235,0.3924175586,0.2356707295,-0.5744571531,0.4641140545,nan,nan
jkt_a0.125,2,16.5,0.193426518,0.4538726683,0.1774897435,-0.6203597448,0.5846400998,nan,nan
jkt_a0.125,2,17.5,0.2578222174,0.5281113625,0.1010908634,-0.6555519967,0.7849981756,nan,nan
jkt_a0.125,2,18.5,0.3689354518,0.6029528885,0.009761593611,-0.6709989294,1.109542269,nan,nan
jkt_a0.125,2,19.5,0.5378428452,0.6493067286,-0.08762773,-0.6594978091,1.606074311,nan,nan
jkt_a0.125,2,20.5,0.7525794147,0.6274682114,-0.1785093009,-0.6197217846,2.308354026,nan,nan
jkt_a0.125,2,21.5,0.9718299823,0.5095237712,-0.2515181592,-0.5577104162,3.216833055,nan,nan
jkt_a0.125,2,22.5,1.141414934,0.3003054199,-0.3009293783,-0.4840596932,4.287874019,nan,nan
jkt_a0.125,2,23.5,1.221710748,0.03704090546,-0.327397668,-0.4091796213,5.440115205,nan,nan
jkt_a0.125,2,24.5,1.203398189,-0.2306890015,-0.3355387519,-0.3401841655,6.576035291,nan,nan
jkt_a0.125,2,25.5,1.103695154,-0.4622987912,-0.3310113379,-0.2804430323,7.607520493,nan,nan
jkt_a0.125,2,26.5,0.9523559553,-0.6360946321,-0.3187392944,-0.2306285696,8.473717679,nan,nan
jkt_a0.125,2,27.5,0.7788515302,-0.7479647004,-0.3023349025,-0.1899643335,9.146089203,nan,nan
jkt_a0.125,2,28.5,0.6055909842,-0.8049895008,-0.2841841579,-0.1571134593,9.623461457,nan,nan
jkt_a0.125,2,29.5,0.4464849567,-0.8190526452,-0.2657475886,-0.1306662011,9.922934217,nan,nan
jkt_a0.125,2.5,0.5,0.09928353562,0.1542882764,0.2952370707,-0.1760630647,0.2848781383,nan,nan
jkt_a0.125,2.5,1.5,0.09944327762,0.1548904666,0.2958861551,-0.1772703642,0.2847697254,nan,nan
jkt_a0.125,2.5,2.5,0.09976281349,0.1561109251,0.2971826538,-0.1797179417,0.2845660648,nan,nan
jkt_a0.125,2.5,3.5,0.1002502688,0.1579733261,0.2991220907,-0.1834734118,0.2842835636,nan,nan
jkt_a0.125,2.5,4.5,0.1009157211,0.1605261406,0.3016947002,-0.1886424326,0.2839732816,nan,nan
jkt_a0.125,2.5,5.5,0.1017634047,0.1638332465,0.3048811271,-0.1953740413,0.2836800283,nan,nan
jkt_a0.125,2.5,6.5,0.102814224,0.1679808721,0.3086454952,-0.2038681596,0.2834901918,nan,nan
jkt_a0.125,2.5,7.5,0.104095707,0.1730848496,0.3129245069,-0.2143855153,0.2835241884,nan,nan
jkt_a0.125,2.5,8.5,0.1056357274,0.1793027777,0.3176104559,-0.2272600894,0.2839456137,nan,nan
jkt_a0.125,2.5,9.5,0.1074862366,0.1868415,0.322524837,-0.2429137392,0.2849979819,nan,nan
jkt_a0.125,2.5,10.5,0.1097079084,0.1959817314,0.3273774588,-0.2618714897,0.2870207436,nan,nan
jkt_a0.125,2.5,11.5,0.1124239436,0.207103367,0.3317034744,-0.2847733709,0.2905507346,nan,nan
jkt_a0.125,2.5,12.5,0.1157910631,0.220738233,0.3347677151,-0.3123731183,0.2963701802,nan,nan
jkt_a0.125,2.5,13.5,0.1201032518,0.2376333609,0.3354234443,-0.3455029021,0.3057359672,nan,nan
jkt_a0.125,2.5,14.5,0.1258658297,0.2588661347,0.3319156205,-0.3849623825,0.3206866203,nan,nan
jkt_a0.125,2.5,15.5,0.1340047067,0.2860235888,0.321639282,-0.431255957,0.3446966057,nan,nan
jkt_a0.125,2.5,16.5,0.1466551072,0.3214081349,0.3009293783,-0.4840596932,0.3841845498,nan,nan
jkt_a0.125,2.5,17.5,0.1674384893,0.3679890886,0.2651137911,-0.5412941144,0.4499271337,nan,nan
jkt_a0.125,2.5,18.5,0.2046473445,0.4287214478,0.2093197327,-0.5978542659,0.5624566322,nan,nan
jkt_a0.125,2.5,19.5,0.2730414424,0.5023788264,0.1306713857,-0.6446538391,0.7556533151,nan,nan
jkt_a0.125,2.5,20.5,0.3922817268,0.5746932637,0.03182275162,-0.6696286274,1.077305163,nan,nan
jkt_a0.125,2.5,21.5,0.5731560319,0.6108306714,-0.07644017107,-0.6623187528,1.578419296,nan,nan
jkt_a0.125,2.5,22.5,0.7963581544,0.5656996598,-0.1774897435,-0.6203597448,2.29183407,nan,nan
jkt_a0.125,2.5,23.5,1.008706825,0.4146896133,-0.2564416457,-0.5520080418,3.210625022,nan,nan
jkt_a0.125,2.5,24.5,1.150261689,0.175934811,-0.3068204938,-0.4714701562,4.279256999,nan,nan
jkt_a0.125,2.5,25.5,1.187749575,-0.09971198087,-0.3308502191,-0.3916567668,5.40480993,nan,nan
jkt_a0.125,2.5,26.5,1.125191675,-0.3578934475,-0.33522451,-0.3203366894,6.484660257,nan,nan
jkt_a0.125,2.5,27.5,0.9913135721,-0.5626652426,-0.3270403751,-0.2603897992,7.434812033,nan,nan
jkt_a0.125,2.5,28.5,0.8210035493,-0.701218285,-0.311868288,-0.2116926625,8.205165482,nan,nan
jkt_a0.125,2.5,29.5,0.6431127218,-0.7775655565,-0.2934499253,-0.1727986002,8.779707866,nan,nan
jkt_a0.125,3,0.5,0.09674134281,0.1338074913,0.2674551323,-0.1329000664,0.3056609827,nan,nan
jkt_a0.125,3,1.5,0.09689336584,0.1342645232,0.2680785643,-0.1337254214,0.3054675506,nan,nan
jkt_a0.125,3,2.5,0.09719711886,0.1351896402,0.2693293237,-0.1353974057,0.3050874032,nan,nan
jkt_a0.125,3,3.5,0.09766002532,0.1365964586,0.2712148753,-0.1379596614,0.3045248765,nan,nan
jkt_a0.125,3,4.5,0.09828987472,0.1385178527,0.2737455232,-0.1414804682,0.3038133962,nan,nan
jkt_a0.125,3,5.5,0.09908895208,0.1409940146,0.2769330998,-0.1460563583,0.3029646915,nan,nan
jkt_a0.125,3,6.5,0.1000741638,0.1440789354,0.2807887632,-0.1518173455,0.302024982,nan,nan
jkt_a0.125,3,7.5,0.1012657257,0.1478451664,0.285319383,-0.1589341488,0.301057272,nan,nan
jkt_a0.125,3,8.5,0.1026820211,0.1523877865,0.2905216639,-0.1676279111,0.3001337647,nan,nan
jkt_a0.125,3,9.5,0.1043572403,0.1578300911,0.2963726232,-0.1781830229,0.2993727928,nan,nan
jkt_a0.125,3,10.5,0.1063260319,0.1643331129,0.3028141655,-0.1909636879,0.2989196022,nan,nan
jkt_a0.125,3,11.5,0.1086589527,0.1721114634,0.309728082,-0.2064346676,0.2990262984,nan,nan
jkt_a0.125,3,12.5,0.1114289187,0.1814511865,0.3168955198,-0.2251858253,0.3000099851,nan,nan
jkt_a0.125,3,13.5,0.1147671641,0.1927425932,0.3239314243,-0.2479578418,0.3023844744,nan,nan
jkt_a0.125,3,14.5,0.1188695059,0.2065267291,0.3301793347,-0.2756609785,0.3069242584,nan,nan
jkt_a0.125,3,15.5,0.1240447856,0.2235729628,0.3345457874,-0.3093663412,0.3148508258,nan,nan
jkt_a0.125,3,16.5,0.1309861,0.2450470921,0.3352504234,-0.3502229043,0.3284653797,nan,nan
jkt_a0.125,3,17.5,0.14059334,0.2725016311,0.3294819644,-0.3992036004,0.3509367223,nan,nan
jkt_a0.125,3,18.5,0.1550995388,0.3083910641,0.3130210083,-0.4565059424,0.3889319882,nan,nan
jkt_a0.125,3,19.5,0.1789945043,0.3559394403,0.280100448,-0.520371117,0.4545036218,nan,nan
jkt_a0.125,3,20.5,0.2216842661,0.4180572424,0.2242052113,-0.5852493905,0.5700723578,nan,nan
jkt_a0.125,3,21.5,0.3004196584,0.4920670863,0.1409261204,-0.6401149966,0.7736877993,nan,nan
jkt_a0.125,3,22.5,0.436806293,0.5581672292,0.03311542366,-0.6695029614,1.117996677,nan,nan
jkt_a0.125,3,23.5,0.6367672612,0.5724764875,-0.08515426124,-0.6601568096,1.654865595,nan,nan
jkt_a0.125,3,24.5,0.8659938318,0.4872824052,-0.1924276484,-0.610487076,2.409895888,nan,nan
jkt_a0.125,3,25.5,1.057109818,0.290976264,-0.2713723531,-0.5329649635,3.360823258,nan,nan
jkt_a0.125,3,26.5,1.151583791,0.02275871963,-0.3169403003,-0.4458264731,4.433850987,nan,nan
jkt_a0.125,3,27.5,1.132474788,-0.2540204981,-0.3344191994,-0.3633434649,5.523886564,nan,nan
jkt_a0.125,3,28.5,1.02184385,-0.4874590386,-0.332799388,-0.2925343503,6.528648479,nan,nan
jkt_a0.125,3,29.5,0.8582770369,-0.6529327284,-0.3201223814,-0.2349265374,7.375970986,nan,nan
jkt_a0.125,3.5,0.5,0.09362207856,0.1176820391,0.2419473156,-0.1030429732,0.3270003888,nan,nan
jkt_a0.125,3.5,1.5,0.09376323603,0.118040191,0.2425021742,-0.1036216916,0.3267684196,nan,nan
jkt_a0.125,3.5,2.5,0.09404487152,0.1187645041,0.2436170608,-0.1047929408,0.3263070323,nan,nan
jkt_a0.125,3.5,3.5,0.0944744445,0.1198629788,0.2453022791,-0.106585029,0.3256170805,nan,nan
jkt_a0.125,3.5,4.5,0.09505741044,0.1213595946,0.2475731692,-0.10904218,0.3247225348,nan,nan
jkt_a0.125,3.5,5.5,0.09579521528,0.1232802875,0.250449887,-0.1122268011,0.3236159362,nan,nan
jkt_a0.125,3.5,6.5,0.09670210959,0.1256618304,0.2539569514,-0.1162227845,0.3223280931,nan,nan
jkt_a0.125,3.5,7.5,0.09779353469,0.1285526503,0.2581223746,-0.1211401083,0.3208940946,nan,nan
jkt_a0.125,3.5,8.5,0.0990832839,0.1320142844,0.2629760662,-0.1271211263,0.3193446373,nan,nan
jkt_a0.125,3.5,9.5,0.1005963414,0.1361262382,0.2685469962,-0.1343490717,0.3177429115,nan,nan
jkt_a0.125,3.5,10.5,0.1023564205,0.1409889863,0.2748582621,-0.1430594937,0.3161520297,nan,nan
jkt_a0.125,3.5,11.5,0.1044109316,0.1467355406,0.2819186195,-0.1535555469,0.3147076981,nan,nan
jkt_a0.125,3.5,12.5,0.1068032198,0.1535354896,0.2897080516,-0.166228257,0.3135466356,nan,nan
jkt_a0.125,3.5,13.5,0.10960872,0.1616154261,0.2981532712,-0.1815829149,0.3129098905,nan,nan
jkt_a0.125,3.5,14.5,0.1129289787,0.1712778342,0.3070861994,-0.2002722571,0.3131371586,nan,nan
jkt_a0.125,3.5,15.5,0.1169065628,0.1829342233,0.3161737398,-0.2231351264,0.3147276367,nan,nan
jkt_a0.125,3.5,16.5,0.1218481039,0.1972091968,0.3247996968,-0.2512336619,0.318708316,nan,nan
jkt_a0.125,3.5,17.5,0.1280493686,0.2148580642,0.3318692238,-0.2858677688,0.3260785115,nan,nan
jkt_a0.125,3.5,18.5,0.1362572456,0.2371353001,0.3354962332,-0.328512304,0.3392591025,nan,nan
jkt_a0.125,3.5,19.5,0.1477742511,0.2658393781,0.3325420196,-0.3805520816,0.3622017458,nan,nan
jkt_a0.125,3.5,20.5,0.1652264659,0.3036161241,0.3180559387,-0.4425656103,0.4022657303,nan,nan
jkt_a0.125,3.5,21.5,0.1942240411,0.353939684,0.2849650255,-0.5127779032,0.4736250389,nan,nan
jkt_a0.125,3.5,22.5,0.2466728633,0.4192021037,0.2250480305,-0.5844899832,0.6030917364,nan,nan
jkt_a0.125,3.5,23.5,0.3435912702,0.4927941614,0.1329694807,-0.6436721696,0.8354292521,nan,nan
jkt_a0.125,3.5,24.5,0.5064765524,0.5445278831,0.01366345558,-0.6708626561,1.228289236,nan,nan
jkt_a0.125,3.5,25.5,0.7278769477,0.5198182029,-0.113104215,-0.6515055529,1.82964452,nan,nan
jkt_a0.125,3.5,26.5,0.9505457686,0.377294802,-0.2207973546,-0.5882680527,2.649088363,nan,nan
jkt_a0.125,3.5,27.5,1.097539513,0.1316600078,-0.292469176,-0.5000980398,3.64062962,nan,nan
jkt_a0.125,3.5,28.5,1.125644545,-0.1538665132,-0.3275706895,-0.4084057879,4.709086822,nan,nan
jkt_a0.125,3.5,29.5,1.04343076,-0.4121551824,-0.3354507292,-0.3266067402,5.741900094,nan,nan
jkt_a0.125,4,0.5,0.09029677545,0.1046721429,0.2195977606,-0.08182972857,0.3479609501,nan,nan
jkt_a0.125,4,1.5,0.09042644718,0.1049598135,0.2200786687,-0.08224672481,0.3477138111,nan,nan
jkt_a0.125,4,2.5,0.09068467154,0.1055410292,0.2210454553,-0.08308988262,0.3472179841,nan,nan
jkt_a0.125,4,3.5,0.09107931683,0.1064210571,0.2225081184,-0.08437795908,0.3464781147,nan,nan
jkt_a0.125,4,4.5,0.09161350779,0.1076178033,0.2244817918,-0.08614018829,0.345508803,nan,nan
jkt_a0.125,4,5.5,0.09228875618,0.1091483698,0.2269868847,-0.08841769438,0.3442926906,nan,nan
jkt_a0.125,4,6.5,0.0931168057,0.1110394704,0.2300492199,-0.09126554431,0.3428539262,nan,nan
jkt_a0.125,4,7.5,0.09410989395,0.1133248914,0.2337001129,-0.09475560851,0.3412126545,nan,nan
jkt_a0.125,4,8.5,0.09527900039,0.1160466834,0.2379762868,-0.09898047189,0.3393793857,nan,nan
jkt_a0.125,4,9.5,0.09664336607,0.119259118,0.2429194495,-0.1040587395,0.3373901082,nan,nan
jkt_a0.125,4,10.5,0.09822075926,0.1230289567,0.2485752295,-0.1101422207,0.3352695084,nan,nan
jkt_a0.125,4,11.5,0.1000458225,0.1274443525,0.2549909522,-0.1174256682,0.3330986546,nan,nan
jkt_a0.125,4,12.5,0.1021482502,0.1326135925,0.2622113594,-0.1261600039,0.3309348233,nan,nan
jkt_a0.125,4,13.5,0.1045782682,0.1386792771,0.2702707172,-0.1366702948,0.3289021115,nan,nan
jkt_a0.125,4,14.5,0.1073991146,0.1458260779,0.2791785978,-0.1493801083,0.3271635336,nan,nan
jkt_a0.125,4,15.5,0.1106937793,0.1542961252,0.2888945643,-0.1648441657,0.3259442412,nan,nan
jkt_a0.125,4,16.5,0.1146300318,0.1644571963,0.2992833668,-0.1837910029,0.32579102,nan,nan
jkt_a0.125,4,17.5,0.1193362878,0.1767079148,0.3100359353,-0.2071755361,0.326996073,nan,nan
jkt_a0.125,4,18.5,0.1251471833,0.191726071,0.32053086,-0.2362351388,0.3306317979,nan,nan
jkt_a0.125,4,19.5,0.1325624988,0.2104417911,0.3295949258,-0.272525049,0.3382047264,nan,nan
jkt_a0.125,4,20.5,0.1424671227,0.2342331467,0.3351029923,-0.3178638393,0.3523252342,nan,nan
jkt_a0.125,4,21.5,0.1565480181,0.2651677862,0.3333607721,-0.374017002,0.3777465787,nan,nan
jkt_a0.125,4,22.5,0.1783250371,0.3062624098,0.3183283611,-0.4417523642,0.4236282001,nan,nan
jkt_a0.125,4,23.5,0.2154832925,0.3611423999,0.281205322,-0.5186854802,0.508047294,nan,nan
jkt_a0.125,4,24.5,0.2840556017,0.4303529882,0.2120227307,-0.5956741066,0.6650918713,nan,nan
jkt_a0.125,4,25.5,0.4092869522,0.4987707341,0.1059233865,-0.6539849424,0.9484456917,nan,nan
jkt_a0.125,4,26.5,0.6059298796,0.5200202914,-0.02664520509,-0.6700814162,1.417711997,nan,nan
jkt_a0.125,4,27.5,0.8401033755,0.4337644068,-0.1574990637,-0.6318837924,2.107901211,nan,nan
jkt_a0.125,4,28.5,1.030001134,0.2230864392,-0.2571304375,-0.5511892962,3.002413425,nan,nan
jkt_a0.125,4,29.5,1.105866135,-0.06055040627,-0.3139660072,-0.4540309548,4.025371636,nan,nan
jkt_qc10,-6,0.5,-0.6416801546,-0.4252084842,-0.15695205,-0.03896704063,22.65781395,nan,nan
jkt_qc10,-6,1.5,-0.6401725052,-0.4232634429,-0.1566852392,-0.03882600732,22.60261872,nan,nan
jkt_qc10,-6,2.5,-0.6371901318,-0.4194273399,-0.1561541305,-0.03854618167,22.49448565,nan,nan
jkt_qc10,-6,3.5,-0.6327533541,-0.4137638414,-0.1553636967,-0.03813196867,22.33428385,nan,nan
jkt_qc10,-6,4.5,-0.6268973952,-0.4063739397,-0.1543212666,-0.03758978776,22.12379566,nan,nan
jkt_qc10,-6,5.5,-0.6196711296,-0.3973789554,-0.1530363732,-0.0369278595,21.86518531,nan,nan
jkt_qc10,-6,6.5,-0.6111621454,-0.3869550964,-0.1515205585,-0.03615594016,21.56347157,nan,nan
jkt_qc10,-6,7.5,-0.6014259007,-0.3752543794,-0.1497871425,-0.03528501872,21.22056846,nan,nan
jkt_qc10,-6,8.5,-0.5905627606,-0.3624731162,-0.1478509627,-0.03432699181,20.84147641,nan,nan
jkt_qc10,-6,9.5,-0.5786577043,-0.3487920891,-0.1457280922,-0.03329433221,20.42948269,nan,nan
jkt_qc10,-6,10.5,-0.5658273505,-0.3344153727,-0.1434355466,-0.0321997656,19.98994072,nan,nan
jkt_qc10,-6,11.5,-0.552178899,-0.319529396,-0.1409909875,-0.03105596824,19.5270309,nan,nan
jkt_qc10,-6,12.5,-0.5378273468,-0.3043160483,-0.1384124304,-0.02987529594,19.04520391,nan,nan
jkt_qc10,-6,13.5,-0.5228842149,-0.2889412024,-0.1357179674,-0.02866955169,18.54836928,nan,nan
jkt_qc10,-6,14.5,-0.5074737714,-0.2735668072,-0.1329255085,-0.02744979638,18.04126154,nan,nan
jkt_qc10,-6,15.5,-0.4917008643,-0.2583239727,-0.1300525494,-0.02622620432,17.52699348,nan,nan
jkt_qc10,-6,16.5,-0.475684744,-0.243346322,-0.1271159683,-0.02500796271,17.00998929,nan,nan
jkt_qc10,-6,17.5,-0.4595174171,-0.228716457,-0.1241318549,-0.02380321238,16.49216629,nan,nan
jkt_qc10,-6,18.5,-0.4433057737,-0.2145327126,-0.1211153732,-0.02261902535,15.97730194,nan,nan
jkt_qc10,-6,19.5,-0.4271371146,-0.200860305,-0.1180806566,-0.02146141432,15.46769241,nan,nan
jkt_qc10,-6,20.5,-0.411092532,-0.1877506079,-0.1150407353,-0.02033536796,14.96548122,nan,nan
jkt_qc10,-6,21.5,-0.3952446016,-0.1752406415,-0.1120074923,-0.01924490672,14.47250925,nan,nan
jkt_qc10,-6,22.5,-0.3796579241,-0.1633550099,-0.108991647,-0.01819315321,13.99038665,nan,nan
jkt_qc10,-6,23.5,-0.364389727,-0.1521077519,-0.1060027603,-0.01718241252,13.52055744,nan,nan
jkt_qc10,-6,24.5,-0.3494835021,-0.1414999634,-0.1030492603,-0.0162142578,13.06380038,nan,nan
jkt_qc10,-6,25.5,-0.3349748701,-0.1315249448,-0.1001384838,-0.01528961763,12.62068136,nan,nan
jkt_qc10,-6,26.5,-0.3209030272,-0.1221757632,-0.09727672897,-0.01440886219,12.19245808,nan,nan
jkt_qc10,-6,27.5,-0.3072867601,-0.1134323457,-0.09446931864,-0.01357188589,11.77914077,nan,nan
jkt_qc10,-6,28.5,-0.2941348249,-0.1052690538,-0.0917206687,-0.01277818499,11.38028091,nan,nan
jkt_qc10,-6,29.5,-0.2814759072,-0.09767060653,-0.08903436056,-0.01202692892,10.99737672,nan,nan
jkt_qc10,-5.5,0.5,-0.7222857945,-0.5786463311,-0.1693481936,-0.04586591423,27.82517815,nan,nan
jkt_qc10,-5.5,1.5,-0.7206016975,-0.5758108629,-0.1690414722,-0.04568683649,27.7482374,nan,nan
jkt_qc10,-5.5,2.5,-0.7172675653,-0.5702208312,-0.1684310498,-0.04533173763,27.597455,nan,nan
jkt_qc10,-5.5,3.5,-0.7122996486,-0.5619755526,-0.1675229031,-0.04480661867,27.37428375,nan,nan
jkt_qc10,-5.5,4.5,-0.7057281713,-0.5512318319,-0.1663258391,-0.0441202074,27.08156101,nan,nan
jkt_qc10,-5.5,5.5,-0.6975980917,-0.5381766831,-0.1648513103,-0.04328364883,26.72263357,nan,nan
jkt_qc10,-5.5,6.5,-0.6879971171,-0.5230780252,-0.1631131772,-0.04231012195,26.3047333,nan,nan
jkt_qc10,-5.5,7.5,-0.6769764132,-0.5061709907,-0.1611274253,-0.04121440479,25.83111773,nan,nan
jkt_qc10,-5.5,8.5,-0.6646398474,-0.4877529906,-0.1589118444,-0.04001241137,25.30907622,nan,nan
jkt_qc10,-5.5,9.5,-0.6510754122,-0.4680990629,-0.1564856818,-0.03872072396,24.74369357,nan,nan
jkt_qc10,-5.5,10.5,-0.6364099786,-0.447515027,-0.1538692792,-0.03735614231,24.1427008,nan,nan
jkt_qc10,-5.5,11.5,-0.620762308,-0.4262795601,-0.1510837056,-0.03593526809,23.51226534,nan,nan
jkt_qc10,-5.5,12.5,-0.6042629731,-0.4046618757,-0.148150396,-0.03447413909,22.85883368,nan,nan
jkt_qc10,-5.5,13.5,-0.5870412112,-0.3829054552,-0.1450908076,-0.0329879228,22.18807839,nan,nan
jkt_qc10,-5.5,14.5,-0.5692433673,-0.3612444137,-0.1419261018,-0.03149067464,21.5066193,nan,nan
jkt_qc10,-5.5,15.5,-0.5509952617,-0.3398665429,-0.1386768594,-0.02999516177,20.81890814,nan,nan
jkt_qc10,-5.5,16.5,-0.5324408367,-0.3189603523,-0.1353628343,-0.02851274998,20.13103392,nan,nan
jkt_qc10,-5.5,17.5,-0.5136934842,-0.2986377633,-0.1320027497,-0.02705334827,19.44556377,nan,nan
jkt_qc10,-5.5,18.5,-0.4948840794,-0.279032658,-0.128614137,-0.02562540373,18.76756849,nan,nan
jkt_qc10,-5.5,19.5,-0.4761209106,-0.2602296648,-0.1252132173,-0.02423593845,18.10005397,nan,nan
jkt_qc10,-5.5,20.5,-0.4575047004,-0.2422925523,-0.1218148241,-0.02289061944,17.44575704,nan,nan
jkt_qc10,-5.5,21.5,-0.4391256612,-0.2252639769,-0.1184323625,-0.02159385328,16.8069613,nan,nan
jkt_qc10,-5.5,22.5,-0.4210639213,-0.2091685919,-0.1150778013,-0.02034889716,16.18559584,nan,nan
jkt_qc10,-5.5,23.5,-0.4033900962,-0.1940159828,-0.1117616942,-0.01915797965,15.58332374,nan,nan
jkt_qc10,-5.5,24.5,-0.3861579497,-0.1797980281,-0.1084932234,-0.01802242514,15.00094935,nan,nan
jkt_qc10,-5.5,25.5,-0.3694111661,-0.1664960912,-0.1052802624,-0.01694277712,14.43898363,nan,nan
jkt_qc10,-5.5,26.5,-0.3531964744,-0.1540911475,-0.1021294517,-0.01591891687,13.89873635,nan,nan
jkt_qc10,-5.5,27.5,-0.3375363128,-0.1425472654,-0.09904628514,-0.01495017475,13.37999231,nan,nan
jkt_qc10,-5.5,28.5,-0.3224409106,-0.1318217931,-0.09603520147,-0.01403543239,12.88198558,nan,nan
jkt_qc10,-5.5,29.5,-0.3079423763,-0.1218858371,-0.09309967909,-0.01317321492,12.40624638,nan,nan
jkt_qc10,-5,0.5,-0.7968699238,-0.8097714965,-0.1836433701,-0.05470991216,35.1524968,nan,nan
jkt_qc10,-5,1.5,-0.7951881175,-0.8055343177,-0.1832886967,-0.05447832498,35.04150362,nan,nan
jkt_qc10,-5,2.5,-0.7918506312,-0.7971839193,-0.1825829739,-0.05401941255,34.82394661,nan,nan
jkt_qc10,-5,3.5,-0.7868536265,-0.7848777161,-0.1815333754,-0.05334153111,34.50230493,nan,nan
jkt_qc10,-5,4.5,-0.7801986131,-0.7688633262,-0.180150476,-0.05245680679,34.08122869,nan,nan
jkt_qc10,-5,5.5,-0.7719003367,-0.7494343752,-0.1784480349,-0.05138067573,33.56608635,nan,nan
jkt_qc10,-5,6.5,-0.7620145544,-0.7270067235,-0.1764427118,-0.05013131752,32.96772293,nan,nan
jkt_qc10,-5,7.5,-0.7505568753,-0.7019507588,-0.1741537275,-0.04872901637,32.29174624,nan,nan
jkt_qc10,-5,8.5,-0.7376034272,-0.6747268367,-0.1716024747,-0.04719548669,31.54919323,nan,nan
jkt_qc10,-5,9.5,-0.7232171031,-0.6457622804,-0.1688120931,-0.04555319889,30.74816625,nan,nan
jkt_qc10,-5,10.5,-0.7075102544,-0.6155259848,-0.165807021,-0.04382473808,29.90023728,nan,nan
jkt_qc10,-5,11.5,-0.6905934777,-0.5844442266,-0.1626125384,-0.04203222265,29.01480311,nan,nan
jkt_qc10,-5,12.5,-0.6725982291,-0.5529250427,-0.1592543159,-0.04019680294,28.10150294,nan,nan
jkt_qc10,-5,13.5,-0.6536619073,-0.5213345126,-0.1557579838,-0.03833825302,27.16880992,nan,nan
jkt_qc10,-5,14.5,-0.6339481167,-0.4900194467,-0.1521487344,-0.03647466102,26.22625652,nan,nan
jkt_qc10,-5,15.5,-0.6136031444,-0.4592553187,-0.1484509668,-0.03462221733,25.28036113,nan,nan
jkt_qc10,-5,16.5,-0.5927978882,-0.4293143702,-0.1446879828,-0.0327950946,24.33970858,nan,nan
jkt_qc10,-5,17.5,-0.5716742706,-0.400351265,-0.140881738,-0.03100540927,23.40778598,nan,nan
jkt_qc10,-5,18.5,-0.550393833,-0.3725519804,-0.1370526498,-0.02926325246,22.49152728,nan,nan
jkt_qc10,-5,19.5,-0.5290947318,-0.3460275457,-0.1332194615,-0.02757677622,21.5948985,nan,nan
jkt_qc10,-5,20.5,-0.5079067181,-0.3208569151,-0.1293991597,-0.02595232165,20.72139883,nan,nan
jkt_qc10,-5,21.5,-0.4869470966,-0.2970873289,-0.1256069393,-0.02439457581,19.87383401,nan,nan
jkt_qc10,-5,22.5,-0.4663206559,-0.2747393973,-0.1218562101,-0.02290674587,19.05445982,nan,nan
jkt_qc10,-5,23.5,-0.4461199377,-0.2538118479,-0.1181586394,-0.02149074086,18.26510996,nan,nan
jkt_qc10,-5,24.5,-0.4264166354,-0.2342787225,-0.1145242224,-0.02014735288,17.50648463,nan,nan
jkt_qc10,-5,25.5,-0.4072692486,-0.2160997032,-0.1109613741,-0.01887643188,16.77887604,nan,nan
jkt_qc10,-5,26.5,-0.3887380301,-0.1992340391,-0.1074770374,-0.01767704957,16.08351393,nan,nan
jkt_qc10,-5,27.5,-0.370853931,-0.1836189386,-0.1040768002,-0.01654764953,15.41973337,nan,nan
jkt_qc10,-5,28.5,-0.3536325827,-0.1691836025,-0.1007650183,-0.015486182,14.78620434,nan,nan
jkt_qc10,-5,29.5,-0.3371130658,-0.1558761676,-0.09754493894,-0.01449022268,14.18435566,nan,nan
jkt_qc10,-4.5,0.5,-0.8268602462,-1.160794656,-0.2002145394,-0.06627197666,45.66638692,nan,nan
jkt_qc10,-4.5,1.5,-0.8257563087,-1.154371898,-0.1998026125,-0.06596621125,45.50098308,nan,nan
jkt_qc10,-4.5,2.5,-0.8235404804,-1.141717093,-0.198983058,-0.06536076822,45.17676241,nan,nan
jkt_qc10,-4.5,3.5,-0.8201449244,-1.123078123,-0.1977643951,-0.06446756639,44.69803951,nan,nan
jkt_qc10,-4.5,4.5,-0.8154770126,-1.098844434,-0.1961592038,-0.06330385975,44.07263895,nan,nan
jkt_qc10,-4.5,5.5,-0.80944812,-1.069476421,-0.1941838869,-0.06189153697,43.30946333,nan,nan
jkt_qc10,-4.5,6.5,-0.8019909345,-1.035621796,-0.1918583529,-0.06025626273,42.42539795,nan,nan
jkt_qc10,-4.5,7.5,-0.7929982354,-0.9978644801,-0.1892056267,-0.05842651621,41.43022626,nan,nan
jkt_qc10,-4.5,8.5,-0.7824281978,-0.9569220624,-0.186251393,-0.05643258487,40.34126109,nan,nan
jkt_qc10,-4.5,9.5,-0.7702373491,-0.9134635989,-0.1830234857,-0.05430556998,39.17176762,nan,nan
jkt_qc10,-4.5,10.5,-0.7564489184,-0.8682167136,-0.1795513389,-0.05207645414,37.93965473,nan,nan
jkt_qc10,-4.5,11.5,-0.7411044491,-0.8218425595,-0.1758654167,-0.04977527144,36.6596672,nan,nan
jkt_qc10,-4.5,12.5,-0.7242880731,-0.774969958,-0.1719966445,-0.04743040925,35.34664328,nan,nan
jkt_qc10,-4.5,13.5,-0.7061108269,-0.7281598124,-0.167975859,-0.04506805848,34.01357365,nan,nan
jkt_qc10,-4.5,14.5,-0.6867308049,-0.6819370079,-0.1638332994,-0.04271181754,32.67455307,nan,nan
jkt_qc10,-4.5,15.5,-0.6663045927,-0.6367151171,-0.1595981519,-0.04038244477,31.33931721,nan,nan
jkt_qc10,-4.5,16.5,-0.6450262787,-0.5928969046,-0.1552981621,-0.03809774661,30.02021654,nan,nan
jkt_qc10,-4.5,17.5,-0.6230778463,-0.5507019389,-0.1509593218,-0.03587258297,28.7220175,nan,nan
jkt_qc10,-4.5,18.5,-0.60066064,-0.5103950178,-0.1466056315,-0.03371896823,27.4543233,nan,nan
jkt_qc10,-4.5,19.5,-0.5779593497,-0.4721248742,-0.1422589405,-0.0316462456,26.22235135,nan,nan
jkt_qc10,-4.5,20.5,-0.5551515267,-0.4359899962,-0.1379388558,-0.02966131291,25.03051496,nan,nan
jkt_qc10,-4.5,21.5,-0.5324014069,-0.4020402278,-0.1336627166,-0.02776888049,23.88214852,nan,nan
jkt_qc10,-4.5,22.5,-0.5098583208,-0.3702851668,-0.1294456225,-0.02597174401,22.77972752,nan,nan
jkt_qc10,-4.5,23.5,-0.4876559158,-0.3407019398,-0.1253005066,-0.02427105887,21.72506349,nan,nan
jkt_qc10,-4.5,24.5,-0.4659018046,-0.3132324886,-0.1212382442,-0.0226666054,20.71844575,nan,nan
jkt_qc10,-4.5,25.5,-0.4446857007,-0.2877987797,-0.1172677868,-0.02115703756,19.75959672,nan,nan
jkt_qc10,-4.5,26.5,-0.4240960187,-0.2643224665,-0.1133963139,-0.01974010997,18.8493611,nan,nan
jkt_qc10,-4.5,27.5,-0.4041851447,-0.2426960108,-0.1096293935,-0.01841288078,17.98620278,nan,nan
jkt_qc10,-4.5,28.5,-0.3849852572,-0.2228024742,-0.105971147,-0.01717188909,17.16778734,nan,nan
jkt_qc10,-4.5,29.5,-0.3665519854,-0.2045518203,-0.1024244123,-0.01601330751,16.39515694,nan,nan
jkt_qc10,-4,0.5,-0.7106807522,-1.674929459,-0.2194777917,-0.08172595214,60.35511425,nan,nan
jkt_qc10,-4,1.5,-0.7117262751,-1.66537162,-0.2189989473,-0.081312724,60.10406457,nan,nan
jkt_qc10,-4,2.5,-0.7137073425,-1.646535426,-0.2180461934,-0.08049519123,59.61202125,nan,nan
jkt_qc10,-4,3.5,-0.716380543,-1.618784253,-0.2166293377,-0.07929079782,58.88651398,nan,nan
jkt_qc10,-4,4.5,-0.7193921484,-1.582692195,-0.2147629286,-0.07772473165,57.940825,nan,nan
jkt_qc10,-4,5.5,-0.7223625378,-1.538940241,-0.2124660469,-0.07582883059,56.78995139,nan,nan
jkt_qc10,-4,6.5,-0.7248650443,-1.48849143,-0.2097620064,-0.07364024839,55.46075461,nan,nan
jkt_qc10,-4,7.5,-0.726444664,-1.432222098,-0.2066779601,-0.0711999703,53.97029163,nan,nan
jkt_qc10,-4,8.5,-0.7267052103,-1.371212397,-0.2032444072,-0.06855127359,52.34625739,nan,nan
jkt_qc10,-4,9.5,-0.7252833554,-1.30647802,-0.1994946093,-0.06573822362,50.61061516,nan,nan
jkt_qc10,-4,10.5,-0.7219135661,-1.239125593,-0.195463932,-0.06280428513,48.79159483,nan,nan
jkt_qc10,-4,11.5,-0.716403495,-1.170166585,-0.1911891358,-0.05979111137,46.91266651,nan,nan
jkt_qc10,-4,12.5,-0.7086562505,-1.100564589,-0.1867076461,-0.0567375537,44.99700138,nan,nan
jkt_qc10,-4,13.5,-0.6986574656,-1.031180509,-0.1820568333,-0.05367891327,43.06474461,nan,nan
jkt_qc10,-4,14.5,-0.6864895434,-0.9628163605,-0.1772733365,-0.05064643719,41.13699085,nan,nan
jkt_qc10,-4,15.5,-0.6722825624,-0.8961039545,-0.1723924545,-0.04766704532,39.22835027,nan,nan
jkt_qc10,-4,16.5,-0.656232229,-0.8316524201,-0.1674476268,-0.04476326135,37.35668077,nan,nan
jkt_qc10,-4,17.5,-0.6385807042,-0.7697878421,-0.1624700167,-0.04195331449,35.52840552,nan,nan
jkt_qc10,-4,18.5,-0.6195818996,-0.7109005018,-0.1574882023,-0.03925137434,33.75676114,nan,nan
jkt_qc10,-4,19.5,-0.5995009915,-0.6552008986,-0.1525279741,-0.03666788144,32.0484179,nan,nan
jkt_qc10,-4,20.5,-0.5786035696,-0.6028199266,-0.1476122311,-0.03420993913,30.40868294,nan,nan
jkt_qc10,-4,21.5,-0.5571448801,-0.5538125766,-0.1427609658,-0.03188173634,28.84118304,nan,nan
jkt_qc10,-4,22.5,-0.5353640972,-0.5081716252,-0.1379913236,-0.02968497683,27.34821554,nan,nan
jkt_qc10,-4,23.5,-0.5134805579,-0.4658403131,-0.1333177208,-0.02761929587,25.93105666,nan,nan
jkt_qc10,-4,24.5,-0.4916807375,-0.426710262,-0.1287520086,-0.02568265062,24.58893696,nan,nan
jkt_qc10,-4,25.5,-0.4701254464,-0.390644244,-0.1243036679,-0.02387167552,23.32031876,nan,nan
jkt_qc10,-4,26.5,-0.4489670116,-0.3575045069,-0.1199800225,-0.02218199778,22.12503451,nan,nan
jkt_qc10,-4,27.5,-0.4283121648,-0.3271136795,-0.1157864623,-0.02060851123,20.99993799,nan,nan
jkt_qc10,-4,28.5,-0.4082388475,-0.2992831741,-0.1117266653,-0.01914560912,19.94095702,nan,nan
jkt_qc10,-4,29.5,-0.3888438619,-0.2738630366,-0.1078028149,-0.0177873782,18.94819792,nan,nan
jkt_qc10,-3.5,0.5,-0.2320329967,-2.313065894,-0.2418088706,-0.1028990055,78.25273474,nan,nan
jkt_qc10,-3.5,1.5,-0.2388091781,-2.300324753,-0.2412561695,-0.102325961,77.88151093,nan,nan
jkt_qc10,-3.5,2.5,-0.25200299,-2.275173356,-0.2401559521,-0.1011932975,77.15411947,nan,nan
jkt_qc10,-3.5,3.5,-0.2709589256,-2.238009016,-0.238518605,-0.09952722105,76.08304073,nan,nan
jkt_qc10,-3.5,4.5,-0.2947051779,-2.189481147,-0.2363597297,-0.09736547747,74.68983518,nan,nan
jkt_qc10,-3.5,5.5,-0.3221666998,-2.130381494,-0.2337001129,-0.09475560851,72.99886497,nan,nan
jkt_qc10,-3.5,6.5,-0.3520405711,-2.061883963,-0.230565608,-0.09175283175,71.05169351,nan,nan
jkt_qc10,-3.5,7.5,-0.3830303087,-1.985063325,-0.2269868847,-0.08841769438,68.87660995,nan,nan
jkt_qc10,-3.5,8.5,-0.4138568129,-1.901310131,-0.2229990165,-0.08481365768,66.51669191,nan,nan
jkt_qc10,-3.5,9.5,-0.4433547181,-1.811964843,-0.2186408946,-0.08100476234,64.00700463,nan,nan
jkt_qc10,-3.5,10.5,-0.4705103443,-1.718538056,-0.2139544787,-0.07705350467,61.39087434,nan,nan
jkt_qc10,-3.5,11.5,-0.4945122487,-1.622447499,-0.208983919,-0.07301902379,58.70454533,nan,nan
jkt_qc10,-3.5,12.5,-0.5147634049,-1.525077762,-0.2037745958,-0.06895566465,55.98317264,nan,nan
jkt_qc10,-3.5,13.5,-0.5308813301,-1.427694544,-0.1983721332,-0.06491194512,53.25704802,nan,nan
jkt_qc10,-3.5,14.5,-0.5426935339,-1.331496528,-0.1928214453,-0.06092992209,50.55684982,nan,nan
jkt_qc10,-3.5,15.5,-0.5502015587,-1.237449486,-0.1871658644,-0.05704492447,47.90372629,nan,nan
jkt_qc10,-3.5,16.5,-0.5535348395,-1.146487218,-0.181446392,-0.05328560121,45.32260583,nan,nan
jkt_qc10,-3.5,17.5,-0.5530263774,-1.059135304,-0.1757010977,-0.04967422204,42.82165886,nan,nan
jkt_qc10,-3.5,18.5,-0.5489965128,-0.9760009655,-0.1699646783,-0.04622716446,40.41828771,nan,nan
jkt_qc10,-3.5,19.5,-0.5418560646,-0.8974249208,-0.1642681761,-0.04295552397,38.12034585,nan,nan
jkt_qc10,-3.5,20.5,-0.5320400275,-0.8236227189,-0.1586388448,-0.03986579091,35.93349632,nan,nan
jkt_qc10,-3.5,21.5,-0.5199867173,-0.7546907482,-0.1531001449,-0.03696054728,33.86088996,nan,nan
jkt_qc10,-3.5,22.5,-0.5061217519,-0.6906270609,-0.1476718462,-0.03423914711,31.90372103,nan,nan
jkt_qc10,-3.5,23.5,-0.4908466898,-0.6313511401,-0.1423702139,-0.0316983546,30.06171037,nan,nan
jkt_qc10,-3.5,24.5,-0.4745214123,-0.5767034478,-0.1372082542,-0.02933292281,28.33193907,nan,nan
jkt_qc10,-3.5,25.5,-0.4574666406,-0.5264792166,-0.1321959995,-0.02713610416,26.71052462,nan,nan
jkt_qc10,-3.5,26.5,-0.4399785289,-0.4804692456,-0.1273408144,-0.02510008925,25.19526438,nan,nan
jkt_qc10,-3.5,27.5,-0.4222932397,-0.4384079756,-0.1226477069,-0.02321637555,23.78038586,nan,nan
jkt_qc10,-3.5,28.5,-0.4046020498,-0.4000141456,-0.1181196356,-0.02147607016,22.45913978,nan,nan
jkt_qc10,-3.5,29.5,-0.3870994699,-0.3650592463,-0.1137578017,-0.01987013284,21.22986495,nan,nan
jkt_qc10,-3,0.5,0.854183599,-2.727156115,-0.2672994807,-0.1326948236,91.70549928,nan,nan
jkt_qc10,-3,1.5,0.8363702045,-2.715593717,-0.2666777089,-0.1318782024,91.22210239,nan,nan
jkt_qc10,-3,2.5,0.80152644,-2.692583278,-0.2654382345,-0.1302656139,90.27516294,nan,nan
jkt_qc10,-3,3.5,0.750987836,-2.658079623,-0.2635894681,-0.1278973312,88.88192748,nan,nan
jkt_qc10,-3,4.5,0.6867677238,-2.612121567,-0.2611446407,-0.1248312546,87.07190538,nan,nan
jkt_qc10,-3,5.5,0.6111355081,-2.554867665,-0.2581223746,-0.1211401083,84.87894618,nan,nan
jkt_qc10,-3,6.5,0.5269499154,-2.486835078,-0.2545472017,-0.1169080306,82.35890281,nan,nan
jkt_qc10,-3,7.5,0.4370189126,-2.408491465,-0.250449887,-0.1122268011,79.55146845,nan,nan
jkt_qc10,-3,8.5,0.3442713531,-2.320785677,-0.2458674442,-0.107191968,76.51513307,nan,nan
jkt_qc10,-3,9.5,0.2514083529,-2.224763507,-0.2408427775,-0.1018991264,73.29837568,nan,nan
jkt_qc10,-3,10.5,0.1609319201,-2.121853432,-0.2354239398,-0.09644057048,69.95976856,nan,nan
jkt_qc10,-3,11.5,0.07492624669,-2.013555398,-0.2296630563,-0.09090248908,66.54854879,nan,nan
jkt_qc10,-3,12.5,-0.004939781634,-1.901496123,-0.2236149991,-0.08536281128,63.11191794,nan,nan
jkt_qc10,-3,13.5,-0.07745377799,-1.787296813,-0.2173359299,-0.07988974352,59.69025532,nan,nan
jkt_qc10,-3,14.5,-0.141823657,-1.672604185,-0.2108818266,-0.07454097831,56.32339381,nan,nan
jkt_qc10,-3,15.5,-0.1976871818,-1.558847946,-0.2043071043,-0.06936350645,53.03855048,nan,nan
jkt_qc10,-3,16.5,-0.2449331269,-1.447453081,-0.197663414,-0.0643939314,49.8667777,nan,nan
jkt_qc10,-3,17.5,-0.2839855131,-1.339367017,-0.1909986747,-0.05965916797,46.8173165,nan,nan
jkt_qc10,-3,18.5,-0.3152117165,-1.235606329,-0.184356366,-0.05517740546,43.91038877,nan,nan
jkt_qc10,-3,19.5,-0.3392446756,-1.136841989,-0.1777750801,-0.05095922424,41.15388432,nan,nan
jkt_qc10,-3,20.5,-0.3568010077,-1.043556077,-0.171288314,-0.04700877158,38.55261783,nan,nan
jkt_qc10,-3,21.5,-0.3686395851,-0.956046163,-0.1649244685,-0.04332492254,36.10808349,nan,nan
jkt_qc10,-3,22.5,-0.3755234416,-0.8744515312,-0.1587070135,-0.03990237197,33.81924691,nan,nan
jkt_qc10,-3,23.5,-0.378191696,-0.7987804899,-0.1526547788,-0.03673262294,31.68322759,nan,nan
jkt_qc10,-3,24.5,-0.3773331999,-0.7289130987,-0.1467823303,-0.0338048526,29.69411046,nan,nan
jkt_qc10,-3,25.5,-0.373576873,-0.6646486846,-0.1411003969,-0.03110664897,27.84495225,nan,nan
jkt_qc10,-3,26.5,-0.3674972471,-0.6057623499,-0.1356163204,-0.02862462143,26.13076844,nan,nan
jkt_qc10,-3,27.5,-0.3595879277,-0.5519421985,-0.1303345045,-0.02634489333,24.54274753,nan,nan
jkt_qc10,-3,28.5,-0.3502696396,-0.5028451971,-0.1252568474,-0.02425348924,23.07122668,nan,nan
jkt_qc10,-3,29.5,-0.3399317406,-0.4581874586,-0.1203831469,-0.02233663039,21.71227716,nan,nan
jkt_qc10,-2.5,0.5,2.290881728,-2.23948401,-0.2950747249,-0.175762939,87.00643829,nan,nan
jkt_qc10,-2.5,1.5,2.261829209,-2.241104516,-0.2944250763,-0.1745691821,86.5344435,nan,nan
jkt_qc10,-2.5,2.5,2.204723161,-2.243642525,-0.293124728,-0.1722137006,85.60966163,nan,nan
jkt_qc10,-2.5,3.5,2.121159895,-2.245576252,-0.2911725682,-0.1687589723,84.2472462,nan,nan
jkt_qc10,-2.5,4.5,2.013660293,-2.244802322,-0.2885692288,-0.1642948429,82.47372815,nan,nan
jkt_qc10,-2.5,5.5,1.885181829,-2.239138901,-0.285319383,-0.1589341488,80.32133987,nan,nan
jkt_qc10,-2.5,6.5,1.739711196,-2.226356523,-0.2814341359,-0.1528073243,77.84348745,nan,nan
jkt_qc10,-2.5,7.5,1.581273466,-2.204325023,-0.2769330998,-0.1460563583,75.07798529,nan,nan
jkt_qc10,-2.5,8.5,1.414395502,-2.171563075,-0.2718458105,-0.1388285182,72.08273455,nan,nan
jkt_qc10,-2.5,9.5,1.243455675,-2.127090976,-0.2662122651,-0.1312702737,68.90623307,nan,nan
jkt_qc10,-2.5,10.5,1.072803047,-2.070760904,-0.2600825067,-0.1235218199,65.6082147,nan,nan
jkt_qc10,-2.5,11.5,0.906279817,-2.003032014,-0.253515331,-0.1157125221,62.23946724,nan,nan
jkt_qc10,-2.5,12.5,0.7471959846,-1.924991578,-0.2465763013,-0.1079574916,58.84911351,nan,nan
jkt_qc10,-2.5,13.5,0.5981760204,-1.838170927,-0.2393353305,-0.1003553772,55.4794735,nan,nan
jkt_qc10,-2.5,14.5,0.4611889031,-1.744489633,-0.2318641061,-0.09298733667,52.17215275,nan,nan
jkt_qc10,-2.5,15.5,0.3374275434,-1.645917637,-0.22423361,-0.08591705338,48.95563959,nan,nan
jkt_qc10,-2.5,16.5,0.2276449178,-1.544563209,-0.2165119282,-0.07919159948,45.86182903,nan,nan
jkt_qc10,-2.5,17.5,0.1315579827,-1.442220227,-0.2087624792,-0.0728429161,42.90035502,nan,nan
jkt_qc10,-2.5,18.5,0.04895112892,-1.340665075,-0.2010427189,-0.06688968268,40.09094803,nan,nan
jkt_qc10,-2.5,19.5,-0.02094816489,-1.241329662,-0.1934033222,-0.06133937173,37.44077883,nan,nan
jkt_qc10,-2.5,20.5,-0.07912377067,-1.145380324,-0.1858877988,-0.05619032296,34.9535884,nan,nan
jkt_qc10,-2.5,21.5,-0.126694155,-1.053706407,-0.1785324744,-0.05143371436,32.62955897,nan,nan
jkt_qc10,-2.5,22.5,-0.1648357324,-0.9669412531,-0.1713667565,-0.04705534896,30.4662037,nan,nan
jkt_qc10,-2.5,23.5,-0.1947240763,-0.8854926323,-0.1644136052,-0.04303721251,28.45913533,nan,nan
jkt_qc10,-2.5,24.5,-0.2174897564,-0.8095504168,-0.1576901339,-0.0393587856,26.60101816,nan,nan
jkt_qc10,-2.5,25.5,-0.2341857426,-0.7391480058,-0.1512082808,-0.03599811456,24.88358872,nan,nan
jkt_qc10,-2.5,26.5,-0.2457752213,-0.6742357781,-0.1449754999,-0.03293265884,23.30054874,nan,nan
jkt_qc10,-2.5,27.5,-0.2531172564,-0.6146188502,-0.1389954385,-0.03013994043,21.84207263,nan,nan
jkt_qc10,-2.5,28.5,-0.2569616663,-0.5600290398,-0.1332685739,-0.02759802394,20.49770368,nan,nan
jkt_qc10,-2.5,29.5,-0.2579773764,-0.5102356874,-0.1277927959,-0.02528585608,19.26255713,nan,nan
jkt_qc10,-2,0.5,3.09297944,-0.7309616209,-0.3214717123,-0.239323504,62.88655959,nan,nan
jkt_qc10,-2,1.5,3.067627495,-0.7565175068,-0.3209362213,-0.2375527057,62.61414353,nan,nan
jkt_qc10,-2,2.5,3.017010662,-0.8058851397,-0.3198483702,-0.2340590898,62.07914532,nan,nan
jkt_qc10,-2,3.5,2.940942211,-0.8757226598,-0.3181772566,-0.2289366405,61.28283596,nan,nan
jkt_qc10,-2,4.5,2.839568844,-0.9611048201,-0.3158831834,-0.2223213876,60.2301108,nan,nan
jkt_qc10,-2,5.5,2.713470813,-1.056573454,-0.3129245069,-0.2143855153,58.93175311,nan,nan
jkt_qc10,-2,6.5,2.564345158,-1.155680117,-0.3092650684,-0.2053297017,57.41049255,nan,nan
jkt_qc10,-2,7.5,2.394396862,-1.2520258,-0.3048811271,-0.1953740413,55.67807413,nan,nan
jkt_qc10,-2,8.5,2.207162003,-1.339678951,-0.2997668366,-0.1847481111,53.76397412,nan,nan
jkt_qc10,-2,9.5,2.006814595,-1.413580418,-0.2939375914,-0.1736809007,51.69259515,nan,nan
jkt_qc10,-2,10.5,1.798380117,-1.469962245,-0.2874309467,-0.1623913976,49.5007161,nan,nan
jkt_qc10,-2,11.5,1.587006102,-1.506473522,-0.2803052091,-0.1510805515,47.2211392,nan,nan
jkt_qc10,-2,12.5,1.37777149,-1.522236449,-0.2726361195,-0.1399251618,44.88851375,nan,nan
jkt_qc10,-2,13.5,1.175268979,-1.517691997,-0.2645122617,-0.129073972,42.53470089,nan,nan
jkt_qc10,-2,14.5,0.9834548874,-1.494435347,-0.2560298903,-0.1186459772,40.19331874,nan,nan
jkt_qc10,-2,15.5,0.8052771538,-1.454788658,-0.2472878189,-0.108730714,37.8887716,nan,nan
jkt_qc10,-2,16.5,0.6430314024,-1.401597721,-0.238382863,-0.09939013441,35.64909838,nan,nan
jkt_qc10,-2,17.5,0.4974292203,-1.337943262,-0.2294061502,-0.09066159192,33.48624989,nan,nan
jkt_qc10,-2,18.5,0.3690821292,-1.266766528,-0.220440436,-0.08256146922,31.41864379,nan,nan
jkt_qc10,-2,19.5,0.2576354298,-1.190813369,-0.2115584153,-0.07508903642,29.45536023,nan,nan
jkt_qc10,-2,20.5,0.1622583025,-1.112495728,-0.2028219199,-0.06823022028,27.60246121,nan,nan
jkt_qc10,-2,21.5,0.08177537073,-1.033831825,-0.1942818393,-0.06196106368,25.86282629,nan,nan
jkt_qc10,-2,22.5,0.01480453255,-0.9564386122,-0.1859785803,-0.05625074644,24.23685259,nan,nan
jkt_qc10,-2,23.5,-0.04013091151,-0.8815540777,-0.1779428929,-0.05106411301,22.72309404,nan,nan
jkt_qc10,-2,24.5,-0.08451961619,-0.810049167,-0.1701969112,-0.04636370706,21.31735485,nan,nan
jkt_qc10,-2,25.5,-0.1197906322,-0.7425032906,-0.16275529,-0.04211134866,20.01443353,nan,nan
jkt_qc10,-2,26.5,-0.1472718735,-0.6792976265,-0.1556263487,-0.03826930971,18.8106362,nan,nan
jkt_qc10,-2,27.5,-0.1681767262,-0.6205677724,-0.1488131615,-0.03480115097,17.69906346,nan,nan
jkt_qc10,-2,28.5,-0.1835802688,-0.5662951136,-0.1423145567,-0.03167228429,16.67211252,nan,nan
jkt_qc10,-2,29.5,-0.1944330444,-0.5164391251,-0.1361260048,-0.02885031881,15.72687065,nan,nan
jkt_qc10,-1.5,0.5,2.602144458,0.9018772358,-0.3355606459,-0.333002763,33.93654156,nan,nan
jkt_qc10,-1.5,1.5,2.604433139,0.8626183426,-0.3355310831,-0.330429216,33.94222182,nan,nan
jkt_qc10,-1.5,2.5,2.607068635,0.7852585802,-0.3354145677,-0.3253426646,33.95196414,nan,nan
jkt_qc10,-1.5,3.5,2.60602615,0.6719450741,-0.3351029923,-0.3178638393,33.95131362,nan,nan
jkt_qc10,-1.5,4.5,2.595811798,0.5264713431,-0.3344501184,-0.3081723218,33.91921207,nan,nan
jkt_qc10,-1.5,5.5,2.570738544,0.3536944295,-0.3332885963,-0.2965031975,33.83894924,nan,nan
jkt_qc10,-1.5,6.5,2.525195253,0.1606389102,-0.3314493244,-0.283140654,33.69208765,nan,nan
jkt_qc10,-1.5,7.5,2.454436494,-0.04460064584,-0.32878067,-0.2684078964,33.4532226,nan,nan
jkt_qc10,-1.5,8.5,2.355876864,-0.2528468471,-0.3251650591,-0.2526534959,33.10854688,nan,nan
jkt_qc10,-1.5,9.5,2.229043972,-0.4547987873,-0.32053086,-0.2362351388,32.64316944,nan,nan
jkt_qc10,-1.5,10.5,2.076154242,-0.6417010366,-0.3148583034,-0.2195024337,32.05464696,nan,nan
jkt_qc10,-1.5,11.5,1.901469467,-0.8062550726,-0.3081792155,-0.2027807438,31.34318185,nan,nan
jkt_qc10,-1.5,12.5,1.710912711,-0.9431457089,-0.3005713461,-0.1863578494,30.51629838,nan,nan
jkt_qc10,-1.5,13.5,1.511242535,-1.049340827,-0.2921488096,-0.1704746998,29.58565441,nan,nan
jkt_qc10,-1.5,14.5,1.309426286,-1.124104999,-0.283050492,-0.1553207564,28.57011439,nan,nan
jkt_qc10,-1.5,15.5,1.111720559,-1.16866716,-0.273428204,-0.1410336931,27.48663214,nan,nan
jkt_qc10,-1.5,16.5,0.9236878648,-1.1856905,-0.2634359822,-0.1277026669,26.35811232,nan,nan
jkt_qc10,-1.5,17.5,0.748851739,-1.179258711,-0.2532214276,-0.1153740829,25.20176698,nan,nan
jkt_qc10,-1.5,18.5,0.5901498447,-1.153445671,-0.2429194495,-0.1040587395,24.03722656,nan,nan
jkt_qc10,-1.5,19.5,0.4489540106,-1.112599227,-0.2326483761,-0.09373938554,22.88003847,nan,nan
jkt_qc10,-1.5,20.5,0.3256139422,-1.060806255,-0.2225081184,-0.08437795908,21.74368997,nan,nan
jkt_qc10,-1.5,21.5,0.2196666681,-1.001696744,-0.2125799455,-0.07592204026,20.63904255,nan,nan
jkt_qc10,-1.5,22.5,0.1300750885,-0.9383450322,-0.2029274034,-0.06831027983,19.57453968,nan,nan
jkt_qc10,-1.5,23.5,0.05543946385,-0.8732468802,-0.1935979554,-0.06147674157,18.55651595,nan,nan
jkt_qc10,-1.5,24.5,-0.00583641211,-0.8083175963,-0.1846250003,-0.05535421498,17.58823581,nan,nan
jkt_qc10,-1.5,25.5,-0.05539800512,-0.7449776944,-0.1760300119,-0.04987662124,16.67134679,nan,nan
jkt_qc10,-1.5,26.5,-0.0948413762,-0.6842710635,-0.1678246261,-0.04498066428,15.8081357,nan,nan
jkt_qc10,-1.5,27.5,-0.1256748256,-0.6268392324,-0.1600125664,-0.04060688087,14.99733909,nan,nan
jkt_qc10,-1.5,28.5,-0.1492626242,-0.5730424073,-0.1525913519,-0.03670023119,14.23639065,nan,nan
jkt_qc10,-1.5,29.5,-0.1668187312,-0.5231248021,-0.1455537665,-0.03321035132,13.52642093,nan,nan
jkt_qc10,-1,0.5,1.25180395,1.536281108,-0.3107190478,-0.4623033129,12.65724745,nan,nan
jkt_qc10,-1,1.5,1.281299941,1.51777029,-0.3120511966,-0.4589868014,12.8077337,nan,nan
jkt_qc10,-1,2.5,1.338549272,1.479093287,-0.314582356,-0.4523843453,13.10689109,nan,nan
jkt_qc10,-1,3.5,1.419785538,1.416864296,-0.3180559387,-0.4425656103,13.54535919,nan,nan
jkt_qc10,-1,4.5,1.518747785,1.326984683,-0.3221114625,-0.4296541873,14.10564617,nan,nan
jkt_qc10,-1,5.5,1.627631634,1.205759114,-0.3263138116,-0.4138445816,14.77252461,nan,nan
jkt_qc10,-1,6.5,1.736082919,1.051056697,-0.3301909178,-0.3954160877,15.52002883,nan,nan
jkt_qc10,-1,7.5,1.832454969,0.8631398478,-0.333276792,-0.3747383149,16.31357978,nan,nan
jkt_qc10,-1,8.5,1.905173717,0.6460140591,-0.3351549584,-0.352264602,17.11798841,nan,nan
jkt_qc10,-1,9.5,1.94398313,0.4071756997,-0.3354962332,-0.328512304,17.89231329,nan,nan
jkt_qc10,-1,10.5,1.941777124,0.1573525164,-0.3340851372,-0.3040322182,18.59978779,nan,nan
jkt_qc10,-1,11.5,1.895428135,-0.09108361583,-0.3308312171,-0.279372196,19.20522763,nan,nan
jkt_qc10,-1,12.5,1.806289212,-0.325665909,-0.3257646284,-0.2550413007,19.68081678,nan,nan
jkt_qc10,-1,13.5,1.679694945,-0.5355247467,-0.3190184721,-0.2314803421,20.00671474,nan,nan
jkt_qc10,-1,14.5,1.524043918,-0.7126124456,-0.3108025748,-0.2090426085,20.17523752,nan,nan
jkt_qc10,-1,15.5,1.349114756,-0.8523683385,-0.3013741173,-0.1879859799,20.18500099,nan,nan
jkt_qc10,-1,16.5,1.165163304,-0.9533735513,-0.2910098446,-0.1684752558,20.04522681,nan,nan
jkt_qc10,-1,17.5,0.9808375249,-1.018027338,-0.2799830751,-0.1505920444,19.77294791,nan,nan
jkt_qc10,-1,18.5,0.8036749269,-1.049785298,-0.2685469962,-0.1343490717,19.38557804,nan,nan
jkt_qc10,-1,19.5,0.6390004804,-1.053762672,-0.2569243005,-0.1197060586,18.9039613,nan,nan
jkt_qc10,-1,20.5,0.4902146044,-1.035513643,-0.2453022791,-0.106585029,18.34940913,nan,nan
jkt_qc10,-1,21.5,0.3590174471,-1.000465661,-0.2338320661,-0.09488373348,17.74212803,nan,nan
jkt_qc10,-1,22.5,0.2457651447,-0.9535388921,-0.2226306858,-0.08448658357,17.10045498,nan,nan
jkt_qc10,-1,23.5,0.1498420163,-0.8989441676,-0.2117847312,-0.07527300954,16.44047906,nan,nan
jkt_qc10,-1,24.5,0.06998554349,-0.8400830905,-0.20135478,-0.06712346802,15.77466151,nan,nan
jkt_qc10,-1,25.5,0.004584285893,-0.7796016642,-0.191379927,-0.05992347863,15.11296872,nan,nan
jkt_qc10,-1,26.5,-0.04810345338,-0.7195198096,-0.1818820501,-0.05356610803,14.46500128,nan,nan
jkt_qc10,-1,27.5,-0.08984213751,-0.6612221372,-0.1728696041,-0.04795329334,13.83589274,nan,nan
jkt_qc10,-1,28.5,-0.122293718,-0.6056191732,-0.1643408612,-0.0429963398,13.22852605,nan,nan
jkt_qc10,-1,29.5,-0.1469677162,-0.5533633074,-0.1562865947,-0.03861585958,12.6486265,nan,nan
jkt_qc10,-0.5,0.5,0.3216005464,1.100625838,-0.2028871194,-0.6028612422,3.249600475,nan,nan
jkt_qc10,-0.5,1.5,0.3417240978,1.108994766,-0.2065843673,-0.600014111,3.344089146,nan,nan
jkt_qc10,-0.5,2.5,0.3829946458,1.124324332,-0.2138066812,-0.5942096843,3.537601807,nan,nan
jkt_qc10,-0.5,3.5,0.4472915497,1.143303665,-0.2242052113,-0.5852493905,3.837248542,nan,nan
jkt_qc10,-0.5,4.5,0.5365065991,1.160386971,-0.2372498468,-0.5728889275,4.250671276,nan,nan
jkt_qc10,-0.5,5.5,0.6518585409,1.16841433,-0.2522324578,-0.5568990206,4.789497179,nan,nan
jkt_qc10,-0.5,6.5,0.792313296,1.15794031,-0.2682875302,-0.5371376828,5.46078485,nan,nan
jkt_qc10,-0.5,7.5,0.9533667052,1.118381798,-0.284438091,-0.5136224639,6.265169943,nan,nan
jkt_qc10,-0.5,8.5,1.126091801,1.040116854,-0.2996690493,-0.4865870289,7.195813406,nan,nan
jkt_qc10,-0.5,9.5,1.297142022,0.9164186157,-0.3130210083,-0.4565059424,8.232919663,nan,nan
jkt_qc10,-0.5,10.5,1.450278448,0.7461363145,-0.3236883384,-0.4240769656,9.346039789,nan,nan
jkt_qc10,-0.5,11.5,1.568969779,0.5347167564,-0.3311003035,-0.3901610296,10.49286339,nan,nan
jkt_qc10,-0.5,12.5,1.639651422,0.2941207923,-0.3349666327,-0.3556924775,11.62435633,nan,nan
jkt_qc10,-0.5,13.5,1.654395219,0.04082645675,-0.3352787272,-0.3215806419,12.68934779,nan,nan
jkt_qc10,-0.5,14.5,1.612385683,-0.207131093,-0.3322704067,-0.2886245754,13.64266853,nan,nan
jkt_qc10,-0.5,15.5,1.519294814,-0.4334932094,-0.3263520855,-0.257456089,14.4463389,nan,nan
jkt_qc10,-0.5,16.5,1.385872526,-0.6255420106,-0.3180359962,-0.2285160662,15.07464575,nan,nan
jkt_qc10,-0.5,17.5,1.225219331,-0.7772292307,-0.3078676286,-0.2020599328,15.5242012,nan,nan
jkt_qc10,-0.5,18.5,1.0505049,-0.8859985063,-0.2963726232,-0.1781830229,15.79244342,nan,nan
jkt_qc10,-0.5,19.5,0.8733738918,-0.954020953,-0.2840221046,-0.156855657,15.89153728,nan,nan
jkt_qc10,-0.5,20.5,0.7029437167,-0.986183187,-0.2712148753,-0.1379596614,15.84060027,nan,nan
jkt_qc10,-0.5,21.5,0.5455224482,-0.9887908904,-0.2582725743,-0.1213210414,15.66257762,nan,nan
jkt_qc10,-0.5,22.5,0.4048303458,-0.9684958045,-0.2454434101,-0.1067363101,15.38172792,nan,nan
jkt_qc10,-0.5,23.5,0.2824761958,-0.9315625579,-0.2329106624,-0.09399198661,15.02177404,nan,nan
jkt_qc10,-0.5,24.5,0.1784923989,-0.8834146478,-0.2208031361,-0.0828779387,14.60338751,nan,nan
jkt_qc10,-0.5,25.5,0.09188684419,-0.8284941451,-0.2092057453,-0.07319574479,14.14454018,nan,nan
jkt_qc10,-0.5,26.5,0.02109016987,-0.7703172684,-0.1981692006,-0.06476332785,13.66223646,nan,nan
jkt_qc10,-0.5,27.5,-0.03578604219,-0.7114432383,-0.1877183346,-0.05741697434,13.16812442,nan,nan
jkt_qc10,-0.5,28.5,-0.08067990675,-0.6536685731,-0.1778589511,-0.0510116293,12.67063739,nan,nan
jkt_qc10,-0.5,29.5,-0.1154320128,-0.5983068934,-0.1685832792,-0.04542013263,12.18029415,nan,nan
jkt_qc10,0,0.5,0.1226368985,0.6231390913,-0.0006509100247,-0.6711403083,0.8954607185,nan,nan
jkt_qc10,0,1.5,0.1273018188,0.6316642444,-0.005857749429,-0.671089809,0.9218678976,nan,nan
jkt_qc10,0,2.5,0.1373581207,0.6489658213,-0.01626320497,-0.6707466151,0.9774713464,nan,nan
jkt_qc10,0,3.5,0.15449097,0.6753003306,-0.03182275162,-0.6696286274,1.067827726,nan,nan
jkt_qc10,0,4.5,0.1815049786,0.7105858534,-0.05240037671,-0.6670244496,1.201508739,nan,nan
jkt_qc10,0,5.5,0.2221989096,0.7542486462,-0.07769026386,-0.662023779,1.391509579,nan,nan
jkt_qc10,0,6.5,0.2817070802,0.8040617732,-0.1071259469,-0.6535823748,1.654806832,nan,nan
jkt_qc10,0,7.5,0.3657854225,0.8550500655,-0.1397978585,-0.6406345597,2.011623115,nan,nan
jkt_qc10,0,8.5,0.47942063,0.8987477868,-0.174411136,-0.6222554813,2.484528809,nan,nan
jkt_qc10,0,9.5,0.6245933729,0.9226424126,-0.2093197327,-0.5978542659,3.093839253,nan,nan
jkt_qc10,0,10.5,0.7974698704,0.9117950837,-0.2426608695,-0.5673532185,3.853541933,nan,nan
jkt_qc10,0,11.5,0.9864984789,0.8518722094,-0.2725815371,-0.5312918172,4.764443057,nan,nan
jkt_qc10,0,12.5,1.1727045,0.7338668913,-0.2975062511,-0.4908043926,5.809965774,nan,nan
jkt_qc10,0,13.5,1.333018851,0.558089279,-0.3163667696,-0.4474615209,6.95416293,nan,nan
jkt_qc10,0,14.5,1.445885368,0.3357425288,-0.3287221588,-0.4030188389,8.145843125,nan,nan
jkt_qc10,0,15.5,1.496587033,0.08654258447,-0.3347409033,-0.3591515614,9.323141771,nan,nan
jkt_qc10,0,16.5,1.480368842,-0.165234331,-0.3350699257,-0.3172487594,10.42085555,nan,nan
jkt_qc10,0,17.5,1.403595956,-0.3985469665,-0.3306483395,-0.2783060326,11.3978583,nan,nan
jkt_qc10,0,18.5,1.278595363,-0.5963967342,-0.322524837,-0.2429137392,12.20942796,nan,nan
jkt_qc10,0,19.5,1.121730401,-0.749678636,-0.3117166076,-0.2113114791,12.83528356,nan,nan
jkt_qc10,0,20.5,0.9492780856,-0.8562040733,-0.2991220907,-0.1834734118,13.27156497,nan,nan
jkt_qc10,0,21.5,0.775030574,-0.9190682809,-0.2854816711,-0.1591965611,13.52783465,nan,nan
jkt_qc10,0,22.5,0.6091967767,-0.9445721593,-0.2713724982,-0.1381761755,13.62298917,nan,nan
jkt_qc10,0,23.5,0.4583236089,-0.9403721781,-0.2572232295,-0.1200623483,13.58125145,nan,nan
jkt_qc10,0,24.5,0.3257908518,-0.9140966518,-0.2433376936,-0.1044983878,13.42749355,nan,nan
jkt_qc10,0,25.5,0.2126248375,-0.8725678667,-0.2299203914,-0.09114429725,13.18579661,nan,nan
jkt_qc10,0,26.5,0.1182971888,-0.8215006373,-0.2170999919,-0.07968937688,12.8799816,nan,nan
jkt_qc10,0,27.5,0.04126786486,-0.765296672,-0.2049491912,-0.06985752466,12.52834585,nan,nan
jkt_qc10,0,28.5,-0.02046319637,-0.7072001212,-0.1935005966,-0.06140800097,12.14533304,nan,nan
jkt_qc10,0,29.5,-0.06900415311,-0.6496281557,-0.1827589532,-0.05413361144,11.74685506,nan,nan
jkt_qc10,0.5,0.5,0.1189559226,0.4015567021,0.2019539016,-0.6035670403,0.4329982328,nan,nan
jkt_qc10,0.5,1.5,0.1199954112,0.4056557272,0.1981856018,-0.6063656091,0.4397407157,nan,nan
jkt_qc10,0.5,2.5,0.1221978218,0.4140967709,0.1904804427,-0.611839797,0.4539563819,nan,nan
jkt_qc10,0.5,3.5,0.125935759,0.4273077898,0.1785093009,-0.6197217846,0.4771385058,nan,nan
jkt_qc10,0.5,4.5,0.1319314591,0.4459361447,0.1618033649,-0.6295555227,0.5118448991,nan,nan
jkt_qc10,0.5,5.5,0.1412277508,0.4708898111,0.1397978585,-0.6406345597,0.5621097195,nan,nan
jkt_qc10,0.5,6.5,0.155698266,0.5033162626,0.1119132388,-0.6519293913,0.6343909768,nan,nan
jkt_qc10,0.5,7.5,0.1783597597,0.5441977882,0.07769026386,-0.662023779,0.7381389248,nan,nan
jkt_qc10,0.5,8.5,0.213804718,0.5939994788,0.03698886531,-0.669096127,0.887520126,nan,nan
jkt_qc10,0.5,9.5,0.2685945843,0.6512929725,-0.009761593611,-0.6709989294,1.10212564,nan,nan
jkt_qc10,0.5,10.5,0.3506918018,0.7111235273,-0.06131599193,-0.6654915048,1.407584162,nan,nan
jkt_qc10,0.5,11.5,0.4674986817,0.762873065,-0.1154790003,-0.6506452874,1.833241884,nan,nan
jkt_qc10,0.5,12.5,0.6217679375,0.7897435079,-0.1692143644,-0.6253532144,2.407171384,nan,nan
jkt_qc10,0.5,13.5,0.8067891806,0.7713952638,-0.219071517,-0.5897656913,3.147825629,nan,nan
jkt_qc10,0.5,14.5,1.003856528,0.6905933912,-0.2618505118,-0.545431971,4.055729011,nan,nan
jkt_qc10,0.5,15.5,1.184939578,0.5407286086,-0.2952646579,-0.4950268024,5.106267264,nan,nan
jkt_qc10,0.5,16.5,1.319831697,0.3310824332,-0.3183283611,-0.4417523642,6.245221167,nan,nan
jkt_qc10,0.5,17.5,1.388610411,0.08411773054,-0.3313427091,-0.3886698982,7.4191978,nan,nan
jkt_qc10,0.5,18.5,1.382562545,-0.1709522291,-0.3355600851,-0.3382104521,8.549850324,nan,nan
jkt_qc10,0.5,19.5,1.307881562,-0.406541536,-0.3327262111,-0.2919722058,9.572784478,nan,nan
jkt_qc10,0.5,20.5,1.180529347,-0.6027868418,-0.3246769945,-0.2507625135,10.43988682,nan,nan
jkt_qc10,0.5,21.5,1.020449615,-0.7497509604,-0.3130745772,-0.2147737426,11.12394565,nan,nan
jkt_qc10,0.5,22.5,0.8466419113,-0.8463285431,-0.2992833668,-0.1837910029,11.61798464,nan,nan
jkt_qc10,0.5,23.5,0.6742655718,-0.8975156467,-0.284346243,-0.1573718327,11.93130232,nan,nan
jkt_qc10,0.5,24.5,0.5136456936,-0.9114430742,-0.2690161535,-0.1349767278,12.08278632,nan,nan
jkt_qc10,0.5,25.5,0.3706957489,-0.8970885963,-0.2538096427,-0.1160523487,12.09672285,nan,nan
jkt_qc10,0.5,26.5,0.24793602,-0.8628938517,-0.2390626556,-0.1000782472,12.00087488,nan,nan
jkt_qc10,0.5,27.5,0.1454228411,-0.8159109775,-0.2249794218,-0.08658894448,11.81928258,nan,nan
jkt_qc10,0.5,28.5,0.06178760614,-0.7616423006,-0.211671524,-0.07518094212,11.57255898,nan,nan
jkt_qc10,0.5,29.5,-0.005009659321,-0.7043046334,-0.1991874109,-0.0655113734,11.28268926,nan,nan
jkt_qc10,1,0.5,0.1236844923,0.2941602419,0.3103789678,-0.4631339307,0.3276025815,nan,nan
jkt_qc10,1,1.5,0.1241772422,0.2963254729,0.3089901775,-0.4664620677,0.3297392928,nan,nan
jkt_qc10,1,2.5,0.1251752567,0.3007705711,0.3060738854,-0.4731434209,0.3342249879,nan,nan
jkt_qc10,1,3.5,0.1267730118,0.3076832814,0.3013433182,-0.483217836,0.3414675142,nan,nan
jkt_qc10,1,4.5,0.1291514991,0.3173743483,0.2943457085,-0.4967168136,0.3521842011,nan,nan
jkt_qc10,1,5.5,0.1325374478,0.330281432,0.284438091,-0.5136224639,0.3674128225,nan,nan
jkt_qc10,1,6.5,0.1373525175,0.3471094273,0.2707624698,-0.5338007025,0.3889700692,nan,nan
jkt_qc10,1,7.5,0.144330807,0.3686899464,0.2522324578,-0.5568990206,0.4194258607,nan,nan
jkt_qc10,1,8.5,0.1546554603,0.3962234849,0.2275545028,-0.5822007365,0.4629982609,nan,nan
jkt_qc10,1,9.5,0.170414861,0.4310967535,0.1953223721,-0.6084380405,0.5262320499,nan,nan
jkt_qc10,1,10.5,0.1950774724,0.4747869645,0.1542383809,-0.6335940629,0.6196113049,nan,nan
jkt_qc10,1,11.5,0.2343741524,0.5279590432,0.1035115362,-0.6547771459,0.75929845,nan,nan
jkt_qc10,1,12.5,0.2967833979,0.5886854648,0.04342764148,-0.6683189937,0.9689985457,nan,nan
jkt_qc10,1,13.5,0.3926216453,0.6493672751,-0.02405272059,-0.6702778149,1.280045537,nan,nan
jkt_qc10,1,14.5,0.5299625318,0.6939522446,-0.09500178581,-0.6574123578,1.728018481,nan,nan
jkt_qc10,1,15.5,0.7075129429,0.6984102013,-0.1639367122,-0.6283712461,2.343588374,nan,nan
jkt_qc10,1,16.5,0.9072191258,0.6379297465,-0.2250480305,-0.5844899832,3.135556467,nan,nan
jkt_qc10,1,17.5,1.098054591,0.5010501469,-0.2737766498,-0.5296165629,4.098427247,nan,nan
jkt_qc10,1,18.5,1.242951148,0.2944088868,-0.3079184139,-0.4689638377,5.183960864,nan,nan
jkt_qc10,1,19.5,1.314512142,0.0444362928,-0.3277415599,-0.4076330128,6.323275802,nan,nan
jkt_qc10,1,20.5,1.303499551,-0.2133791524,-0.3352793715,-0.3495448477,7.43686029,nan,nan
jkt_qc10,1,21.5,1.218853533,-0.4466288503,-0.3333551274,-0.2970750258,8.451639716,nan,nan
jkt_qc10,1,22.5,1.081017145,-0.6338987838,-0.3247996968,-0.2512336619,9.313777181,nan,nan
jkt_qc10,1,23.5,0.9137184058,-0.7665627255,-0.3120197748,-0.2120747194,9.994235118,nan,nan
jkt_qc10,1,24.5,0.7378311941,-0.846198351,-0.296858761,-0.1791018907,10.48601613,nan,nan
jkt_qc10,1,25.5,0.5686225457,-0.880479191,-0.2806275322,-0.1515712079,10.79939309,nan,nan
jkt_qc10,1,26.5,0.4155310252,-0.8795634637,-0.2642043078,-0.1286801028,10.95727987,nan,nan
jkt_qc10,1,27.5,0.2829908908,-0.8534893164,-0.2481451408,-0.1096688778,10.98494425,nan,nan
jkt_qc10,1,28.5,0.1720226941,-0.8108895045,-0.2327794653,-0.09386556553,10.90739775,nan,nan
jkt_qc10,1,29.5,0.08165178384,-0.7587420269,-0.2182837663,-0.08069846746,10.7525109,nan,nan
jkt_qc10,1.5,0.5,0.12305304,0.2312321881,0.3355649704,-0.3336493053,0.3063979389,nan,nan
jkt_qc10,1.5,1.5,0.1234129368,0.2325519005,0.3355697856,-0.3362480997,0.3071351119,nan,nan
jkt_qc10,1.5,2.5,0.124127644,0.2352534293,0.3355179672,-0.3415062839,0.3086919875,nan,nan
jkt_qc10,1.5,3.5,0.1252368628,0.2394242995,0.3352793715,-0.3495448477,0.3112113325,nan,nan
jkt_qc10,1.5,4.5,0.1268052389,0.2452102554,0.3346399077,-0.3605439038,0.3149391221,nan,nan
jkt_qc10,1.5,5.5,0.1289126116,0.2528079845,0.333276792,-0.3747383149,0.3201973205,nan,nan
jkt_qc10,1.5,6.5,0.1316762505,0.2625721829,0.3307222738,-0.3924063545,0.327623011,nan,nan
jkt_qc10,1.5,7.5,0.1353347012,0.2748778069,0.3263138116,-0.4138445816,0.3379800255,nan,nan
jkt_qc10,1.5,8.5,0.1401972586,0.2903331638,0.3191302224,-0.4393174763,0.3525546971,nan,nan
jkt_qc10,1.5,9.5,0.1468366692,0.3097070321,0.3079184139,-0.4689638377,0.3732577463,nan,nan
jkt_qc10,1.5,10.5,0.1561307939,0.3340967702,0.2910277026,-0.5026345789,0.4031482287,nan,nan
jkt_qc10,1.5,11.5,0.1696657392,0.364912515,0.266393998,-0.5396336414,0.4471588044,nan,nan
jkt_qc10,1.5,12.5,0.1902330992,0.4038614653,0.2316585605,-0.5783498996,0.5134368413,nan,nan
jkt_qc10,1.5,13.5,0.2227608211,0.4524631781,0.1845561145,-0.615832099,0.6153860995,nan,nan
jkt_qc10,1.5,14.5,0.2753964999,0.5106146487,0.1237132899,-0.6475040558,0.7744972676,nan,nan
jkt_qc10,1.5,15.5,0.3598612599,0.5730628747,0.04984215188,-0.6674187787,1.022255871,nan,nan
jkt_qc10,1.5,16.5,0.4877914012,0.6238572534,-0.03311542366,-0.6695029614,1.39571616,nan,nan
jkt_qc10,1.5,17.5,0.6612293504,0.6376014211,-0.1178440881,-0.649768355,1.934846674,nan,nan
jkt_qc10,1.5,18.5,0.8636680466,0.5837707538,-0.1953223721,-0.6084380405,2.661239051,nan,nan
jkt_qc10,1.5,19.5,1.058099592,0.4452197825,-0.2578155981,-0.5503695796,3.567630225,nan,nan
jkt_qc10,1.5,20.5,1.200779853,0.2306581484,-0.3013433182,-0.483217836,4.610058313,nan,nan
jkt_qc10,1.5,21.5,1.26073691,-0.02704661733,-0.3261254551,-0.4146256895,5.71450777,nan,nan
jkt_qc10,1.5,22.5,1.231047644,-0.2856718997,-0.3352504234,-0.3502229043,6.794699056,nan,nan
jkt_qc10,1.5,23.5,1.126544717,-0.5098462508,-0.3328717532,-0.2930977005,7.77310376,nan,nan
jkt_qc10,1.5,24.5,0.9732570245,-0.6795621603,-0.3229133573,-0.2442769659,8.594590985,nan,nan
jkt_qc10,1.5,25.5,0.7979781182,-0.7900202137,-0.3084902179,-0.2035048585,9.23192953,nan,nan
jkt_qc10,1.5,26.5,0.6220994245,-0.8469188794,-0.2918234213,-0.169900222,9.68436716,nan,nan
jkt_qc10,1.5,27.5,0.4594097255,-0.8609697235,-0.2743809752,-0.1423798369,9.966059874,nan,nan
jkt_qc10,1.5,28.5,0.3170782281,-0.8438368933,-0.2570737157,-0.1198840193,10.09953596,nan,nan
jkt_qc10,1.5,29.5,0.1976338476,-0.8061279702,-0.2404303579,-0.1014747988,10.11544897,nan,nan
jkt_qc10,2,0.5,0.1194839234,0.1895492087,0.3216046733,-0.2397687249,0.3119919523,nan,nan
jkt_qc10,2,1.5,0.1197808966,0.1904349807,0.3221327765,-0.2415597551,0.3121930975,nan,nan
jkt_qc10,2,2.5,0.120366155,0.1922466826,0.3231703604,-0.2451909457,0.3126368684,nan,nan
jkt_qc10,2,3.5,0.121263012,0.1950305024,0.3246769945,-0.2507625135,0.3133841864,nan,nan
jkt_qc10,2,4.5,0.1225021958,0.1988597638,0.3265835708,-0.2584296149,0.3145245972,nan,nan
jkt_qc10,2,5.5,0.1241301534,0.2038347296,0.32878067,-0.2684078964,0.3161820876,nan,nan
jkt_qc10,2,6.5,0.1261815995,0.2101552545,0.3311003525,-0.2809802069,0.3186333703,nan,nan
jkt_qc10,2,7.5,0.1287808939,0.2180001967,0.3332885963,-0.2965031975,0.3221611819,nan,nan
jkt_qc10,2,8.5,0.1320325593,0.2276813298,0.3349643818,-0.3154110272,0.3272376494,nan,nan
jkt_qc10,2,9.5,0.1361623851,0.2395801277,0.3355600851,-0.3382104521,0.334551638,nan,nan
jkt_qc10,2,10.5,0.141442507,0.2542447553,0.3342370248,-0.3654561098,0.3451114934,nan,nan
jkt_qc10,2,11.5,0.1483634762,0.2724102188,0.3297715806,-0.3976852413,0.360502144,nan,nan
jkt_qc10,2,12.5,0.1577271695,0.2950926829,0.320415915,-0.4352759442,0.3832436732,nan,nan
jkt_qc10,2,13.5,0.170934179,0.3236497938,0.3037628298,-0.4781737077,0.4174463043,nan,nan
jkt_qc10,2,14.5,0.1904358357,0.3598692244,0.2767031862,-0.5254201128,0.4700995959,nan,nan
jkt_qc10,2,15.5,0.2207914593,0.4056596231,0.2356707295,-0.5744571531,0.5532698301,nan,nan
jkt_qc10,2,16.5,0.2704569357,0.4614598212,0.1774897435,-0.6203597448,0.6871452627,nan,nan
jkt_qc10,2,17.5,0.3513955966,0.5232199441,0.1010908634,-0.6555519967,0.9028796892,nan,nan
jkt_qc10,2,18.5,0.4778115773,0.5754285497,0.009761593611,-0.6709989294,1.242235454,nan,nan
jkt_qc10,2,19.5,0.6539908413,0.5881703681,-0.08762773,-0.6594978091,1.747899847,nan,nan
jkt_qc10,2,20.5,0.8604672695,0.5263647292,-0.1785093009,-0.6197217846,2.446292878,nan,nan
jkt_qc10,2,21.5,1.05265982,0.3718925374,-0.2515181592,-0.5577104162,3.329920172,nan,nan
jkt_qc10,2,22.5,1.180481441,0.1399390672,-0.3009293783,-0.4840596932,4.349769045,nan,nan
jkt_qc10,2,23.5,1.213888544,-0.1269024046,-0.327397668,-0.4091796213,5.424385808,nan,nan
jkt_qc10,2,24.5,1.153433006,-0.3804974635,-0.3355387519,-0.3401841655,6.461285951,nan,nan
jkt_qc10,2,25.5,1.022628119,-0.5861372632,-0.3310113379,-0.2804430323,7.381515139,nan,nan
jkt_qc10,2,26.5,0.8531854802,-0.7290033166,-0.3187392944,-0.2306285696,8.136300023,nan,nan
jkt_qc10,2,27.5,0.6730514065,-0.810515344,-0.3023349025,-0.1899643335,8.705848168,nan,nan
jkt_qc10,2,28.5,0.5016062305,-0.8409967656,-0.2841841579,-0.1571134593,9.093668477,nan,nan
jkt_qc10,2,29.5,0.3498384574,-0.8337984377,-0.2657475886,-0.1306662011,9.3232534,nan,nan
jkt_qc10,2.5,0.5,0.1147265612,0.1597987505,0.2952370707,-0.1760630647,0.3274949156,nan,nan
jkt_qc10,2.5,1.5,0.114980964,0.1604327585,0.2958861551,-0.1772703642,0.3274622099,nan,nan
jkt_qc10,2.5,2.5,0.1154790343,0.1617303829,0.2971826538,-0.1797179417,0.3274200915,nan,nan
jkt_qc10,2.5,3.5,0.1162372942,0.1637181452,0.2991220907,-0.1834734118,0.3273987303,nan,nan
jkt_qc10,2.5,4.5,0.1172736653,0.1664337493,0.3016947002,-0.1886424326,0.3274206353,nan,nan
jkt_qc10,2.5,5.5,0.1186251023,0.169936401,0.3048811271,-0.1953740413,0.3275560024,nan,nan
jkt_qc10,2.5,6.5,0.120293642,0.1743485434,0.3086454952,-0.2038681596,0.3279240991,nan,nan
jkt_qc10,2.5,7.5,0.1223663134,0.1797684751,0.3129245069,-0.2143855153,0.3286715834,nan,nan
jkt_qc10,2.5,8.5,0.1248853458,0.1863693511,0.3176104559,-0.2272600894,0.3299810727,nan,nan
jkt_qc10,2.5,9.5,0.1279711473,0.1943617303,0.322524837,-0.2429137392,0.3321677665,nan,nan
jkt_qc10,2.5,10.5,0.1317352307,0.2040347315,0.3273774588,-0.2618714897,0.3356099233,nan,nan
jkt_qc10,2.5,11.5,0.1363832192,0.2157731626,0.3317034744,-0.2847733709,0.3409239972,nan,nan
jkt_qc10,2.5,12.5,0.1422167819,0.2301041429,0.3347677151,-0.3123731183,0.3490331042,nan,nan
jkt_qc10,2.5,13.5,0.149731197,0.247739513,0.3354234443,-0.3455029021,0.3613674523,nan,nan
jkt_qc10,2.5,14.5,0.159689139,0.2696829112,0.3319156205,-0.3849623825,0.3801980461,nan,nan
jkt_qc10,2.5,15.5,0.1734666723,0.2973022687,0.321639282,-0.431255957,0.4093490001,nan,nan
jkt_qc10,2.5,16.5,0.1937428625,0.3324194751,0.3009293783,-0.4840596932,0.4556837088,nan,nan
jkt_qc10,2.5,17.5,0.2248692297,0.3770215207,0.2651137911,-0.5412941144,0.5304694338,nan,nan
jkt_qc10,2.5,18.5,0.2755575193,0.4320420248,0.2093197327,-0.5978542659,0.6544445464,nan,nan
jkt_qc10,2.5,19.5,0.3597020708,0.4929736435,0.1306713857,-0.6446538391,0.8607546716,nan,nan
jkt_qc10,2.5,20.5,0.4930016201,0.5419990685,0.03182275162,-0.6696286274,1.194471402,nan,nan
jkt_qc10,2.5,21.5,0.6785957347,0.5437825347,-0.07644017107,-0.6623187528,1.701183159,nan,nan
jkt_qc10,2.5,22.5,0.8892657201,0.4593783584,-0.1774897435,-0.6203597448,2.406208314,nan,nan
jkt_qc10,2.5,23.5,1.06993189,0.2757148091,-0.2564416457,-0.5520080418,3.295154221,nan,nan
jkt_qc10,2.5,24.5,1.16730094,0.02113036245,-0.3068204938,-0.4714701562,4.307646111,nan,nan
jkt_qc10,2.5,25.5,1.159324847,-0.2502741836,-0.3308502191,-0.3916567668,5.351471913,nan,nan
jkt_qc10,2.5,26.5,1.059786675,-0.4880336917,-0.33522451,-0.3203366894,6.332005801,nan,nan
jkt_qc10,2.5,27.5,0.9019458839,-0.6636867177,-0.3270403751,-0.2603897992,7.175549105,nan,nan
jkt_qc10,2.5,28.5,0.7204590379,-0.7713464103,-0.311868288,-0.2116926625,7.841152262,nan,nan
jkt_qc10,2.5,29.5,0.541685921,-0.8197220567,-0.2934499253,-0.1727986002,8.324130809,nan,nan
jkt_qc10,3,0.5,0.1096273959,0.1374862278,0.2674551323,-0.1329000664,0.3466645132,nan,nan
jkt_qc10,3,1.5,0.1098492337,0.1379616104,0.2680785643,-0.1337254214,0.34652639,nan,nan
jkt_qc10,3,2.5,0.1102797399,0.1389351177,0.2693293237,-0.1353974057,0.3462565314,nan,nan
jkt_qc10,3,3.5,0.1109321526,0.1404233135,0.2712148753,-0.1379596614,0.3458744911,nan,nan
jkt_qc10,3,4.5,0.1118196874,0.1424434255,0.2737455232,-0.1414804682,0.34536725,nan,nan
jkt_qc10,3,5.5,0.1129746274,0.145039151,0.2769330998,-0.1460563583,0.3448082438,nan,nan
jkt_qc10,3,6.5,0.1143840891,0.1482858104,0.2807887632,-0.1518173455,0.3442154645,nan,nan
jkt_qc10,3,7.5,0.116115405,0.1522466035,0.285319383,-0.1589341488,0.3437027574,nan,nan
jkt_qc10,3,8.5,0.1181888469,0.1570239773,0.2905216639,-0.1676279111,0.3433285528,nan,nan
jkt_qc10,3,9.5,0.1206800574,0.1627465335,0.2963726232,-0.1781830229,0.3432687556,nan,nan
jkt_qc10,3,10.5,0.1236465265,0.1695803512,0.3028141655,-0.1909636879,0.3436699387,nan,nan
jkt_qc10,3,11.5,0.1271973465,0.1777453446,0.309728082,-0.2064346676,0.3448119147,nan,nan
jkt_qc10,3,12.5,0.1314778575,0.1875346145,0.3168955198,-0.2251858253,0.3470863732,nan,nan
jkt_qc10,3,13.5,0.1367167898,0.1993371224,0.3239314243,-0.2479578418,0.3510914804,nan,nan
jkt_qc10,3,14.5,0.1432196764,0.2136861717,0.3301793347,-0.2756609785,0.3576811904,nan,nan
jkt_qc10,3,15.5,0.1515171172,0.231314127,0.3345457874,-0.3093663412,0.3682716619,nan,nan
jkt_qc10,3,16.5,0.162551178,0.2532786061,0.3352504234,-0.3502229043,0.3853365262,nan,nan
jkt_qc10,3,17.5,0.1776772231,0.2809436935,0.3294819644,-0.3992036004,0.4124282601,nan,nan
jkt_qc10,3,18.5,0.1996851309,0.3162430438,0.3130210083,-0.4565059424,0.4565699236,nan,nan
jkt_qc10,3,19.5,0.2337713159,0.3612993914,0.280100448,-0.520371117,0.5302514796,nan,nan
jkt_qc10,3,20.5,0.2897443608,0.4167962871,0.2242052113,-0.5852493905,0.6560104226,nan,nan
jkt_qc10,3,21.5,0.3836123173,0.4764128141,0.1409261204,-0.6401149966,0.8708592929,nan,nan
jkt_qc10,3,22.5,0.5319311631,0.5168358401,0.03311542366,-0.6695029614,1.224198276,nan,nan
jkt_qc10,3,23.5,0.7317728719,0.4951697125,-0.08515426124,-0.6601568096,1.76203594,nan,nan
jkt_qc10,3,24.5,0.9415378294,0.3724246401,-0.1924276484,-0.610487076,2.502163468,nan,nan
jkt_qc10,3,25.5,1.095009964,0.1499038202,-0.2713723531,-0.5329649635,3.414974548,nan,nan
jkt_qc10,3,26.5,1.143805157,-0.1244653806,-0.3169403003,-0.4458264731,4.424221311,nan,nan
jkt_qc10,3,27.5,1.083184014,-0.3878279849,-0.3344191994,-0.3633434649,5.42822547,nan,nan
jkt_qc10,3,28.5,0.9428987327,-0.595146634,-0.332799388,-0.2925343503,6.332431479,nan,nan
jkt_qc10,3,29.5,0.7637299563,-0.7299261908,-0.3201223814,-0.2349265374,7.078607623,nan,nan
jkt_qc10,3.5,0.5,0.1045763864,0.1201468564,0.2419473156,-0.1030429732,0.3668713691,nan,nan
jkt_qc10,3.5,1.5,0.1047717281,0.120516469,0.2425021742,-0.1036216916,0.3666895178,nan,nan
jkt_qc10,3.5,2.5,0.1051473801,0.1212722628,0.2436170608,-0.1047929408,0.3663106529,nan,nan
jkt_qc10,3.5,3.5,0.1057141129,0.1224255237,0.2453022791,-0.106585029,0.365751075,nan,nan
jkt_qc10,3.5,4.5,0.1064863582,0.1239818815,0.2475731692,-0.10904218,0.364988747,nan,nan
jkt_qc10,3.5,5.5,0.1074878649,0.1259799977,0.250449887,-0.1122268011,0.3641078153,nan,nan
jkt_qc10,3.5,6.5,0.1087025419,0.1284634544,0.2539569514,-0.1162227845,0.3630567087,nan,nan
jkt_qc10,3.5,7.5,0.1101830686,0.1314781286,0.2581223746,-0.1211401083,0.3619440572,nan,nan
jkt_qc10,3.5,8.5,0.1119413139,0.1350882192,0.2629760662,-0.1271211263,0.3607718999,nan,nan
jkt_qc10,3.5,9.5,0.1140292207,0.1393781656,0.2685469962,-0.1343490717,0.3596535083,nan,nan
jkt_qc10,3.5,10.5,0.1164816608,0.1444507693,0.2748582621,-0.1430594937,0.3586386457,nan,nan
jkt_qc10,3.5,11.5,0.1193660914,0.1504420939,0.2819186195,-0.1535555469,0.3578693268,nan,nan
jkt_qc10,3.5,12.5,0.1227662794,0.1575284012,0.2897080516,-0.166228257,0.357528066,nan,nan
jkt_qc10,3.5,13.5,0.1268099431,0.1659400508,0.2981532712,-0.1815829149,0.3579033006,nan,nan
jkt_qc10,3.5,14.5,0.1316492437,0.175980522,0.3070861994,-0.2002722571,0.3593507939,nan,nan
jkt_qc10,3.5,15.5,0.1375417253,0.1880626075,0.3161737398,-0.2231351264,0.3624935902,nan,nan
jkt_qc10,3.5,16.5,0.1449056717,0.2027723166,0.3247996968,-0.2512336619,0.3683831847,nan,nan
jkt_qc10,3.5,17.5,0.1542643248,0.2208544293,0.3318692238,-0.2858677688,0.378271045,nan,nan
jkt_qc10,3.5,18.5,0.1666427129,0.2434304638,0.3354962332,-0.328512304,0.3947249259,nan,nan
jkt_qc10,3.5,19.5,0.1837866304,0.2720363278,0.3325420196,-0.3805520816,0.4220030019,nan,nan
jkt_qc10,3.5,20.5,0.2089469884,0.3087151782,0.3180559387,-0.4425656103,0.4678542886,nan,nan
jkt_qc10,3.5,21.5,0.2484525556,0.3556026617,0.2849650255,-0.5127779032,0.5468080178,nan,nan
jkt_qc10,3.5,22.5,0.314355299,0.4124282228,0.2250480305,-0.5844899832,0.6855297575,nan,nan
jkt_qc10,3.5,23.5,0.4254488824,0.4685456325,0.1329694807,-0.6436721696,0.9271912824,nan,nan
jkt_qc10,3.5,24.5,0.5964392635,0.4909042724,0.01366345558,-0.6708626561,1.325342711,nan,nan
jkt_qc10,3.5,25.5,0.8100751594,0.428745529,-0.113104215,-0.6515055529,1.921190523,nan,nan
jkt_qc10,3.5,26.5,1.004273537,0.2530665928,-0.2207973546,-0.5882680527,2.716764865,nan,nan
jkt_qc10,3.5,27.5,1.108361872,-0.0086026918,-0.292469176,-0.5000980398,3.660331618,nan,nan
jkt_qc10,3.5,28.5,1.092100288,-0.2887096007,-0.3275706895,-0.4084057879,4.655404266,nan,nan
jkt_qc10,3.5,29.5,0.9754855394,-0.524883554,-0.3354507292,-0.3266067402,5.597990492,nan,nan
jkt_qc10,4,0.5,0.09974678463,0.1063047622,0.2195977606,-0.08182972857,0.3869337535,nan,nan
jkt_qc10,4,1.5,0.09991963209,0.1066004526,0.2200786687,-0.08224672481,0.3867376877,nan,nan
jkt_qc10,4,2.5,0.1002498532,0.1072028167,0.2210454553,-0.08308988262,0.3863080523,nan,nan
jkt_qc10,4,3.5,0.1007463948,0.1081194086,0.2225081184,-0.08437795908,0.3856583854,nan,nan
jkt_qc10,4,4.5,0.1014265081,0.1093529452,0.2244817918,-0.08614018829,0.3847873029,nan,nan
jkt_qc10,4,5.5,0.1023030243,0.1109358133,0.2269868847,-0.08841769438,0.3837610649,nan,nan
jkt_qc10,4,6.5,0.1033634095,0.1128927219,0.2300492199,-0.09126554431,0.3824976258,nan,nan
jkt_qc10,4,7.5,0.1046484658,0.115258989,0.2337001129,-0.09475560851,0.3811019221,nan,nan
jkt_qc10,4,8.5,0.106166331,0.1180770587,0.2379762868,-0.09898047189,0.3795505004,nan,nan
jkt_qc10,4,9.5,0.1079547979,0.1214053309,0.2429194495,-0.1040587395,0.3779240877,nan,nan
jkt_qc10,4,10.5,0.1100373674,0.1253113658,0.2485752295,-0.1101422207,0.3762283804,nan,nan
jkt_qc10,4,11.5,0.1124599941,0.1298847806,0.2549909522,-0.1174256682,0.374541507,nan,nan
jkt_qc10,4,12.5,0.1152771185,0.1352388259,0.2622113594,-0.1261600039,0.3729529655,nan,nan
jkt_qc10,4,13.5,0.1185696258,0.1415197281,0.2702707172,-0.1366702948,0.3716170992,nan,nan
jkt_qc10,4,14.5,0.1224261853,0.1489132086,0.2791785978,-0.1493801083,0.3706874985,nan,nan
jkt_qc10,4,15.5,0.1269939975,0.1576688047,0.2888945643,-0.1648441657,0.3704742691,nan,nan
jkt_qc10,4,16.5,0.1324974539,0.1681330274,0.2992833668,-0.1837910029,0.3714991013,nan,nan
jkt_qc10,4,17.5,0.1391828912,0.1807276106,0.3100359353,-0.2071755361,0.3742293981,nan,nan
jkt_qc10,4,18.5,0.1475186117,0.1960869,0.32053086,-0.2362351388,0.3797724677,nan,nan
jkt_qc10,4,19.5,0.1582261822,0.2150784044,0.3295949258,-0.272525049,0.3897932505,nan,nan
jkt_qc10,4,20.5,0.1725258826,0.238929597,0.3351029923,-0.3178638393,0.4071248674,nan,nan
jkt_qc10,4,21.5,0.1926066262,0.2693572652,0.3333607721,-0.374017002,0.4368236358,nan,nan
jkt_qc10,4,22.5,0.2226418863,0.308583464,0.3183283611,-0.4417523642,0.488377271,nan,nan
jkt_qc10,4,23.5,0.270932141,0.3584987427,0.281205322,-0.5186854802,0.5800607807,nan,nan
jkt_qc10,4,24.5,0.3531202499,0.4162984456,0.2120227307,-0.5956741066,0.745403354,nan,nan
jkt_qc10,4,25.5,0.4904946724,0.462517069,0.1059233865,-0.6539849424,1.035521584,nan,nan
jkt_qc10,4,26.5,0.688538327,0.4501729011,-0.02664520509,-0.6700814162,1.504807583,nan,nan
jkt_qc10,4,27.5,0.9042495803,0.3275641639,-0.1574990637,-0.6318837924,2.181095224,nan,nan
jkt_qc10,4,28.5,1.056423728,0.09244280766,-0.2571304375,-0.5511892962,3.040007112,nan,nan
jkt_qc10,4,29.5,1.087364298,-0.1938102215,-0.3139660072,-0.4540309548,4.003440784,nan,nan
jkt_qc20,-6,0.5,-0.6416381612,-0.4251435968,-0.15695205,-0.03896704063,22.65364347,nan,nan
jkt_qc20,-6,1.5,-0.6401349514,-0.4232031676,-0.1566852392,-0.03882600732,22.59881558,nan,nan
jkt_qc20,-6,2.5,-0.6371521879,-0.4193672729,-0.1561541305,-0.03854618167,22.49066897,nan,nan
jkt_qc20,-6,3.5,-0.6327135438,-0.4137029137,-0.1553636967,-0.03813196867,22.33034533,nan,nan
jkt_qc20,-6,4.5,-0.6268578364,-0.4063140146,-0.1543212666,-0.03758978776,22.1198993,nan,nan
jkt_qc20,-6,5.5,-0.6196352349,-0.3973234902,-0.1530363732,-0.0369278595,21.86161189,nan,nan
jkt_qc20,-6,6.5,-0.6111231439,-0.3868980277,-0.1515205585,-0.03615594016,21.55968706,nan,nan
jkt_qc20,-6,7.5,-0.6013881102,-0.3751998275,-0.1497871425,-0.03528501872,21.21692027,nan,nan
jkt_qc20,-6,8.5,-0.5905243616,-0.3624195362,-0.1478509627,-0.03432699181,20.83782195,nan,nan
jkt_qc20,-6,9.5,-0.5786229954,-0.3487434438,-0.1457280922,-0.03329433221,20.42616655,nan,nan
jkt_qc20,-6,10.5,-0.5657946109,-0.3343700702,-0.1434355466,-0.0321997656,19.98682435,nan,nan
jkt_qc20,-6,11.5,-0.5521479875,-0.3194872794,-0.1409909875,-0.03105596824,19.52410186,nan,nan
jkt_qc20,-6,12.5,-0.537797688,-0.3042766017,-0.1384124304,-0.02987529594,19.04241553,nan,nan
jkt_qc20,-6,13.5,-0.5228573473,-0.288905624,-0.1357179674,-0.02866955169,18.54584059,nan,nan
jkt_qc20,-6,14.5,-0.5074469646,-0.2735327822,-0.1329255085,-0.02744979638,18.03877429,nan,nan
jkt_qc20,-6,15.5,-0.4916755665,-0.2582926024,-0.1300525494,-0.02622620432,17.52465938,nan,nan
jkt_qc20,-6,16.5,-0.4756606764,-0.2433170908,-0.1271159683,-0.02500796271,17.00777751,nan,nan
jkt_qc20,-6,17.5,-0.4594947629,-0.2286896072,-0.1241318549,-0.02380321238,16.4900943,nan,nan
jkt_qc20,-6,18.5,-0.4432834396,-0.2145073376,-0.1211153732,-0.02261902535,15.9752804,nan,nan
jkt_qc20,-6,19.5,-0.4271150929,-0.200836334,-0.1180806566,-0.02146141432,15.46571783,nan,nan
jkt_qc20,-6,20.5,-0.4110711207,-0.1877281744,-0.1150407353,-0.02033536796,14.96357419,nan,nan
jkt_qc20,-6,21.5,-0.3952242779,-0.1752199753,-0.1120074923,-0.01924490672,14.47070468,nan,nan
jkt_qc20,-6,22.5,-0.3796388707,-0.1633361265,-0.108991647,-0.01819315321,13.98869657,nan,nan
jkt_qc20,-6,23.5,-0.3643710333,-0.1520899986,-0.1060027603,-0.01718241252,13.51890777,nan,nan
jkt_qc20,-6,24.5,-0.3494657517,-0.1414836131,-0.1030492603,-0.0162142578,13.0622351,nan,nan
jkt_qc20,-6,25.5,-0.3349599214,-0.1315109792,-0.1001384838,-0.01528961763,12.61934743,nan,nan
jkt_qc20,-6,26.5,-0.3208882631,-0.1221625829,-0.09727672897,-0.01440886219,12.19114521,nan,nan
jkt_qc20,-6,27.5,-0.3072718002,-0.113419709,-0.09446931864,-0.01357188589,11.77781671,nan,nan
jkt_qc20,-6,28.5,-0.2941232538,-0.1052587784,-0.0917206687,-0.01277818499,11.37923496,nan,nan
jkt_qc20,-6,29.5,-0.2814624114,-0.09765988111,-0.08903436056,-0.01202692892,10.99617596,nan,nan
jkt_qc20,-5.5,0.5,-0.7222418868,-0.5785499558,-0.1693481936,-0.04586591423,27.81949469,nan,nan
jkt_qc20,-5.5,1.5,-0.7205628165,-0.5757210482,-0.1690414722,-0.04568683649,27.74303693,nan,nan
jkt_qc20,-5.5,2.5,-0.7172281279,-0.570131433,-0.1684310498,-0.04533173763,27.5922447,nan,nan
jkt_qc20,-5.5,3.5,-0.7122579125,-0.5618851383,-0.1675229031,-0.04480661867,27.36892758,nan,nan
jkt_qc20,-5.5,4.5,-0.7056865283,-0.5511430039,-0.1663258391,-0.0441202074,27.07626913,nan,nan
jkt_qc20,-5.5,5.5,-0.6975604265,-0.5380943384,-0.1648513103,-0.04328364883,26.71777378,nan,nan
jkt_qc20,-5.5,6.5,-0.687955621,-0.5229937266,-0.1631131772,-0.04231012195,26.29961713,nan,nan
jkt_qc20,-5.5,7.5,-0.6769360341,-0.5060905273,-0.1611274253,-0.04121440479,25.82619667,nan,nan
jkt_qc20,-5.5,8.5,-0.6645984806,-0.4876742317,-0.1589118444,-0.04001241137,25.30416782,nan,nan
jkt_qc20,-5.5,9.5,-0.6510380132,-0.4680275432,-0.1564856818,-0.03872072396,24.7392433,nan,nan
jkt_qc20,-5.5,10.5,-0.6363745736,-0.4474485207,-0.1538692792,-0.03735614231,24.13852934,nan,nan
jkt_qc20,-5.5,11.5,-0.6207287484,-0.4262178403,-0.1510837056,-0.03593526809,23.50835617,nan,nan
jkt_qc20,-5.5,12.5,-0.6042306127,-0.4046042208,-0.148150396,-0.03447413909,22.85512683,nan,nan
jkt_qc20,-5.5,13.5,-0.5870118495,-0.3828534914,-0.1450908076,-0.0329879228,22.18472403,nan,nan
jkt_qc20,-5.5,14.5,-0.5692138695,-0.3611949429,-0.1419261018,-0.03149067464,21.50333931,nan,nan
jkt_qc20,-5.5,15.5,-0.5509673269,-0.3398210512,-0.1386768594,-0.02999516177,20.81584306,nan,nan
jkt_qc20,-5.5,16.5,-0.5324141455,-0.3189180805,-0.1353628343,-0.02851274998,20.12813956,nan,nan
jkt_qc20,-5.5,17.5,-0.5136682883,-0.2985990435,-0.1320027497,-0.02705334827,19.44286447,nan,nan
jkt_qc20,-5.5,18.5,-0.4948591334,-0.2789962389,-0.128614137,-0.02562540373,18.76495119,nan,nan
jkt_qc20,-5.5,19.5,-0.4760962257,-0.2601954293,-0.1252132173,-0.02423593845,18.09751351,nan,nan
jkt_qc20,-5.5,20.5,-0.457480639,-0.2422606547,-0.1218148241,-0.02289061944,17.44331791,nan,nan
jkt_qc20,-5.5,21.5,-0.4391027883,-0.2252346951,-0.1184323625,-0.02159385328,16.80466501,nan,nan
jkt_qc20,-5.5,22.5,-0.4210424592,-0.2091419163,-0.1150778013,-0.02034889716,16.1834554,nan,nan
jkt_qc20,-5.5,23.5,-0.4033690107,-0.1939910285,-0.1117616942,-0.01915797965,15.58124768,nan,nan
jkt_qc20,-5.5,24.5,-0.3861379195,-0.1797751276,-0.1084932234,-0.01802242514,14.99898965,nan,nan
jkt_qc20,-5.5,25.5,-0.3693943217,-0.1664764934,-0.1052802624,-0.01694277712,14.43731533,nan,nan
jkt_qc20,-5.5,26.5,-0.3531798281,-0.1540727481,-0.1021294517,-0.01591891687,13.89710505,nan,nan
jkt_qc20,-5.5,27.5,-0.3375194408,-0.1425297384,-0.09904628514,-0.01495017475,13.3783592,nan,nan
jkt_qc20,-5.5,28.5,-0.322427888,-0.1318074491,-0.09603520147,-0.01403543239,12.88069262,nan,nan
jkt_qc20,-5.5,29.5,-0.307927176,-0.1218710604,-0.09309967909,-0.01317321492,12.40478013,nan,nan
jkt_qc20,-5,0.5,-0.796834826,-0.8096255532,-0.1836433701,-0.05470991216,35.14453681,nan,nan
jkt_qc20,-5,1.5,-0.7951583413,-0.8053979472,-0.1832886967,-0.05447832498,35.03420004,nan,nan
jkt_qc20,-5,2.5,-0.7918199151,-0.7970483151,-0.1825829739,-0.05401941255,34.81664193,nan,nan
jkt_qc20,-5,3.5,-0.7868198975,-0.7847409049,-0.1815333754,-0.05334153111,34.49482386,nan,nan
jkt_qc20,-5,4.5,-0.780164437,-0.7687290379,-0.180150476,-0.05245680679,34.07384902,nan,nan
jkt_qc20,-5,5.5,-0.7718698854,-0.7493097261,-0.1784480349,-0.05138067573,33.55930556,nan,nan
jkt_qc20,-5,6.5,-0.7619791013,-0.726879659,-0.1764427118,-0.05013131752,32.96062629,nan,nan
jkt_qc20,-5,7.5,-0.7505218446,-0.7018296279,-0.1741537275,-0.04872901637,32.28493898,nan,nan
jkt_qc20,-5,8.5,-0.7375664426,-0.6746086234,-0.1716024747,-0.04719548669,31.54243492,nan,nan
jkt_qc20,-5,9.5,-0.7231836821,-0.6456549199,-0.1688120931,-0.04555319889,30.74205008,nan,nan
jkt_qc20,-5,10.5,-0.7074782239,-0.6154262835,-0.165807021,-0.04382473808,29.89452372,nan,nan
jkt_qc20,-5,11.5,-0.6905627081,-0.5843518494,-0.1626125384,-0.04203222265,29.00946917,nan,nan
jkt_qc20,-5,12.5,-0.6725680384,-0.5528389543,-0.1592543159,-0.04019680294,28.09646897,nan,nan
jkt_qc20,-5,13.5,-0.6536343864,-0.5212569772,-0.1557579838,-0.03833825302,27.16426992,nan,nan
jkt_qc20,-5,14.5,-0.633919778,-0.4899459313,-0.1521487344,-0.03647466102,26.22184583,nan,nan
jkt_qc20,-5,15.5,-0.6135759761,-0.4591878795,-0.1484509668,-0.03462221733,25.27626069,nan,nan
jkt_qc20,-5,16.5,-0.592771582,-0.4292518667,-0.1446879828,-0.0327950946,24.33585348,nan,nan
jkt_qc20,-5,17.5,-0.5716491788,-0.4002941619,-0.140881738,-0.03100540927,23.40421026,nan,nan
jkt_qc20,-5,18.5,-0.5503685897,-0.3724985057,-0.1370526498,-0.02926325246,22.48808384,nan,nan
jkt_qc20,-5,19.5,-0.5290694011,-0.3459775055,-0.1332194615,-0.02757677622,21.59157927,nan,nan
jkt_qc20,-5,20.5,-0.507881763,-0.3208104851,-0.1293991597,-0.02595232165,20.71823298,nan,nan
jkt_qc20,-5,21.5,-0.4869232076,-0.2970448466,-0.1256069393,-0.02439457581,19.87087136,nan,nan
jkt_qc20,-5,22.5,-0.4662981267,-0.2747008053,-0.1218562101,-0.02290674587,19.05171388,nan,nan
jkt_qc20,-5,23.5,-0.4460976233,-0.2537759145,-0.1181586394,-0.02149074086,18.26246503,nan,nan
jkt_qc20,-5,24.5,-0.4263953409,-0.2342458564,-0.1145242224,-0.02014735288,17.50400279,nan,nan
jkt_qc20,-5,25.5,-0.4072514268,-0.2160715269,-0.1109613741,-0.01887643188,16.77676903,nan,nan
jkt_qc20,-5,26.5,-0.3887202994,-0.1992077145,-0.1074770374,-0.01767704957,16.0814679,nan,nan
jkt_qc20,-5,27.5,-0.3708358332,-0.1835940134,-0.1040768002,-0.01654764953,15.41770058,nan,nan
jkt_qc20,-5,28.5,-0.3536187548,-0.1691630786,-0.1007650183,-0.015486182,14.78459524,nan,nan
jkt_qc20,-5,29.5,-0.3370966933,-0.1558552847,-0.09754493894,-0.01449022268,14.1825512,nan,nan
jkt_qc20,-4.5,0.5,-0.826864703,-1.160574471,-0.2002145394,-0.06627197666,45.65506083,nan,nan
jkt_qc20,-4.5,1.5,-0.8257653383,-1.154165903,-0.1998026125,-0.06596621125,45.49057854,nan,nan
jkt_qc20,-4.5,2.5,-0.823547641,-1.14151235,-0.198983058,-0.06536076822,45.16637445,nan,nan
jkt_qc20,-4.5,3.5,-0.8201477312,-1.122871809,-0.1977643951,-0.06446756639,44.68743629,nan,nan
jkt_qc20,-4.5,4.5,-0.8154778294,-1.098641978,-0.1961592038,-0.06330385975,44.0621987,nan,nan
jkt_qc20,-4.5,5.5,-0.8094507055,-1.069288344,-0.1941838869,-0.06189153697,43.29988009,nan,nan
jkt_qc20,-4.5,6.5,-0.8019863732,-1.035430479,-0.1918583529,-0.06025626273,42.41541925,nan,nan
jkt_qc20,-4.5,7.5,-0.7929917573,-0.9976822077,-0.1892056267,-0.05842651621,41.42068827,nan,nan
jkt_qc20,-4.5,8.5,-0.7824173005,-0.9567444648,-0.186251393,-0.05643258487,40.33183739,nan,nan
jkt_qc20,-4.5,9.5,-0.7702275965,-0.9133023038,-0.1830234857,-0.05430556998,39.16327105,nan,nan
jkt_qc20,-4.5,10.5,-0.756438184,-0.868067048,-0.1795513389,-0.05207645414,37.93175496,nan,nan
jkt_qc20,-4.5,11.5,-0.7410926997,-0.8217040313,-0.1758654167,-0.04977527144,36.65233046,nan,nan
jkt_qc20,-4.5,12.5,-0.7242747136,-0.7748410638,-0.1719966445,-0.04743040925,35.33975995,nan,nan
jkt_qc20,-4.5,13.5,-0.7060982273,-0.7280437948,-0.167975859,-0.04506805848,34.00739987,nan,nan
jkt_qc20,-4.5,14.5,-0.6867154194,-0.6818273111,-0.1638332994,-0.04271181754,32.6685971,nan,nan
jkt_qc20,-4.5,15.5,-0.6662887105,-0.6366146687,-0.1595981519,-0.04038244477,31.333817,nan,nan
jkt_qc20,-4.5,16.5,-0.645009767,-0.5928039808,-0.1552981621,-0.03809774661,30.01507435,nan,nan
jkt_qc20,-4.5,17.5,-0.623061218,-0.5506172167,-0.1509593218,-0.03587258297,28.71728127,nan,nan
jkt_qc20,-4.5,18.5,-0.6006425499,-0.510315943,-0.1466056315,-0.03371896823,27.44979642,nan,nan
jkt_qc20,-4.5,19.5,-0.5779400034,-0.4720511393,-0.1422589405,-0.0316462456,26.21802061,nan,nan
jkt_qc20,-4.5,20.5,-0.5551315657,-0.435921807,-0.1379388558,-0.02966131291,25.02641501,nan,nan
jkt_qc20,-4.5,21.5,-0.5323817201,-0.4019780065,-0.1336627166,-0.02776888049,23.87833944,nan,nan
jkt_qc20,-4.5,22.5,-0.5098393497,-0.3702287785,-0.1294456225,-0.02597174401,22.77622215,nan,nan
jkt_qc20,-4.5,23.5,-0.4876364818,-0.3406496364,-0.1253005066,-0.02427105887,21.72171217,nan,nan
jkt_qc20,-4.5,24.5,-0.4658828963,-0.3131847846,-0.1212382442,-0.0226666054,20.71532325,nan,nan
jkt_qc20,-4.5,25.5,-0.4446701427,-0.2877578347,-0.1172677868,-0.02115703756,19.7569626,nan,nan
jkt_qc20,-4.5,26.5,-0.4240800945,-0.2642843651,-0.1133963139,-0.01974010997,18.84682139,nan,nan
jkt_qc20,-4.5,27.5,-0.4041684005,-0.2426601142,-0.1096293935,-0.01841288078,17.98369762,nan,nan
jkt_qc20,-4.5,28.5,-0.3849729354,-0.2227727756,-0.105971147,-0.01717188909,17.16581592,nan,nan
jkt_qc20,-4.5,29.5,-0.3665365047,-0.2045219049,-0.1024244123,-0.01601330751,16.39296229,nan,nan
jkt_qc20,-4,0.5,-0.7108009909,-1.674620216,-0.2194777917,-0.08172595214,60.33934554,nan,nan
jkt_qc20,-4,1.5,-0.7118474319,-1.665083079,-0.2189989473,-0.081312724,60.08961592,nan,nan
jkt_qc20,-4,2.5,-0.7138244538,-1.646248353,-0.2180461934,-0.08049519123,59.59761846,nan,nan
jkt_qc20,-4,3.5,-0.7164906559,-1.618494353,-0.2166293377,-0.07929079782,58.87184324,nan,nan
jkt_qc20,-4,4.5,-0.7194963769,-1.582407224,-0.2147629286,-0.07772473165,57.92640923,nan,nan
jkt_qc20,-4,5.5,-0.7224622381,-1.53867558,-0.2124660469,-0.07582883059,56.7767769,nan,nan
jkt_qc20,-4,6.5,-0.7249534597,-1.488221167,-0.2097620064,-0.07364024839,55.44707046,nan,nan
jkt_qc20,-4,7.5,-0.7265248373,-1.431964258,-0.2066779601,-0.0711999703,53.95727479,nan,nan
jkt_qc20,-4,8.5,-0.7267750145,-1.370960594,-0.2032444072,-0.06855127359,52.33345454,nan,nan
jkt_qc20,-4,9.5,-0.7253467844,-1.306249362,-0.1994946093,-0.06573822362,50.59915974,nan,nan
jkt_qc20,-4,10.5,-0.7219692782,-1.238913266,-0.195463932,-0.06280428513,48.78102054,nan,nan
jkt_qc20,-4,11.5,-0.7164517464,-1.169969931,-0.1911891358,-0.05979111137,46.90292126,nan,nan
jkt_qc20,-4,12.5,-0.708696867,-1.10038149,-0.1867076461,-0.0567375537,44.98793017,nan,nan
jkt_qc20,-4,13.5,-0.6986929424,-1.031015743,-0.1820568333,-0.05367891327,43.05668916,nan,nan
jkt_qc20,-4,14.5,-0.6865171892,-0.9626604613,-0.1772733365,-0.05064643719,41.12927637,nan,nan
jkt_qc20,-4,15.5,-0.6723048811,-0.8959612259,-0.1723924545,-0.04766704532,39.22129305,nan,nan
jkt_qc20,-4,16.5,-0.6562496955,-0.831520347,-0.1674476268,-0.04476326135,37.35013218,nan,nan
jkt_qc20,-4,17.5,-0.6385940982,-0.7696674995,-0.1624700167,-0.04195331449,35.52243336,nan,nan
jkt_qc20,-4,18.5,-0.61959031,-0.7107882501,-0.1574882023,-0.03925137434,33.75109877,nan,nan
jkt_qc20,-4,19.5,-0.5995049723,-0.6550963259,-0.1525279741,-0.03666788144,32.04304398,nan,nan
jkt_qc20,-4,20.5,-0.5786041048,-0.602723338,-0.1476122311,-0.03420993913,30.40363834,nan,nan
jkt_qc20,-4,21.5,-0.5571432025,-0.5537245649,-0.1427609658,-0.03188173634,28.8365401,nan,nan
jkt_qc20,-4,22.5,-0.5353609679,-0.5080919809,-0.1379913236,-0.02968497683,27.3439847,nan,nan
jkt_qc20,-4,23.5,-0.5134750033,-0.4657665704,-0.1333177208,-0.02761929587,25.92704275,nan,nan
jkt_qc20,-4,24.5,-0.4916740333,-0.426643118,-0.1287520086,-0.02568265062,24.58523032,nan,nan
jkt_qc20,-4,25.5,-0.4701208144,-0.3905866583,-0.1243036679,-0.02387167552,23.31723892,nan,nan
jkt_qc20,-4,26.5,-0.4489606817,-0.357451026,-0.1199800225,-0.02218199778,22.12208431,nan,nan
jkt_qc20,-4,27.5,-0.4283037965,-0.3270634167,-0.1157864623,-0.02060851123,20.99704243,nan,nan
jkt_qc20,-4,28.5,-0.4082342292,-0.2992415593,-0.1117266653,-0.01914560912,19.93872515,nan,nan
jkt_qc20,-4,29.5,-0.388834939,-0.2738212976,-0.1078028149,-0.0177873782,18.94570174,nan,nan
jkt_qc20,-3.5,0.5,-0.2324078932,-2.312737872,-0.2418088706,-0.1028990055,78.23328423,nan,nan
jkt_qc20,-3.5,1.5,-0.2391749276,-2.300024024,-0.2412561695,-0.102325961,77.86391159,nan,nan
jkt_qc20,-3.5,2.5,-0.2523605704,-2.274872096,-0.2401559521,-0.1011932975,77.1365917,nan,nan
jkt_qc20,-3.5,3.5,-0.2713052546,-2.237700139,-0.238518605,-0.09952722105,76.06515602,nan,nan
jkt_qc20,-3.5,4.5,-0.2950379181,-2.189174556,-0.2363597297,-0.09736547747,74.67229427,nan,nan
jkt_qc20,-3.5,5.5,-0.3224803302,-2.130097795,-0.2337001129,-0.09475560851,72.98303793,nan,nan
jkt_qc20,-3.5,6.5,-0.3523364338,-2.061586558,-0.230565608,-0.09175283175,71.03516288,nan,nan
jkt_qc20,-3.5,7.5,-0.3833045599,-1.984777044,-0.2269868847,-0.08841769438,68.86099972,nan,nan
jkt_qc20,-3.5,8.5,-0.414109003,-1.901025948,-0.2229990165,-0.08481365768,66.50137702,nan,nan
jkt_qc20,-3.5,9.5,-0.443583287,-1.811706821,-0.2186408946,-0.08100476234,63.99353541,nan,nan
jkt_qc20,-3.5,10.5,-0.4707164684,-1.718296904,-0.2139544787,-0.07705350467,61.37859924,nan,nan
jkt_qc20,-3.5,11.5,-0.4946968255,-1.622222642,-0.208983919,-0.07301902379,58.69338344,nan,nan
jkt_qc20,-3.5,12.5,-0.5149273605,-1.524866644,-0.2037745958,-0.06895566465,55.97290722,nan,nan
jkt_qc20,-3.5,13.5,-0.5310266957,-1.427504333,-0.1983721332,-0.06491194512,53.24812516,nan,nan
jkt_qc20,-3.5,14.5,-0.5428206003,-1.331314364,-0.1928214453,-0.06092992209,50.54836086,nan,nan
jkt_qc20,-3.5,15.5,-0.5503126054,-1.237281876,-0.1871658644,-0.05704492447,47.89608413,nan,nan
jkt_qc20,-3.5,16.5,-0.5536318323,-1.146330993,-0.181446392,-0.05328560121,45.31559264,nan,nan
jkt_qc20,-3.5,17.5,-0.5531104463,-1.058992429,-0.1757010977,-0.04967422204,42.81537076,nan,nan
jkt_qc20,-3.5,18.5,-0.5490680719,-0.975866694,-0.1699646783,-0.04622716446,40.41237299,nan,nan
jkt_qc20,-3.5,19.5,-0.5419163725,-0.897299009,-0.1642681761,-0.04295552397,38.11477453,nan,nan
jkt_qc20,-3.5,20.5,-0.5320906599,-0.8235058848,-0.1586388448,-0.03986579091,35.92831754,nan,nan
jkt_qc20,-3.5,21.5,-0.5200294584,-0.7545840639,-0.1531001449,-0.03696054728,33.85619087,nan,nan
jkt_qc20,-3.5,22.5,-0.5061579803,-0.6905304412,-0.1476718462,-0.03423914711,31.89950968,nan,nan
jkt_qc20,-3.5,23.5,-0.4908761562,-0.6312613562,-0.1423702139,-0.0316983546,30.05774148,nan,nan
jkt_qc20,-3.5,24.5,-0.474545817,-0.576621615,-0.1372082542,-0.02933292281,28.32832146,nan,nan
jkt_qc20,-3.5,25.5,-0.4574895043,-0.5264095159,-0.1321959995,-0.02713610416,26.70764369,nan,nan
jkt_qc20,-3.5,26.5,-0.439996755,-0.4804043017,-0.1273408144,-0.02510008925,25.19251209,nan,nan
jkt_qc20,-3.5,27.5,-0.4223068202,-0.43834669,-0.1226477069,-0.02321637555,23.7776735,nan,nan
jkt_qc20,-3.5,28.5,-0.4046169729,-0.3999639628,-0.1181196356,-0.02147607016,22.45719236,nan,nan
jkt_qc20,-3.5,29.5,-0.3871080882,-0.365008349,-0.1137578017,-0.01987013284,21.22757889,nan,nan
jkt_qc20,-3,0.5,0.8534887232,-2.727094952,-0.2672994807,-0.1326948236,91.68842905,nan,nan
jkt_qc20,-3,1.5,0.8357029058,-2.715558793,-0.2666777089,-0.1318782024,91.20735304,nan,nan
jkt_qc20,-3,2.5,0.8008706447,-2.692539436,-0.2654382345,-0.1302656139,90.26044267,nan,nan
jkt_qc20,-3,3.5,0.750344443,-2.658015002,-0.2635894681,-0.1278973312,88.86667209,nan,nan
jkt_qc20,-3,4.5,0.6861448412,-2.61204524,-0.2611446407,-0.1248312546,87.05693859,nan,nan
jkt_qc20,-3,5.5,0.6105517533,-2.554800755,-0.2581223746,-0.1211401083,84.86596924,nan,nan
jkt_qc20,-3,6.5,0.5263851503,-2.486733188,-0.2545472017,-0.1169080306,82.3448623,nan,nan
jkt_qc20,-3,7.5,0.4364912628,-2.408382568,-0.250449887,-0.1122268011,79.53838498,nan,nan
jkt_qc20,-3,8.5,0.3437772273,-2.320658634,-0.2458674442,-0.107191968,76.50221073,nan,nan
jkt_qc20,-3,9.5,0.2509617597,-2.224647335,-0.2408427775,-0.1018991264,73.28753687,nan,nan
jkt_qc20,-3,10.5,0.1605265723,-2.121737917,-0.2354239398,-0.09644057048,69.95018192,nan,nan
jkt_qc20,-3,11.5,0.07456049587,-2.013441006,-0.2296630563,-0.09090248908,66.54010191,nan,nan
jkt_qc20,-3,12.5,-0.005268547074,-1.901381058,-0.2236149991,-0.08536281128,63.10433865,nan,nan
jkt_qc20,-3,13.5,-0.07774542773,-1.787191503,-0.2173359299,-0.07988974352,59.68407885,nan,nan
jkt_qc20,-3,14.5,-0.1420845237,-1.672494101,-0.2108818266,-0.07454097831,56.31751347,nan,nan
jkt_qc20,-3,15.5,-0.1979178638,-1.558742751,-0.2043071043,-0.06936350645,53.03346604,nan,nan
jkt_qc20,-3,16.5,-0.2451379738,-1.447350229,-0.197663414,-0.0643939314,49.86221131,nan,nan
jkt_qc20,-3,17.5,-0.2841655335,-1.33927034,-0.1909986747,-0.05965916797,46.81340331,nan,nan
jkt_qc20,-3,18.5,-0.3153696595,-1.235511004,-0.184356366,-0.05517740546,43.90671724,nan,nan
jkt_qc20,-3,19.5,-0.3393825997,-1.136748822,-0.1777750801,-0.05095922424,41.15042755,nan,nan
jkt_qc20,-3,20.5,-0.3569210259,-1.043467006,-0.171288314,-0.04700877158,38.54944081,nan,nan
jkt_qc20,-3,21.5,-0.3687439468,-0.9559634735,-0.1649244685,-0.04332492254,36.10529268,nan,nan
jkt_qc20,-3,22.5,-0.3756142667,-0.8743759169,-0.1587070135,-0.03990237197,33.81685655,nan,nan
jkt_qc20,-3,23.5,-0.3782700393,-0.7987085017,-0.1526547788,-0.03673262294,31.68096672,nan,nan
jkt_qc20,-3,24.5,-0.3774010988,-0.7288467857,-0.1467823303,-0.0338048526,29.69210838,nan,nan
jkt_qc20,-3,25.5,-0.3736376528,-0.6645939482,-0.1411003969,-0.03110664897,27.84364256,nan,nan
jkt_qc20,-3,26.5,-0.3675495734,-0.6057101853,-0.1356163204,-0.02862462143,26.12948098,nan,nan
jkt_qc20,-3,27.5,-0.3596322954,-0.5518916149,-0.1303345045,-0.02634489333,24.54139435,nan,nan
jkt_qc20,-3,28.5,-0.3503113618,-0.502806059,-0.1252568474,-0.02425348924,23.07060437,nan,nan
jkt_qc20,-3,29.5,-0.3399650602,-0.4581449883,-0.1203831469,-0.02233663039,21.71119231,nan,nan
jkt_qc20,-2.5,0.5,2.290208884,-2.239995665,-0.2950747249,-0.175762939,86.99973775,nan,nan
jkt_qc20,-2.5,1.5,2.261200812,-2.241623915,-0.2944250763,-0.1745691821,86.53005692,nan,nan
jkt_qc20,-2.5,2.5,2.204098689,-2.244139614,-0.293124728,-0.1722137006,85.60514215,nan,nan
jkt_qc20,-2.5,3.5,2.120532269,-2.246035244,-0.2911725682,-0.1687589723,84.2419436,nan,nan
jkt_qc20,-2.5,4.5,2.013041527,-2.245226303,-0.2885692288,-0.1642948429,82.46839648,nan,nan
jkt_qc20,-2.5,5.5,1.884604103,-2.239537709,-0.285319383,-0.1589341488,80.31766702,nan,nan
jkt_qc20,-2.5,6.5,1.739127541,-2.22669295,-0.2814341359,-0.1528073243,77.83829696,nan,nan
jkt_qc20,-2.5,7.5,1.580719847,-2.204618354,-0.2769330998,-0.1460563583,75.07332056,nan,nan
jkt_qc20,-2.5,8.5,1.413862694,-2.171803201,-0.2718458105,-0.1388285182,72.077755,nan,nan
jkt_qc20,-2.5,9.5,1.242975465,-2.127302683,-0.2662122651,-0.1312702737,68.90290368,nan,nan
jkt_qc20,-2.5,10.5,1.072363567,-2.070937618,-0.2600825067,-0.1235218199,65.60567113,nan,nan
jkt_qc20,-2.5,11.5,0.9058801382,-2.00317652,-0.253515331,-0.1157125221,62.2375955,nan,nan
jkt_qc20,-2.5,12.5,0.7468330708,-1.92510481,-0.2465763013,-0.1079574916,58.84764708,nan,nan
jkt_qc20,-2.5,13.5,0.5978552551,-1.838265983,-0.2393353305,-0.1003553772,55.4789661,nan,nan
jkt_qc20,-2.5,14.5,0.4608972125,-1.744555073,-0.2318641061,-0.09298733667,52.17150157,nan,nan
jkt_qc20,-2.5,15.5,0.3371688156,-1.645965944,-0.22423361,-0.08591705338,48.95537051,nan,nan
jkt_qc20,-2.5,16.5,0.2274132029,-1.544594571,-0.2165119282,-0.07919159948,45.86166793,nan,nan
jkt_qc20,-2.5,17.5,0.1313541945,-1.442240909,-0.2087624792,-0.0728429161,42.90047937,nan,nan
jkt_qc20,-2.5,18.5,0.04877060233,-1.340672049,-0.2010427189,-0.06688968268,40.09097164,nan,nan
jkt_qc20,-2.5,19.5,-0.02110723308,-1.241325677,-0.1934033222,-0.06133937173,37.440701,nan,nan
jkt_qc20,-2.5,20.5,-0.07926297141,-1.145369209,-0.1858877988,-0.05619032296,34.95349787,nan,nan
jkt_qc20,-2.5,21.5,-0.126815233,-1.053692219,-0.1785324744,-0.05143371436,32.62958199,nan,nan
jkt_qc20,-2.5,22.5,-0.1649408584,-0.9669261155,-0.1713667565,-0.04705534896,30.4663745,nan,nan
jkt_qc20,-2.5,23.5,-0.1948153848,-0.8854738013,-0.1644136052,-0.04303721251,28.45921216,nan,nan
jkt_qc20,-2.5,24.5,-0.2175689299,-0.8095311995,-0.1576901339,-0.0393587856,26.60114425,nan,nan
jkt_qc20,-2.5,25.5,-0.2342549678,-0.7391359764,-0.1512082808,-0.03599811456,24.8841949,nan,nan
jkt_qc20,-2.5,26.5,-0.2458353225,-0.6742214359,-0.1449754999,-0.03293265884,23.30101052,nan,nan
jkt_qc20,-2.5,27.5,-0.2531689361,-0.6146016883,-0.1389954385,-0.03013994043,21.84232322,nan,nan
jkt_qc20,-2.5,28.5,-0.2570084991,-0.5600208683,-0.1332685739,-0.02759802394,20.4985091,nan,nan
jkt_qc20,-2.5,29.5,-0.2580163238,-0.510220108,-0.1277927959,-0.02528585608,19.26280453,nan,nan
jkt_qc20,-2,0.5,3.092844456,-0.7318375476,-0.3214717123,-0.239323504,62.88933829,nan,nan
jkt_qc20,-2,1.5,3.067533521,-0.7573721854,-0.3209362213,-0.2375527057,62.61864292,nan,nan
jkt_qc20,-2,2.5,3.01689797,-0.8067151677,-0.3198483702,-0.2340590898,62.08333743,nan,nan
jkt_qc20,-2,3.5,2.940791459,-0.8765162574,-0.3181772566,-0.2289366405,61.28611545,nan,nan
jkt_qc20,-2,4.5,2.83938948,-0.9618580507,-0.3158831834,-0.2223213876,60.23299157,nan,nan
jkt_qc20,-2,5.5,2.713296821,-1.0572754,-0.3129245069,-0.2143855153,58.93550335,nan,nan
jkt_qc20,-2,6.5,2.564111269,-1.156320207,-0.3092650684,-0.2053297017,57.4125273,nan,nan
jkt_qc20,-2,7.5,2.394148744,-1.252601268,-0.3048811271,-0.1953740413,55.68000519,nan,nan
jkt_qc20,-2,8.5,2.206887206,-1.340183779,-0.2997668366,-0.1847481111,53.76510242,nan,nan
jkt_qc20,-2,9.5,2.006559671,-1.414022288,-0.2939375914,-0.1736809007,51.69453679,nan,nan
jkt_qc20,-2,10.5,1.798132602,-1.470341493,-0.2874309467,-0.1623913976,49.50277976,nan,nan
jkt_qc20,-2,11.5,1.586769264,-1.506794293,-0.2803052091,-0.1510805515,47.2232586,nan,nan
jkt_qc20,-2,12.5,1.377545616,-1.522502232,-0.2726361195,-0.1399251618,44.89050376,nan,nan
jkt_qc20,-2,13.5,1.175067563,-1.517915327,-0.2645122617,-0.129073972,42.53706216,nan,nan
jkt_qc20,-2,14.5,0.9832621162,-1.494611403,-0.2560298903,-0.1186459772,40.19516625,nan,nan
jkt_qc20,-2,15.5,0.8051037788,-1.454930172,-0.2472878189,-0.108730714,37.89058821,nan,nan
jkt_qc20,-2,16.5,0.6428723475,-1.401708262,-0.238382863,-0.09939013441,35.65067773,nan,nan
jkt_qc20,-2,17.5,0.497289356,-1.338030425,-0.2294061502,-0.09066159192,33.48779671,nan,nan
jkt_qc20,-2,18.5,0.3689566768,-1.266829717,-0.220440436,-0.08256146922,31.4198621,nan,nan
jkt_qc20,-2,19.5,0.2575242511,-1.19085689,-0.2115584153,-0.07508903642,29.45628051,nan,nan
jkt_qc20,-2,20.5,0.1621614839,-1.112524805,-0.2028219199,-0.06823022028,27.60318812,nan,nan
jkt_qc20,-2,21.5,0.08169261044,-1.033851784,-0.1942818393,-0.06196106368,25.86349335,nan,nan
jkt_qc20,-2,22.5,0.01473440647,-0.9564527172,-0.1859785803,-0.05625074644,24.23751242,nan,nan
jkt_qc20,-2,23.5,-0.04019086292,-0.8815603902,-0.1779428929,-0.05106411301,22.7235593,nan,nan
jkt_qc20,-2,24.5,-0.08457019019,-0.8100517831,-0.1701969112,-0.04636370706,21.31776588,nan,nan
jkt_qc20,-2,25.5,-0.119832543,-0.7425106771,-0.16275529,-0.04211134866,20.01517699,nan,nan
jkt_qc20,-2,26.5,-0.1473074488,-0.6793003376,-0.1556263487,-0.03826930971,18.81118763,nan,nan
jkt_qc20,-2,27.5,-0.1682064637,-0.6205655933,-0.1488131615,-0.03480115097,17.69937594,nan,nan
jkt_qc20,-2,28.5,-0.1836059967,-0.5663007755,-0.1423145567,-0.03167228429,16.67285862,nan,nan
jkt_qc20,-2,29.5,-0.1944536746,-0.5164355553,-0.1361260048,-0.02885031881,15.72709457,nan,nan
jkt_qc20,-1.5,0.5,2.602652676,0.9012140861,-0.3355606459,-0.333002763,33.94302706,nan,nan
jkt_qc20,-1.5,1.5,2.604956677,0.8619903861,-0.3355310831,-0.330429216,33.94963661,nan,nan
jkt_qc20,-1.5,2.5,2.607554294,0.7846296173,-0.3354145677,-0.3253426646,33.95904049,nan,nan
jkt_qc20,-1.5,3.5,2.606447241,0.6713107941,-0.3351029923,-0.3178638393,33.95760863,nan,nan
jkt_qc20,-1.5,4.5,2.596170394,0.5258369189,-0.3344501184,-0.3081723218,33.92498605,nan,nan
jkt_qc20,-1.5,5.5,2.571052698,0.3530870633,-0.3332885963,-0.2965031975,33.84490937,nan,nan
jkt_qc20,-1.5,6.5,2.525401822,0.1600364919,-0.3314493244,-0.283140654,33.6965613,nan,nan
jkt_qc20,-1.5,7.5,2.454572071,-0.04516836664,-0.32878067,-0.2684078964,33.45720013,nan,nan
jkt_qc20,-1.5,8.5,2.355927736,-0.253375448,-0.3251650591,-0.2526534959,33.11153858,nan,nan
jkt_qc20,-1.5,9.5,2.229058871,-0.4552678789,-0.32053086,-0.2362351388,32.64628098,nan,nan
jkt_qc20,-1.5,10.5,2.076125655,-0.6421130253,-0.3148583034,-0.2195024337,32.05743153,nan,nan
jkt_qc20,-1.5,11.5,1.901406869,-0.80660897,-0.3081792155,-0.2027807438,31.34562675,nan,nan
jkt_qc20,-1.5,12.5,1.710822801,-0.9434421018,-0.3005713461,-0.1863578494,30.5183094,nan,nan
jkt_qc20,-1.5,13.5,1.511148279,-1.049585564,-0.2921488096,-0.1704746998,29.58765426,nan,nan
jkt_qc20,-1.5,14.5,1.309314306,-1.124298359,-0.283050492,-0.1553207564,28.57147185,nan,nan
jkt_qc20,-1.5,15.5,1.111609866,-1.168818284,-0.273428204,-0.1410336931,27.48776411,nan,nan
jkt_qc20,-1.5,16.5,0.9235766397,-1.185805095,-0.2634359822,-0.1277026669,26.35888589,nan,nan
jkt_qc20,-1.5,17.5,0.7487503164,-1.179343816,-0.2532214276,-0.1153740829,25.20239769,nan,nan
jkt_qc20,-1.5,18.5,0.5900547669,-1.153502561,-0.2429194495,-0.1040587395,24.03749906,nan,nan
jkt_qc20,-1.5,19.5,0.4488675351,-1.112633069,-0.2326483761,-0.09373938554,22.88000139,nan,nan
jkt_qc20,-1.5,20.5,0.3255382238,-1.06082317,-0.2225081184,-0.08437795908,21.74345305,nan,nan
jkt_qc20,-1.5,21.5,0.2196029717,-1.001702975,-0.2125799455,-0.07592204026,20.63873844,nan,nan
jkt_qc20,-1.5,22.5,0.1300227426,-0.9383447284,-0.2029274034,-0.06831027983,19.57423027,nan,nan
jkt_qc20,-1.5,23.5,0.05539574366,-0.8732386072,-0.1935979554,-0.06147674157,18.55604831,nan,nan
jkt_qc20,-1.5,24.5,-0.005871664614,-0.8083059857,-0.1846250003,-0.05535421498,17.58774168,nan,nan
jkt_qc20,-1.5,25.5,-0.05542452018,-0.744971952,-0.1760300119,-0.04987662124,16.67117897,nan,nan
jkt_qc20,-1.5,26.5,-0.09486275267,-0.6842613584,-0.1678246261,-0.04498066428,15.80783006,nan,nan
jkt_qc20,-1.5,27.5,-0.1256914805,-0.6268253389,-0.1600125664,-0.04060688087,14.99685359,nan,nan
jkt_qc20,-1.5,28.5,-0.1492754024,-0.5730379597,-0.1525913519,-0.03670023119,14.23633858,nan,nan
jkt_qc20,-1.5,29.5,-0.1668277872,-0.5231114551,-0.1455537665,-0.03321035132,13.52592998,nan,nan
jkt_qc20,-1,0.5,1.25245915,1.536264411,-0.3107190478,-0.4623033129,12.66237038,nan,nan
jkt_qc20,-1,1.5,1.281953149,1.517776352,-0.3120511966,-0.4589868014,12.81322881,nan,nan
jkt_qc20,-1,2.5,1.339187994,1.479065133,-0.314582356,-0.4523843453,13.11225003,nan,nan
jkt_qc20,-1,3.5,1.420395855,1.416778646,-0.3180559387,-0.4425656103,13.55037801,nan,nan
jkt_qc20,-1,4.5,1.519329072,1.326839408,-0.3221114625,-0.4296541873,14.11043348,nan,nan
jkt_qc20,-1,5.5,1.628180624,1.205575316,-0.3263138116,-0.4138445816,14.77736429,nan,nan
jkt_qc20,-1,6.5,1.736555543,1.050786212,-0.3301909178,-0.3954160877,15.52407109,nan,nan
jkt_qc20,-1,7.5,1.83285672,0.8628225559,-0.333276792,-0.3747383149,16.31725733,nan,nan
jkt_qc20,-1,8.5,1.905481777,0.645651108,-0.3351549584,-0.352264602,17.12097082,nan,nan
jkt_qc20,-1,9.5,1.944222208,0.4068140507,-0.3354962332,-0.328512304,17.89519434,nan,nan
jkt_qc20,-1,10.5,1.941937335,0.1569954052,-0.3340851372,-0.3040322182,18.60228698,nan,nan
jkt_qc20,-1,11.5,1.895515395,-0.09142138954,-0.3308312171,-0.279372196,19.20732068,nan,nan
jkt_qc20,-1,12.5,1.806310415,-0.3259725448,-0.3257646284,-0.2550413007,19.68243164,nan,nan
jkt_qc20,-1,13.5,1.679677506,-0.5357892514,-0.3190184721,-0.2314803421,20.00816164,nan,nan
jkt_qc20,-1,14.5,1.523977957,-0.7128340384,-0.3108025748,-0.2090426085,20.17605591,nan,nan
jkt_qc20,-1,15.5,1.349027237,-0.8525455631,-0.3013741173,-0.1879859799,20.18552422,nan,nan
jkt_qc20,-1,16.5,1.16505734,-0.9535109883,-0.2910098446,-0.1684752558,20.04536085,nan,nan
jkt_qc20,-1,17.5,0.9807306838,-1.018127856,-0.2799830751,-0.1505920444,19.77289937,nan,nan
jkt_qc20,-1,18.5,0.8035664916,-1.049850996,-0.2685469962,-0.1343490717,19.38517501,nan,nan
jkt_qc20,-1,19.5,0.6388963979,-1.053798933,-0.2569243005,-0.1197060586,18.90325699,nan,nan
jkt_qc20,-1,20.5,0.4901201437,-1.035527455,-0.2453022791,-0.106585029,18.3485145,nan,nan
jkt_qc20,-1,21.5,0.3589361316,-1.000464569,-0.2338320661,-0.09488373348,17.74117696,nan,nan
jkt_qc20,-1,22.5,0.245697331,-0.9535284736,-0.2226306858,-0.08448658357,17.0995168,nan,nan
jkt_qc20,-1,23.5,0.1497845295,-0.8989238354,-0.2117847312,-0.07527300954,16.43941452,nan,nan
jkt_qc20,-1,24.5,0.06993883085,-0.8400585488,-0.20135478,-0.06712346802,15.77360112,nan,nan
jkt_qc20,-1,25.5,0.00454959066,-0.7795836154,-0.191379927,-0.05992347863,15.1122611,nan,nan
jkt_qc20,-1,26.5,-0.04813164049,-0.7194977717,-0.1818820501,-0.05356610803,14.4641946,nan,nan
jkt_qc20,-1,27.5,-0.08986440497,-0.6611960048,-0.1728696041,-0.04795329334,13.8349433,nan,nan
jkt_qc20,-1,28.5,-0.1223100207,-0.6056043744,-0.1643408612,-0.0429963398,13.22804308,nan,nan
jkt_qc20,-1,29.5,-0.1469799183,-0.5533392695,-0.1562865947,-0.03861585958,12.64773842,nan,nan
jkt_qc20,-0.5,0.5,0.3218470734,1.100899303,-0.2028871194,-0.6028612422,3.251480499,nan,nan
jkt_qc20,-0.5,1.5,0.3419692425,1.109285344,-0.2065843673,-0.600014111,3.346106034,nan,nan
jkt_qc20,-0.5,2.5,0.3832576196,1.124599781,-0.2138066812,-0.5942096843,3.539660411,nan,nan
jkt_qc20,-0.5,3.5,0.4475803868,1.143547189,-0.2242052113,-0.5852493905,3.839324429,nan,nan
jkt_qc20,-0.5,4.5,0.5368289912,1.160594762,-0.2372498468,-0.5728889275,4.252825599,nan,nan
jkt_qc20,-0.5,5.5,0.6522140886,1.16859232,-0.2522324578,-0.5568990206,4.791850642,nan,nan
jkt_qc20,-0.5,6.5,0.7926931239,1.158030436,-0.2682875302,-0.5371376828,5.463033865,nan,nan
jkt_qc20,-0.5,7.5,0.9537589484,1.118399894,-0.284438091,-0.5136224639,6.267457451,nan,nan
jkt_qc20,-0.5,8.5,1.126472375,1.040040886,-0.2996690493,-0.4865870289,7.197954584,nan,nan
jkt_qc20,-0.5,9.5,1.29749862,0.9162854743,-0.3130210083,-0.4565059424,8.235143167,nan,nan
jkt_qc20,-0.5,10.5,1.450587716,0.745939618,-0.3236883384,-0.4240769656,9.34816076,nan,nan
jkt_qc20,-0.5,11.5,1.569215143,0.5344721587,-0.3311003035,-0.3901610296,10.49480523,nan,nan
jkt_qc20,-0.5,12.5,1.639820704,0.2938476243,-0.3349666327,-0.3556924775,11.62600907,nan,nan
jkt_qc20,-0.5,13.5,1.654500729,0.04055549195,-0.3352787272,-0.3215806419,12.69086322,nan,nan
jkt_qc20,-0.5,14.5,1.612412544,-0.2073934013,-0.3322704067,-0.2886245754,13.64367703,nan,nan
jkt_qc20,-0.5,15.5,1.519268905,-0.4337253297,-0.3263520855,-0.257456089,14.44704827,nan,nan
jkt_qc20,-0.5,16.5,1.385800071,-0.6257412353,-0.3180359962,-0.2285160662,15.07496174,nan,nan
jkt_qc20,-0.5,17.5,1.225124285,-0.7773862598,-0.3078676286,-0.2020599328,15.52428397,nan,nan
jkt_qc20,-0.5,18.5,1.050390833,-0.8861130946,-0.2963726232,-0.1781830229,15.79213754,nan,nan
jkt_qc20,-0.5,19.5,0.8732526982,-0.9540960235,-0.2840221046,-0.156855657,15.89088719,nan,nan
jkt_qc20,-0.5,20.5,0.7028262933,-0.9862252606,-0.2712148753,-0.1379596614,15.83971374,nan,nan
jkt_qc20,-0.5,21.5,0.5454168022,-0.9888085722,-0.2582725743,-0.1213210414,15.66159159,nan,nan
jkt_qc20,-0.5,22.5,0.4047393997,-0.9684966288,-0.2454434101,-0.1067363101,15.38072239,nan,nan
jkt_qc20,-0.5,23.5,0.2823968422,-0.9315475668,-0.2329106624,-0.09399198661,15.0206207,nan,nan
jkt_qc20,-0.5,24.5,0.1784265245,-0.8833913166,-0.2208031361,-0.0828779387,14.60222371,nan,nan
jkt_qc20,-0.5,25.5,0.0918375964,-0.8284754972,-0.2092057453,-0.07319574479,14.14372701,nan,nan
jkt_qc20,-0.5,26.5,0.0210492736,-0.770292561,-0.1981692006,-0.06476332785,13.66132107,nan,nan
jkt_qc20,-0.5,27.5,-0.03581932328,-0.7114128262,-0.1877183346,-0.05741697434,13.16706333,nan,nan
jkt_qc20,-0.5,28.5,-0.08070391593,-0.6536505101,-0.1778589511,-0.0510116293,12.67006083,nan,nan
jkt_qc20,-0.5,29.5,-0.1154514204,-0.598277907,-0.1685832792,-0.04542013263,12.17930332,nan,nan
jkt_qc20,0,0.5,0.1226655856,0.6232900424,-0.0006509100247,-0.6711403083,0.8958940532,nan,nan
jkt_qc20,0,1.5,0.1273241281,0.6318293446,-0.005857749429,-0.671089809,0.9223436648,nan,nan
jkt_qc20,0,2.5,0.1373878925,0.6491340956,-0.01626320497,-0.6707466151,0.9779747534,nan,nan
jkt_qc20,0,3.5,0.1545348645,0.6754695516,-0.03182275162,-0.6696286274,1.068366522,nan,nan
jkt_qc20,0,4.5,0.1815706783,0.7107597631,-0.05240037671,-0.6670244496,1.202114188,nan,nan
jkt_qc20,0,5.5,0.2222908247,0.7544390622,-0.07769026386,-0.662023779,1.392248101,nan,nan
jkt_qc20,0,6.5,0.2818409824,0.8042336102,-0.1071259469,-0.6535823748,1.655608902,nan,nan
jkt_qc20,0,7.5,0.3659634572,0.8552111345,-0.1397978585,-0.6406345597,2.012566809,nan,nan
jkt_qc20,0,8.5,0.4796474006,0.8988698791,-0.174411136,-0.6222554813,2.485575125,nan,nan
jkt_qc20,0,9.5,0.6248592248,0.9227352753,-0.2093197327,-0.5978542659,3.095094189,nan,nan
jkt_qc20,0,10.5,0.7977656961,0.911828744,-0.2426608695,-0.5673532185,3.85494249,nan,nan
jkt_qc20,0,11.5,0.9868025721,0.8518331952,-0.2725815371,-0.5312918172,4.765939527,nan,nan
jkt_qc20,0,12.5,1.172987643,0.7337503151,-0.2975062511,-0.4908043926,5.811462675,nan,nan
jkt_qc20,0,13.5,1.333262556,0.5579186084,-0.3163667696,-0.4474615209,6.955692408,nan,nan
jkt_qc20,0,14.5,1.446056806,0.3355164874,-0.3287221588,-0.4030188389,8.147115138,nan,nan
jkt_qc20,0,15.5,1.496687863,0.08629921298,-0.3347409033,-0.3591515614,9.324219385,nan,nan
jkt_qc20,0,16.5,1.480396252,-0.1654813614,-0.3350699257,-0.3172487594,10.4216204,nan,nan
jkt_qc20,0,17.5,1.403567992,-0.3987664312,-0.3306483395,-0.2783060326,11.39837486,nan,nan
jkt_qc20,0,18.5,1.278517145,-0.5965788353,-0.322524837,-0.2429137392,12.20953365,nan,nan
jkt_qc20,0,19.5,1.121619797,-0.7498163658,-0.3117166076,-0.2113114791,12.83499024,nan,nan
jkt_qc20,0,20.5,0.9491540991,-0.8562980773,-0.2991220907,-0.1834734118,13.27096078,nan,nan
jkt_qc20,0,21.5,0.7749090496,-0.9191252172,-0.2854816711,-0.1591965611,13.5270513,nan,nan
jkt_qc20,0,22.5,0.6090862098,-0.9446006291,-0.2713724982,-0.1381761755,13.62211661,nan,nan
jkt_qc20,0,23.5,0.458222637,-0.9403753133,-0.2572232295,-0.1200623483,13.58017612,nan,nan
jkt_qc20,0,24.5,0.3257046151,-0.9140840126,-0.2433376936,-0.1044983878,13.42636299,nan,nan
jkt_qc20,0,25.5,0.2125601693,-0.8725553327,-0.2299203914,-0.09114429725,13.18498953,nan,nan
jkt_qc20,0,26.5,0.1182423019,-0.8214781683,-0.2170999919,-0.07968937688,12.87904861,nan,nan
jkt_qc20,0,27.5,0.04122213972,-0.765265458,-0.2049491912,-0.06985752466,12.5272464,nan,nan
jkt_qc20,0,28.5,-0.02049533959,-0.7071814903,-0.1935005966,-0.06140800097,12.1447256,nan,nan
jkt_qc20,0,29.5,-0.06903157687,-0.6495960191,-0.1827589532,-0.05413361144,11.74581003,nan,nan
jkt_qc20,0.5,0.5,0.118959928,0.4016229145,0.2019539016,-0.6035670403,0.4331318696,nan,nan
jkt_qc20,0.5,1.5,0.1199923508,0.4057305122,0.1981856018,-0.6063656091,0.4398880165,nan,nan
jkt_qc20,0.5,2.5,0.1221955266,0.4141730149,0.1904804427,-0.611839797,0.4541088051,nan,nan
jkt_qc20,0.5,3.5,0.1259354939,0.4273846842,0.1785093009,-0.6197217846,0.4772963587,nan,nan
jkt_qc20,0.5,4.5,0.1319370878,0.4460176011,0.1618033649,-0.6295555227,0.5120203712,nan,nan
jkt_qc20,0.5,5.5,0.1412374297,0.4709881925,0.1397978585,-0.6406345597,0.5623315964,nan,nan
jkt_qc20,0.5,6.5,0.1557235162,0.5034129841,0.1119132388,-0.6519293913,0.6346314955,nan,nan
jkt_qc20,0.5,7.5,0.1784007138,0.5443073342,0.07769026386,-0.662023779,0.7384401826,nan,nan
jkt_qc20,0.5,8.5,0.21387271,0.5941128093,0.03698886531,-0.669096127,0.8878847295,nan,nan
jkt_qc20,0.5,9.5,0.2686887179,0.6514244978,-0.009761593611,-0.6709989294,1.102618421,nan,nan
jkt_qc20,0.5,10.5,0.3508274313,0.7112559721,-0.06131599193,-0.6654915048,1.408218979,nan,nan
jkt_qc20,0.5,11.5,0.4676824663,0.7629881613,-0.1154790003,-0.6506452874,1.834037655,nan,nan
jkt_qc20,0.5,12.5,0.6219960051,0.7898153216,-0.1692143644,-0.6253532144,2.408117527,nan,nan
jkt_qc20,0.5,13.5,0.8070463696,0.7714150104,-0.219071517,-0.5897656913,3.148951218,nan,nan
jkt_qc20,0.5,14.5,1.004113183,0.6905247245,-0.2618505118,-0.545431971,4.056877778,nan,nan
jkt_qc20,0.5,15.5,1.18516618,0.5405888015,-0.2952646579,-0.4950268024,5.107428781,nan,nan
jkt_qc20,0.5,16.5,1.320001887,0.3308761799,-0.3183283611,-0.4417523642,6.246276028,nan,nan
jkt_qc20,0.5,17.5,1.38870908,0.08388822615,-0.3313427091,-0.3886698982,7.420100523,nan,nan
jkt_qc20,0.5,18.5,1.382580234,-0.1711827719,-0.3355600851,-0.3382104521,8.550413307,nan,nan
jkt_qc20,0.5,19.5,1.307830516,-0.4067463013,-0.3327262111,-0.2919722058,9.572952939,nan,nan
jkt_qc20,0.5,20.5,1.180432625,-0.6029493215,-0.3246769945,-0.2507625135,10.43969401,nan,nan
jkt_qc20,0.5,21.5,1.02033219,-0.7498670509,-0.3130745772,-0.2147737426,11.12349092,nan,nan
jkt_qc20,0.5,22.5,0.8465215014,-0.8464030186,-0.2992833668,-0.1837910029,11.61735386,nan,nan
jkt_qc20,0.5,23.5,0.6741456665,-0.8975523615,-0.284346243,-0.1573718327,11.93039551,nan,nan
jkt_qc20,0.5,24.5,0.5135379072,-0.9114526935,-0.2690161535,-0.1349767278,12.0817577,nan,nan
jkt_qc20,0.5,25.5,0.3706137325,-0.8970896806,-0.2538096427,-0.1160523487,12.09596722,nan,nan
jkt_qc20,0.5,26.5,0.247864145,-0.8628787493,-0.2390626556,-0.1000782472,11.99995628,nan,nan
jkt_qc20,0.5,27.5,0.1453612626,-0.815882158,-0.2249794218,-0.08658894448,11.81816523,nan,nan
jkt_qc20,0.5,28.5,0.06174528636,-0.7616249738,-0.211671524,-0.07518094212,11.57193228,nan,nan
jkt_qc20,0.5,29.5,-0.005047595506,-0.7042701941,-0.1991874109,-0.0655113734,11.28159461,nan,nan
jkt_qc20,1,0.5,0.1236892088,0.2941953499,0.3103789678,-0.4631339307,0.3276727899,nan,nan
jkt_qc20,1,1.5,0.1241761201,0.2963662493,0.3089901775,-0.4664620677,0.3298156009,nan,nan
jkt_qc20,1,2.5,0.1251739873,0.3008113196,0.3060738854,-0.4731434209,0.3343011842,nan,nan
jkt_qc20,1,3.5,0.1267714516,0.3077222848,0.3013433182,-0.483217836,0.3415403073,nan,nan
jkt_qc20,1,4.5,0.1291529501,0.3174148019,0.2943457085,-0.4967168136,0.3522623562,nan,nan
jkt_qc20,1,5.5,0.1325380933,0.3303327161,0.284438091,-0.5136224639,0.3675116005,nan,nan
jkt_qc20,1,6.5,0.1373608205,0.3471561078,0.2707624698,-0.5338007025,0.3890668985,nan,nan
jkt_qc20,1,7.5,0.1443423522,0.3687445628,0.2522324578,-0.5568990206,0.4195425374,nan,nan
jkt_qc20,1,8.5,0.1546761682,0.3962817902,0.2275545028,-0.5822007365,0.4631329105,nan,nan
jkt_qc20,1,9.5,0.1704368269,0.4311734649,0.1953223721,-0.6084380405,0.5264123693,nan,nan
jkt_qc20,1,10.5,0.1951114264,0.4748794892,0.1542383809,-0.6335940629,0.6198490958,nan,nan
jkt_qc20,1,11.5,0.234429259,0.5280668242,0.1035115362,-0.6547771459,0.7596162436,nan,nan
jkt_qc20,1,12.5,0.2968710093,0.5888010439,0.04342764148,-0.6683189937,0.9694179181,nan,nan
jkt_qc20,1,13.5,0.3927498919,0.6494877484,-0.02405272059,-0.6702778149,1.280617279,nan,nan
jkt_qc20,1,14.5,0.5301432081,0.6940369185,-0.09500178581,-0.6574123578,1.72871896,nan,nan
jkt_qc20,1,15.5,0.7077338626,0.6984436749,-0.1639367122,-0.6283712461,2.344440619,nan,nan
jkt_qc20,1,16.5,0.9074612162,0.6378798827,-0.2250480305,-0.5844899832,3.136514212,nan,nan
jkt_qc20,1,17.5,1.098272034,0.5009248692,-0.2737766498,-0.5296165629,4.099417688,nan,nan
jkt_qc20,1,18.5,1.243104389,0.2942147791,-0.3079184139,-0.4689638377,5.184808256,nan,nan
jkt_qc20,1,19.5,1.314580378,0.04420918806,-0.3277415599,-0.4076330128,6.323857958,nan,nan
jkt_qc20,1,20.5,1.303487144,-0.2135994897,-0.3352793715,-0.3495448477,7.437123436,nan,nan
jkt_qc20,1,21.5,1.218783033,-0.4468142254,-0.3333551274,-0.2970750258,8.451608452,nan,nan
jkt_qc20,1,22.5,1.080913764,-0.6340380966,-0.3247996968,-0.2512336619,9.313499248,nan,nan
jkt_qc20,1,23.5,0.9135930579,-0.7666540283,-0.3120197748,-0.2120747194,9.99360938,nan,nan
jkt_qc20,1,24.5,0.7377062135,-0.8462484207,-0.296858761,-0.1791018907,10.48518692,nan,nan
jkt_qc20,1,25.5,0.5685234595,-0.8805065423,-0.2806275322,-0.1515712079,10.79875894,nan,nan
jkt_qc20,1,26.5,0.4154393389,-0.8795651506,-0.2642043078,-0.1286801028,10.95643203,nan,nan
jkt_qc20,1,27.5,0.2829090559,-0.8534693405,-0.2481451408,-0.1096688778,10.98385179,nan,nan
jkt_qc20,1,28.5,0.1719671915,-0.810877278,-0.2327794653,-0.09386556553,10.90677992,nan,nan
jkt_qc20,1,29.5,0.08159942238,-0.7587075535,-0.2182837663,-0.08069846746,10.7513872,nan,nan
jkt_qc20,1.5,0.5,0.1230587865,0.2312537727,0.3355649704,-0.3336493053,0.3064488346,nan,nan
jkt_qc20,1.5,1.5,0.1234139214,0.2325777701,0.3355697856,-0.3362480997,0.3071895088,nan,nan
jkt_qc20,1.5,2.5,0.1241283268,0.2352787718,0.3355179672,-0.3415062839,0.3087447537,nan,nan
jkt_qc20,1.5,3.5,0.125236981,0.2394467451,0.3352793715,-0.3495448477,0.3112572764,nan,nan
jkt_qc20,1.5,4.5,0.1268079207,0.2452331391,0.3346399077,-0.3605439038,0.3149883142,nan,nan
jkt_qc20,1.5,5.5,0.128913506,0.2528391118,0.333276792,-0.3747383149,0.320260819,nan,nan
jkt_qc20,1.5,6.5,0.1316842337,0.2625978055,0.3307222738,-0.3924063545,0.3276820886,nan,nan
jkt_qc20,1.5,7.5,0.1353432956,0.2749079683,0.3263138116,-0.4138445816,0.3380481037,nan,nan
jkt_qc20,1.5,8.5,0.1402112371,0.2903642301,0.3191302224,-0.4393174763,0.3526291766,nan,nan
jkt_qc20,1.5,9.5,0.1468452448,0.3097484144,0.3079184139,-0.4689638377,0.3733471946,nan,nan
jkt_qc20,1.5,10.5,0.1561401373,0.3341476195,0.2910277026,-0.5026345789,0.4032576068,nan,nan
jkt_qc20,1.5,11.5,0.1696787545,0.3649746888,0.266393998,-0.5396336414,0.4472962993,nan,nan
jkt_qc20,1.5,12.5,0.1902541555,0.4039348025,0.2316585605,-0.5783498996,0.5136101052,nan,nan
jkt_qc20,1.5,13.5,0.2227919104,0.4525563555,0.1845561145,-0.615832099,0.6156236433,nan,nan
jkt_qc20,1.5,14.5,0.2754582838,0.5107146063,0.1237132899,-0.6475040558,0.7748105075,nan,nan
jkt_qc20,1.5,15.5,0.359961913,0.573169027,0.04984215188,-0.6674187787,1.022689258,nan,nan
jkt_qc20,1.5,16.5,0.4879514132,0.6239428348,-0.03311542366,-0.6695029614,1.396301295,nan,nan
jkt_qc20,1.5,17.5,0.6614330288,0.6376392426,-0.1178440881,-0.649768355,1.935575038,nan,nan
jkt_qc20,1.5,18.5,0.8638885504,0.583721631,-0.1953223721,-0.6084380405,2.66203147,nan,nan
jkt_qc20,1.5,19.5,1.058289497,0.445078945,-0.2578155981,-0.5503695796,3.568378854,nan,nan
jkt_qc20,1.5,20.5,1.200899723,0.2304544019,-0.3013433182,-0.483217836,4.610656319,nan,nan
jkt_qc20,1.5,21.5,1.260774463,-0.02726831399,-0.3261254551,-0.4146256895,5.714891315,nan,nan
jkt_qc20,1.5,22.5,1.231014146,-0.2858741936,-0.3352504234,-0.3502229043,6.794840074,nan,nan
jkt_qc20,1.5,23.5,1.126450745,-0.510008866,-0.3328717532,-0.2930977005,7.772870546,nan,nan
jkt_qc20,1.5,24.5,0.9731353553,-0.6796749242,-0.3229133573,-0.2442769659,8.594081403,nan,nan
jkt_qc20,1.5,25.5,0.7978713892,-0.7900919943,-0.3084902179,-0.2035048585,9.231512912,nan,nan
jkt_qc20,1.5,26.5,0.6219897856,-0.8469528702,-0.2918234213,-0.169900222,9.683675879,nan,nan
jkt_qc20,1.5,27.5,0.4593048726,-0.8609703482,-0.2743809752,-0.1423798369,9.965063041,nan,nan
jkt_qc20,1.5,28.5,0.3170071623,-0.8438368029,-0.2570737157,-0.1198840193,10.09897401,nan,nan
jkt_qc20,1.5,29.5,0.1975625739,-0.8060983655,-0.2404303579,-0.1014747988,10.11433454,nan,nan
jkt_qc20,2,0.5,0.1194900586,0.1895637393,0.3216046733,-0.2397687249,0.3120352966,nan,nan
jkt_qc20,2,1.5,0.1197829237,0.1904531587,0.3221327765,-0.2415597551,0.3122388004,nan,nan
jkt_qc20,2,2.5,0.1203678132,0.1922640361,0.3231703604,-0.2451909457,0.3126798428,nan,nan
jkt_qc20,2,3.5,0.1212644065,0.1950443507,0.3246769945,-0.2507625135,0.3134182933,nan,nan
jkt_qc20,2,4.5,0.1225061737,0.1988737407,0.3265835708,-0.2584296149,0.3145622679,nan,nan
jkt_qc20,2,5.5,0.1241314766,0.2038557981,0.32878067,-0.2684078964,0.3162315932,nan,nan
jkt_qc20,2,6.5,0.1261905221,0.2101720187,0.3311003525,-0.2809802069,0.3186826775,nan,nan
jkt_qc20,2,7.5,0.1287894352,0.2180199097,0.3332885963,-0.2965031975,0.3222154306,nan,nan
jkt_qc20,2,8.5,0.132045427,0.2277015288,0.3349643818,-0.3154110272,0.3272971545,nan,nan
jkt_qc20,2,9.5,0.1361690034,0.2396054693,0.3355600851,-0.3382104521,0.3346130764,nan,nan
jkt_qc20,2,10.5,0.1414474225,0.2542751126,0.3342370248,-0.3654561098,0.345180102,nan,nan
jkt_qc20,2,11.5,0.1483678237,0.2724467687,0.3297715806,-0.3976852413,0.3605815904,nan,nan
jkt_qc20,2,12.5,0.1577329512,0.2951346182,0.320415915,-0.4352759442,0.3833346434,nan,nan
jkt_qc20,2,13.5,0.1709374858,0.3237034482,0.3037628298,-0.4781737077,0.4175580569,nan,nan
jkt_qc20,2,14.5,0.1904499975,0.3599305015,0.2767031862,-0.5254201128,0.4702399727,nan,nan
jkt_qc20,2,15.5,0.2208154857,0.4057359978,0.2356707295,-0.5744571531,0.5534580854,nan,nan
jkt_qc20,2,16.5,0.2705108071,0.4615513111,0.1774897435,-0.6203597448,0.687418084,nan,nan
jkt_qc20,2,17.5,0.3514862862,0.5233180292,0.1010908634,-0.6555519967,0.9032578848,nan,nan
jkt_qc20,2,18.5,0.4779570981,0.5755021273,0.009761593611,-0.6709989294,1.242732344,nan,nan
jkt_qc20,2,19.5,0.6541830189,0.5881817006,-0.08762773,-0.6594978091,1.748497956,nan,nan
jkt_qc20,2,20.5,0.8606689388,0.5262882788,-0.1785093009,-0.6197217846,2.446933924,nan,nan
jkt_qc20,2,21.5,1.052822758,0.3717352256,-0.2515181592,-0.5577104162,3.33052418,nan,nan
jkt_qc20,2,22.5,1.18057187,0.1397349016,-0.3009293783,-0.4840596932,4.350250488,nan,nan
jkt_qc20,2,23.5,1.213887005,-0.1271179418,-0.327397668,-0.4091796213,5.424571577,nan,nan
jkt_qc20,2,24.5,1.153361944,-0.3806821757,-0.3355387519,-0.3401841655,6.461183779,nan,nan
jkt_qc20,2,25.5,1.022541976,-0.5862701194,-0.3310113379,-0.2804430323,7.381406676,nan,nan
jkt_qc20,2,26.5,0.8530719717,-0.7290898679,-0.3187392944,-0.2306285696,8.135864094,nan,nan
jkt_qc20,2,27.5,0.6729270584,-0.8105548551,-0.3023349025,-0.1899643335,8.705037774,nan,nan
jkt_qc20,2,28.5,0.5015201413,-0.8410200553,-0.2841841579,-0.1571134593,9.093220997,nan,nan
jkt_qc20,2,29.5,0.3497441962,-0.833782589,-0.2657475886,-0.1306662011,9.322200068,nan,nan
jkt_qc20,2.5,0.5,0.1147328028,0.1598092085,0.2952370707,-0.1760630647,0.3275353229,nan,nan
jkt_qc20,2.5,1.5,0.1149832503,0.1604464915,0.2958861551,-0.1772703642,0.3275036679,nan,nan
jkt_qc20,2.5,2.5,0.115481035,0.1617430053,0.2971826538,-0.1797179417,0.3274577739,nan,nan
jkt_qc20,2.5,3.5,0.1162395661,0.1637269681,0.2991220907,-0.1834734118,0.3274264811,nan,nan
jkt_qc20,2.5,4.5,0.117278887,0.1664428919,0.3016947002,-0.1886424326,0.3274543473,nan,nan
jkt_qc20,2.5,5.5,0.1186264676,0.1699515467,0.3048811271,-0.1953740413,0.3275977324,nan,nan
jkt_qc20,2.5,6.5,0.1203023692,0.1743614481,0.3086454952,-0.2038681596,0.3279723341,nan,nan
jkt_qc20,2.5,7.5,0.1223741804,0.1797831907,0.3129245069,-0.2143855153,0.3287217379,nan,nan
jkt_qc20,2.5,8.5,0.1248966106,0.1863847743,0.3176104559,-0.2272600894,0.3300372135,nan,nan
jkt_qc20,2.5,9.5,0.127977055,0.1943792832,0.322524837,-0.2429137392,0.3322188959,nan,nan
jkt_qc20,2.5,10.5,0.1317391106,0.2040548065,0.3273774588,-0.2618714897,0.335662353,nan,nan
jkt_qc20,2.5,11.5,0.1363855502,0.215796568,0.3317034744,-0.2847733709,0.340980175,nan,nan
jkt_qc20,2.5,12.5,0.1422194491,0.2301300696,0.3347677151,-0.3123731183,0.3490936395,nan,nan
jkt_qc20,2.5,13.5,0.1497292981,0.2477708789,0.3354234443,-0.3455029021,0.3614320264,nan,nan
jkt_qc20,2.5,14.5,0.1596923921,0.2697185626,0.3319156205,-0.3849623825,0.380276499,nan,nan
jkt_qc20,2.5,15.5,0.1734702142,0.2973458083,0.321639282,-0.431255957,0.409442699,nan,nan
jkt_qc20,2.5,16.5,0.1937559701,0.3324759556,0.3009293783,-0.4840596932,0.4558149381,nan,nan
jkt_qc20,2.5,17.5,0.2248927556,0.3770914287,0.2651137911,-0.5412941144,0.530643676,nan,nan
jkt_qc20,2.5,18.5,0.2756091188,0.4321211207,0.2093197327,-0.5978542659,0.654685775,nan,nan
jkt_qc20,2.5,19.5,0.3597976076,0.4930498688,0.1306713857,-0.6446538391,0.8610872669,nan,nan
jkt_qc20,2.5,20.5,0.493149241,0.5420464829,0.03182275162,-0.6696286274,1.194909696,nan,nan
jkt_qc20,2.5,21.5,0.6787818647,0.5437682945,-0.07644017107,-0.6623187528,1.701716695,nan,nan
jkt_qc20,2.5,22.5,0.889450527,0.4592817729,-0.1774897435,-0.6203597448,2.406784729,nan,nan
jkt_qc20,2.5,23.5,1.070059271,0.2755333767,-0.2564416457,-0.5520080418,3.295620054,nan,nan
jkt_qc20,2.5,24.5,1.167342673,0.02091469031,-0.3068204938,-0.4714701562,4.30792537,nan,nan
jkt_qc20,2.5,25.5,1.159310955,-0.2504603794,-0.3308502191,-0.3916567668,5.351704073,nan,nan
jkt_qc20,2.5,26.5,1.059706099,-0.4881871871,-0.33522451,-0.3203366894,6.331908421,nan,nan
jkt_qc20,2.5,27.5,0.9018209407,-0.6637877903,-0.3270403751,-0.2603897992,7.175027258,nan,nan
jkt_qc20,2.5,28.5,0.7203662225,-0.7714087792,-0.311868288,-0.2116926625,7.840888242,nan,nan
jkt_qc20,2.5,29.5,0.5415677065,-0.8197350157,-0.2934499253,-0.1727986002,8.323209807,nan,nan
jkt_qc20,3,0.5,0.109633621,0.1374943054,0.2674551323,-0.1329000664,0.3467047187,nan,nan
jkt_qc20,3,1.5,0.1098513213,0.1379724171,0.2680785643,-0.1337254214,0.3465647259,nan,nan
jkt_qc20,3,2.5,0.110281786,0.1389446323,0.2693293237,-0.1353974057,0.346290593,nan,nan
jkt_qc20,3,3.5,0.1109351929,0.1404289026,0.2712148753,-0.1379596614,0.3458987295,nan,nan
jkt_qc20,3,4.5,0.1118258862,0.142450307,0.2737455232,-0.1414804682,0.3454024972,nan,nan
jkt_qc20,3,5.5,0.1129759641,0.1450503513,0.2769330998,-0.1460563583,0.3448444707,nan,nan
jkt_qc20,3,6.5,0.1143916769,0.1482964641,0.2807887632,-0.1518173455,0.344263512,nan,nan
jkt_qc20,3,7.5,0.1161221013,0.1522582403,0.285319383,-0.1589341488,0.3437505564,nan,nan
jkt_qc20,3,8.5,0.1181980756,0.1570364259,0.2905216639,-0.1676279111,0.3433826954,nan,nan
jkt_qc20,3,9.5,0.1206851735,0.1627596202,0.2963726232,-0.1781830229,0.3433147026,nan,nan
jkt_qc20,3,10.5,0.1236499389,0.1695946298,0.3028141655,-0.1909636879,0.3437143104,nan,nan
jkt_qc20,3,11.5,0.1271992187,0.1777613154,0.309728082,-0.2064346676,0.344856333,nan,nan
jkt_qc20,3,12.5,0.1314798872,0.1875519525,0.3168955198,-0.2251858253,0.347132935,nan,nan
jkt_qc20,3,13.5,0.1367149286,0.1993566457,0.3239314243,-0.2479578418,0.3511351961,nan,nan
jkt_qc20,3,14.5,0.1432209024,0.2137083426,0.3301793347,-0.2756609785,0.3577343067,nan,nan
jkt_qc20,3,15.5,0.1515171934,0.2313398156,0.3345457874,-0.3093663412,0.3683290145,nan,nan
jkt_qc20,3,16.5,0.1625545361,0.2533119567,0.3352504234,-0.3502229043,0.3854130498,nan,nan
jkt_qc20,3,17.5,0.1776822054,0.2809846486,0.3294819644,-0.3992036004,0.4125207658,nan,nan
jkt_qc20,3,18.5,0.1997005346,0.3162925915,0.3130210083,-0.4565059424,0.4566922969,nan,nan
jkt_qc20,3,19.5,0.2338048907,0.3613579208,0.280100448,-0.520371117,0.5304175404,nan,nan
jkt_qc20,3,20.5,0.2898064086,0.4168612027,0.2242052113,-0.5852493905,0.6562397522,nan,nan
jkt_qc20,3,21.5,0.3837156426,0.4764739517,0.1409261204,-0.6401149966,0.8711794494,nan,nan
jkt_qc20,3,22.5,0.5320824045,0.5168661495,0.03311542366,-0.6695029614,1.224626143,nan,nan
jkt_qc20,3,23.5,0.7319543001,0.4951181901,-0.08515426124,-0.6601568096,1.762520164,nan,nan
jkt_qc20,3,24.5,0.9416963369,0.3722835536,-0.1924276484,-0.610487076,2.502635588,nan,nan
jkt_qc20,3,25.5,1.095112001,0.1497309661,-0.2713723531,-0.5329649635,3.41545451,nan,nan
jkt_qc20,3,26.5,1.143815905,-0.1246637464,-0.3169403003,-0.4458264731,4.424468651,nan,nan
jkt_qc20,3,27.5,1.083104146,-0.3880022412,-0.3344191994,-0.3633434649,5.42807036,nan,nan
jkt_qc20,3,28.5,0.9428237922,-0.5952628876,-0.332799388,-0.2925343503,6.332416568,nan,nan
jkt_qc20,3,29.5,0.7635969391,-0.7299901712,-0.3201223814,-0.2349265374,7.077911514,nan,nan
jkt_qc20,3.5,0.5,0.1045823755,0.1201536268,0.2419473156,-0.1030429732,0.3669130082,nan,nan
jkt_qc20,3.5,1.5,0.1047734703,0.1205251258,0.2425021742,-0.1036216916,0.3667247717,nan,nan
jkt_qc20,3.5,2.5,0.1051493874,0.1212795759,0.2436170608,-0.1047929408,0.3663418759,nan,nan
jkt_qc20,3.5,3.5,0.1057181332,0.1224291665,0.2453022791,-0.106585029,0.3657754268,nan,nan
jkt_qc20,3.5,4.5,0.1064927241,0.1239880162,0.2475731692,-0.10904218,0.3650280598,nan,nan
jkt_qc20,3.5,5.5,0.107489264,0.1259884857,0.250449887,-0.1122268011,0.3641402035,nan,nan
jkt_qc20,3.5,6.5,0.1087088491,0.1284723141,0.2539569514,-0.1162227845,0.3631034719,nan,nan
jkt_qc20,3.5,7.5,0.1101886472,0.1314874916,0.2581223746,-0.1211401083,0.3619894619,nan,nan
jkt_qc20,3.5,8.5,0.1119487659,0.1350983466,0.2629760662,-0.1271211263,0.360823528,nan,nan
jkt_qc20,3.5,9.5,0.1140335912,0.1393882912,0.2685469962,-0.1343490717,0.3596958675,nan,nan
jkt_qc20,3.5,10.5,0.1164847326,0.1444614404,0.2748582621,-0.1430594937,0.3586782094,nan,nan
jkt_qc20,3.5,11.5,0.1193679262,0.1504535933,0.2819186195,-0.1535555469,0.357907152,nan,nan
jkt_qc20,3.5,12.5,0.1227682016,0.1575407351,0.2897080516,-0.166228257,0.3575671291,nan,nan
jkt_qc20,3.5,13.5,0.1268090008,0.1659531717,0.2981532712,-0.1815829149,0.3579370728,nan,nan
jkt_qc20,3.5,14.5,0.1316503486,0.1759954162,0.3070861994,-0.2002722571,0.359391961,nan,nan
jkt_qc20,3.5,15.5,0.1375418324,0.1880791888,0.3161737398,-0.2231351264,0.3625354347,nan,nan
jkt_qc20,3.5,16.5,0.1449072871,0.2027933443,0.3247996968,-0.2512336619,0.3684365391,nan,nan
jkt_qc20,3.5,17.5,0.1542655598,0.2208793346,0.3318692238,-0.2858677688,0.3783303731,nan,nan
jkt_qc20,3.5,18.5,0.1666486407,0.2434605145,0.3354962332,-0.328512304,0.3948002489,nan,nan
jkt_qc20,3.5,19.5,0.1838004116,0.2720726047,0.3325420196,-0.3805520816,0.4221001201,nan,nan
jkt_qc20,3.5,20.5,0.2089720594,0.3087587825,0.3180559387,-0.4425656103,0.4679802117,nan,nan
jkt_qc20,3.5,21.5,0.2484939698,0.3556555097,0.2849650255,-0.5127779032,0.5469770425,nan,nan
jkt_qc20,3.5,22.5,0.3144241642,0.4124881519,0.2250480305,-0.5844899832,0.685766167,nan,nan
jkt_qc20,3.5,23.5,0.4255672746,0.4685876138,0.1329694807,-0.6436721696,0.9275155821,nan,nan
jkt_qc20,3.5,24.5,0.5966035655,0.490895851,0.01366345558,-0.6708626561,1.325759711,nan,nan
jkt_qc20,3.5,25.5,0.8102465866,0.42868374,-0.113104215,-0.6515055529,1.921704614,nan,nan
jkt_qc20,3.5,26.5,1.004402977,0.252911338,-0.2207973546,-0.5882680527,2.717224443,nan,nan
jkt_qc20,3.5,27.5,1.10839004,-0.008813134751,-0.292469176,-0.5000980398,3.66052858,nan,nan
jkt_qc20,3.5,28.5,1.092089174,-0.2888734207,-0.3275706895,-0.4084057879,4.655660903,nan,nan
jkt_qc20,3.5,29.5,0.9753695746,-0.5250208013,-0.3354507292,-0.3266067402,5.597615792,nan,nan
jkt_qc20,4,0.5,0.09975221612,0.1063107429,0.2195977606,-0.08182972857,0.3869766378,nan,nan
jkt_qc20,4,1.5,0.09992101406,0.1066074223,0.2200786687,-0.08224672481,0.3867696116,nan,nan
jkt_qc20,4,2.5,0.100251852,0.1072085231,0.2210454553,-0.08308988262,0.386337179,nan,nan
jkt_qc20,4,3.5,0.1007512429,0.1081224443,0.2225081184,-0.08437795908,0.3856872276,nan,nan
jkt_qc20,4,4.5,0.1014322396,0.1093586917,0.2244817918,-0.08614018829,0.3848291543,nan,nan
jkt_qc20,4,5.5,0.1023044974,0.1109424491,0.2269868847,-0.08841769438,0.3837909555,nan,nan
jkt_qc20,4,6.5,0.1033686496,0.1129000828,0.2300492199,-0.09126554431,0.3825424461,nan,nan
jkt_qc20,4,7.5,0.1046531508,0.1152666072,0.2337001129,-0.09475560851,0.3811449572,nan,nan
jkt_qc20,4,8.5,0.1061724292,0.1180853379,0.2379762868,-0.09898047189,0.3795994259,nan,nan
jkt_qc20,4,9.5,0.1079585566,0.121413361,0.2429194495,-0.1040587395,0.3779636281,nan,nan
jkt_qc20,4,10.5,0.1100401471,0.1253196358,0.2485752295,-0.1101422207,0.3762646959,nan,nan
jkt_qc20,4,11.5,0.1124618354,0.1298934539,0.2549909522,-0.1174256682,0.3745753515,nan,nan
jkt_qc20,4,12.5,0.115279007,0.1352480414,0.2622113594,-0.1261600039,0.3729875471,nan,nan
jkt_qc20,4,13.5,0.1185694161,0.1415291673,0.2702707172,-0.1366702948,0.3716456849,nan,nan
jkt_qc20,4,14.5,0.1224274221,0.1489238916,0.2791785978,-0.1493801083,0.3707222562,nan,nan
jkt_qc20,4,15.5,0.1269944169,0.1576803947,0.2888945643,-0.1648441657,0.3705082679,nan,nan
jkt_qc20,4,16.5,0.1324989682,0.1681474135,0.2992833668,-0.1837910029,0.3715415746,nan,nan
jkt_qc20,4,17.5,0.1391837183,0.1807439817,0.3100359353,-0.2071755361,0.3742736139,nan,nan
jkt_qc20,4,18.5,0.1475220662,0.1961063858,0.32053086,-0.2362351388,0.3798270977,nan,nan
jkt_qc20,4,19.5,0.1582338527,0.2151017643,0.3295949258,-0.272525049,0.3898614638,nan,nan
jkt_qc20,4,20.5,0.1725389791,0.2389575929,0.3351029923,-0.3178638393,0.4072087652,nan,nan
jkt_qc20,4,21.5,0.1926258649,0.2693915756,0.3333607721,-0.374017002,0.4369268,nan,nan
jkt_qc20,4,22.5,0.2226705115,0.3086261633,0.3183283611,-0.4417523642,0.4885091579,nan,nan
jkt_qc20,4,23.5,0.270985667,0.3585467086,0.281205322,-0.5186854802,0.5802429076,nan,nan
jkt_qc20,4,24.5,0.3532097472,0.4163460895,0.2120227307,-0.5956741066,0.7456607074,nan,nan
jkt_qc20,4,25.5,0.490617565,0.46255907,0.1059233865,-0.6539849424,1.035884809,nan,nan
jkt_qc20,4,26.5,0.688703562,0.4501428357,-0.02664520509,-0.6700814162,1.505253417,nan,nan
jkt_qc20,4,27.5,0.9043938895,0.3274204221,-0.1574990637,-0.6318837924,2.181488673,nan,nan
jkt_qc20,4,28.5,1.056516075,0.09229098341,-0.2571304375,-0.5511892962,3.040458764,nan,nan
jkt_qc20,4,29.5,1.087326861,-0.1940141021,-0.3139660072,-0.4540309548,4.003433096,nan,nan
jkt_qc100,-6,0.5,-0.6413319049,-0.4246570466,-0.15695205,-0.03896704063,22.62280925,nan,nan
jkt_qc100,-6,1.5,-0.639833392,-0.4227229915,-0.1566852392,-0.03882600732,22.5684146,nan,nan
jkt_qc100,-6,2.5,-0.6368524837,-0.4188928349,-0.1561541305,-0.03854618167,22.46053641,nan,nan
jkt_qc100,-6,3.5,-0.6324138648,-0.4132347633,-0.1553636967,-0.03813196867,22.30040373,nan,nan
jkt_qc100,-6,4.5,-0.6265592187,-0.4058520733,-0.1543212666,-0.03758978776,22.09019166,nan,nan
jkt_qc100,-6,5.5,-0.6193442602,-0.3968780145,-0.1530363732,-0.0369278595,21.83279028,nan,nan
jkt_qc100,-6,6.5,-0.6108336306,-0.3864639896,-0.1515205585,-0.03615594016,21.53127493,nan,nan
jkt_qc100,-6,7.5,-0.6011041711,-0.3747819933,-0.1497871425,-0.03528501872,21.18926956,nan,nan
jkt_qc100,-6,8.5,-0.5902453105,-0.3620180219,-0.1478509627,-0.03432699181,20.81089425,nan,nan
jkt_qc100,-6,9.5,-0.5783530978,-0.3483625923,-0.1457280922,-0.03329433221,20.40031047,nan,nan
jkt_qc100,-6,10.5,-0.5655343933,-0.3340104885,-0.1434355466,-0.0321997656,19.9620805,nan,nan
jkt_qc100,-6,11.5,-0.551895763,-0.3191474441,-0.1409909875,-0.03105596824,19.50032894,nan,nan
jkt_qc100,-6,12.5,-0.5375544382,-0.3039571623,-0.1384124304,-0.02987529594,19.01967932,nan,nan
jkt_qc100,-6,13.5,-0.5226248074,-0.2886076131,-0.1357179674,-0.02866955169,18.52426089,nan,nan
jkt_qc100,-6,14.5,-0.5072226377,-0.2732536651,-0.1329255085,-0.02744979638,18.01813478,nan,nan
jkt_qc100,-6,15.5,-0.4914627518,-0.2580356282,-0.1300525494,-0.02622620432,17.50523434,nan,nan
jkt_qc100,-6,16.5,-0.4754546856,-0.243074193,-0.1271159683,-0.02500796271,16.98906523,nan,nan
jkt_qc100,-6,17.5,-0.4592992624,-0.2284655258,-0.1241318549,-0.02380321238,16.47243801,nan,nan
jkt_qc100,-6,18.5,-0.443096991,-0.2142999342,-0.1211153732,-0.02261902535,15.95853526,nan,nan
jkt_qc100,-6,19.5,-0.4269368172,-0.2006441718,-0.1180806566,-0.02146141432,15.44979088,nan,nan
jkt_qc100,-6,20.5,-0.4109011603,-0.1875505687,-0.1150407353,-0.02033536796,14.94845433,nan,nan
jkt_qc100,-6,21.5,-0.3950641328,-0.1750571241,-0.1120074923,-0.01924490672,14.4564895,nan,nan
jkt_qc100,-6,22.5,-0.37948821,-0.1631869913,-0.108991647,-0.01819315321,13.97534158,nan,nan
jkt_qc100,-6,23.5,-0.3642282199,-0.1519527934,-0.1060027603,-0.01718241252,13.50626709,nan,nan
jkt_qc100,-6,24.5,-0.3493312536,-0.1413579153,-0.1030492603,-0.0162142578,13.05033115,nan,nan
jkt_qc100,-6,25.5,-0.334835341,-0.1313970196,-0.1001384838,-0.01528961763,12.60829599,nan,nan
jkt_qc100,-6,26.5,-0.3207706977,-0.1220580328,-0.09727672897,-0.01440886219,12.18070403,nan,nan
jkt_qc100,-6,27.5,-0.3071605144,-0.1133236043,-0.09446931864,-0.01357188589,11.76791747,nan,nan
jkt_qc100,-6,28.5,-0.2940214848,-0.1051722659,-0.0917206687,-0.01277818499,11.37013279,nan,nan
jkt_qc100,-6,29.5,-0.2813646486,-0.09757959772,-0.08903436056,-0.01202692892,10.98741728,nan,nan
jkt_qc100,-5.5,0.5,-0.7219240633,-0.5778255642,-0.1693481936,-0.04586591423,27.77737145,nan,nan
jkt_qc100,-5.5,1.5,-0.7202499672,-0.5750060282,-0.1690414722,-0.04568683649,27.70150221,nan,nan
jkt_qc100,-5.5,2.5,-0.7169165601,-0.5694253483,-0.1684310498,-0.04533173763,27.5511108,nan,nan
jkt_qc100,-5.5,3.5,-0.7119451052,-0.5611892586,-0.1675229031,-0.04480661867,27.32812404,nan,nan
jkt_qc100,-5.5,4.5,-0.7053736654,-0.5504570007,-0.1663258391,-0.0441202074,27.03583907,nan,nan
jkt_qc100,-5.5,5.5,-0.6972544271,-0.5374334981,-0.1648513103,-0.04328364883,26.67861415,nan,nan
jkt_qc100,-5.5,6.5,-0.687649258,-0.5223511655,-0.1631131772,-0.04231012195,26.2611212,nan,nan
jkt_qc100,-5.5,7.5,-0.676633909,-0.5054731204,-0.1611274253,-0.04121440479,25.78883339,nan,nan
jkt_qc100,-5.5,8.5,-0.6642997374,-0.4870823011,-0.1589118444,-0.04001241137,25.26789804,nan,nan
jkt_qc100,-5.5,9.5,-0.6507475684,-0.4674672369,-0.1564856818,-0.03872072396,24.7045237,nan,nan
jkt_qc100,-5.5,10.5,-0.6360930947,-0.4469207008,-0.1538692792,-0.03735614231,24.10541415,nan,nan
jkt_qc100,-5.5,11.5,-0.6204543909,-0.425720367,-0.1510837056,-0.03593526809,23.47666382,nan,nan
jkt_qc100,-5.5,12.5,-0.6039646487,-0.4041379231,-0.148150396,-0.03447413909,22.82493921,nan,nan
jkt_qc100,-5.5,13.5,-0.5867564479,-0.3824196661,-0.1450908076,-0.0329879228,22.1561879,nan,nan
jkt_qc100,-5.5,14.5,-0.5689663178,-0.3607899672,-0.1419261018,-0.03149067464,21.47617331,nan,nan
jkt_qc100,-5.5,15.5,-0.5507316052,-0.3394494569,-0.1386768594,-0.02999516177,20.79040428,nan,nan
jkt_qc100,-5.5,16.5,-0.5321850314,-0.3185678644,-0.1353628343,-0.02851274998,20.10372638,nan,nan
jkt_qc100,-5.5,17.5,-0.5134501906,-0.2982770186,-0.1320027497,-0.02705334827,19.41994052,nan,nan
jkt_qc100,-5.5,18.5,-0.4946505541,-0.2786992217,-0.128614137,-0.02562540373,18.74331897,nan,nan
jkt_qc100,-5.5,19.5,-0.4758962988,-0.2599212518,-0.1252132173,-0.02423593845,18.07704513,nan,nan
jkt_qc100,-5.5,20.5,-0.4572896632,-0.2420081679,-0.1218148241,-0.02289061944,17.42398746,nan,nan
jkt_qc100,-5.5,21.5,-0.4389226077,-0.2250039234,-0.1184323625,-0.02159385328,16.78657944,nan,nan
jkt_qc100,-5.5,22.5,-0.4208727878,-0.208931245,-0.1150778013,-0.02034889716,16.16654646,nan,nan
jkt_qc100,-5.5,23.5,-0.4032080487,-0.1937978817,-0.1117616942,-0.01915797965,15.56532506,nan,nan
jkt_qc100,-5.5,24.5,-0.3859862714,-0.1795987401,-0.1084932234,-0.01802242514,14.98406849,nan,nan
jkt_qc100,-5.5,25.5,-0.3692538701,-0.1663169584,-0.1052802624,-0.01694277712,14.42352264,nan,nan
jkt_qc100,-5.5,26.5,-0.3530472927,-0.153926848,-0.1021294517,-0.01591891687,13.88413805,nan,nan
jkt_qc100,-5.5,27.5,-0.3373940175,-0.1423960594,-0.09904628514,-0.01495017475,13.36612655,nan,nan
jkt_qc100,-5.5,28.5,-0.3223132742,-0.1316872974,-0.09603520147,-0.01403543239,12.86948685,nan,nan
jkt_qc100,-5.5,29.5,-0.3078171311,-0.121759983,-0.09309967909,-0.01317321492,12.39405504,nan,nan
jkt_qc100,-5,0.5,-0.7965888047,-0.8085264414,-0.1836433701,-0.05470991216,35.08542295,nan,nan
jkt_qc100,-5,1.5,-0.7949165786,-0.8043129016,-0.1832886967,-0.05447832498,34.97591566,nan,nan
jkt_qc100,-5,2.5,-0.7915770814,-0.7959773168,-0.1825829739,-0.05401941255,34.75897676,nan,nan
jkt_qc100,-5,3.5,-0.7865719513,-0.78368646,-0.1815333754,-0.05334153111,34.43773015,nan,nan
jkt_qc100,-5,4.5,-0.7799127864,-0.7676903221,-0.180150476,-0.05245680679,34.01736711,nan,nan
jkt_qc100,-5,5.5,-0.7716201871,-0.7483100266,-0.1784480349,-0.05138067573,33.50471229,nan,nan
jkt_qc100,-5,6.5,-0.7617229865,-0.7259092872,-0.1764427118,-0.05013131752,32.90712715,nan,nan
jkt_qc100,-5,7.5,-0.7502639953,-0.7008987475,-0.1741537275,-0.04872901637,32.23317935,nan,nan
jkt_qc100,-5,8.5,-0.7373056666,-0.6737179257,-0.1716024747,-0.04719548669,31.49237742,nan,nan
jkt_qc100,-5,9.5,-0.722925403,-0.6448133414,-0.1688120931,-0.04555319889,30.69431029,nan,nan
jkt_qc100,-5,10.5,-0.7072233121,-0.614635088,-0.165807021,-0.04382473808,29.8491743,nan,nan
jkt_qc100,-5,11.5,-0.6903093391,-0.5836079603,-0.1626125384,-0.04203222265,28.96626739,nan,nan
jkt_qc100,-5,12.5,-0.6723179834,-0.5521434569,-0.1592543159,-0.04019680294,28.05551637,nan,nan
jkt_qc100,-5,13.5,-0.6533905168,-0.5206115315,-0.1557579838,-0.03833825302,27.12574684,nan,nan
jkt_qc100,-5,14.5,-0.6336794792,-0.4893452318,-0.1521487344,-0.03647466102,26.18537216,nan,nan
jkt_qc100,-5,15.5,-0.6133440497,-0.4586384202,-0.1484509668,-0.03462221733,25.2423112,nan,nan
jkt_qc100,-5,16.5,-0.5925431218,-0.4287353981,-0.1446879828,-0.0327950946,24.30341748,nan,nan
jkt_qc100,-5,17.5,-0.5714293089,-0.3998207239,-0.140881738,-0.03100540927,23.37392848,nan,nan
jkt_qc100,-5,18.5,-0.5501561034,-0.3720632564,-0.1370526498,-0.02926325246,22.45967635,nan,nan
jkt_qc100,-5,19.5,-0.5288637403,-0.3455771095,-0.1332194615,-0.02757677622,21.56486251,nan,nan
jkt_qc100,-5,20.5,-0.5076836629,-0.3204430222,-0.1293991597,-0.02595232165,20.69315381,nan,nan
jkt_qc100,-5,21.5,-0.486735131,-0.296709997,-0.1256069393,-0.02439457581,19.84754274,nan,nan
jkt_qc100,-5,22.5,-0.466120062,-0.274396024,-0.1218562101,-0.02290674587,19.03002839,nan,nan
jkt_qc100,-5,23.5,-0.4459277917,-0.2534973952,-0.1181586394,-0.02149074086,18.24216598,nan,nan
jkt_qc100,-5,24.5,-0.4262346735,-0.2339922591,-0.1145242224,-0.02014735288,17.48508996,nan,nan
jkt_qc100,-5,25.5,-0.4071022732,-0.2158426686,-0.1109613741,-0.01887643188,16.75937891,nan,nan
jkt_qc100,-5,26.5,-0.3885790975,-0.1989990325,-0.1074770374,-0.01767704957,16.06521215,nan,nan
jkt_qc100,-5,27.5,-0.3707018206,-0.1834033895,-0.1040768002,-0.01654764953,15.40245325,nan,nan
jkt_qc100,-5,28.5,-0.3534962477,-0.1689919834,-0.1007650183,-0.015486182,14.77069381,nan,nan
jkt_qc100,-5,29.5,-0.3369787246,-0.1556976688,-0.09754493894,-0.01449022268,14.1693249,nan,nan
jkt_qc100,-4.5,0.5,-0.8269282027,-1.158914875,-0.2002145394,-0.06627197666,45.57087511,nan,nan
jkt_qc100,-4.5,1.5,-0.825829501,-1.152527371,-0.1998026125,-0.06596621125,45.40760133,nan,nan
jkt_qc100,-4.5,2.5,-0.8236036267,-1.139895296,-0.198983058,-0.06536076822,45.08437658,nan,nan
jkt_qc100,-4.5,3.5,-0.8201879149,-1.121280484,-0.1977643951,-0.06446756639,44.60642132,nan,nan
jkt_qc100,-4.5,4.5,-0.8155040401,-1.09707452,-0.1961592038,-0.06330385975,43.98219685,nan,nan
jkt_qc100,-4.5,5.5,-0.8094626953,-1.067780366,-0.1941838869,-0.06189153697,43.22276405,nan,nan
jkt_qc100,-4.5,6.5,-0.8019747614,-1.033967908,-0.1918583529,-0.06025626273,42.34011671,nan,nan
jkt_qc100,-4.5,7.5,-0.792959976,-0.9962802582,-0.1892056267,-0.05842651621,41.34811337,nan,nan
jkt_qc100,-4.5,8.5,-0.7823634135,-0.9554044332,-0.186251393,-0.05643258487,40.26195711,nan,nan
jkt_qc100,-4.5,9.5,-0.7701568799,-0.91203747,-0.1830234857,-0.05430556998,39.0969363,nan,nan
jkt_qc100,-4.5,10.5,-0.7563518265,-0.8668793668,-0.1795513389,-0.05207645414,37.86906071,nan,nan
jkt_qc100,-4.5,11.5,-0.7409894462,-0.8205890782,-0.1758654167,-0.04977527144,36.59293704,nan,nan
jkt_qc100,-4.5,12.5,-0.7241573024,-0.7738004028,-0.1719966445,-0.04743040925,35.28378968,nan,nan
jkt_qc100,-4.5,13.5,-0.7059708169,-0.7270797116,-0.167975859,-0.04506805848,33.95507166,nan,nan
jkt_qc100,-4.5,14.5,-0.686576444,-0.6809320083,-0.1638332994,-0.04271181754,32.61937666,nan,nan
jkt_qc100,-4.5,15.5,-0.6661439089,-0.6357977827,-0.1595981519,-0.04038244477,31.28834655,nan,nan
jkt_qc100,-4.5,16.5,-0.6448571839,-0.5920374837,-0.1552981621,-0.03809774661,29.9718583,nan,nan
jkt_qc100,-4.5,17.5,-0.6229062938,-0.5499162942,-0.1509593218,-0.03587258297,28.67722326,nan,nan
jkt_qc100,-4.5,18.5,-0.6004853737,-0.5096732265,-0.1466056315,-0.03371896823,27.41248551,nan,nan
jkt_qc100,-4.5,19.5,-0.5777811411,-0.4714615246,-0.1422589405,-0.0316462456,26.18318345,nan,nan
jkt_qc100,-4.5,20.5,-0.5549729145,-0.4353821944,-0.1379388558,-0.02966131291,24.99394962,nan,nan
jkt_qc100,-4.5,21.5,-0.5322270106,-0.4014875222,-0.1336627166,-0.02776888049,23.84835622,nan,nan
jkt_qc100,-4.5,22.5,-0.5096894725,-0.3697834495,-0.1294456225,-0.02597174401,22.74854954,nan,nan
jkt_qc100,-4.5,23.5,-0.4874902504,-0.3402437906,-0.1253005066,-0.02427105887,21.69599394,nan,nan
jkt_qc100,-4.5,24.5,-0.4657420571,-0.3128161854,-0.1212382442,-0.0226666054,20.69153011,nan,nan
jkt_qc100,-4.5,25.5,-0.4445379473,-0.2874258386,-0.1172677868,-0.02115703756,19.7352357,nan,nan
jkt_qc100,-4.5,26.5,-0.4239530965,-0.2639823947,-0.1133963139,-0.01974010997,18.82665143,nan,nan
jkt_qc100,-4.5,27.5,-0.4040462156,-0.2423849811,-0.1096293935,-0.01841288078,17.96490733,nan,nan
jkt_qc100,-4.5,28.5,-0.3848608022,-0.2225261382,-0.105971147,-0.01717188909,17.14879593,nan,nan
jkt_qc100,-4.5,29.5,-0.366426977,-0.2042953689,-0.1024244123,-0.01601330751,16.37687514,nan,nan
jkt_qc100,-4,0.5,-0.7117613792,-1.672294847,-0.2194777917,-0.08172595214,60.22236025,nan,nan
jkt_qc100,-4,1.5,-0.7127976977,-1.662787097,-0.2189989473,-0.081312724,59.97441211,nan,nan
jkt_qc100,-4,2.5,-0.7147481284,-1.643980856,-0.2180461934,-0.08049519123,59.48394508,nan,nan
jkt_qc100,-4,3.5,-0.717371808,-1.616260381,-0.2166293377,-0.07929079782,58.75979081,nan,nan
jkt_qc100,-4,4.5,-0.7203379974,-1.580202563,-0.2147629286,-0.07772473165,57.81597557,nan,nan
jkt_qc100,-4,5.5,-0.7232462237,-1.536552098,-0.2124660469,-0.07582883059,56.67073286,nan,nan
jkt_qc100,-4,6.5,-0.7256703525,-1.486157699,-0.2097620064,-0.07364024839,55.34392834,nan,nan
jkt_qc100,-4,7.5,-0.7271732537,-1.429983041,-0.2066779601,-0.0711999703,53.85834175,nan,nan
jkt_qc100,-4,8.5,-0.7273513231,-1.369063683,-0.2032444072,-0.06855127359,52.23869716,nan,nan
jkt_qc100,-4,9.5,-0.7258541246,-1.304456601,-0.1994946093,-0.06573822362,50.50976368,nan,nan
jkt_qc100,-4,10.5,-0.7224093414,-1.237227993,-0.195463932,-0.06280428513,48.69709851,nan,nan
jkt_qc100,-4,11.5,-0.7168252518,-1.168386241,-0.1911891358,-0.05979111137,46.82397703,nan,nan
jkt_qc100,-4,12.5,-0.7090085031,-1.09890228,-0.1867076461,-0.0567375537,44.91409937,nan,nan
jkt_qc100,-4,13.5,-0.6989493721,-1.029644904,-0.1820568333,-0.05367891327,42.98822666,nan,nan
jkt_qc100,-4,14.5,-0.6867203209,-0.9613871967,-0.1772733365,-0.05064643719,41.06541004,nan,nan
jkt_qc100,-4,15.5,-0.6724612543,-0.8948005679,-0.1723924545,-0.04766704532,39.16289666,nan,nan
jkt_qc100,-4,16.5,-0.6563673184,-0.8304302591,-0.1674476268,-0.04476326135,37.29496763,nan,nan
jkt_qc100,-4,17.5,-0.6386772064,-0.768671507,-0.1624700167,-0.04195331449,35.47178722,nan,nan
jkt_qc100,-4,18.5,-0.6196428097,-0.7098757789,-0.1574882023,-0.03925137434,33.70435975,nan,nan
jkt_qc100,-4,19.5,-0.5995305605,-0.6542601441,-0.1525279741,-0.03666788144,31.99980106,nan,nan
jkt_qc100,-4,20.5,-0.5786075641,-0.6019590313,-0.1476122311,-0.03420993913,30.36370995,nan,nan
jkt_qc100,-4,21.5,-0.5571309962,-0.5530308075,-0.1427609658,-0.03188173634,28.80002022,nan,nan
jkt_qc100,-4,22.5,-0.5353364251,-0.5074630179,-0.1379913236,-0.02968497683,27.31060463,nan,nan
jkt_qc100,-4,23.5,-0.5134390051,-0.4651942737,-0.1333177208,-0.02761929587,25.89630584,nan,nan
jkt_qc100,-4,24.5,-0.4916303,-0.426124173,-0.1287520086,-0.02568265062,24.55706117,nan,nan
jkt_qc100,-4,25.5,-0.4700744755,-0.3901199422,-0.1243036679,-0.02387167552,23.29177675,nan,nan
jkt_qc100,-4,26.5,-0.4489095326,-0.357027209,-0.1199800225,-0.02218199778,22.09865935,nan,nan
jkt_qc100,-4,27.5,-0.4282486887,-0.3266779093,-0.1157864623,-0.02060851123,20.97540841,nan,nan
jkt_qc100,-4,28.5,-0.4081819216,-0.2988964046,-0.1117266653,-0.01914560912,19.91933476,nan,nan
jkt_qc100,-4,29.5,-0.3887783723,-0.2735048424,-0.1078028149,-0.0177873782,18.92750822,nan,nan
jkt_qc100,-3.5,0.5,-0.2353277751,-2.310307156,-0.2418088706,-0.1028990055,78.09034162,nan,nan
jkt_qc100,-3.5,1.5,-0.2420607071,-2.297624076,-0.2412561695,-0.102325961,77.72346228,nan,nan
jkt_qc100,-3.5,2.5,-0.2551823074,-2.272491628,-0.2401559521,-0.1011932975,76.99829083,nan,nan
jkt_qc100,-3.5,3.5,-0.2740311249,-2.235336922,-0.238518605,-0.09952722105,75.9291578,nan,nan
jkt_qc100,-3.5,4.5,-0.2976755819,-2.186819328,-0.2363597297,-0.09736547747,74.53849746,nan,nan
jkt_qc100,-3.5,5.5,-0.3249689951,-2.127812057,-0.2337001129,-0.09475560851,72.85533507,nan,nan
jkt_qc100,-3.5,6.5,-0.3546703283,-2.059337783,-0.230565608,-0.09175283175,70.91146907,nan,nan
jkt_qc100,-3.5,7.5,-0.385469937,-1.982594018,-0.2269868847,-0.08841769438,68.74310117,nan,nan
jkt_qc100,-3.5,8.5,-0.4160987377,-1.898910852,-0.2229990165,-0.08481365768,66.38919981,nan,nan
jkt_qc100,-3.5,9.5,-0.4453934452,-1.809688167,-0.2186408946,-0.08100476234,63.88866853,nan,nan
jkt_qc100,-3.5,10.5,-0.4723491393,-1.716381266,-0.2139544787,-0.07705350467,61.28114196,nan,nan
jkt_qc100,-3.5,11.5,-0.4961572629,-1.620404431,-0.208983919,-0.07301902379,58.60260487,nan,nan
jkt_qc100,-3.5,12.5,-0.5162234316,-1.523153195,-0.2037745958,-0.06895566465,55.88893422,nan,nan
jkt_qc100,-3.5,13.5,-0.5321691662,-1.425904679,-0.1983721332,-0.06491194512,53.17123336,nan,nan
jkt_qc100,-3.5,14.5,-0.5438194401,-1.32981696,-0.1928214453,-0.06092992209,50.47745779,nan,nan
jkt_qc100,-3.5,15.5,-0.551173468,-1.235911644,-0.1871658644,-0.05704492447,47.83233571,nan,nan
jkt_qc100,-3.5,16.5,-0.5543880113,-1.145031624,-0.181446392,-0.05328560121,45.25576781,nan,nan
jkt_qc100,-3.5,17.5,-0.5537601375,-1.057800584,-0.1757010977,-0.04967422204,42.76126607,nan,nan
jkt_qc100,-3.5,18.5,-0.5496238735,-0.974770351,-0.1699646783,-0.04622716446,40.36312512,nan,nan
jkt_qc100,-3.5,19.5,-0.5423888442,-0.8962905754,-0.1642681761,-0.04295552397,38.06980582,nan,nan
jkt_qc100,-3.5,20.5,-0.5324905676,-0.8225814218,-0.1586388448,-0.03986579091,35.88735363,nan,nan
jkt_qc100,-3.5,21.5,-0.520368505,-0.753743638,-0.1531001449,-0.03696054728,33.8193085,nan,nan
jkt_qc100,-3.5,22.5,-0.5064447952,-0.6897676831,-0.1476718462,-0.03423914711,31.86633181,nan,nan
jkt_qc100,-3.5,23.5,-0.4911165534,-0.630566413,-0.1423702139,-0.0316983546,30.02761887,nan,nan
jkt_qc100,-3.5,24.5,-0.4747475797,-0.5759911051,-0.1372082542,-0.02933292281,28.30113526,nan,nan
jkt_qc100,-3.5,25.5,-0.4576613206,-0.5258428807,-0.1321959995,-0.02713610416,26.68353861,nan,nan
jkt_qc100,-3.5,26.5,-0.440139975,-0.4798895903,-0.1273408144,-0.02510008925,25.17065362,nan,nan
jkt_qc100,-3.5,27.5,-0.4224251626,-0.4378783707,-0.1226477069,-0.02321637555,23.75775333,nan,nan
jkt_qc100,-3.5,28.5,-0.4047196153,-0.3995453998,-0.1181196356,-0.02147607016,22.43973835,nan,nan
jkt_qc100,-3.5,29.5,-0.3871903138,-0.3646242634,-0.1137578017,-0.01987013284,21.21133866,nan,nan
jkt_qc100,-3,0.5,0.8481474902,-2.726783394,-0.2672994807,-0.1326948236,91.56729269,nan,nan
jkt_qc100,-3,1.5,0.8304257598,-2.715250853,-0.2666777089,-0.1318782024,91.0891189,nan,nan
jkt_qc100,-3,2.5,0.7956951484,-2.692189755,-0.2654382345,-0.1302656139,90.14439153,nan,nan
jkt_qc100,-3,3.5,0.7453167347,-2.657590232,-0.2635894681,-0.1278973312,88.75276272,nan,nan
jkt_qc100,-3,4.5,0.6812396822,-2.611531787,-0.2611446407,-0.1248312546,86.94486689,nan,nan
jkt_qc100,-3,5.5,0.6058995793,-2.554226432,-0.2581223746,-0.1211401083,84.76027235,nan,nan
jkt_qc100,-3,6.5,0.5219765981,-2.486051667,-0.2545472017,-0.1169080306,82.24276395,nan,nan
jkt_qc100,-3,7.5,0.4323615737,-2.407619884,-0.250449887,-0.1122268011,79.44198055,nan,nan
jkt_qc100,-3,8.5,0.3399388623,-2.319814477,-0.2458674442,-0.107191968,76.41127998,nan,nan
jkt_qc100,-3,9.5,0.2474350144,-2.22375755,-0.2408427775,-0.1018991264,73.20395806,nan,nan
jkt_qc100,-3,10.5,0.1573117512,-2.120816269,-0.2354239398,-0.09644057048,69.87398388,nan,nan
jkt_qc100,-3,11.5,0.07164721391,-2.012489201,-0.2296630563,-0.09090248908,66.4703108,nan,nan
jkt_qc100,-3,12.5,-0.007888805745,-1.900418507,-0.2236149991,-0.08536281128,63.04106549,nan,nan
jkt_qc100,-3,13.5,-0.08008513584,-1.786241066,-0.2173359299,-0.07988974352,59.62762234,nan,nan
jkt_qc100,-3,14.5,-0.1441643988,-1.671553295,-0.2108818266,-0.07454097831,56.26652674,nan,nan
jkt_qc100,-3,15.5,-0.1997345762,-1.557852895,-0.2043071043,-0.06936350645,52.98941053,nan,nan
jkt_qc100,-3,16.5,-0.2467710876,-1.446457488,-0.197663414,-0.0643939314,49.82102241,nan,nan
jkt_qc100,-3,17.5,-0.2855942927,-1.338427884,-0.1909986747,-0.05965916797,46.7773942,nan,nan
jkt_qc100,-3,18.5,-0.3166192854,-1.234714025,-0.184356366,-0.05517740546,43.87488065,nan,nan
jkt_qc100,-3,19.5,-0.3404728639,-1.135996693,-0.1777750801,-0.05095922424,41.12211901,nan,nan
jkt_qc100,-3,20.5,-0.3578702679,-1.042762804,-0.171288314,-0.04700877158,38.52438124,nan,nan
jkt_qc100,-3,21.5,-0.3695699978,-0.9553145085,-0.1649244685,-0.04332492254,36.08361009,nan,nan
jkt_qc100,-3,22.5,-0.3763329639,-0.8737803543,-0.1587070135,-0.03990237197,33.79815931,nan,nan
jkt_qc100,-3,23.5,-0.3788944066,-0.7981592307,-0.1526547788,-0.03673262294,31.66456432,nan,nan
jkt_qc100,-3,24.5,-0.3779441478,-0.7283443219,-0.1467823303,-0.0338048526,29.67791591,nan,nan
jkt_qc100,-3,25.5,-0.3741123299,-0.6641418027,-0.1411003969,-0.03110664897,27.83186679,nan,nan
jkt_qc100,-3,26.5,-0.3679629495,-0.6052966954,-0.1356163204,-0.02862462143,26.11924235,nan,nan
jkt_qc100,-3,27.5,-0.3599920986,-0.5515129061,-0.1303345045,-0.02634489333,24.53240478,nan,nan
jkt_qc100,-3,28.5,-0.3506291624,-0.5024692114,-0.1252568474,-0.02425348924,23.06348626,nan,nan
jkt_qc100,-3,29.5,-0.3402406763,-0.4578329224,-0.1203831469,-0.02233663039,21.7046304,nan,nan
jkt_qc100,-2.5,0.5,2.285168191,-2.244117816,-0.2950747249,-0.175762939,86.96092109,nan,nan
jkt_qc100,-2.5,1.5,2.256216855,-2.245689951,-0.2944250763,-0.1745691821,86.49361944,nan,nan
jkt_qc100,-2.5,2.5,2.199172655,-2.24805467,-0.293124728,-0.1722137006,85.56963875,nan,nan
jkt_qc100,-2.5,3.5,2.115686647,-2.249713282,-0.2911725682,-0.1687589723,84.20670126,nan,nan
jkt_qc100,-2.5,4.5,2.008217315,-2.248677281,-0.2885692288,-0.1642948429,82.43310836,nan,nan
jkt_qc100,-2.5,5.5,1.879970792,-2.242670092,-0.285319383,-0.1589341488,80.2857692,nan,nan
jkt_qc100,-2.5,6.5,1.734644831,-2.229460604,-0.2814341359,-0.1528073243,77.8067157,nan,nan
jkt_qc100,-2.5,7.5,1.576443795,-2.207026063,-0.2769330998,-0.1460563583,75.04395807,nan,nan
jkt_qc100,-2.5,8.5,1.40981211,-2.173844345,-0.2718458105,-0.1388285182,72.05019952,nan,nan
jkt_qc100,-2.5,9.5,1.239198432,-2.129010208,-0.2662122651,-0.1312702737,68.87898231,nan,nan
jkt_qc100,-2.5,10.5,1.068874073,-2.072334859,-0.2600825067,-0.1235218199,65.58537351,nan,nan
jkt_qc100,-2.5,11.5,0.9026740806,-2.004281412,-0.253515331,-0.1157125221,62.21994761,nan,nan
jkt_qc100,-2.5,12.5,0.7439164849,-1.925955246,-0.2465763013,-0.1079574916,58.83284034,nan,nan
jkt_qc100,-2.5,13.5,0.5952296965,-1.838906237,-0.2393353305,-0.1003553772,55.46741212,nan,nan
jkt_qc100,-2.5,14.5,0.4585427267,-1.745004991,-0.2318641061,-0.09298733667,52.16197078,nan,nan
jkt_qc100,-2.5,15.5,0.3351167744,-1.646281867,-0.22423361,-0.08591705338,48.9494835,nan,nan
jkt_qc100,-2.5,16.5,0.2255344997,-1.544764514,-0.2165119282,-0.07919159948,45.85553537,nan,nan
jkt_qc100,-2.5,17.5,0.1297090445,-1.442324055,-0.2087624792,-0.0728429161,42.8966001,nan,nan
jkt_qc100,-2.5,18.5,0.04732813735,-1.340683032,-0.2010427189,-0.06688968268,40.08853983,nan,nan
jkt_qc100,-2.5,19.5,-0.02236893819,-1.241279756,-0.1934033222,-0.06133937173,37.4392642,nan,nan
jkt_qc100,-2.5,20.5,-0.08036312937,-1.145283742,-0.1858877988,-0.05619032296,34.95296322,nan,nan
jkt_qc100,-2.5,21.5,-0.1277714245,-1.053587587,-0.1785324744,-0.05143371436,32.6302467,nan,nan
jkt_qc100,-2.5,22.5,-0.1657714256,-0.9668109315,-0.1713667565,-0.04705534896,30.46801927,nan,nan
jkt_qc100,-2.5,23.5,-0.195536881,-0.8853492043,-0.1644136052,-0.04303721251,28.461324,nan,nan
jkt_qc100,-2.5,24.5,-0.218195637,-0.8094056539,-0.1576901339,-0.0393587856,26.60378842,nan,nan
jkt_qc100,-2.5,25.5,-0.2348003277,-0.7390202753,-0.1512082808,-0.03599811456,24.88770401,nan,nan
jkt_qc100,-2.5,26.5,-0.2463100486,-0.6741081517,-0.1449754999,-0.03293265884,23.30467029,nan,nan
jkt_qc100,-2.5,27.5,-0.2535822931,-0.6144914217,-0.1389954385,-0.03013994043,21.84597859,nan,nan
jkt_qc100,-2.5,28.5,-0.2573714503,-0.559926048,-0.1332685739,-0.02759802394,20.50285531,nan,nan
jkt_qc100,-2.5,29.5,-0.2583323042,-0.5101249893,-0.1277927959,-0.02528585608,19.26669968,nan,nan
jkt_qc100,-2,0.5,3.092070877,-0.7386369075,-0.3214717123,-0.239323504,62.92179858,nan,nan
jkt_qc100,-2,1.5,3.066743546,-0.7640839794,-0.3209362213,-0.2375527057,62.65229861,nan,nan
jkt_qc100,-2,2.5,3.015999908,-0.8132420293,-0.3198483702,-0.2340590898,62.11615579,nan,nan
jkt_qc100,-2,3.5,2.939726428,-0.8827508334,-0.3181772566,-0.2289366405,61.31673953,nan,nan
jkt_qc100,-2,4.5,2.838101222,-0.9678856867,-0.3158831834,-0.2223213876,60.26192897,nan,nan
jkt_qc100,-2,5.5,2.711854878,-1.062845986,-0.3129245069,-0.2143855153,58.96321728,nan,nan
jkt_qc100,-2,6.5,2.562453395,-1.161414526,-0.3092650684,-0.2053297017,57.43653278,nan,nan
jkt_qc100,-2,7.5,2.392338255,-1.257184421,-0.3048811271,-0.1953740413,55.70164011,nan,nan
jkt_qc100,-2,8.5,2.204952811,-1.344232417,-0.2997668366,-0.1847481111,53.78392614,nan,nan
jkt_qc100,-2,9.5,2.004585094,-1.417540932,-0.2939375914,-0.1736809007,51.71206314,nan,nan
jkt_qc100,-2,10.5,1.79616575,-1.473348171,-0.2874309467,-0.1623913976,49.51912361,nan,nan
jkt_qc100,-2,11.5,1.584838217,-1.509314175,-0.2803052091,-0.1510805515,47.23781252,nan,nan
jkt_qc100,-2,12.5,1.375696813,-1.524579015,-0.2726361195,-0.1399251618,44.90368586,nan,nan
jkt_qc100,-2,13.5,1.173342438,-1.519604102,-0.2645122617,-0.129073972,42.54951081,nan,nan
jkt_qc100,-2,14.5,0.9816668102,-1.495951999,-0.2560298903,-0.1186459772,40.20614822,nan,nan
jkt_qc100,-2,15.5,0.8037157949,-1.455974238,-0.2472878189,-0.108730714,37.9016355,nan,nan
jkt_qc100,-2,16.5,0.6415427652,-1.402520945,-0.238382863,-0.09939013441,35.65924105,nan,nan
jkt_qc100,-2,17.5,0.4961271846,-1.338648155,-0.2294061502,-0.09066159192,33.49599675,nan,nan
jkt_qc100,-2,18.5,0.3679401646,-1.267288953,-0.220440436,-0.08256146922,31.42734612,nan,nan
jkt_qc100,-2,19.5,0.2566408131,-1.191188083,-0.2115584153,-0.07508903642,29.46292166,nan,nan
jkt_qc100,-2,20.5,0.1614004179,-1.112757951,-0.2028219199,-0.06823022028,27.60914033,nan,nan
jkt_qc100,-2,21.5,0.08104423322,-1.034017966,-0.1942818393,-0.06196106368,25.86921971,nan,nan
jkt_qc100,-2,22.5,0.01418433417,-0.9565695267,-0.1859785803,-0.05625074644,24.24301016,nan,nan
jkt_qc100,-2,23.5,-0.04065717565,-0.8816360123,-0.1779428929,-0.05106411301,22.72855,nan,nan
jkt_qc100,-2,24.5,-0.08496373602,-0.8101005115,-0.1701969112,-0.04636370706,21.32244721,nan,nan
jkt_qc100,-2,25.5,-0.1201634552,-0.7425482001,-0.16275529,-0.04211134866,20.01995861,nan,nan
jkt_qc100,-2,26.5,-0.1475864155,-0.6793224417,-0.1556263487,-0.03826930971,18.81555985,nan,nan
jkt_qc100,-2,27.5,-0.1684412285,-0.6205756647,-0.1488131615,-0.03480115097,17.70329491,nan,nan
jkt_qc100,-2,28.5,-0.183804576,-0.5663141486,-0.1423145567,-0.03167228429,16.67700354,nan,nan
jkt_qc100,-2,29.5,-0.1946203027,-0.5164374197,-0.1361260048,-0.02885031881,15.73054226,nan,nan
jkt_qc100,-1.5,0.5,2.606788091,0.8962350928,-0.3355606459,-0.333002763,33.99937683,nan,nan
jkt_qc100,-1.5,1.5,2.609000618,0.8570291302,-0.3355310831,-0.330429216,34.00625718,nan,nan
jkt_qc100,-1.5,2.5,2.611337556,0.7796751436,-0.3354145677,-0.3253426646,34.01397105,nan,nan
jkt_qc100,-1.5,3.5,2.609820164,0.6663964204,-0.3351029923,-0.3178638393,34.00926569,nan,nan
jkt_qc100,-1.5,4.5,2.599180845,0.5208246584,-0.3344501184,-0.3081723218,33.97524162,nan,nan
jkt_qc100,-1.5,5.5,2.573499341,0.3482365023,-0.3332885963,-0.2965031975,33.89106656,nan,nan
jkt_qc100,-1.5,6.5,2.527223281,0.1553446651,-0.3314493244,-0.283140654,33.73720513,nan,nan
jkt_qc100,-1.5,7.5,2.45579892,-0.04960758902,-0.32878067,-0.2684078964,33.49297804,nan,nan
jkt_qc100,-1.5,8.5,2.356578221,-0.2574884631,-0.3251650591,-0.2526534959,33.14200813,nan,nan
jkt_qc100,-1.5,9.5,2.229228745,-0.4589781777,-0.32053086,-0.2362351388,32.67245285,nan,nan
jkt_qc100,-1.5,10.5,2.075896029,-0.6453788303,-0.3148583034,-0.2195024337,32.07950151,nan,nan
jkt_qc100,-1.5,11.5,1.900850534,-0.8094113284,-0.3081792155,-0.2027807438,31.36335957,nan,nan
jkt_qc100,-1.5,12.5,1.710041524,-0.9457815646,-0.3005713461,-0.1863578494,30.53227831,nan,nan
jkt_qc100,-1.5,13.5,1.510242703,-1.051487141,-0.2921488096,-0.1704746998,29.59866049,nan,nan
jkt_qc100,-1.5,14.5,1.308340043,-1.125793071,-0.283050492,-0.1553207564,28.57927057,nan,nan
jkt_qc100,-1.5,15.5,1.110699131,-1.169919338,-0.273428204,-0.1410336931,27.49358684,nan,nan
jkt_qc100,-1.5,16.5,0.9226075048,-1.186669273,-0.2634359822,-0.1277026669,26.36193161,nan,nan
jkt_qc100,-1.5,17.5,0.7478736704,-1.179953649,-0.2532214276,-0.1153740829,25.20403486,nan,nan
jkt_qc100,-1.5,18.5,0.5892706593,-1.153912674,-0.2429194495,-0.1040587395,24.03780808,nan,nan
jkt_qc100,-1.5,19.5,0.4481795157,-1.112885224,-0.2326483761,-0.09373938554,22.8791111,nan,nan
jkt_qc100,-1.5,20.5,0.3249478436,-1.060957029,-0.2225081184,-0.08437795908,21.74168691,nan,nan
jkt_qc100,-1.5,21.5,0.2191098979,-1.001757929,-0.2125799455,-0.07592204026,20.63665383,nan,nan
jkt_qc100,-1.5,22.5,0.1296168549,-0.9383452916,-0.2029274034,-0.06831027983,19.57195465,nan,nan
jkt_qc100,-1.5,23.5,0.05506407939,-0.8731978338,-0.1935979554,-0.06147674157,18.55343453,nan,nan
jkt_qc100,-1.5,24.5,-0.006138095859,-0.8082418198,-0.1846250003,-0.05535421498,17.58503573,nan,nan
jkt_qc100,-1.5,25.5,-0.05563427397,-0.7449028543,-0.1760300119,-0.04987662124,16.66879947,nan,nan
jkt_qc100,-1.5,26.5,-0.09502756016,-0.6841839132,-0.1678246261,-0.04498066428,15.80535613,nan,nan
jkt_qc100,-1.5,27.5,-0.1258189352,-0.6267434747,-0.1600125664,-0.04060688087,14.99426428,nan,nan
jkt_qc100,-1.5,28.5,-0.149372489,-0.5729680369,-0.1525913519,-0.03670023119,14.23426244,nan,nan
jkt_qc100,-1.5,29.5,-0.1668998872,-0.5230372546,-0.1455537665,-0.03321035132,13.52352685,nan,nan
jkt_qc100,-1,0.5,1.257588697,1.536311415,-0.3107190478,-0.4623033129,12.70433318,nan,nan
jkt_qc100,-1,1.5,1.287058838,1.517738186,-0.3120511966,-0.4589868014,12.8554328,nan,nan
jkt_qc100,-1,2.5,1.344192963,1.478784143,-0.314582356,-0.4523843453,13.15374722,nan,nan
jkt_qc100,-1,3.5,1.425186052,1.416141611,-0.3180559387,-0.4425656103,13.59019376,nan,nan
jkt_qc100,-1,4.5,1.524072106,1.325808572,-0.3221114625,-0.4296541873,14.15100974,nan,nan
jkt_qc100,-1,5.5,1.632518132,1.20407978,-0.3263138116,-0.4138445816,14.81531084,nan,nan
jkt_qc100,-1,6.5,1.740407982,1.048795739,-0.3301909178,-0.3954160877,15.55879727,nan,nan
jkt_qc100,-1,7.5,1.836136404,0.860430079,-0.333276792,-0.3747383149,16.34870951,nan,nan
jkt_qc100,-1,8.5,1.908097682,0.642955041,-0.3351549584,-0.352264602,17.14847195,nan,nan
jkt_qc100,-1,9.5,1.946157998,0.4039781525,-0.3354962332,-0.328512304,17.91892293,nan,nan
jkt_qc100,-1,10.5,1.943202222,0.1541646816,-0.3340851372,-0.3040322182,18.62205411,nan,nan
jkt_qc100,-1,11.5,1.896145768,-0.09411890169,-0.3308312171,-0.279372196,19.22273769,nan,nan
jkt_qc100,-1,12.5,1.806403256,-0.3284185519,-0.3257646284,-0.2550413007,19.69374244,nan,nan
jkt_qc100,-1,13.5,1.679359893,-0.5379036713,-0.3190184721,-0.2314803421,20.01590748,nan,nan
jkt_qc100,-1,14.5,1.523346147,-0.7145767822,-0.3108025748,-0.2090426085,20.1800637,nan,nan
jkt_qc100,-1,15.5,1.348255611,-0.8538318063,-0.3013741173,-0.1879859799,20.18642402,nan,nan
jkt_qc100,-1,16.5,1.164112599,-0.9545810998,-0.2910098446,-0.1684752558,20.04395827,nan,nan
jkt_qc100,-1,17.5,0.9797865489,-1.018870367,-0.2799830751,-0.1505920444,19.76955016,nan,nan
jkt_qc100,-1,18.5,0.802663438,-1.050330595,-0.2685469962,-0.1343490717,19.38025896,nan,nan
jkt_qc100,-1,19.5,0.6380654105,-1.054065666,-0.2569243005,-0.1197060586,18.89704709,nan,nan
jkt_qc100,-1,20.5,0.4893828441,-1.035631645,-0.2453022791,-0.106585029,18.34143539,nan,nan
jkt_qc100,-1,21.5,0.3583063847,-1.00045729,-0.2338320661,-0.09488373348,17.7338553,nan,nan
jkt_qc100,-1,22.5,0.2451709151,-0.9534452929,-0.2226306858,-0.08448658357,17.09216219,nan,nan
jkt_qc100,-1,23.5,0.1493495895,-0.89878637,-0.2117847312,-0.07527300954,16.43194743,nan,nan
jkt_qc100,-1,24.5,0.06958719639,-0.8398919143,-0.20135478,-0.06712346802,15.76629801,nan,nan
jkt_qc100,-1,25.5,0.004272505628,-0.7794122016,-0.191379927,-0.05992347863,15.10555555,nan,nan
jkt_qc100,-1,26.5,-0.04834961725,-0.7193205293,-0.1818820501,-0.05356610803,14.45768594,nan,nan
jkt_qc100,-1,27.5,-0.0900330246,-0.6610188787,-0.1728696041,-0.04795329334,13.82860884,nan,nan
jkt_qc100,-1,28.5,-0.1224372822,-0.605446604,-0.1643408612,-0.0429963398,13.22250115,nan,nan
jkt_qc100,-1,29.5,-0.1470746018,-0.5531829686,-0.1562865947,-0.03861585958,12.64213939,nan,nan
jkt_qc100,-0.5,0.5,0.3237514977,1.103153278,-0.2028871194,-0.6028612422,3.266797597,nan,nan
jkt_qc100,-0.5,1.5,0.3439401558,1.11152378,-0.2065843673,-0.600014111,3.361807798,nan,nan
jkt_qc100,-0.5,2.5,0.3853720949,1.126728533,-0.2138066812,-0.5942096843,3.55575317,nan,nan
jkt_qc100,-0.5,3.5,0.4498731454,1.145452335,-0.2242052113,-0.5852493905,3.85566549,nan,nan
jkt_qc100,-0.5,4.5,0.539401613,1.16239253,-0.2372498468,-0.5728889275,4.270888333,nan,nan
jkt_qc100,-0.5,5.5,0.655028044,1.169975895,-0.2522324578,-0.5568990206,4.81034954,nan,nan
jkt_qc100,-0.5,6.5,0.7957182202,1.15889389,-0.2682875302,-0.5371376828,5.481912498,nan,nan
jkt_qc100,-0.5,7.5,0.9568876152,1.118671875,-0.284438091,-0.5136224639,6.286563828,nan,nan
jkt_qc100,-0.5,8.5,1.129546952,1.039651593,-0.2996690493,-0.4865870289,7.216715413,nan,nan
jkt_qc100,-0.5,9.5,1.300345563,0.9152704256,-0.3130210083,-0.4565059424,8.25321484,nan,nan
jkt_qc100,-0.5,10.5,1.453033816,0.7443758486,-0.3236883384,-0.4240769656,9.364927372,nan,nan
jkt_qc100,-0.5,11.5,1.571111309,0.5324861483,-0.3311003035,-0.3901610296,10.50945311,nan,nan
jkt_qc100,-0.5,12.5,1.641094525,0.2916317216,-0.3349666327,-0.3556924775,11.63808152,nan,nan
jkt_qc100,-0.5,13.5,1.655162301,0.03831123238,-0.3352787272,-0.3215806419,12.70018824,nan,nan
jkt_qc100,-0.5,14.5,1.612498816,-0.2095048053,-0.3322704067,-0.2886245754,13.64965749,nan,nan
jkt_qc100,-0.5,15.5,1.518903463,-0.4354486338,-0.3263520855,-0.257456089,14.44929132,nan,nan
jkt_qc100,-0.5,16.5,1.38511217,-0.6273392168,-0.3180359962,-0.2285160662,15.07558957,nan,nan
jkt_qc100,-0.5,17.5,1.224243554,-0.7786008149,-0.3078676286,-0.2020599328,15.52231213,nan,nan
jkt_qc100,-0.5,18.5,1.049423456,-0.8869852003,-0.2963726232,-0.1781830229,15.78808202,nan,nan
jkt_qc100,-0.5,19.5,0.8722782024,-0.9546660157,-0.2840221046,-0.156855657,15.88506388,nan,nan
jkt_qc100,-0.5,20.5,0.701906219,-0.9865468193,-0.2712148753,-0.1379596614,15.83260613,nan,nan
jkt_qc100,-0.5,21.5,0.5445958793,-0.988944312,-0.2582725743,-0.1213210414,15.65389901,nan,nan
jkt_qc100,-0.5,22.5,0.4040303994,-0.9684978512,-0.2454434101,-0.1067363101,15.37275074,nan,nan
jkt_qc100,-0.5,23.5,0.2817955105,-0.9314504564,-0.2329106624,-0.09399198661,15.01237454,nan,nan
jkt_qc100,-0.5,24.5,0.177930033,-0.8832339848,-0.2208031361,-0.0828779387,14.59404587,nan,nan
jkt_qc100,-0.5,25.5,0.09143967793,-0.8282936707,-0.2092057453,-0.07319574479,14.13611018,nan,nan
jkt_qc100,-0.5,26.5,0.02073048597,-0.770091739,-0.1981692006,-0.06476332785,13.65389763,nan,nan
jkt_qc100,-0.5,27.5,-0.03607097607,-0.7112042988,-0.1877183346,-0.05741697434,13.15983447,nan,nan
jkt_qc100,-0.5,28.5,-0.08089716412,-0.6534595279,-0.1778589511,-0.0510116293,12.66368141,nan,nan
jkt_qc100,-0.5,29.5,-0.1156000897,-0.5980862042,-0.1685832792,-0.04542013263,12.1729065,nan,nan
jkt_qc100,0,0.5,0.1228448164,0.6245540009,-0.0006509100247,-0.6711403083,0.8994933406,nan,nan
jkt_qc100,0,1.5,0.1275211501,0.6331274038,-0.005857749429,-0.671089809,0.9261008018,nan,nan
jkt_qc100,0,2.5,0.1376539819,0.650467718,-0.01626320497,-0.6707466151,0.9819874194,nan,nan
jkt_qc100,0,3.5,0.1549229976,0.6768183628,-0.03182275162,-0.6696286274,1.072692348,nan,nan
jkt_qc100,0,4.5,0.1820515637,0.7122196957,-0.05240037671,-0.6670244496,1.207145411,nan,nan
jkt_qc100,0,5.5,0.2230192119,0.7559242398,-0.07769026386,-0.662023779,1.398026743,nan,nan
jkt_qc100,0,6.5,0.2828735486,0.805698771,-0.1071259469,-0.6535823748,1.662315714,nan,nan
jkt_qc100,0,7.5,0.3673495931,0.8565821081,-0.1397978585,-0.6406345597,2.020389224,nan,nan
jkt_qc100,0,8.5,0.4814145818,0.9000082148,-0.174411136,-0.6222554813,2.494545212,nan,nan
jkt_qc100,0,9.5,0.6269695107,0.9235090345,-0.2093197327,-0.5978542659,3.105238291,nan,nan
jkt_qc100,0,10.5,0.8001109605,0.9120890807,-0.2426608695,-0.5673532185,3.866031157,nan,nan
jkt_qc100,0,11.5,0.9891958292,0.8514629763,-0.2725815371,-0.5312918172,4.777433653,nan,nan
jkt_qc100,0,12.5,1.175198816,0.7327473657,-0.2975062511,-0.4908043926,5.822760296,nan,nan
jkt_qc100,0,13.5,1.335080508,0.5563914922,-0.3163667696,-0.4474615209,6.966179037,nan,nan
jkt_qc100,0,14.5,1.447304014,0.3336238537,-0.3287221588,-0.4030188389,8.155774429,nan,nan
jkt_qc100,0,15.5,1.497219812,0.08441033431,-0.3347409033,-0.3591515614,9.329488837,nan,nan
jkt_qc100,0,16.5,1.48051527,-0.1675005906,-0.3350699257,-0.3172487594,10.42643337,nan,nan
jkt_qc100,0,17.5,1.403193868,-0.4005223926,-0.3306483395,-0.2783060326,11.40026713,nan,nan
jkt_qc100,0,18.5,1.277809613,-0.5980031984,-0.322524837,-0.2429137392,12.20887632,nan,nan
jkt_qc100,0,19.5,1.120715207,-0.7508818362,-0.3117166076,-0.2113114791,12.83196213,nan,nan
jkt_qc100,0,20.5,0.9481765657,-0.8570236713,-0.2991220907,-0.1834734118,13.26599452,nan,nan
jkt_qc100,0,21.5,0.7739608993,-0.9195645949,-0.2854816711,-0.1591965611,13.52086764,nan,nan
jkt_qc100,0,22.5,0.6082198856,-0.9448152838,-0.2713724982,-0.1381761755,13.61511812,nan,nan
jkt_qc100,0,23.5,0.4574575982,-0.9404179002,-0.2572232295,-0.1200623483,13.5724764,nan,nan
jkt_qc100,0,24.5,0.3250551841,-0.914009855,-0.2433376936,-0.1044983878,13.41840398,nan,nan
jkt_qc100,0,25.5,0.2120303822,-0.8724167927,-0.2299203914,-0.09114429725,13.1773602,nan,nan
jkt_qc100,0,26.5,0.1178112399,-0.821292689,-0.2170999919,-0.07968937688,12.8714489,nan,nan
jkt_qc100,0,27.5,0.04087735419,-0.7650536851,-0.2049491912,-0.06985752466,12.51973029,nan,nan
jkt_qc100,0,28.5,-0.02076163067,-0.7069781117,-0.1935005966,-0.06140800097,12.13801363,nan,nan
jkt_qc100,0,29.5,-0.06923961167,-0.6493843116,-0.1827589532,-0.05413361144,11.73903244,nan,nan
jkt_qc100,0.5,0.5,0.1189455697,0.4021902974,0.2019539016,-0.6035670403,0.4342493168,nan,nan
jkt_qc100,0.5,1.5,0.1199731584,0.4063162721,0.1981856018,-0.6063656091,0.4410455323,nan,nan
jkt_qc100,0.5,2.5,0.1221877514,0.4147833272,0.1904804427,-0.611839797,0.4553362391,nan,nan
jkt_qc100,0.5,3.5,0.1259610972,0.4280211307,0.1785093009,-0.6197217846,0.4786208167,nan,nan
jkt_qc100,0.5,4.5,0.1319523119,0.446703617,0.1618033649,-0.6295555227,0.5134793265,nan,nan
jkt_qc100,0.5,5.5,0.1413185233,0.4717482544,0.1397978585,-0.6406345597,0.5640514267,nan,nan
jkt_qc100,0.5,6.5,0.1558888072,0.5042497909,0.1119132388,-0.6519293913,0.6366764125,nan,nan
jkt_qc100,0.5,7.5,0.1786897961,0.5452378007,0.07769026386,-0.662023779,0.740954217,nan,nan
jkt_qc100,0.5,8.5,0.2143516403,0.595124841,0.03698886531,-0.669096127,0.8910215991,nan,nan
jkt_qc100,0.5,9.5,0.2694273193,0.6524969078,-0.009761593611,-0.6709989294,1.106606102,nan,nan
jkt_qc100,0.5,10.5,0.3519054743,0.7123040207,-0.06131599193,-0.6654915048,1.413255571,nan,nan
jkt_qc100,0.5,11.5,0.4691499172,0.7638530526,-0.1154790003,-0.6506452874,1.840210001,nan,nan
jkt_qc100,0.5,12.5,0.6238161788,0.7903133271,-0.1692143644,-0.6253532144,2.415395359,nan,nan
jkt_qc100,0.5,13.5,0.8090782131,0.7713814755,-0.219071517,-0.5897656913,3.157116566,nan,nan
jkt_qc100,0.5,14.5,1.006112497,0.6898292631,-0.2618505118,-0.545431971,4.065234535,nan,nan
jkt_qc100,0.5,15.5,1.186657109,0.5393257447,-0.2952646579,-0.4950268024,5.11396705,nan,nan
jkt_qc100,0.5,16.5,1.321286104,0.3291598112,-0.3183283611,-0.4417523642,6.253895889,nan,nan
jkt_qc100,0.5,17.5,1.389338106,0.08198174025,-0.3313427091,-0.3886698982,7.425587283,nan,nan
jkt_qc100,0.5,18.5,1.382612753,-0.1730299344,-0.3355600851,-0.3382104521,8.553610573,nan,nan
jkt_qc100,0.5,19.5,1.307378584,-0.4083530962,-0.3327262111,-0.2919722058,9.573605143,nan,nan
jkt_qc100,0.5,20.5,1.179659324,-0.6042140496,-0.3246769945,-0.2507625135,10.43792138,nan,nan
jkt_qc100,0.5,21.5,1.019410693,-0.7507690151,-0.3130745772,-0.2147737426,11.1198411,nan,nan
jkt_qc100,0.5,22.5,0.8455722186,-0.8469782042,-0.2992833668,-0.1837910029,11.61222805,nan,nan
jkt_qc100,0.5,23.5,0.6732392002,-0.8978553768,-0.284346243,-0.1573718327,11.9239826,nan,nan
jkt_qc100,0.5,24.5,0.5127285666,-0.9115522466,-0.2690161535,-0.1349767278,12.07459218,nan,nan
jkt_qc100,0.5,25.5,0.3699324088,-0.8970575269,-0.2538096427,-0.1160523487,12.0887486,nan,nan
jkt_qc100,0.5,26.5,0.2472962594,-0.8627508986,-0.2390626556,-0.1000782472,11.99248505,nan,nan
jkt_qc100,0.5,27.5,0.1448989616,-0.8156939941,-0.2249794218,-0.08658894448,11.81057332,nan,nan
jkt_qc100,0.5,28.5,0.06138553903,-0.7614253644,-0.211671524,-0.07518094212,11.56502915,nan,nan
jkt_qc100,0.5,29.5,-0.005332573596,-0.7040474183,-0.1991874109,-0.0655113734,11.27452616,nan,nan
jkt_qc100,1,0.5,0.1236884219,0.2945019838,0.3103789678,-0.4631339307,0.3282529172,nan,nan
jkt_qc100,1,1.5,0.12416949,0.2966819793,0.3089901775,-0.4664620677,0.3304084443,nan,nan
jkt_qc100,1,2.5,0.1251687892,0.3011377577,0.3060738854,-0.4731434209,0.3349158915,nan,nan
jkt_qc100,1,3.5,0.1267768474,0.3080607881,0.3013433182,-0.483217836,0.3421872637,nan,nan
jkt_qc100,1,4.5,0.1291467489,0.3177649331,0.2943457085,-0.4967168136,0.3529246727,nan,nan
jkt_qc100,1,5.5,0.1325493677,0.3307237195,0.284438091,-0.5136224639,0.3682700982,nan,nan
jkt_qc100,1,6.5,0.1373908673,0.3475806594,0.2707624698,-0.5338007025,0.3899132414,nan,nan
jkt_qc100,1,7.5,0.1443974501,0.369221933,0.2522324578,-0.5568990206,0.4205276466,nan,nan
jkt_qc100,1,8.5,0.1547757705,0.3968221969,0.2275545028,-0.5822007365,0.4643086856,nan,nan
jkt_qc100,1,9.5,0.1705988477,0.4318035085,0.1953223721,-0.6084380405,0.5278791782,nan,nan
jkt_qc100,1,10.5,0.1953810209,0.4756128905,0.1542383809,-0.6335940629,0.6217359928,nan,nan
jkt_qc100,1,11.5,0.2348818003,0.5288915379,0.1035115362,-0.6547771459,0.7620831368,nan,nan
jkt_qc100,1,12.5,0.2975939281,0.5896759113,0.04342764148,-0.6683189937,0.972674647,nan,nan
jkt_qc100,1,13.5,0.3938290671,0.650311708,-0.02405272059,-0.6702778149,1.284885001,nan,nan
jkt_qc100,1,14.5,0.5316293543,0.6945940863,-0.09500178581,-0.6574123578,1.734048884,nan,nan
jkt_qc100,1,15.5,0.7093566419,0.6983638827,-0.1639367122,-0.6283712461,2.349629231,nan,nan
jkt_qc100,1,16.5,0.9093318019,0.6373955991,-0.2250480305,-0.5844899832,3.143603298,nan,nan
jkt_qc100,1,17.5,1.099895712,0.4997681248,-0.2737766498,-0.5296165629,4.106202296,nan,nan
jkt_qc100,1,18.5,1.244221716,0.2925958209,-0.3079184139,-0.4689638377,5.190619814,nan,nan
jkt_qc100,1,19.5,1.315062254,0.04239720028,-0.3277415599,-0.4076330128,6.327916136,nan,nan
jkt_qc100,1,20.5,1.30336887,-0.2153283445,-0.3352793715,-0.3495448477,7.438970166,nan,nan
jkt_qc100,1,21.5,1.21822572,-0.4482619894,-0.3333551274,-0.2970750258,8.4512959,nan,nan
jkt_qc100,1,22.5,1.08009436,-0.6351249105,-0.3247996968,-0.2512336619,9.311177988,nan,nan
jkt_qc100,1,23.5,0.9126556017,-0.767378405,-0.3120197748,-0.2120747194,9.989388188,nan,nan
jkt_qc100,1,24.5,0.736777501,-0.8466605559,-0.296858761,-0.1791018907,10.47959915,nan,nan
jkt_qc100,1,25.5,0.5676914284,-0.8806862461,-0.2806275322,-0.1515712079,10.79257688,nan,nan
jkt_qc100,1,26.5,0.4147147348,-0.8795704796,-0.2642043078,-0.1286801028,10.94957537,nan,nan
jkt_qc100,1,27.5,0.2823013186,-0.853355676,-0.2481451408,-0.1096688778,10.97654906,nan,nan
jkt_qc100,1,28.5,0.17148715,-0.8107136362,-0.2327794653,-0.09386556553,10.89995052,nan,nan
jkt_qc100,1,29.5,0.08121237155,-0.7584932555,-0.2182837663,-0.08069846746,10.74422049,nan,nan
jkt_qc100,1.5,0.5,0.1230723518,0.2314458554,0.3355649704,-0.3336493053,0.3068606473,nan,nan
jkt_qc100,1.5,1.5,0.1234228008,0.2327755315,0.3355697856,-0.3362480997,0.3076070244,nan,nan
jkt_qc100,1.5,2.5,0.1241369478,0.2354817674,0.3355179672,-0.3415062839,0.3091710325,nan,nan
jkt_qc100,1.5,3.5,0.1252496632,0.2396543091,0.3352793715,-0.3495448477,0.3116947169,nan,nan
jkt_qc100,1.5,4.5,0.1268160335,0.2454421721,0.3346399077,-0.3605439038,0.3154206921,nan,nan
jkt_qc100,1.5,5.5,0.1289275957,0.2530730869,0.333276792,-0.3747383149,0.3207459191,nan,nan
jkt_qc100,1.5,6.5,0.1317071526,0.2628439256,0.3307222738,-0.3924063545,0.3281960558,nan,nan
jkt_qc100,1.5,7.5,0.1353730552,0.2751787317,0.3263138116,-0.4138445816,0.3386133634,nan,nan
jkt_qc100,1.5,8.5,0.1402547872,0.2906634976,0.3191302224,-0.4393174763,0.3532603479,nan,nan
jkt_qc100,1.5,9.5,0.1468988367,0.3100924674,0.3079184139,-0.4689638377,0.3740747786,nan,nan
jkt_qc100,1.5,10.5,0.1562139301,0.33454979,0.2910277026,-0.5026345789,0.4041231461,nan,nan
jkt_qc100,1.5,11.5,0.1697976171,0.3654451852,0.266393998,-0.5396336414,0.4483566044,nan,nan
jkt_qc100,1.5,12.5,0.1904472329,0.4044911566,0.2316585605,-0.5783498996,0.5149582185,nan,nan
jkt_qc100,1.5,13.5,0.2231099381,0.4532166776,0.1845561145,-0.615832099,0.6174138514,nan,nan
jkt_qc100,1.5,14.5,0.276008834,0.5114609307,0.1237132899,-0.6475040558,0.7772646425,nan,nan
jkt_qc100,1.5,15.5,0.3608836231,0.5737310328,0.04984215188,-0.6674187787,1.02561152,nan,nan
jkt_qc100,1.5,16.5,0.4892031549,0.6245015069,-0.03311542366,-0.6695029614,1.400575687,nan,nan
jkt_qc100,1.5,17.5,0.6630537322,0.6377573886,-0.1178440881,-0.649768355,1.940842995,nan,nan
jkt_qc100,1.5,18.5,0.8656000585,0.5832106663,-0.1953223721,-0.6084380405,2.667820097,nan,nan
jkt_qc100,1.5,19.5,1.059749205,0.4439169351,-0.2578155981,-0.5503695796,3.573952304,nan,nan
jkt_qc100,1.5,20.5,1.201820951,0.2288431868,-0.3013433182,-0.483217836,4.615199622,nan,nan
jkt_qc100,1.5,21.5,1.261061556,-0.02900279671,-0.3261254551,-0.4146256895,5.717843827,nan,nan
jkt_qc100,1.5,22.5,1.230739708,-0.2874568199,-0.3352504234,-0.3502229043,6.795826126,nan,nan
jkt_qc100,1.5,23.5,1.125769953,-0.5112726524,-0.3328717532,-0.2930977005,7.771637195,nan,nan
jkt_qc100,1.5,24.5,0.9722505837,-0.6805598157,-0.3229133573,-0.2442769659,8.590924463,nan,nan
jkt_qc100,1.5,25.5,0.7969612689,-0.7906312314,-0.3084902179,-0.2035048585,9.227126448,nan,nan
jkt_qc100,1.5,26.5,0.6211245792,-0.8472099193,-0.2918234213,-0.169900222,9.678062581,nan,nan
jkt_qc100,1.5,27.5,0.4585377922,-0.8610170223,-0.2743809752,-0.1423798369,9.958536181,nan,nan
jkt_qc100,1.5,28.5,0.3163829771,-0.8437656901,-0.2570737157,-0.1198840193,10.09256873,nan,nan
jkt_qc100,1.5,29.5,0.197045633,-0.8059285934,-0.2404303579,-0.1014747988,10.10732075,nan,nan
jkt_qc100,2,0.5,0.1195105206,0.1896955669,0.3216046733,-0.2397687249,0.3123763837,nan,nan
jkt_qc100,2,1.5,0.1197994583,0.1905893015,0.3221327765,-0.2415597551,0.3125832203,nan,nan
jkt_qc100,2,2.5,0.1203836077,0.1924030128,0.3231703604,-0.2451909457,0.3130278199,nan,nan
jkt_qc100,2,3.5,0.1212822674,0.1951837782,0.3246769945,-0.2507625135,0.3137673229,nan,nan
jkt_qc100,2,4.5,0.1225235927,0.199012438,0.3265835708,-0.2584296149,0.3149050548,nan,nan
jkt_qc100,2,5.5,0.1241501476,0.2040122772,0.32878067,-0.2684078964,0.3166116238,nan,nan
jkt_qc100,2,6.5,0.1262169386,0.2103333834,0.3311003525,-0.2809802069,0.3190778601,nan,nan
jkt_qc100,2,7.5,0.1288187169,0.2181943898,0.3332885963,-0.2965031975,0.3226358118,nan,nan
jkt_qc100,2,8.5,0.1320821561,0.2278903462,0.3349643818,-0.3154110272,0.3277493582,nan,nan
jkt_qc100,2,9.5,0.1362057435,0.2398163209,0.3355600851,-0.3382104521,0.3351025052,nan,nan
jkt_qc100,2,10.5,0.1414864345,0.2545145262,0.3342370248,-0.3654561098,0.3457217402,nan,nan
jkt_qc100,2,11.5,0.1484198813,0.2727199035,0.3297715806,-0.3976852413,0.3611973727,nan,nan
jkt_qc100,2,12.5,0.1578032847,0.2954514799,0.320415915,-0.4352759442,0.3840511937,nan,nan
jkt_qc100,2,13.5,0.1710339633,0.3240822491,0.3037628298,-0.4781737077,0.4184254775,nan,nan
jkt_qc100,2,14.5,0.1906048488,0.3603907208,0.2767031862,-0.5254201128,0.4713473985,nan,nan
jkt_qc100,2,15.5,0.2211781214,0.406238462,0.2356707295,-0.5744571531,0.5549320397,nan,nan
jkt_qc100,2,16.5,0.270988779,0.4621667094,0.1774897435,-0.6203597448,0.6894050624,nan,nan
jkt_qc100,2,17.5,0.3522835547,0.5239743143,0.1010908634,-0.6555519967,0.9060954015,nan,nan
jkt_qc100,2,18.5,0.479141174,0.5759819565,0.009761593611,-0.6709989294,1.246475765,nan,nan
jkt_qc100,2,19.5,0.6556962378,0.5882113281,-0.08762773,-0.6594978091,1.753054926,nan,nan
jkt_qc100,2,20.5,0.8622422613,0.5256652807,-0.1785093009,-0.6197217846,2.451875563,nan,nan
jkt_qc100,2,21.5,1.054089378,0.3704990041,-0.2515181592,-0.5577104162,3.335202464,nan,nan
jkt_qc100,2,22.5,1.181263342,0.138131036,-0.3009293783,-0.4840596932,4.353905718,nan,nan
jkt_qc100,2,23.5,1.21392505,-0.1287670762,-0.327397668,-0.4091796213,5.426444564,nan,nan
jkt_qc100,2,24.5,1.152879446,-0.3820954896,-0.3355387519,-0.3401841655,6.461031736,nan,nan
jkt_qc100,2,25.5,1.021773196,-0.5873107088,-0.3310113379,-0.2804430323,7.379544921,nan,nan
jkt_qc100,2,26.5,0.8521728344,-0.7297541813,-0.3187392944,-0.2306285696,8.132219541,nan,nan
jkt_qc100,2,27.5,0.6720327201,-0.8108934353,-0.3023349025,-0.1899643335,8.69990918,nan,nan
jkt_qc100,2,28.5,0.5007464387,-0.8411355817,-0.2841841579,-0.1571134593,9.087709865,nan,nan
jkt_qc100,2,29.5,0.3490726828,-0.8337215808,-0.2657475886,-0.1306662011,9.315688938,nan,nan
jkt_qc100,2.5,0.5,0.1147559591,0.1599053835,0.2952370707,-0.1760630647,0.3278405168,nan,nan
jkt_qc100,2.5,1.5,0.1150026997,0.1605462921,0.2958861551,-0.1772703642,0.3278105295,nan,nan
jkt_qc100,2.5,2.5,0.1154994964,0.1618442624,0.2971826538,-0.1797179417,0.3277647789,nan,nan
jkt_qc100,2.5,3.5,0.1162599287,0.1638263858,0.2991220907,-0.1834734118,0.327729388,nan,nan
jkt_qc100,2.5,4.5,0.1173011142,0.1665416685,0.3016947002,-0.1886424326,0.3277553224,nan,nan
jkt_qc100,2.5,5.5,0.1186465675,0.170063906,0.3048811271,-0.1953740413,0.3279254618,nan,nan
jkt_qc100,2.5,6.5,0.1203297282,0.1744768703,0.3086454952,-0.2038681596,0.3283147234,nan,nan
jkt_qc100,2.5,7.5,0.1224030309,0.1799064035,0.3129245069,-0.2143855153,0.3290788361,nan,nan
jkt_qc100,2.5,8.5,0.124930628,0.1865165021,0.3176104559,-0.2272600894,0.3304149909,nan,nan
jkt_qc100,2.5,9.5,0.12800947,0.1945225166,0.322524837,-0.2429137392,0.3326114726,nan,nan
jkt_qc100,2.5,10.5,0.1317703358,0.2042127264,0.3273774588,-0.2618714897,0.3360760121,nan,nan
jkt_qc100,2.5,11.5,0.1364221398,0.2159721647,0.3317034744,-0.2847733709,0.3414290955,nan,nan
jkt_qc100,2.5,12.5,0.1422622451,0.2303274052,0.3347677151,-0.3123731183,0.3495851305,nan,nan
jkt_qc100,2.5,13.5,0.1497766325,0.2479984535,0.3354234443,-0.3455029021,0.361979727,nan,nan
jkt_qc100,2.5,14.5,0.1597545776,0.2699850361,0.3319156205,-0.3849623825,0.3809100302,nan,nan
jkt_qc100,2.5,15.5,0.1736209975,0.2976728955,0.321639282,-0.431255957,0.4102959468,nan,nan
jkt_qc100,2.5,16.5,0.1939448249,0.3328686851,0.3009293783,-0.4840596932,0.4568446341,nan,nan
jkt_qc100,2.5,17.5,0.2251681916,0.3775878777,0.2651137911,-0.5412941144,0.5320162163,nan,nan
jkt_qc100,2.5,18.5,0.2760749383,0.432689342,0.2093197327,-0.5978542659,0.6565509444,nan,nan
jkt_qc100,2.5,19.5,0.3605751179,0.4936086151,0.1306713857,-0.6446538391,0.8636560402,nan,nan
jkt_qc100,2.5,20.5,0.4943145166,0.5423962497,0.03182275162,-0.6696286274,1.198314052,nan,nan
jkt_qc100,2.5,21.5,0.6802359126,0.543644634,-0.07644017107,-0.6623187528,1.705859707,nan,nan
jkt_qc100,2.5,22.5,0.8908843695,0.4585068704,-0.1774897435,-0.6203597448,2.411207759,nan,nan
jkt_qc100,2.5,23.5,1.071078869,0.2741718946,-0.2564416457,-0.5520080418,3.299492609,nan,nan
jkt_qc100,2.5,24.5,1.167720401,0.01929885268,-0.3068204938,-0.4714701562,4.310507487,nan,nan
jkt_qc100,2.5,25.5,1.159096703,-0.2519604636,-0.3308502191,-0.3916567668,5.352681605,nan,nan
jkt_qc100,2.5,26.5,1.059053362,-0.4893722566,-0.33522451,-0.3203366894,6.33086411,nan,nan
jkt_qc100,2.5,27.5,0.9009459462,-0.664577603,-0.3270403751,-0.2603897992,7.172004503,nan,nan
jkt_qc100,2.5,28.5,0.7194982056,-0.7718497677,-0.311868288,-0.2116926625,7.83688145,nan,nan
jkt_qc100,2.5,29.5,0.5407424257,-0.8198901507,-0.2934499253,-0.1727986002,8.317701191,nan,nan
jkt_qc100,3,0.5,0.1096574076,0.1375677941,0.2674551323,-0.1329000664,0.3469898269,nan,nan
jkt_qc100,3,1.5,0.1098712491,0.1380488733,0.2680785643,-0.1337254214,0.3468486535,nan,nan
jkt_qc100,3,2.5,0.1103007169,0.1390215017,0.2693293237,-0.1353974057,0.3465716837,nan,nan
jkt_qc100,3,3.5,0.1109567158,0.1405028888,0.2712148753,-0.1379596614,0.3461747933,nan,nan
jkt_qc100,3,4.5,0.1118503176,0.1425249419,0.2737455232,-0.1414804682,0.345684044,nan,nan
jkt_qc100,3,5.5,0.1129957379,0.1451346717,0.2769330998,-0.1460563583,0.3451396711,nan,nan
jkt_qc100,3,6.5,0.1144175872,0.1483835951,0.2807887632,-0.1518173455,0.3445754,nan,nan
jkt_qc100,3,7.5,0.1161489122,0.1523503688,0.285319383,-0.1589341488,0.3440720285,nan,nan
jkt_qc100,3,8.5,0.1182287014,0.1571342805,0.2905216639,-0.1676279111,0.3437203233,nan,nan
jkt_qc100,3,9.5,0.1207144291,0.1628639685,0.2963726232,-0.1781830229,0.3436578916,nan,nan
jkt_qc100,3,10.5,0.1236778645,0.1697070108,0.3028141655,-0.1909636879,0.3440657194,nan,nan
jkt_qc100,3,11.5,0.1272302114,0.1778837345,0.309728082,-0.2064346676,0.3452274942,nan,nan
jkt_qc100,3,12.5,0.1315140552,0.1876860881,0.3168955198,-0.2251858253,0.347525433,nan,nan
jkt_qc100,3,13.5,0.1367493228,0.1995058898,0.3239314243,-0.2479578418,0.351549423,nan,nan
jkt_qc100,3,14.5,0.143261104,0.2138759512,0.3301793347,-0.2756609785,0.3581839313,nan,nan
jkt_qc100,3,15.5,0.1515964213,0.2315506775,0.3345457874,-0.3093663412,0.3689147773,nan,nan
jkt_qc100,3,16.5,0.1626570731,0.2535722405,0.3352504234,-0.3502229043,0.3861162224,nan,nan
jkt_qc100,3,17.5,0.1777965494,0.2812916944,0.3294819644,-0.3992036004,0.4133168614,nan,nan
jkt_qc100,3,18.5,0.199877583,0.3166608845,0.3130210083,-0.4565059424,0.4576840625,nan,nan
jkt_qc100,3,19.5,0.2341001787,0.3617983206,0.280100448,-0.520371117,0.5317250698,nan,nan
jkt_qc100,3,20.5,0.2903077575,0.4173584872,0.2242052113,-0.5852493905,0.6580363698,nan,nan
jkt_qc100,3,21.5,0.3845306146,0.4769419311,0.1409261204,-0.6401149966,0.8736753988,nan,nan
jkt_qc100,3,22.5,0.5332692927,0.5170795978,0.03311542366,-0.6695029614,1.227931385,nan,nan
jkt_qc100,3,23.5,0.7333636546,0.4947666606,-0.08515426124,-0.6601568096,1.766395904,nan,nan
jkt_qc100,3,24.5,0.9429362266,0.3712635883,-0.1924276484,-0.610487076,2.506487812,nan,nan
jkt_qc100,3,25.5,1.095824168,0.1482794692,-0.2713723531,-0.5329649635,3.418607346,nan,nan
jkt_qc100,3,26.5,1.143857791,-0.1262085508,-0.3169403003,-0.4458264731,4.426084122,nan,nan
jkt_qc100,3,27.5,1.08258854,-0.3893114534,-0.3344191994,-0.3633434649,5.427664477,nan,nan
jkt_qc100,3,28.5,0.9420526676,-0.596174922,-0.332799388,-0.2925343503,6.330548086,nan,nan
jkt_qc100,3,29.5,0.7626956239,-0.7305140982,-0.3201223814,-0.2349265374,7.074039645,nan,nan
jkt_qc100,3.5,0.5,0.1046055819,0.1202120042,0.2419473156,-0.1030429732,0.3671861054,nan,nan
jkt_qc100,3.5,1.5,0.1047926785,0.1205855812,0.2425021742,-0.1036216916,0.3669922518,nan,nan
jkt_qc100,3.5,2.5,0.1051679184,0.1213396911,0.2436170608,-0.1047929408,0.3666046697,nan,nan
jkt_qc100,3.5,3.5,0.1057402383,0.1224864537,0.2453022791,-0.106585029,0.3660369101,nan,nan
jkt_qc100,3.5,4.5,0.1065171866,0.12404743,0.2475731692,-0.10904218,0.3653006309,nan,nan
jkt_qc100,3.5,5.5,0.107508218,0.1260537385,0.250449887,-0.1122268011,0.3644126613,nan,nan
jkt_qc100,3.5,6.5,0.1087325548,0.1285401939,0.2539569514,-0.1162227845,0.3633932156,nan,nan
jkt_qc100,3.5,7.5,0.1102128944,0.1315587707,0.2581223746,-0.1211401083,0.3622858113,nan,nan
jkt_qc100,3.5,8.5,0.1119758054,0.1351737918,0.2629760662,-0.1271211263,0.3611334992,nan,nan
jkt_qc100,3.5,9.5,0.1140596303,0.1394678196,0.2685469962,-0.1343490717,0.360007692,nan,nan
jkt_qc100,3.5,10.5,0.1165098673,0.144545841,0.2748582621,-0.1430594937,0.3589932565,nan,nan
jkt_qc100,3.5,11.5,0.1193953767,0.1505442437,0.2819186195,-0.1535555469,0.3582355105,nan,nan
jkt_qc100,3.5,12.5,0.1227980036,0.1576382717,0.2897080516,-0.166228257,0.3579082818,nan,nan
jkt_qc100,3.5,13.5,0.1268386844,0.1660585871,0.2981532712,-0.1815829149,0.3582860441,nan,nan
jkt_qc100,3.5,14.5,0.1316839271,0.1761097904,0.3070861994,-0.2002722571,0.3597573638,nan,nan
jkt_qc100,3.5,15.5,0.1375952082,0.1882225541,0.3161737398,-0.2231351264,0.3629937446,nan,nan
jkt_qc100,3.5,16.5,0.1449677786,0.2029815621,0.3247996968,-0.2512336619,0.3689934886,nan,nan
jkt_qc100,3.5,17.5,0.154330575,0.2210802005,0.3318692238,-0.2858677688,0.3788976588,nan,nan
jkt_qc100,3.5,18.5,0.1667397866,0.2436944232,0.3354962332,-0.328512304,0.3954549025,nan,nan
jkt_qc100,3.5,19.5,0.1839369404,0.272351797,0.3325420196,-0.3805520816,0.4228918296,nan,nan
jkt_qc100,3.5,20.5,0.2091835155,0.309096374,0.3180559387,-0.4425656103,0.4689801453,nan,nan
jkt_qc100,3.5,21.5,0.2488275124,0.356063464,0.2849650255,-0.5127779032,0.5483027195,nan,nan
jkt_qc100,3.5,22.5,0.314976795,0.4129417889,0.2250480305,-0.5844899832,0.687607405,nan,nan
jkt_qc100,3.5,23.5,0.4264694269,0.4689452234,0.1329694807,-0.6436721696,0.9300710241,nan,nan
jkt_qc100,3.5,24.5,0.5978503413,0.4908820118,0.01366345558,-0.6708626561,1.329037114,nan,nan
jkt_qc100,3.5,25.5,0.8115642548,0.4280658688,-0.113104215,-0.6515055529,1.925381321,nan,nan
jkt_qc100,3.5,26.5,1.005361969,0.2516704987,-0.2207973546,-0.5882680527,2.720520313,nan,nan
jkt_qc100,3.5,27.5,1.10868193,-0.01034414763,-0.292469176,-0.5000980398,3.66254407,nan,nan
jkt_qc100,3.5,28.5,1.091798764,-0.2902467482,-0.3275706895,-0.4084057879,4.656248643,nan,nan
jkt_qc100,3.5,29.5,0.9746311657,-0.52605111,-0.3354507292,-0.3266067402,5.595987276,nan,nan
jkt_qc100,4,0.5,0.09977400642,0.1063585022,0.2195977606,-0.08182972857,0.3872407465,nan,nan
jkt_qc100,4,1.5,0.09993896785,0.1066563246,0.2200786687,-0.08224672481,0.3870235525,nan,nan
jkt_qc100,4,2.5,0.1002696402,0.1072567229,0.2210454553,-0.08308988262,0.3865865128,nan,nan
jkt_qc100,4,3.5,0.1007731778,0.1081687882,0.2225081184,-0.08437795908,0.3859422925,nan,nan
jkt_qc100,4,4.5,0.1014551439,0.109407534,0.2244817918,-0.08614018829,0.3850943583,nan,nan
jkt_qc100,4,5.5,0.1023225108,0.1109943261,0.2269868847,-0.08841769438,0.3840470941,nan,nan
jkt_qc100,4,6.5,0.1033902586,0.1129542104,0.2300492199,-0.09126554431,0.3828149727,nan,nan
jkt_qc100,4,7.5,0.104675078,0.1153230801,0.2337001129,-0.09475560851,0.3814219003,nan,nan
jkt_qc100,4,8.5,0.1061963656,0.118144888,0.2379762868,-0.09898047189,0.3798877133,nan,nan
jkt_qc100,4,9.5,0.1079816445,0.1214756553,0.2429194495,-0.1040587395,0.3782516688,nan,nan
jkt_qc100,4,10.5,0.110062536,0.1253851942,0.2485752295,-0.1101422207,0.3765537025,nan,nan
jkt_qc100,4,11.5,0.1124860581,0.1299633599,0.2549909522,-0.1174256682,0.3748749917,nan,nan
jkt_qc100,4,12.5,0.1153052521,0.1353225257,0.2622113594,-0.1261600039,0.3732970381,nan,nan
jkt_qc100,4,13.5,0.1185960576,0.1416081669,0.2702707172,-0.1366702948,0.371958426,nan,nan
jkt_qc100,4,14.5,0.1224579413,0.149007461,0.2791785978,-0.1493801083,0.3710451489,nan,nan
jkt_qc100,4,15.5,0.127035249,0.1577848036,0.2888945643,-0.1648441657,0.3708997397,nan,nan
jkt_qc100,4,16.5,0.1325328396,0.1682867896,0.2992833668,-0.1837910029,0.3719944974,nan,nan
jkt_qc100,4,17.5,0.1392280508,0.180886573,0.3100359353,-0.2071755361,0.3747332385,nan,nan
jkt_qc100,4,18.5,0.1475823569,0.1962673581,0.32053086,-0.2362351388,0.3803376928,nan,nan
jkt_qc100,4,19.5,0.1583177336,0.215287988,0.3295949258,-0.272525049,0.3904448417,nan,nan
jkt_qc100,4,20.5,0.1726562139,0.2391774035,0.3351029923,-0.3178638393,0.4078911213,nan,nan
jkt_qc100,4,21.5,0.1927875422,0.2696574323,0.3333607721,-0.374017002,0.4377459536,nan,nan
jkt_qc100,4,22.5,0.2229103154,0.3089521057,0.3183283611,-0.4417523642,0.4895485161,nan,nan
jkt_qc100,4,23.5,0.2713821534,0.3589322733,0.281205322,-0.5186854802,0.581655319,nan,nan
jkt_qc100,4,24.5,0.3538712966,0.4167348105,0.2120227307,-0.5956741066,0.7476408028,nan,nan
jkt_qc100,4,25.5,0.4916241967,0.4627743879,0.1059233865,-0.6539849424,1.03859147,nan,nan
jkt_qc100,4,26.5,0.6899704668,0.4498445974,-0.02664520509,-0.6700814162,1.508540443,nan,nan
jkt_qc100,4,27.5,0.905508879,0.3264266207,-0.1574990637,-0.6318837924,2.184714995,nan,nan
jkt_qc100,4,28.5,1.057084784,0.09090095865,-0.2571304375,-0.5511892962,3.043019768,nan,nan
jkt_qc100,4,29.5,1.087178889,-0.1954656364,-0.3139660072,-0.4540309548,4.004232446,nan,nan
jkt_qc200,-6,0.5,-0.640946646,-0.4240441917,-0.15695205,-0.03896704063,22.58403113,nan,nan
jkt_qc200,-6,1.5,-0.6394493128,-0.4221137243,-0.1566852392,-0.03882600732,22.52980504,nan,nan
jkt_qc200,-6,2.5,-0.6364700934,-0.4182900755,-0.1561541305,-0.03854618167,22.42220903,nan,nan
jkt_qc200,-6,3.5,-0.6320347176,-0.4126421932,-0.1553636967,-0.03813196867,22.26254796,nan,nan
jkt_qc200,-6,4.5,-0.6261845233,-0.405272935,-0.1543212666,-0.03758978776,22.05296521,nan,nan
jkt_qc200,-6,5.5,-0.6189742044,-0.396313721,-0.1530363732,-0.0369278595,21.79624059,nan,nan
jkt_qc200,-6,6.5,-0.6104691521,-0.3859171571,-0.1515205585,-0.03615594016,21.49552485,nan,nan
jkt_qc200,-6,7.5,-0.6007467228,-0.3742554556,-0.1497871425,-0.03528501872,21.15447422,nan,nan
jkt_qc200,-6,8.5,-0.5898956402,-0.361513517,-0.1478509627,-0.03432699181,20.77713797,nan,nan
jkt_qc200,-6,9.5,-0.5780123617,-0.3478818167,-0.1457280922,-0.03329433221,20.36769707,nan,nan
jkt_qc200,-6,10.5,-0.5652025912,-0.3335537567,-0.1434355466,-0.0321997656,19.93061079,nan,nan
jkt_qc200,-6,11.5,-0.5515746365,-0.3187162985,-0.1409909875,-0.03105596824,19.47013329,nan,nan
jkt_qc200,-6,12.5,-0.5372440636,-0.303551415,-0.1384124304,-0.02987529594,18.99074817,nan,nan
jkt_qc200,-6,13.5,-0.5223258166,-0.2882272612,-0.1357179674,-0.02866955169,18.49662084,nan,nan
jkt_qc200,-6,14.5,-0.5069352794,-0.2728980002,-0.1329255085,-0.02744979638,17.99177197,nan,nan
jkt_qc200,-6,15.5,-0.4911866408,-0.2577030202,-0.1300525494,-0.02622620432,17.48007401,nan,nan
jkt_qc200,-6,16.5,-0.4751885434,-0.242761419,-0.1271159683,-0.02500796271,16.96493712,nan,nan
jkt_qc200,-6,17.5,-0.4590472703,-0.2281788288,-0.1241318549,-0.02380321238,16.44975709,nan,nan
jkt_qc200,-6,18.5,-0.4428572571,-0.2140349953,-0.1211153732,-0.02261902535,15.9370686,nan,nan
jkt_qc200,-6,19.5,-0.4267095649,-0.2004000406,-0.1180806566,-0.02146141432,15.42952512,nan,nan
jkt_qc200,-6,20.5,-0.410686297,-0.1873261057,-0.1150407353,-0.02033536796,14.92935432,nan,nan
jkt_qc200,-6,21.5,-0.3948608211,-0.1748507227,-0.1120074923,-0.01924490672,14.43846367,nan,nan
jkt_qc200,-6,22.5,-0.3792962951,-0.1629975515,-0.108991647,-0.01819315321,13.95835456,nan,nan
jkt_qc200,-6,23.5,-0.364047593,-0.1517792774,-0.1060027603,-0.01718241252,13.49028969,nan,nan
jkt_qc200,-6,24.5,-0.3491614363,-0.1411991055,-0.1030492603,-0.0162142578,13.03530742,nan,nan
jkt_qc200,-6,25.5,-0.3346758476,-0.1312517599,-0.1001384838,-0.01528961763,12.59417183,nan,nan
jkt_qc200,-6,26.5,-0.3206210913,-0.1219252592,-0.09727672897,-0.01440886219,12.16743145,nan,nan
jkt_qc200,-6,27.5,-0.3070203388,-0.1132023055,-0.09446931864,-0.01357188589,11.75544905,nan,nan
jkt_qc200,-6,28.5,-0.2938902846,-0.1050614945,-0.0917206687,-0.01277818499,11.35842309,nan,nan
jkt_qc200,-6,29.5,-0.2812418795,-0.09747842373,-0.08903436056,-0.01202692892,10.97641528,nan,nan
jkt_qc200,-5.5,0.5,-0.7215242018,-0.5769130443,-0.1693481936,-0.04586591423,27.72438999,nan,nan
jkt_qc200,-5.5,1.5,-0.7198509224,-0.5740990927,-0.1690414722,-0.04568683649,27.64877203,nan,nan
jkt_qc200,-5.5,2.5,-0.7165183988,-0.5685286361,-0.1684310498,-0.04533173763,27.49881142,nan,nan
jkt_qc200,-5.5,3.5,-0.7115491416,-0.5603084287,-0.1675229031,-0.04480661867,27.27653042,nan,nan
jkt_qc200,-5.5,4.5,-0.7049808694,-0.5495970682,-0.1663258391,-0.0441202074,26.98518357,nan,nan
jkt_qc200,-5.5,5.5,-0.6968647642,-0.5365967133,-0.1648513103,-0.04328364883,26.6289757,nan,nan
jkt_qc200,-5.5,6.5,-0.6872635162,-0.5215415789,-0.1631131772,-0.04231012195,26.21268198,nan,nan
jkt_qc200,-5.5,7.5,-0.6762535459,-0.5046950261,-0.1611274253,-0.04121440479,25.74181376,nan,nan
jkt_qc200,-5.5,8.5,-0.6639255101,-0.4863383548,-0.1589118444,-0.04001241137,25.2224213,nan,nan
jkt_qc200,-5.5,9.5,-0.6503807996,-0.4667599365,-0.1564856818,-0.03872072396,24.66073297,nan,nan
jkt_qc200,-5.5,10.5,-0.6357338505,-0.4462505371,-0.1538692792,-0.03735614231,24.06331542,nan,nan
jkt_qc200,-5.5,11.5,-0.6201048104,-0.4250894578,-0.1510837056,-0.03593526809,23.43642524,nan,nan
jkt_qc200,-5.5,12.5,-0.6036249977,-0.4035459195,-0.148150396,-0.03447413909,22.78654571,nan,nan
jkt_qc200,-5.5,13.5,-0.5864276716,-0.3818664031,-0.1450908076,-0.0329879228,22.11966653,nan,nan
jkt_qc200,-5.5,14.5,-0.5686489452,-0.3602742171,-0.1419261018,-0.03149067464,21.44149396,nan,nan
jkt_qc200,-5.5,15.5,-0.5504254283,-0.3389686426,-0.1386768594,-0.02999516177,20.75745299,nan,nan
jkt_qc200,-5.5,16.5,-0.5318888051,-0.3181170406,-0.1353628343,-0.02851274998,20.07225496,nan,nan
jkt_qc200,-5.5,17.5,-0.5131688693,-0.2978653278,-0.1320027497,-0.02705334827,19.39051674,nan,nan
jkt_qc200,-5.5,18.5,-0.4943822063,-0.2783200737,-0.128614137,-0.02562540373,18.71560701,nan,nan
jkt_qc200,-5.5,19.5,-0.4756413739,-0.259573047,-0.1252132173,-0.02423593845,18.05101119,nan,nan
jkt_qc200,-5.5,20.5,-0.4570482204,-0.2416890692,-0.1218148241,-0.02289061944,17.39957091,nan,nan
jkt_qc200,-5.5,21.5,-0.4386938255,-0.2247114877,-0.1184323625,-0.02159385328,16.76365065,nan,nan
jkt_qc200,-5.5,22.5,-0.4206566111,-0.2086637211,-0.1150778013,-0.02034889716,16.14504568,nan,nan
jkt_qc200,-5.5,23.5,-0.4030044538,-0.1935536169,-0.1117616942,-0.01915797965,15.54520039,nan,nan
jkt_qc200,-5.5,24.5,-0.385794791,-0.1793758663,-0.1084932234,-0.01802242514,14.96523625,nan,nan
jkt_qc200,-5.5,25.5,-0.3690740129,-0.1661137115,-0.1052802624,-0.01694277712,14.40590244,nan,nan
jkt_qc200,-5.5,26.5,-0.3528786086,-0.1537416071,-0.1021294517,-0.01591891687,13.8676579,nan,nan
jkt_qc200,-5.5,27.5,-0.3372360224,-0.1422272953,-0.09904628514,-0.01495017475,13.35071619,nan,nan
jkt_qc200,-5.5,28.5,-0.3221654745,-0.1315335858,-0.09603520147,-0.01403543239,12.85507948,nan,nan
jkt_qc200,-5.5,29.5,-0.3076789243,-0.1216199444,-0.09309967909,-0.01317321492,12.38057837,nan,nan
jkt_qc200,-5,0.5,-0.796279239,-0.8071417319,-0.1836433701,-0.05470991216,35.01106368,nan,nan
jkt_qc200,-5,1.5,-0.7946063462,-0.8029369672,-0.1832886967,-0.05447832498,34.90194419,nan,nan
jkt_qc200,-5,2.5,-0.7912647404,-0.7946175617,-0.1825829739,-0.05401941255,34.6856839,nan,nan
jkt_qc200,-5,3.5,-0.7862575758,-0.7823516952,-0.1815333754,-0.05334153111,34.36552975,nan,nan
jkt_qc200,-5,4.5,-0.7795962098,-0.7663883993,-0.180150476,-0.05245680679,33.94661319,nan,nan
jkt_qc200,-5,5.5,-0.7713006297,-0.7470445383,-0.1784480349,-0.05138067573,33.43553737,nan,nan
jkt_qc200,-5,6.5,-0.7614004331,-0.7246865928,-0.1764427118,-0.05013131752,32.83980922,nan,nan
jkt_qc200,-5,7.5,-0.7499393869,-0.6997254793,-0.1741537275,-0.04872901637,32.16804101,nan,nan
jkt_qc200,-5,8.5,-0.7369794794,-0.6725982187,-0.1716024747,-0.04719548669,31.42960288,nan,nan
jkt_qc200,-5,9.5,-0.7225990124,-0.6437509674,-0.1688120931,-0.04555319889,30.63410142,nan,nan
jkt_qc200,-5,10.5,-0.7068969099,-0.6136308338,-0.165807021,-0.04382473808,29.79154374,nan,nan
jkt_qc200,-5,11.5,-0.6899856194,-0.5826648207,-0.1626125384,-0.04203222265,28.91143535,nan,nan
jkt_qc200,-5,12.5,-0.6719976828,-0.5512608188,-0.1592543159,-0.04019680294,28.00345519,nan,nan
jkt_qc200,-5,13.5,-0.6530752546,-0.5197889366,-0.1557579838,-0.03833825302,27.07647793,nan,nan
jkt_qc200,-5,14.5,-0.6333705113,-0.4885805862,-0.1521487344,-0.03647466102,26.1388337,nan,nan
jkt_qc200,-5,15.5,-0.6130418386,-0.4579276063,-0.1484509668,-0.03462221733,25.19832264,nan,nan
jkt_qc200,-5,16.5,-0.5922470582,-0.4280706996,-0.1446879828,-0.0327950946,24.26160533,nan,nan
jkt_qc200,-5,17.5,-0.5711449083,-0.3992158626,-0.140881738,-0.03100540927,23.33508687,nan,nan
jkt_qc200,-5,18.5,-0.5498820982,-0.3715079881,-0.1370526498,-0.02926325246,22.42330639,nan,nan
jkt_qc200,-5,19.5,-0.5286012052,-0.3450687551,-0.1332194615,-0.02757677622,21.53089246,nan,nan
jkt_qc200,-5,20.5,-0.5074331668,-0.3199786019,-0.1293991597,-0.02595232165,20.66147864,nan,nan
jkt_qc200,-5,21.5,-0.4864961842,-0.2962857272,-0.1256069393,-0.02439457581,19.81797184,nan,nan
jkt_qc200,-5,22.5,-0.4658930001,-0.274009093,-0.1218562101,-0.02290674587,19.00246048,nan,nan
jkt_qc200,-5,23.5,-0.4457129361,-0.2531451505,-0.1181586394,-0.02149074086,18.21651057,nan,nan
jkt_qc200,-5,24.5,-0.426031793,-0.2336717897,-0.1145242224,-0.02014735288,17.46121871,nan,nan
jkt_qc200,-5,25.5,-0.4069110668,-0.2155512395,-0.1109613741,-0.01887643188,16.73716951,nan,nan
jkt_qc200,-5,26.5,-0.3883992734,-0.1987341356,-0.1074770374,-0.01767704957,16.04455453,nan,nan
jkt_qc200,-5,27.5,-0.3705330141,-0.1831626742,-0.1040768002,-0.01654764953,15.38324137,nan,nan
jkt_qc200,-5,28.5,-0.3533380541,-0.168773272,-0.1007650183,-0.015486182,14.7528277,nan,nan
jkt_qc200,-5,29.5,-0.3368305908,-0.1554988764,-0.09754493894,-0.01449022268,14.15269994,nan,nan
jkt_qc200,-4.5,0.5,-0.8270081098,-1.156823607,-0.2002145394,-0.06627197666,45.46496464,nan,nan
jkt_qc200,-4.5,1.5,-0.8259042653,-1.150449505,-0.1998026125,-0.06596621125,45.30230406,nan,nan
jkt_qc200,-4.5,2.5,-0.8236674859,-1.137842229,-0.198983058,-0.06536076822,44.98017001,nan,nan
jkt_qc200,-4.5,3.5,-0.8202369991,-1.119265646,-0.1977643951,-0.06446756639,44.50394517,nan,nan
jkt_qc200,-4.5,4.5,-0.8155346245,-1.095109952,-0.1961592038,-0.06330385975,43.88200313,nan,nan
jkt_qc200,-4.5,5.5,-0.8094718819,-1.065871575,-0.1941838869,-0.06189153697,43.12507451,nan,nan
jkt_qc200,-4.5,6.5,-0.8019599543,-1.032124747,-0.1918583529,-0.06025626273,42.24536282,nan,nan
jkt_qc200,-4.5,7.5,-0.7929201298,-0.9945129582,-0.1892056267,-0.05842651621,41.25677701,nan,nan
jkt_qc200,-4.5,8.5,-0.7822978986,-0.953719451,-0.186251393,-0.05643258487,40.17431574,nan,nan
jkt_qc200,-4.5,9.5,-0.7700667355,-0.9104406161,-0.1830234857,-0.05430556998,39.01327784,nan,nan
jkt_qc200,-4.5,10.5,-0.7562375023,-0.8653719872,-0.1795513389,-0.05207645414,37.78940306,nan,nan
jkt_qc200,-4.5,11.5,-0.7408544742,-0.8191756235,-0.1758654167,-0.04977527144,36.51756963,nan,nan
jkt_qc200,-4.5,12.5,-0.7240035976,-0.7724799655,-0.1719966445,-0.04743040925,35.21265621,nan,nan
jkt_qc200,-4.5,13.5,-0.7058015588,-0.7258514766,-0.167975859,-0.04506805848,33.88817267,nan,nan
jkt_qc200,-4.5,14.5,-0.686394755,-0.6797926139,-0.1638332994,-0.04271181754,32.55658876,nan,nan
jkt_qc200,-4.5,15.5,-0.6659522394,-0.634740776,-0.1595981519,-0.04038244477,31.22937409,nan,nan
jkt_qc200,-4.5,16.5,-0.6446572514,-0.5910508539,-0.1552981621,-0.03809774661,29.91612329,nan,nan
jkt_qc200,-4.5,17.5,-0.6227032277,-0.5490211269,-0.1509593218,-0.03587258297,28.62585689,nan,nan
jkt_qc200,-4.5,18.5,-0.6002805805,-0.5088535571,-0.1466056315,-0.03371896823,27.36472787,nan,nan
jkt_qc200,-4.5,19.5,-0.5775773543,-0.4707130206,-0.1422589405,-0.0316462456,26.13889398,nan,nan
jkt_qc200,-4.5,20.5,-0.55477216,-0.4347001244,-0.1379388558,-0.02966131291,24.95294663,nan,nan
jkt_qc200,-4.5,21.5,-0.5320300084,-0.4008660561,-0.1336627166,-0.02776888049,23.81035102,nan,nan
jkt_qc200,-4.5,22.5,-0.5094977291,-0.3692181437,-0.1294456225,-0.02597174401,22.71337113,nan,nan
jkt_qc200,-4.5,23.5,-0.4873051352,-0.3397304514,-0.1253005066,-0.02427105887,21.66348752,nan,nan
jkt_qc200,-4.5,24.5,-0.465564204,-0.3123503009,-0.1212382442,-0.0226666054,20.66149616,nan,nan
jkt_qc200,-4.5,25.5,-0.4443678026,-0.2870031849,-0.1172677868,-0.02115703756,19.70748605,nan,nan
jkt_qc200,-4.5,26.5,-0.4237910162,-0.2635991037,-0.1133963139,-0.01974010997,18.80101664,nan,nan
jkt_qc200,-4.5,27.5,-0.4038923844,-0.2420374451,-0.1096293935,-0.01841288078,17.9412264,nan,nan
jkt_qc200,-4.5,28.5,-0.3847152802,-0.2222110292,-0.105971147,-0.01717188909,17.1269186,nan,nan
jkt_qc200,-4.5,29.5,-0.3662895882,-0.2040095285,-0.1024244123,-0.01601330751,16.35664872,nan,nan
jkt_qc200,-4,0.5,-0.712970385,-1.669363066,-0.2194777917,-0.08172595214,60.07514867,nan,nan
jkt_qc200,-4,1.5,-0.713989974,-1.659873022,-0.2189989473,-0.081312724,59.8281592,nan,nan
jkt_qc200,-4,2.5,-0.7159069586,-1.641099375,-0.2180461934,-0.08049519123,59.3394155,nan,nan
jkt_qc200,-4,3.5,-0.7184828918,-1.613429592,-0.2166293377,-0.07929079782,58.61796666,nan,nan
jkt_qc200,-4,4.5,-0.7213882294,-1.577438853,-0.2147629286,-0.07772473165,57.67770736,nan,nan
jkt_qc200,-4,5.5,-0.7242274002,-1.53386255,-0.2124660469,-0.07582883059,56.53637334,nan,nan
jkt_qc200,-4,6.5,-0.7265729512,-1.483556234,-0.2097620064,-0.07364024839,55.21413416,nan,nan
jkt_qc200,-4,7.5,-0.727990549,-1.427484524,-0.2066779601,-0.0711999703,53.73382345,nan,nan
jkt_qc200,-4,8.5,-0.7280794795,-1.366677786,-0.2032444072,-0.06855127359,52.11985981,nan,nan
jkt_qc200,-4,9.5,-0.7264927454,-1.302192306,-0.1994946093,-0.06573822362,50.39700829,nan,nan
jkt_qc200,-4,10.5,-0.7229593782,-1.235087919,-0.195463932,-0.06280428513,48.59043477,nan,nan
jkt_qc200,-4,11.5,-0.7172915316,-1.16637765,-0.1911891358,-0.05979111137,46.72377618,nan,nan
jkt_qc200,-4,12.5,-0.7093957396,-1.09702462,-0.1867076461,-0.0567375537,44.82024302,nan,nan
jkt_qc200,-4,13.5,-0.6992643212,-1.027897693,-0.1820568333,-0.05367891327,42.90066259,nan,nan
jkt_qc200,-4,14.5,-0.6869706574,-0.9597660679,-0.1772733365,-0.05064643719,40.9839014,nan,nan
jkt_qc200,-4,15.5,-0.6726546109,-0.893296424,-0.1723924545,-0.04766704532,39.08695515,nan,nan
jkt_qc200,-4,16.5,-0.6565119854,-0.8290254462,-0.1674476268,-0.04476326135,37.22369203,nan,nan
jkt_qc200,-4,17.5,-0.6387749206,-0.767398943,-0.1624700167,-0.04195331449,35.40679629,nan,nan
jkt_qc200,-4,18.5,-0.61970278,-0.7087116403,-0.1574882023,-0.03925137434,33.64449199,nan,nan
jkt_qc200,-4,19.5,-0.5995596411,-0.653198258,-0.1525279741,-0.03666788144,31.9448015,nan,nan
jkt_qc200,-4,20.5,-0.5786115169,-0.6009926127,-0.1476122311,-0.03420993913,30.31327458,nan,nan
jkt_qc200,-4,21.5,-0.5571139145,-0.5521514763,-0.1427609658,-0.03188173634,28.75371242,nan,nan
jkt_qc200,-4,22.5,-0.5353028786,-0.5066643325,-0.1379913236,-0.02968497683,27.26814651,nan,nan
jkt_qc200,-4,23.5,-0.5133931172,-0.4644701233,-0.1333177208,-0.02761929587,25.8574453,nan,nan
jkt_qc200,-4,24.5,-0.4915751263,-0.4254679992,-0.1287520086,-0.02568265062,24.52149519,nan,nan
jkt_qc200,-4,25.5,-0.4700125927,-0.3895256012,-0.1243036679,-0.02387167552,23.2592231,nan,nan
jkt_qc200,-4,26.5,-0.4488431662,-0.35648907,-0.1199800225,-0.02218199778,22.06886529,nan,nan
jkt_qc200,-4,27.5,-0.428179652,-0.3261907252,-0.1157864623,-0.02060851123,20.94813733,nan,nan
jkt_qc200,-4,28.5,-0.4081116893,-0.2984553411,-0.1117266653,-0.01914560912,19.8943686,nan,nan
jkt_qc200,-4,29.5,-0.3887079832,-0.2731053285,-0.1078028149,-0.0177873782,18.90463097,nan,nan
jkt_qc200,-3.5,0.5,-0.2390062371,-2.307237421,-0.2418088706,-0.1028990055,77.91035517,nan,nan
jkt_qc200,-3.5,1.5,-0.2456989478,-2.294566133,-0.2412561695,-0.102325961,77.54482313,nan,nan
jkt_qc200,-3.5,2.5,-0.2587416643,-2.269453959,-0.2401559521,-0.1011932975,76.82207505,nan,nan
jkt_qc200,-3.5,3.5,-0.2774757234,-2.23233376,-0.238518605,-0.09952722105,75.7567331,nan,nan
jkt_qc200,-3.5,4.5,-0.300972776,-2.183864107,-0.2363597297,-0.09736547747,74.37104293,nan,nan
jkt_qc200,-3.5,5.5,-0.3281003274,-2.124908428,-0.2337001129,-0.09475560851,72.69331844,nan,nan
jkt_qc200,-3.5,6.5,-0.3576112663,-2.056499485,-0.230565608,-0.09175283175,70.75577983,nan,nan
jkt_qc200,-3.5,7.5,-0.3882007421,-1.979838203,-0.2269868847,-0.08841769438,68.59468728,nan,nan
jkt_qc200,-3.5,8.5,-0.4186079931,-1.896249857,-0.2229990165,-0.08481365768,66.24857894,nan,nan
jkt_qc200,-3.5,9.5,-0.4476766006,-1.807135362,-0.2186408946,-0.08100476234,63.75634173,nan,nan
jkt_qc200,-3.5,10.5,-0.4744075987,-1.713942637,-0.2139544787,-0.07705350467,61.15706611,nan,nan
jkt_qc200,-3.5,11.5,-0.4979971223,-1.618093594,-0.208983919,-0.07301902379,58.48722042,nan,nan
jkt_qc200,-3.5,12.5,-0.5178547006,-1.520973532,-0.2037745958,-0.06895566465,55.78201069,nan,nan
jkt_qc200,-3.5,13.5,-0.5336053956,-1.423860069,-0.1983721332,-0.06491194512,53.07262315,nan,nan
jkt_qc200,-3.5,14.5,-0.5450775663,-1.327905905,-0.1928214453,-0.06092992209,50.38675459,nan,nan
jkt_qc200,-3.5,15.5,-0.5522722335,-1.234125699,-0.1871658644,-0.05704492447,47.74878061,nan,nan
jkt_qc200,-3.5,16.5,-0.5553507345,-1.143349853,-0.181446392,-0.05328560121,45.17802743,nan,nan
jkt_qc200,-3.5,17.5,-0.5545766385,-1.056273704,-0.1757010977,-0.04967422204,42.69158725,nan,nan
jkt_qc200,-3.5,18.5,-0.5503217937,-0.9733683181,-0.1699646783,-0.04622716446,40.29983152,nan,nan
jkt_qc200,-3.5,19.5,-0.5429836302,-0.8950079298,-0.1642681761,-0.04295552397,38.01250155,nan,nan
jkt_qc200,-3.5,20.5,-0.5329958934,-0.8214114588,-0.1586388448,-0.03986579091,35.83558896,nan,nan
jkt_qc200,-3.5,21.5,-0.520795895,-0.7526770838,-0.1531001449,-0.03696054728,33.77247675,nan,nan
jkt_qc200,-3.5,22.5,-0.5068053723,-0.6887976536,-0.1476718462,-0.03423914711,31.82403747,nan,nan
jkt_qc200,-3.5,23.5,-0.4914203518,-0.6296862005,-0.1423702139,-0.0316983546,29.98950687,nan,nan
jkt_qc200,-3.5,24.5,-0.4750029964,-0.5751931443,-0.1372082542,-0.02933292281,28.26679615,nan,nan
jkt_qc200,-3.5,25.5,-0.4578756628,-0.52511998,-0.1321959995,-0.02713610416,26.65259753,nan,nan
jkt_qc200,-3.5,26.5,-0.4403196373,-0.4792350952,-0.1273408144,-0.02510008925,25.14277963,nan,nan
jkt_qc200,-3.5,27.5,-0.4225756231,-0.4372860128,-0.1226477069,-0.02321637555,23.73264199,nan,nan
jkt_qc200,-3.5,28.5,-0.4048455602,-0.3990093577,-0.1181196356,-0.02147607016,22.4171138,nan,nan
jkt_qc200,-3.5,29.5,-0.3872955906,-0.3641389805,-0.1137578017,-0.01987013284,21.19093315,nan,nan
jkt_qc200,-3,0.5,0.8414085414,-2.726376856,-0.2672994807,-0.1326948236,91.41455049,nan,nan
jkt_qc200,-3,1.5,0.8237501985,-2.714817155,-0.2666777089,-0.1318782024,90.93774921,nan,nan
jkt_qc200,-3,2.5,0.7891427375,-2.691699667,-0.2654382345,-0.1302656139,89.99543124,nan,nan
jkt_qc200,-3,3.5,0.7389463749,-2.657025239,-0.2635894681,-0.1278973312,88.60762726,nan,nan
jkt_qc200,-3,4.5,0.6751059441,-2.610877021,-0.2611446407,-0.1248312546,86.80474974,nan,nan
jkt_qc200,-3,5.5,0.6000292818,-2.553467761,-0.2581223746,-0.1211401083,84.62553755,nan,nan
jkt_qc200,-3,6.5,0.5164142288,-2.4851855,-0.2545472017,-0.1169080306,82.11427034,nan,nan
jkt_qc200,-3,7.5,0.4271468695,-2.406653034,-0.250449887,-0.1122268011,79.32067466,nan,nan
jkt_qc200,-3,8.5,0.3350963539,-2.318756449,-0.2458674442,-0.107191968,76.2976228,nan,nan
jkt_qc200,-3,9.5,0.2429790142,-2.222625948,-0.2408427775,-0.1018991264,73.09843146,nan,nan
jkt_qc200,-3,10.5,0.1532436719,-2.119625116,-0.2354239398,-0.09644057048,69.77642712,nan,nan
jkt_qc200,-3,11.5,0.06796453494,-2.011265726,-0.2296630563,-0.09090248908,66.38119007,nan,nan
jkt_qc200,-3,12.5,-0.01119982242,-1.899180214,-0.2236149991,-0.08536281128,62.96004304,nan,nan
jkt_qc200,-3,13.5,-0.08304388844,-1.785007831,-0.2173359299,-0.07988974352,59.554483,nan,nan
jkt_qc200,-3,14.5,-0.1467984564,-1.67033933,-0.2108818266,-0.07454097831,56.20075237,nan,nan
jkt_qc200,-3,15.5,-0.2020773909,-1.556663328,-0.2043071043,-0.06936350645,52.93004652,nan,nan
jkt_qc200,-3,16.5,-0.2488691716,-1.445281918,-0.197663414,-0.0643939314,49.76642524,nan,nan
jkt_qc200,-3,17.5,-0.2874053032,-1.337336393,-0.1909986747,-0.05965916797,46.7303693,nan,nan
jkt_qc200,-3,18.5,-0.3182017049,-1.233685114,-0.184356366,-0.05517740546,43.8334241,nan,nan
jkt_qc200,-3,19.5,-0.3418532377,-1.135035088,-0.1777750801,-0.05095922424,41.08580495,nan,nan
jkt_qc200,-3,20.5,-0.3590726721,-1.041870234,-0.171288314,-0.04700877158,38.49272857,nan,nan
jkt_qc200,-3,21.5,-0.3706161572,-0.9544881852,-0.1649244685,-0.04332492254,36.05596769,nan,nan
jkt_qc200,-3,22.5,-0.3772427562,-0.873019456,-0.1587070135,-0.03990237197,33.77412881,nan,nan
jkt_qc200,-3,23.5,-0.3796858059,-0.7974621621,-0.1526547788,-0.03673262294,31.6437992,nan,nan
jkt_qc200,-3,24.5,-0.3786328963,-0.7277074922,-0.1467823303,-0.0338048526,29.66001355,nan,nan
jkt_qc200,-3,25.5,-0.3747122592,-0.6635613177,-0.1411003969,-0.03110664897,27.81646847,nan,nan
jkt_qc200,-3,26.5,-0.3684862006,-0.6047686663,-0.1356163204,-0.02862462143,26.10604159,nan,nan
jkt_qc200,-3,27.5,-0.3604492161,-0.5510333453,-0.1303345045,-0.02634489333,24.52112656,nan,nan
jkt_qc200,-3,28.5,-0.3510292778,-0.5020341914,-0.1252568474,-0.02425348924,23.05388806,nan,nan
jkt_qc200,-3,29.5,-0.3405915502,-0.4574384129,-0.1203831469,-0.02233663039,21.69647905,nan,nan
jkt_qc200,-2.5,0.5,2.278789665,-2.249303051,-0.2950747249,-0.175762939,86.91165184,nan,nan
jkt_qc200,-2.5,1.5,2.24987275,-2.250779496,-0.2944250763,-0.1745691821,86.4449501,nan,nan
jkt_qc200,-2.5,2.5,2.192894123,-2.252953968,-0.293124728,-0.1722137006,85.52184532,nan,nan
jkt_qc200,-2.5,3.5,2.109513065,-2.254343008,-0.2911725682,-0.1687589723,84.16050648,nan,nan
jkt_qc200,-2.5,4.5,2.002190107,-2.252967859,-0.2885692288,-0.1642948429,82.38906085,nan,nan
jkt_qc200,-2.5,5.5,1.874101993,-2.24658175,-0.285319383,-0.1589341488,80.24384929,nan,nan
jkt_qc200,-2.5,6.5,1.72898104,-2.232949525,-0.2814341359,-0.1528073243,77.7672418,nan,nan
jkt_qc200,-2.5,7.5,1.571037032,-2.210067602,-0.2769330998,-0.1460563583,75.00740674,nan,nan
jkt_qc200,-2.5,8.5,1.404701712,-2.17643387,-0.2718458105,-0.1388285182,72.01673369,nan,nan
jkt_qc200,-2.5,9.5,1.234418155,-2.131164377,-0.2662122651,-0.1312702737,68.84893225,nan,nan
jkt_qc200,-2.5,10.5,1.064441829,-2.074078404,-0.2600825067,-0.1235218199,65.55852303,nan,nan
jkt_qc200,-2.5,11.5,0.8986093997,-2.00565919,-0.253515331,-0.1157125221,62.19681029,nan,nan
jkt_qc200,-2.5,12.5,0.7402200473,-1.927009354,-0.2465763013,-0.1079574916,58.81317872,nan,nan
jkt_qc200,-2.5,13.5,0.5918947223,-1.839685108,-0.2393353305,-0.1003553772,55.451171,nan,nan
jkt_qc200,-2.5,14.5,0.4555475168,-1.745554482,-0.2318641061,-0.09298733667,52.14883356,nan,nan
jkt_qc200,-2.5,15.5,0.3324266721,-1.646638074,-0.22423361,-0.08591705338,48.93868269,nan,nan
jkt_qc200,-2.5,16.5,0.2230885551,-1.544950006,-0.2165119282,-0.07919159948,45.84567264,nan,nan
jkt_qc200,-2.5,17.5,0.1276100615,-1.44240715,-0.2087624792,-0.0728429161,42.89045543,nan,nan
jkt_qc200,-2.5,18.5,0.04549072378,-1.340678823,-0.2010427189,-0.06688968268,40.08448939,nan,nan
jkt_qc200,-2.5,19.5,-0.02397301985,-1.241214435,-0.1934033222,-0.06133937173,37.43713093,nan,nan
jkt_qc200,-2.5,20.5,-0.08176026689,-1.145177231,-0.1858877988,-0.05619032296,34.95250047,nan,nan
jkt_qc200,-2.5,21.5,-0.1289868454,-1.053452394,-0.1785324744,-0.05143371436,32.63103503,nan,nan
jkt_qc200,-2.5,22.5,-0.1668276223,-0.9666596234,-0.1713667565,-0.04705534896,30.46987927,nan,nan
jkt_qc200,-2.5,23.5,-0.1964544039,-0.8851916252,-0.1644136052,-0.04303721251,28.46411657,nan,nan
jkt_qc200,-2.5,24.5,-0.2189930011,-0.809247761,-0.1576901339,-0.0393587856,26.60731004,nan,nan
jkt_qc200,-2.5,25.5,-0.2354938588,-0.7388662646,-0.1512082808,-0.03599811456,24.89178324,nan,nan
jkt_qc200,-2.5,26.5,-0.2469140611,-0.6739610135,-0.1449754999,-0.03293265884,23.30917481,nan,nan
jkt_qc200,-2.5,27.5,-0.2541092397,-0.6143530009,-0.1389954385,-0.03013994043,21.85079507,nan,nan
jkt_qc200,-2.5,28.5,-0.2578321079,-0.5597973808,-0.1332685739,-0.02759802394,20.5078904,nan,nan
jkt_qc200,-2.5,29.5,-0.2587358783,-0.5100062499,-0.1277927959,-0.02528585608,19.27185841,nan,nan
jkt_qc200,-2,0.5,3.091051057,-0.7472158432,-0.3214717123,-0.239323504,62.96190176,nan,nan
jkt_qc200,-2,1.5,3.065652618,-0.7725482861,-0.3209362213,-0.2375527057,62.69191769,nan,nan
jkt_qc200,-2,2.5,3.01476804,-0.8214783003,-0.3198483702,-0.2340590898,62.15457335,nan,nan
jkt_qc200,-2,3.5,2.938307887,-0.8906538052,-0.3181772566,-0.2289366405,61.35368701,nan,nan
jkt_qc200,-2,4.5,2.836467292,-0.9753544492,-0.3158831834,-0.2223213876,60.29705922,nan,nan
jkt_qc200,-2,5.5,2.709982703,-1.069837749,-0.3129245069,-0.2143855153,58.99630384,nan,nan
jkt_qc200,-2,6.5,2.560353801,-1.167844103,-0.3092650684,-0.2053297017,57.46715814,nan,nan
jkt_qc200,-2,7.5,2.390049883,-1.262981156,-0.3048811271,-0.1953740413,55.72958974,nan,nan
jkt_qc200,-2,8.5,2.202526465,-1.34935902,-0.2997668366,-0.1847481111,53.80904792,nan,nan
jkt_qc200,-2,9.5,2.00208635,-1.421991161,-0.2939375914,-0.1736809007,51.73458222,nan,nan
jkt_qc200,-2,10.5,1.793653492,-1.477138622,-0.2874309467,-0.1623913976,49.53898942,nan,nan
jkt_qc200,-2,11.5,1.582383827,-1.512487012,-0.2803052091,-0.1510805515,47.25570355,nan,nan
jkt_qc200,-2,12.5,1.373349546,-1.527187865,-0.2726361195,-0.1399251618,44.91975303,nan,nan
jkt_qc200,-2,13.5,1.171142415,-1.521716409,-0.2645122617,-0.129073972,42.56412847,nan,nan
jkt_qc200,-2,14.5,0.979631145,-1.497641782,-0.2560298903,-0.1186459772,40.21953516,nan,nan
jkt_qc200,-2,15.5,0.8018371334,-1.457308992,-0.2472878189,-0.108730714,37.91358811,nan,nan
jkt_qc200,-2,16.5,0.6397718935,-1.403565117,-0.238382863,-0.09939013441,35.66915028,nan,nan
jkt_qc200,-2,17.5,0.4946347989,-1.339421003,-0.2294061502,-0.09066159192,33.50571199,nan,nan
jkt_qc200,-2,18.5,0.3666388882,-1.267861865,-0.220440436,-0.08256146922,31.43630704,nan,nan
jkt_qc200,-2,19.5,0.2555156128,-1.191607963,-0.2115584153,-0.07508903642,29.4713393,nan,nan
jkt_qc200,-2,20.5,0.1604346531,-1.113061524,-0.2028219199,-0.06823022028,27.61710854,nan,nan
jkt_qc200,-2,21.5,0.08021915112,-1.034231655,-0.1942818393,-0.06196106368,25.87664809,nan,nan
jkt_qc200,-2,22.5,0.01348308084,-0.9567172318,-0.1859785803,-0.05625074644,24.24998195,nan,nan
jkt_qc200,-2,23.5,-0.04125079845,-0.8817367815,-0.1779428929,-0.05106411301,22.73515367,nan,nan
jkt_qc200,-2,24.5,-0.08546510066,-0.8101676451,-0.1701969112,-0.04636370706,21.32868894,nan,nan
jkt_qc200,-2,25.5,-0.1205862935,-0.7425917309,-0.16275529,-0.04211134866,20.02584793,nan,nan
jkt_qc200,-2,26.5,-0.1479428001,-0.6793499966,-0.1556263487,-0.03826930971,18.82111816,nan,nan
jkt_qc200,-2,27.5,-0.1687416531,-0.6205927665,-0.1488131615,-0.03480115097,17.70854074,nan,nan
jkt_qc200,-2,28.5,-0.1840580553,-0.5663247619,-0.1423145567,-0.03167228429,16.68195573,nan,nan
jkt_qc200,-2,29.5,-0.1948344625,-0.5164440483,-0.1361260048,-0.02885031881,15.73520341,nan,nan
jkt_qc200,-1.5,0.5,2.611953984,0.8898888597,-0.3355606459,-0.333002763,34.06928679,nan,nan
jkt_qc200,-1.5,1.5,2.614001937,0.8506822208,-0.3355310831,-0.330429216,34.07517357,nan,nan
jkt_qc200,-1.5,2.5,2.61601096,0.7733340846,-0.3354145677,-0.3253426646,34.08075252,nan,nan
jkt_qc200,-1.5,3.5,2.614029116,0.6600880025,-0.3351029923,-0.3178638393,34.0731049,nan,nan
jkt_qc200,-1.5,4.5,2.602806421,0.5145999015,-0.3344501184,-0.3081723218,34.03526728,nan,nan
jkt_qc200,-1.5,5.5,2.576489558,0.3421140953,-0.3332885963,-0.2965031975,33.94721348,nan,nan
jkt_qc200,-1.5,6.5,2.529508784,0.1494192349,-0.3314493244,-0.283140654,33.78852049,nan,nan
jkt_qc200,-1.5,7.5,2.457352365,-0.05521980164,-0.32878067,-0.2684078964,33.53861279,nan,nan
jkt_qc200,-1.5,8.5,2.357425172,-0.262681746,-0.3251650591,-0.2526534959,33.18148491,nan,nan
jkt_qc200,-1.5,9.5,2.229445315,-0.4636642755,-0.32053086,-0.2362351388,32.70581333,nan,nan
jkt_qc200,-1.5,10.5,2.075579799,-0.6494982884,-0.3148583034,-0.2195024337,32.10679891,nan,nan
jkt_qc200,-1.5,11.5,1.900133535,-0.8129338761,-0.3081792155,-0.2027807438,31.38532584,nan,nan
jkt_qc200,-1.5,12.5,1.709044371,-0.9487117069,-0.3005713461,-0.1863578494,30.54940267,nan,nan
jkt_qc200,-1.5,13.5,1.509081301,-1.053861916,-0.2921488096,-0.1704746998,29.61171047,nan,nan
jkt_qc200,-1.5,14.5,1.307102627,-1.127679795,-0.283050492,-0.1553207564,28.5890103,nan,nan
jkt_qc200,-1.5,15.5,1.109433401,-1.171394964,-0.273428204,-0.1410336931,27.50039922,nan,nan
jkt_qc200,-1.5,16.5,0.9213036591,-1.187831841,-0.2634359822,-0.1277026669,26.36608932,nan,nan
jkt_qc200,-1.5,17.5,0.7467495094,-1.180724504,-0.2532214276,-0.1153740829,25.20583697,nan,nan
jkt_qc200,-1.5,18.5,0.5882695861,-1.15442762,-0.2429194495,-0.1040587395,24.03794936,nan,nan
jkt_qc200,-1.5,19.5,0.4473091668,-1.113207526,-0.2326483761,-0.09373938554,22.87812698,nan,nan
jkt_qc200,-1.5,20.5,0.3242064695,-1.061136779,-0.2225081184,-0.08437795908,21.73992422,nan,nan
jkt_qc200,-1.5,21.5,0.2184876754,-1.001832603,-0.2125799455,-0.07592204026,20.63424644,nan,nan
jkt_qc200,-1.5,22.5,0.1291030186,-0.9383473749,-0.2029274034,-0.06831027983,19.56914022,nan,nan
jkt_qc200,-1.5,23.5,0.05464602579,-0.8731528273,-0.1935979554,-0.06147674157,18.55041797,nan,nan
jkt_qc200,-1.5,24.5,-0.006473988665,-0.8081675268,-0.1846250003,-0.05535421498,17.58191729,nan,nan
jkt_qc200,-1.5,25.5,-0.05590086258,-0.7448122439,-0.1760300119,-0.04987662124,16.66565527,nan,nan
jkt_qc200,-1.5,26.5,-0.09523649635,-0.6840863523,-0.1678246261,-0.04498066428,15.80225107,nan,nan
jkt_qc200,-1.5,27.5,-0.1259805206,-0.626645329,-0.1600125664,-0.04060688087,14.99124341,nan,nan
jkt_qc200,-1.5,28.5,-0.1494956125,-0.5728734823,-0.1525913519,-0.03670023119,14.2313577,nan,nan
jkt_qc200,-1.5,29.5,-0.1669920491,-0.5229485591,-0.1455537665,-0.03321035132,13.52074509,nan,nan
jkt_qc200,-1,0.5,1.264118209,1.536264437,-0.3107190478,-0.4623033129,12.7569362,nan,nan
jkt_qc200,-1,1.5,1.293529823,1.51753533,-0.3120511966,-0.4589868014,12.90764347,nan,nan
jkt_qc200,-1,2.5,1.350532068,1.478275151,-0.314582356,-0.4523843453,13.20505263,nan,nan
jkt_qc200,-1,3.5,1.43130708,1.415208709,-0.3180559387,-0.4425656103,13.64016718,nan,nan
jkt_qc200,-1,4.5,1.529859512,1.324365709,-0.3221114625,-0.4296541873,14.19904198,nan,nan
jkt_qc200,-1,5.5,1.637913557,1.202093043,-0.3263138116,-0.4138445816,14.86162958,nan,nan
jkt_qc200,-1,6.5,1.745257292,1.046260056,-0.3301909178,-0.3954160877,15.60247304,nan,nan
jkt_qc200,-1,7.5,1.840278645,0.857405206,-0.333276792,-0.3747383149,16.38859928,nan,nan
jkt_qc200,-1,8.5,1.911413607,0.6395673733,-0.3351549584,-0.352264602,17.18366559,nan,nan
jkt_qc200,-1,9.5,1.948591611,0.400404479,-0.3354962332,-0.328512304,17.94887473,nan,nan
jkt_qc200,-1,10.5,1.944756462,0.1505937678,-0.3340851372,-0.3040322182,18.64633538,nan,nan
jkt_qc200,-1,11.5,1.896902711,-0.09749937154,-0.3308312171,-0.279372196,19.24150523,nan,nan
jkt_qc200,-1,12.5,1.806484238,-0.3314650751,-0.3257646284,-0.2550413007,19.70719659,nan,nan
jkt_qc200,-1,13.5,1.67892275,-0.5405269268,-0.3190184721,-0.2314803421,20.02466769,nan,nan
jkt_qc200,-1,14.5,1.522548737,-0.7167587424,-0.3108025748,-0.2090426085,20.18501243,nan,nan
jkt_qc200,-1,15.5,1.347213115,-0.8556069724,-0.3013741173,-0.1879859799,20.18820361,nan,nan
jkt_qc200,-1,16.5,1.162880386,-0.9560536937,-0.2910098446,-0.1684752558,20.04348279,nan,nan
jkt_qc200,-1,17.5,0.9785840113,-1.019807118,-0.2799830751,-0.1505920444,19.76514443,nan,nan
jkt_qc200,-1,18.5,0.8015158138,-1.050928209,-0.2685469962,-0.1343490717,19.37376821,nan,nan
jkt_qc200,-1,19.5,0.637019695,-1.054400216,-0.2569243005,-0.1197060586,18.88923041,nan,nan
jkt_qc200,-1,20.5,0.4884623886,-1.035768122,-0.2453022791,-0.106585029,18.33280496,nan,nan
jkt_qc200,-1,21.5,0.3575157579,-1.000448337,-0.2338320661,-0.09488373348,17.72468665,nan,nan
jkt_qc200,-1,22.5,0.2445076857,-0.953336969,-0.2226306858,-0.08448658357,17.08279188,nan,nan
jkt_qc200,-1,23.5,0.1488045922,-0.8986155177,-0.2117847312,-0.07527300954,16.42265221,nan,nan
jkt_qc200,-1,24.5,0.06914679985,-0.8396850299,-0.20135478,-0.06712346802,15.75722848,nan,nan
jkt_qc200,-1,25.5,0.003922150396,-0.7791885652,-0.191379927,-0.05992347863,15.0968172,nan,nan
jkt_qc200,-1,26.5,-0.04862408535,-0.7190938443,-0.1818820501,-0.05356610803,14.44935639,nan,nan
jkt_qc200,-1,27.5,-0.09024468555,-0.6607982646,-0.1728696041,-0.04795329334,13.82073355,nan,nan
jkt_qc200,-1,28.5,-0.122597731,-0.6052378099,-0.1643408612,-0.0429963398,13.21510361,nan,nan
jkt_qc200,-1,29.5,-0.1471938134,-0.5529889493,-0.1562865947,-0.03861585958,12.63521186,nan,nan
jkt_qc200,-0.5,0.5,0.3262626457,1.106020433,-0.2028871194,-0.6028612422,3.286486746,nan,nan
jkt_qc200,-0.5,1.5,0.3465450828,1.114325083,-0.2065843673,-0.600014111,3.38175828,nan,nan
jkt_qc200,-0.5,2.5,0.3881566165,1.129382801,-0.2138066812,-0.5942096843,3.576170082,nan,nan
jkt_qc200,-0.5,3.5,0.4529026268,1.14786818,-0.2242052113,-0.5852493905,3.876733641,nan,nan
jkt_qc200,-0.5,4.5,0.5427092245,1.164450558,-0.2372498468,-0.5728889275,4.29265204,nan,nan
jkt_qc200,-0.5,5.5,0.6586250609,1.171606445,-0.2522324578,-0.5568990206,4.833207393,nan,nan
jkt_qc200,-0.5,6.5,0.7995547366,1.159947231,-0.2682875302,-0.5371376828,5.505665448,nan,nan
jkt_qc200,-0.5,7.5,0.960841729,1.118997437,-0.284438091,-0.5136224639,6.310674954,nan,nan
jkt_qc200,-0.5,8.5,1.133425076,1.039160182,-0.2996690493,-0.4865870289,7.240460921,nan,nan
jkt_qc200,-0.5,9.5,1.303914412,0.9139681329,-0.3130210083,-0.4565059424,8.275775095,nan,nan
jkt_qc200,-0.5,10.5,1.456060488,0.7423625467,-0.3236883384,-0.4240769656,9.385346587,nan,nan
jkt_qc200,-0.5,11.5,1.573424598,0.5299667926,-0.3311003035,-0.3901610296,10.52701075,nan,nan
jkt_qc200,-0.5,12.5,1.642608336,0.2888529497,-0.3349666327,-0.3556924775,11.65214769,nan,nan
jkt_qc200,-0.5,13.5,1.655903876,0.03552220877,-0.3352787272,-0.3215806419,12.71061091,nan,nan
jkt_qc200,-0.5,14.5,1.612588445,-0.2121230777,-0.3322704067,-0.2886245754,13.65684872,nan,nan
jkt_qc200,-0.5,15.5,1.51847489,-0.4378161794,-0.3263520855,-0.257456089,14.45372305,nan,nan
jkt_qc200,-0.5,16.5,1.38428839,-0.629510504,-0.3180359962,-0.2285160662,15.0785081,nan,nan
jkt_qc200,-0.5,17.5,1.223123258,-0.7801279484,-0.3078676286,-0.2020599328,15.51964725,nan,nan
jkt_qc200,-0.5,18.5,1.048189952,-0.8880711931,-0.2963726232,-0.1781830229,15.78256534,nan,nan
jkt_qc200,-0.5,19.5,0.8710488513,-0.9553748274,-0.2840221046,-0.156855657,15.87756616,nan,nan
jkt_qc200,-0.5,20.5,0.7007552119,-0.9869494516,-0.2712148753,-0.1379596614,15.82375121,nan,nan
jkt_qc200,-0.5,21.5,0.5435618704,-0.9891093741,-0.2582725743,-0.1213210414,15.64409026,nan,nan
jkt_qc200,-0.5,22.5,0.4031334917,-0.9684903345,-0.2454434101,-0.1067363101,15.3624414,nan,nan
jkt_qc200,-0.5,23.5,0.2810391155,-0.9313258423,-0.2329106624,-0.09399198661,15.00194598,nan,nan
jkt_qc200,-0.5,24.5,0.1773055982,-0.8830348823,-0.2208031361,-0.0828779387,14.58373553,nan,nan
jkt_qc200,-0.5,25.5,0.09093339889,-0.8280522504,-0.2092057453,-0.07319574479,14.12609063,nan,nan
jkt_qc200,-0.5,26.5,0.02032651215,-0.7698314907,-0.1981692006,-0.06476332785,13.64429576,nan,nan
jkt_qc200,-0.5,27.5,-0.0363886695,-0.7109414134,-0.1877183346,-0.05741697434,13.15072996,nan,nan
jkt_qc200,-0.5,28.5,-0.08114353797,-0.6532046554,-0.1778589511,-0.0510116293,12.65511995,nan,nan
jkt_qc200,-0.5,29.5,-0.1157884668,-0.5978454972,-0.1685832792,-0.04542013263,12.16489291,nan,nan
jkt_qc200,0,0.5,0.1230890138,0.6262067462,-0.0006509100247,-0.6711403083,0.9042160426,nan,nan
jkt_qc200,0,1.5,0.1278075801,0.6348043091,-0.005857749429,-0.671089809,0.9309839178,nan,nan
jkt_qc200,0,2.5,0.1380312523,0.6521869364,-0.01626320497,-0.6707466151,0.9871934062,nan,nan
jkt_qc200,0,3.5,0.1554461759,0.6785914355,-0.03182275162,-0.6696286274,1.078401142,nan,nan
jkt_qc200,0,4.5,0.1827904328,0.7140385853,-0.05240037671,-0.6670244496,1.213542519,nan,nan
jkt_qc200,0,5.5,0.2240204728,0.7577882147,-0.07769026386,-0.662023779,1.40538448,nan,nan
jkt_qc200,0,6.5,0.2842211378,0.8075498582,-0.1071259469,-0.6535823748,1.670865832,nan,nan
jkt_qc200,0,7.5,0.3691322543,0.8583076183,-0.1397978585,-0.6406345597,2.030325023,nan,nan
jkt_qc200,0,8.5,0.4836712635,0.9014386988,-0.174411136,-0.6222554813,2.505930729,nan,nan
jkt_qc200,0,9.5,0.6296538969,0.9244424325,-0.2093197327,-0.5978542659,3.117944103,nan,nan
jkt_qc200,0,10.5,0.8030674516,0.9123267391,-0.2426608695,-0.5673532185,3.879617618,nan,nan
jkt_qc200,0,11.5,0.992167735,0.8508982959,-0.2725815371,-0.5312918172,4.791251732,nan,nan
jkt_qc200,0,12.5,1.177882235,0.731397,-0.2975062511,-0.4908043926,5.835927223,nan,nan
jkt_qc200,0,13.5,1.337221182,0.5544237978,-0.3163667696,-0.4474615209,6.97794949,nan,nan
jkt_qc200,0,14.5,1.448790269,0.3312857854,-0.3287221588,-0.4030188389,8.165940442,nan,nan
jkt_qc200,0,15.5,1.498060737,0.08188919751,-0.3347409033,-0.3591515614,9.338199137,nan,nan
jkt_qc200,0,16.5,1.48083444,-0.1701607844,-0.3350699257,-0.3172487594,10.43509122,nan,nan
jkt_qc200,0,17.5,1.402707924,-0.4027240117,-0.3306483395,-0.2783060326,11.40243506,nan,nan
jkt_qc200,0,18.5,1.276889281,-0.5997838675,-0.322524837,-0.2429137392,12.20753724,nan,nan
jkt_qc200,0,19.5,1.119562309,-0.7522114637,-0.3117166076,-0.2113114791,12.82784242,nan,nan
jkt_qc200,0,20.5,0.9469457537,-0.8579309255,-0.2991220907,-0.1834734118,13.25968738,nan,nan
jkt_qc200,0,21.5,0.7727574537,-0.9201105181,-0.2854816711,-0.1591965611,13.5128459,nan,nan
jkt_qc200,0,22.5,0.6071148412,-0.9450757696,-0.2713724982,-0.1381761755,13.60594464,nan,nan
jkt_qc200,0,23.5,0.456488268,-0.9404684596,-0.2572232295,-0.1200623483,13.56266216,nan,nan
jkt_qc200,0,24.5,0.32423222,-0.9139150364,-0.2433376936,-0.1044983878,13.40831372,nan,nan
jkt_qc200,0,25.5,0.2113493317,-0.8722285473,-0.2299203914,-0.09114429725,13.16727752,nan,nan
jkt_qc200,0,26.5,0.1172592801,-0.8210506889,-0.2170999919,-0.07968937688,12.86159158,nan,nan
jkt_qc200,0,27.5,0.04043773022,-0.7647864755,-0.2049491912,-0.06985752466,12.51024873,nan,nan
jkt_qc200,0,28.5,-0.02110650135,-0.7067053062,-0.1935005966,-0.06140800097,12.12900633,nan,nan
jkt_qc200,0,29.5,-0.06950646073,-0.6491182305,-0.1827589532,-0.05413361144,11.73054161,nan,nan
jkt_qc200,0.5,0.5,0.1189209278,0.4029327417,0.2019539016,-0.6035670403,0.4357105089,nan,nan
jkt_qc200,0.5,1.5,0.119955191,0.4070737835,0.1981856018,-0.6063656091,0.4425489877,nan,nan
jkt_qc200,0.5,2.5,0.1221855094,0.4155706192,0.1904804427,-0.611839797,0.4569269216,nan,nan
jkt_qc200,0.5,3.5,0.1259869357,0.428854952,0.1785093009,-0.6197217846,0.4803543,nan,nan
jkt_qc200,0.5,4.5,0.1320274506,0.447602623,0.1618033649,-0.6295555227,0.515429106,nan,nan
jkt_qc200,0.5,5.5,0.1414492155,0.4727309301,0.1397978585,-0.6406345597,0.5662960101,nan,nan
jkt_qc200,0.5,6.5,0.1561118991,0.5053322192,0.1119132388,-0.6519293913,0.6393331164,nan,nan
jkt_qc200,0.5,7.5,0.1790703246,0.5464366122,0.07769026386,-0.662023779,0.7442061035,nan,nan
jkt_qc200,0.5,8.5,0.2149764183,0.5964312274,0.03698886531,-0.669096127,0.8950853684,nan,nan
jkt_qc200,0.5,9.5,0.2704012003,0.6538581651,-0.009761593611,-0.6709989294,1.111722326,nan,nan
jkt_qc200,0.5,10.5,0.3533299602,0.7135895764,-0.06131599193,-0.6654915048,1.419608948,nan,nan
jkt_qc200,0.5,11.5,0.4710627082,0.7648614367,-0.1154790003,-0.6506452874,1.847858627,nan,nan
jkt_qc200,0.5,12.5,0.626131225,0.7907946968,-0.1692143644,-0.6253532144,2.424103442,nan,nan
jkt_qc200,0.5,13.5,0.8115621316,0.7711571401,-0.219071517,-0.5897656913,3.166412535,nan,nan
jkt_qc200,0.5,14.5,1.008485194,0.6888955613,-0.2618505118,-0.545431971,4.074775853,nan,nan
jkt_qc200,0.5,15.5,1.18874846,0.5377679565,-0.2952646579,-0.4950268024,5.123869514,nan,nan
jkt_qc200,0.5,16.5,1.32314289,0.3270511112,-0.3183283611,-0.4417523642,6.26579014,nan,nan
jkt_qc200,0.5,17.5,1.390099464,0.07959278991,-0.3313427091,-0.3886698982,7.432219975,nan,nan
jkt_qc200,0.5,18.5,1.382607966,-0.1753603736,-0.3355600851,-0.3382104521,8.557129128,nan,nan
jkt_qc200,0.5,19.5,1.306783072,-0.4103766517,-0.3327262111,-0.2919722058,9.574115368,nan,nan
jkt_qc200,0.5,20.5,1.178678551,-0.6058076639,-0.3246769945,-0.2507625135,10.43563562,nan,nan
jkt_qc200,0.5,21.5,1.018232994,-0.7519081757,-0.3130745772,-0.2147737426,11.11506849,nan,nan
jkt_qc200,0.5,22.5,0.8443539258,-0.8477036576,-0.2992833668,-0.1837910029,11.60550398,nan,nan
jkt_qc200,0.5,23.5,0.6720868423,-0.8982425852,-0.284346243,-0.1573718327,11.91588902,nan,nan
jkt_qc200,0.5,24.5,0.5117000329,-0.9116841362,-0.2690161535,-0.1349767278,12.06561538,nan,nan
jkt_qc200,0.5,25.5,0.3690518838,-0.8970101851,-0.2538096427,-0.1160523487,12.07930384,nan,nan
jkt_qc200,0.5,26.5,0.246565795,-0.8625873233,-0.2390626556,-0.1000782472,11.98291227,nan,nan
jkt_qc200,0.5,27.5,0.1443075257,-0.8154622852,-0.2249794218,-0.08658894448,11.80112626,nan,nan
jkt_qc200,0.5,28.5,0.06091592569,-0.7611601741,-0.211671524,-0.07518094212,11.55588851,nan,nan
jkt_qc200,0.5,29.5,-0.005699545301,-0.7037718848,-0.1991874109,-0.0655113734,11.26579576,nan,nan
jkt_qc200,1,0.5,0.1236817027,0.294902167,0.3103789678,-0.4631339307,0.3290064125,nan,nan
jkt_qc200,1,1.5,0.1241639574,0.2970885178,0.3089901775,-0.4664620677,0.3311751192,nan,nan
jkt_qc200,1,2.5,0.125166119,0.3015564413,0.3060738854,-0.4731434209,0.3357084374,nan,nan
jkt_qc200,1,3.5,0.1267803666,0.3084994922,0.3013433182,-0.483217836,0.3430240623,nan,nan
jkt_qc200,1,4.5,0.129161388,0.3182343622,0.2943457085,-0.4967168136,0.353831595,nan,nan
jkt_qc200,1,5.5,0.1325703885,0.3312297887,0.284438091,-0.5136224639,0.3692580714,nan,nan
jkt_qc200,1,6.5,0.137426891,0.348132916,0.2707624698,-0.5338007025,0.3910133289,nan,nan
jkt_qc200,1,7.5,0.1444635442,0.3698414275,0.2522324578,-0.5568990206,0.4218037077,nan,nan
jkt_qc200,1,8.5,0.1548956493,0.397529524,0.2275545028,-0.5822007365,0.4658416524,nan,nan
jkt_qc200,1,9.5,0.1708113811,0.4326212174,0.1953223721,-0.6084380405,0.5297878676,nan,nan
jkt_qc200,1,10.5,0.1957544377,0.476551719,0.1542383809,-0.6335940629,0.6241816661,nan,nan
jkt_qc200,1,11.5,0.2355135426,0.5299378275,0.1035115362,-0.6547771459,0.7652803559,nan,nan
jkt_qc200,1,12.5,0.298604116,0.590738414,0.04342764148,-0.6683189937,0.9768135892,nan,nan
jkt_qc200,1,13.5,0.3952882542,0.6512062733,-0.02405272059,-0.6702778149,1.290032846,nan,nan
jkt_qc200,1,14.5,0.5334720902,0.6951177638,-0.09500178581,-0.6574123578,1.740146712,nan,nan
jkt_qc200,1,15.5,0.7114822077,0.6984087738,-0.1639367122,-0.6283712461,2.35693917,nan,nan
jkt_qc200,1,16.5,0.9117960763,0.6370191505,-0.2250480305,-0.5844899832,3.153820634,nan,nan
jkt_qc200,1,17.5,1.101890047,0.4983025516,-0.2737766498,-0.5296165629,4.114440793,nan,nan
jkt_qc200,1,18.5,1.245588891,0.2905196382,-0.3079184139,-0.4689638377,5.197588572,nan,nan
jkt_qc200,1,19.5,1.315647925,0.04009397253,-0.3277415599,-0.4076330128,6.332853403,nan,nan
jkt_qc200,1,20.5,1.303219686,-0.2175164608,-0.3352793715,-0.3495448477,7.441349825,nan,nan
jkt_qc200,1,21.5,1.217513252,-0.4501020405,-0.3333551274,-0.2970750258,8.450882871,nan,nan
jkt_qc200,1,22.5,1.07904375,-0.6365088385,-0.3247996968,-0.2512336619,9.308161843,nan,nan
jkt_qc200,1,23.5,0.9114709452,-0.7683057496,-0.3120197748,-0.2120747194,9.984211174,nan,nan
jkt_qc200,1,24.5,0.7356048926,-0.8471947794,-0.296858761,-0.1791018907,10.47276377,nan,nan
jkt_qc200,1,25.5,0.5666200218,-0.8809152795,-0.2806275322,-0.1515712079,10.78459617,nan,nan
jkt_qc200,1,26.5,0.4137876601,-0.879582159,-0.2642043078,-0.1286801028,10.94091955,nan,nan
jkt_qc200,1,27.5,0.281529661,-0.8532247959,-0.2481451408,-0.1096688778,10.96760324,nan,nan
jkt_qc200,1,28.5,0.170863142,-0.810498038,-0.2327794653,-0.09386556553,10.89101105,nan,nan
jkt_qc200,1,29.5,0.08071865501,-0.7582340133,-0.2182837663,-0.08069846746,10.73548438,nan,nan
jkt_qc200,1.5,0.5,0.1230854957,0.2316969303,0.3355649704,-0.3336493053,0.3073943911,nan,nan
jkt_qc200,1.5,1.5,0.123436294,0.233029748,0.3355697856,-0.3362480997,0.3081465129,nan,nan
jkt_qc200,1.5,2.5,0.1241512808,0.2357411977,0.3355179672,-0.3415062839,0.3097199369,nan,nan
jkt_qc200,1.5,3.5,0.1252666741,0.239923558,0.3352793715,-0.3495448477,0.3122633052,nan,nan
jkt_qc200,1.5,4.5,0.1268367685,0.2457270543,0.3346399077,-0.3605439038,0.3160206896,nan,nan
jkt_qc200,1.5,5.5,0.128947859,0.2533736356,0.333276792,-0.3747383149,0.321371907,nan,nan
jkt_qc200,1.5,6.5,0.1317314309,0.263163735,0.3307222738,-0.3924063545,0.3288590954,nan,nan
jkt_qc200,1.5,7.5,0.1354042144,0.2755289779,0.3263138116,-0.4138445816,0.3393381947,nan,nan
jkt_qc200,1.5,8.5,0.1402984058,0.2910544194,0.3191302224,-0.4393174763,0.354073129,nan,nan
jkt_qc200,1.5,9.5,0.1469631157,0.31053821,0.3079184139,-0.4689638377,0.3750137437,nan,nan
jkt_qc200,1.5,10.5,0.1563172587,0.3350659581,0.2910277026,-0.5026345789,0.4052434675,nan,nan
jkt_qc200,1.5,11.5,0.1699673213,0.3660553707,0.266393998,-0.5396336414,0.4497482444,nan,nan
jkt_qc200,1.5,12.5,0.1907401394,0.4052105759,0.2316585605,-0.5783498996,0.5167465984,nan,nan
jkt_qc200,1.5,13.5,0.2236125505,0.454034773,0.1845561145,-0.615832099,0.6197528853,nan,nan
jkt_qc200,1.5,14.5,0.2768015778,0.5123071039,0.1237132899,-0.6475040558,0.7802665358,nan,nan
jkt_qc200,1.5,15.5,0.3620142096,0.5745373855,0.04984215188,-0.6674187787,1.029503199,nan,nan
jkt_qc200,1.5,16.5,0.4906784523,0.625400813,-0.03311542366,-0.6695029614,1.40629455,nan,nan
jkt_qc200,1.5,17.5,0.6650586076,0.6378576161,-0.1178440881,-0.649768355,1.947242078,nan,nan
jkt_qc200,1.5,18.5,0.8677529602,0.582515001,-0.1953223721,-0.6084380405,2.674972785,nan,nan
jkt_qc200,1.5,19.5,1.061589142,0.4424247056,-0.2578155981,-0.5503695796,3.58093843,nan,nan
jkt_qc200,1.5,20.5,1.202993265,0.2268053822,-0.3013433182,-0.483217836,4.621029512,nan,nan
jkt_qc200,1.5,21.5,1.261425537,-0.03120709032,-0.3261254551,-0.4146256895,5.721620197,nan,nan
jkt_qc200,1.5,22.5,1.230384875,-0.2894717179,-0.3352504234,-0.3502229043,6.797056356,nan,nan
jkt_qc200,1.5,23.5,1.124918229,-0.512879345,-0.3328717532,-0.2930977005,7.770257152,nan,nan
jkt_qc200,1.5,24.5,0.9711424068,-0.681689654,-0.3229133573,-0.2442769659,8.587176228,nan,nan
jkt_qc200,1.5,25.5,0.7957919089,-0.7913190422,-0.3084902179,-0.2035048585,9.221456388,nan,nan
jkt_qc200,1.5,26.5,0.6200225724,-0.8475418137,-0.2918234213,-0.169900222,9.671000447,nan,nan
jkt_qc200,1.5,27.5,0.4575704982,-0.8610906072,-0.2743809752,-0.1423798369,9.950588825,nan,nan
jkt_qc200,1.5,28.5,0.3155740074,-0.8436681773,-0.2570737157,-0.1198840193,10.08416967,nan,nan
jkt_qc200,1.5,29.5,0.196391632,-0.8057278787,-0.2404303579,-0.1014747988,10.09879273,nan,nan
jkt_qc200,2,0.5,0.1195331304,0.18986883,0.3216046733,-0.2397687249,0.3128186524,nan,nan
jkt_qc200,2,1.5,0.1198221897,0.190764367,0.3221327765,-0.2415597551,0.3130286221,nan,nan
jkt_qc200,2,2.5,0.1204069439,0.1925803333,0.3231703604,-0.2451909457,0.3134768088,nan,nan
jkt_qc200,2,3.5,0.1213072746,0.1953669882,0.3246769945,-0.2507625135,0.314228527,nan,nan
jkt_qc200,2,4.5,0.1225501001,0.1992048293,0.3265835708,-0.2584296149,0.3153842323,nan,nan
jkt_qc200,2,5.5,0.124175617,0.2042114874,0.32878067,-0.2684078964,0.3170981745,nan,nan
jkt_qc200,2,6.5,0.1262451496,0.2105420093,0.3311003525,-0.2809802069,0.319581249,nan,nan
jkt_qc200,2,7.5,0.1288495144,0.2184184448,0.3332885963,-0.2965031975,0.3231672855,nan,nan
jkt_qc200,2,8.5,0.1321175368,0.2281346423,0.3349643818,-0.3154110272,0.3283197933,nan,nan
jkt_qc200,2,9.5,0.136247645,0.2400876736,0.3355600851,-0.3382104521,0.3357265036,nan,nan
jkt_qc200,2,10.5,0.1415415674,0.2548205124,0.3342370248,-0.3654561098,0.3464207734,nan,nan
jkt_qc200,2,11.5,0.1484935918,0.2730737509,0.3297715806,-0.3976852413,0.3620029592,nan,nan
jkt_qc200,2,12.5,0.157912843,0.2958671948,0.320415915,-0.4352759442,0.3850110672,nan,nan
jkt_qc200,2,13.5,0.1712074941,0.3245753262,0.3037628298,-0.4781737077,0.4196071593,nan,nan
jkt_qc200,2,14.5,0.1908802319,0.3609620871,0.2767031862,-0.5254201128,0.4728141195,nan,nan
jkt_qc200,2,15.5,0.2215863556,0.4069023956,0.2356707295,-0.5744571531,0.5568011579,nan,nan
jkt_qc200,2,16.5,0.2714398477,0.4629998477,0.1774897435,-0.6203597448,0.6918440372,nan,nan
jkt_qc200,2,17.5,0.3532960219,0.5247525192,0.1010908634,-0.6555519967,0.9095740665,nan,nan
jkt_qc200,2,18.5,0.4806578544,0.576559485,0.009761593611,-0.6709989294,1.251186335,nan,nan
jkt_qc200,2,19.5,0.657622002,0.5882349749,-0.08762773,-0.6594978091,1.758831853,nan,nan
jkt_qc200,2,20.5,0.8642424754,0.5248823688,-0.1785093009,-0.6197217846,2.458200936,nan,nan
jkt_qc200,2,21.5,1.055699239,0.3689251979,-0.2515181592,-0.5577104162,3.341167577,nan,nan
jkt_qc200,2,22.5,1.182135475,0.1360843263,-0.3009293783,-0.4840596932,4.358522792,nan,nan
jkt_qc200,2,23.5,1.213984191,-0.1308566227,-0.327397668,-0.4091796213,5.428942889,nan,nan
jkt_qc200,2,24.5,1.152283388,-0.3838883115,-0.3355387519,-0.3401841655,6.46102851,nan,nan
jkt_qc200,2,25.5,1.020780628,-0.5886392997,-0.3310113379,-0.2804430323,7.377074282,nan,nan
jkt_qc200,2,26.5,0.8510279458,-0.7306032736,-0.3187392944,-0.2306285696,8.127632531,nan,nan
jkt_qc200,2,27.5,0.6709090792,-0.8113365974,-0.3023349025,-0.1899643335,8.693712178,nan,nan
jkt_qc200,2,28.5,0.4997418577,-0.8412770413,-0.2841841579,-0.1571134593,9.080435208,nan,nan
jkt_qc200,2,29.5,0.3482263115,-0.8336603025,-0.2657475886,-0.1306662011,9.307794022,nan,nan
jkt_qc200,2.5,0.5,0.11478181,0.1600326892,0.2952370707,-0.1760630647,0.3282354258,nan,nan
jkt_qc200,2.5,1.5,0.1150285718,0.1606747226,0.2958861551,-0.1772703642,0.328207307,nan,nan
jkt_qc200,2.5,2.5,0.1155261834,0.161973645,0.2971826538,-0.1797179417,0.3281632478,nan,nan
jkt_qc200,2.5,3.5,0.1162875578,0.1639598434,0.2991220907,-0.1834734118,0.3281368274,nan,nan
jkt_qc200,2.5,4.5,0.1173291578,0.1666809967,0.3016947002,-0.1886424326,0.3281740017,nan,nan
jkt_qc200,2.5,5.5,0.1186744109,0.1702059167,0.3048811271,-0.1953740413,0.3283443781,nan,nan
jkt_qc200,2.5,6.5,0.1203598667,0.1746244144,0.3086454952,-0.2038681596,0.3287441928,nan,nan
jkt_qc200,2.5,7.5,0.1224345668,0.1800627231,0.3129245069,-0.2143855153,0.3295235823,nan,nan
jkt_qc200,2.5,8.5,0.1249646515,0.1866841861,0.3176104559,-0.2272600894,0.3308810309,nan,nan
jkt_qc200,2.5,9.5,0.1280464535,0.1947051364,0.322524837,-0.2429137392,0.3331055584,nan,nan
jkt_qc200,2.5,10.5,0.1318138669,0.2044143989,0.3273774588,-0.2618714897,0.3366101887,nan,nan
jkt_qc200,2.5,11.5,0.1364727019,0.2161995356,0.3317034744,-0.2847733709,0.3420154267,nan,nan
jkt_qc200,2.5,12.5,0.1423268396,0.2305881589,0.3347677151,-0.3123731183,0.3502460927,nan,nan
jkt_qc200,2.5,13.5,0.1498650473,0.2483021848,0.3354234443,-0.3455029021,0.3627440616,nan,nan
jkt_qc200,2.5,14.5,0.1598813412,0.2703347613,0.3319156205,-0.3849623825,0.3817982407,nan,nan
jkt_qc200,2.5,15.5,0.1737830594,0.2980837006,0.321639282,-0.431255957,0.4113360504,nan,nan
jkt_qc200,2.5,16.5,0.19406022,0.3333421614,0.3009293783,-0.4840596932,0.4579534049,nan,nan
jkt_qc200,2.5,17.5,0.2255355823,0.3781958862,0.2651137911,-0.5412941144,0.5337369257,nan,nan
jkt_qc200,2.5,18.5,0.2766815055,0.433404268,0.2093197327,-0.5978542659,0.6589297356,nan,nan
jkt_qc200,2.5,19.5,0.3615724859,0.4943193497,0.1306713857,-0.6446538391,0.8669436623,nan,nan
jkt_qc200,2.5,20.5,0.4957996606,0.5428523399,0.03182275162,-0.6696286274,1.202687366,nan,nan
jkt_qc200,2.5,21.5,0.6820940867,0.5434843101,-0.07644017107,-0.6623187528,1.711162529,nan,nan
jkt_qc200,2.5,22.5,0.8927105362,0.4575047288,-0.1774897435,-0.6203597448,2.416826049,nan,nan
jkt_qc200,2.5,23.5,1.072381245,0.2724459281,-0.2564416457,-0.5520080418,3.304481194,nan,nan
jkt_qc200,2.5,24.5,1.168212792,0.01725268651,-0.3068204938,-0.4714701562,4.313906104,nan,nan
jkt_qc200,2.5,25.5,1.158807409,-0.2538833051,-0.3308502191,-0.3916567668,5.353830904,nan,nan
jkt_qc200,2.5,26.5,1.058220636,-0.4908850389,-0.33522451,-0.3203366894,6.329560832,nan,nan
jkt_qc200,2.5,27.5,0.8998525407,-0.6655911298,-0.3270403751,-0.2603897992,7.168451931,nan,nan
jkt_qc200,2.5,28.5,0.7183668922,-0.7724111541,-0.311868288,-0.2116926625,7.831533953,nan,nan
jkt_qc200,2.5,29.5,0.5397063805,-0.8201045662,-0.2934499253,-0.1727986002,8.31108104,nan,nan
jkt_qc200,3,0.5,0.1096834481,0.1376653409,0.2674551323,-0.1329000664,0.3473548696,nan,nan
jkt_qc200,3,1.5,0.1098972626,0.1381471541,0.2680785643,-0.1337254214,0.3472148065,nan,nan
jkt_qc200,3,2.5,0.110327761,0.1391203089,0.2693293237,-0.1353974057,0.3469397792,nan,nan
jkt_qc200,3,3.5,0.1109840749,0.1406045859,0.2712148753,-0.1379596614,0.3465491293,nan,nan
jkt_qc200,3,4.5,0.1118775341,0.1426304305,0.2737455232,-0.1414804682,0.3460649651,nan,nan
jkt_qc200,3,5.5,0.1130238125,0.1452412617,0.2769330998,-0.1460563583,0.3455201539,nan,nan
jkt_qc200,3,6.5,0.114447505,0.1484937886,0.2807887632,-0.1518173455,0.3449636694,nan,nan
jkt_qc200,3,7.5,0.1161797744,0.1524658988,0.285319383,-0.1589341488,0.3444693914,nan,nan
jkt_qc200,3,8.5,0.1182611903,0.1572567456,0.2905216639,-0.1676279111,0.3441308516,nan,nan
jkt_qc200,3,9.5,0.120748576,0.1629954279,0.2963726232,-0.1781830229,0.3440850531,nan,nan
jkt_qc200,3,10.5,0.123715901,0.1698500851,0.3028141655,-0.1909636879,0.3445182029,nan,nan
jkt_qc200,3,11.5,0.1272715615,0.1780419394,0.309728082,-0.2064346676,0.3457098791,nan,nan
jkt_qc200,3,12.5,0.1315623263,0.1878639941,0.3168955198,-0.2251858253,0.3480515417,nan,nan
jkt_qc200,3,13.5,0.1368088637,0.1997091162,0.3239314243,-0.2479578418,0.3521348219,nan,nan
jkt_qc200,3,14.5,0.1433405759,0.2141064664,0.3301793347,-0.2756609785,0.358840301,nan,nan
jkt_qc200,3,15.5,0.1516850374,0.231811611,0.3345457874,-0.3093663412,0.3696265411,nan,nan
jkt_qc200,3,16.5,0.1627054016,0.2538369894,0.3352504234,-0.3502229043,0.386754644,nan,nan
jkt_qc200,3,17.5,0.177946562,0.2816769794,0.3294819644,-0.3992036004,0.4143256231,nan,nan
jkt_qc200,3,18.5,0.2001054468,0.3171335762,0.3130210083,-0.4565059424,0.4589593783,nan,nan
jkt_qc200,3,19.5,0.2344776497,0.3623706026,0.280100448,-0.520371117,0.5334181731,nan,nan
jkt_qc200,3,20.5,0.2909462759,0.4180108299,0.2242052113,-0.5852493905,0.6603686605,nan,nan
jkt_qc200,3,21.5,0.3855833452,0.477547812,0.1409261204,-0.6401149966,0.8769086523,nan,nan
jkt_qc200,3,22.5,0.5348022382,0.5173421187,0.03311542366,-0.6695029614,1.232179598,nan,nan
jkt_qc200,3,23.5,0.7351694457,0.4943201644,-0.08515426124,-0.6601568096,1.771384504,nan,nan
jkt_qc200,3,24.5,0.9445234785,0.369969982,-0.1924276484,-0.610487076,2.511459489,nan,nan
jkt_qc200,3,25.5,1.096720778,0.1464016416,-0.2713723531,-0.5329649635,3.422556237,nan,nan
jkt_qc200,3,26.5,1.143906991,-0.128184904,-0.3169403003,-0.4458264731,4.428140618,nan,nan
jkt_qc200,3,27.5,1.081955344,-0.3909787445,-0.3344191994,-0.3633434649,5.427379023,nan,nan
jkt_qc200,3,28.5,0.9410383928,-0.5973473418,-0.332799388,-0.2925343503,6.327947067,nan,nan
jkt_qc200,3,29.5,0.7615705237,-0.7311953865,-0.3201223814,-0.2349265374,7.069478777,nan,nan
jkt_qc200,3.5,0.5,0.1046305136,0.1202889663,0.2419473156,-0.1030429732,0.3675291843,nan,nan
jkt_qc200,3.5,1.5,0.1048175659,0.1206630305,0.2425021742,-0.1036216916,0.3673359323,nan,nan
jkt_qc200,3.5,2.5,0.1051938365,0.1214176238,0.2436170608,-0.1047929408,0.3669511878,nan,nan
jkt_qc200,3.5,3.5,0.1057661262,0.1225663296,0.2453022791,-0.106585029,0.3663870852,nan,nan
jkt_qc200,3.5,4.5,0.1065427807,0.1241297249,0.2475731692,-0.10904218,0.3656542228,nan,nan
jkt_qc200,3.5,5.5,0.1075351818,0.126136865,0.250449887,-0.1122268011,0.3647679733,nan,nan
jkt_qc200,3.5,6.5,0.1087610373,0.1286258138,0.2539569514,-0.1162227845,0.3637549157,nan,nan
jkt_qc200,3.5,7.5,0.1102422011,0.131647809,0.2581223746,-0.1211401083,0.3626535298,nan,nan
jkt_qc200,3.5,8.5,0.1120063728,0.1352672693,0.2629760662,-0.1271211263,0.3615100596,nan,nan
jkt_qc200,3.5,9.5,0.1140913144,0.1395669614,0.2685469962,-0.1343490717,0.3603946706,nan,nan
jkt_qc200,3.5,10.5,0.11654408,0.1446524381,0.2748582621,-0.1430594937,0.3593973797,nan,nan
jkt_qc200,3.5,11.5,0.1194313156,0.1506603183,0.2819186195,-0.1535555469,0.3586580453,nan,nan
jkt_qc200,3.5,12.5,0.1228377438,0.1577668513,0.2897080516,-0.166228257,0.3583592957,nan,nan
jkt_qc200,3.5,13.5,0.1268844708,0.1662033243,0.2981532712,-0.1815829149,0.358775983,nan,nan
jkt_qc200,3.5,14.5,0.1317416203,0.1762731391,0.3070861994,-0.2002722571,0.3602986827,nan,nan
jkt_qc200,3.5,15.5,0.1376561475,0.188399726,0.3161737398,-0.2231351264,0.3635513249,nan,nan
jkt_qc200,3.5,16.5,0.1450089608,0.2031409328,0.3247996968,-0.2512336619,0.3694481736,nan,nan
jkt_qc200,3.5,17.5,0.1544048254,0.2213269033,0.3318692238,-0.2858677688,0.3795860174,nan,nan
jkt_qc200,3.5,18.5,0.1668442933,0.2439954269,0.3354962332,-0.328512304,0.3962788315,nan,nan
jkt_qc200,3.5,19.5,0.1840986124,0.2727233102,0.3325420196,-0.3805520816,0.4239176692,nan,nan
jkt_qc200,3.5,20.5,0.2094427029,0.3095524953,0.3180559387,-0.4425656103,0.4702954658,nan,nan
jkt_qc200,3.5,21.5,0.2492605889,0.3566093804,0.2849650255,-0.5127779032,0.5500600249,nan,nan
jkt_qc200,3.5,22.5,0.3157078915,0.4135354478,0.2250480305,-0.5844899832,0.6900336024,nan,nan
jkt_qc200,3.5,23.5,0.4276427439,0.469413687,0.1329694807,-0.6436721696,0.9334084058,nan,nan
jkt_qc200,3.5,24.5,0.5994602412,0.4908682331,0.01366345558,-0.6708626561,1.333288199,nan,nan
jkt_qc200,3.5,25.5,0.8132601736,0.4272374102,-0.113104215,-0.6515055529,1.930062802,nan,nan
jkt_qc200,3.5,26.5,1.006584963,0.2500659964,-0.2207973546,-0.5882680527,2.724713614,nan,nan
jkt_qc200,3.5,27.5,1.109072665,-0.01228907705,-0.292469176,-0.5000980398,3.665257047,nan,nan
jkt_qc200,3.5,28.5,1.091394579,-0.2920272796,-0.3275706895,-0.4084057879,4.656811737,nan,nan
jkt_qc200,3.5,29.5,0.9737194099,-0.5273696549,-0.3354507292,-0.3266067402,5.594219762,nan,nan
jkt_qc200,4,0.5,0.09979740685,0.1064205546,0.2195977606,-0.08182972857,0.3875661971,nan,nan
jkt_qc200,4,1.5,0.09996232758,0.106718705,0.2200786687,-0.08224672481,0.3873492835,nan,nan
jkt_qc200,4,2.5,0.1002938749,0.1073195903,0.2210454553,-0.08308988262,0.3869155802,nan,nan
jkt_qc200,4,3.5,0.1007972995,0.1082329264,0.2225081184,-0.08437795908,0.3862732478,nan,nan
jkt_qc200,4,4.5,0.1014790157,0.1094732444,0.2244817918,-0.08614018829,0.3854269376,nan,nan
jkt_qc200,4,5.5,0.1023477085,0.1110609022,0.2269868847,-0.08841769438,0.3843831327,nan,nan
jkt_qc200,4,6.5,0.1034167144,0.1130226369,0.2300492199,-0.09126554431,0.3831567416,nan,nan
jkt_qc200,4,7.5,0.1047023126,0.1153938787,0.2337001129,-0.09475560851,0.3817684211,nan,nan
jkt_qc200,4,8.5,0.1062247159,0.1182187227,0.2379762868,-0.09898047189,0.3802410791,nan,nan
jkt_qc200,4,9.5,0.1080109602,0.1215532398,0.2429194495,-0.1040587395,0.378612321,nan,nan
jkt_qc200,4,10.5,0.1100937637,0.1254677222,0.2485752295,-0.1101422207,0.3769267682,nan,nan
jkt_qc200,4,11.5,0.112518366,0.1300519815,0.2549909522,-0.1174256682,0.3752596221,nan,nan
jkt_qc200,4,12.5,0.1153397995,0.1354193191,0.2622113594,-0.1261600039,0.3737006493,nan,nan
jkt_qc200,4,13.5,0.1186339149,0.1417157263,0.2702707172,-0.1366702948,0.3723885707,nan,nan
jkt_qc200,4,14.5,0.1225026267,0.149128601,0.2791785978,-0.1493801083,0.3715145749,nan,nan
jkt_qc200,4,15.5,0.1270833775,0.1579118083,0.2888945643,-0.1648441657,0.3713726995,nan,nan
jkt_qc200,4,16.5,0.1325784871,0.1683934087,0.2992833668,-0.1837910029,0.3723836204,nan,nan
jkt_qc200,4,17.5,0.1392756539,0.1810477788,0.3100359353,-0.2071755361,0.3752482091,nan,nan
jkt_qc200,4,18.5,0.147639693,0.1964634742,0.32053086,-0.2362351388,0.3809302469,nan,nan
jkt_qc200,4,19.5,0.1583967483,0.2155323755,0.3295949258,-0.272525049,0.391157309,nan,nan
jkt_qc200,4,20.5,0.1727764205,0.2394819634,0.3351029923,-0.3178638393,0.4087691154,nan,nan
jkt_qc200,4,21.5,0.1929818059,0.270033113,0.3333607721,-0.374017002,0.4388522174,nan,nan
jkt_qc200,4,22.5,0.2232279766,0.3094068874,0.3183283611,-0.4417523642,0.4909750604,nan,nan
jkt_qc200,4,23.5,0.2719084387,0.359460428,0.281205322,-0.5186854802,0.5835666295,nan,nan
jkt_qc200,4,24.5,0.3547468182,0.4172552532,0.2120227307,-0.5956741066,0.7502783812,nan,nan
jkt_qc200,4,25.5,0.4929617515,0.4630288712,0.1059233865,-0.6539849424,1.042128682,nan,nan
jkt_qc200,4,26.5,0.6916176222,0.449433076,-0.02664520509,-0.6700814162,1.512777795,nan,nan
jkt_qc200,4,27.5,0.9069479124,0.3251575591,-0.1574990637,-0.6318837924,2.188915317,nan,nan
jkt_qc200,4,28.5,1.057790333,0.08906796027,-0.2571304375,-0.5511892962,3.046161657,nan,nan
jkt_qc200,4,29.5,1.087017582,-0.1973119888,-0.3139660072,-0.4540309548,4.005461423,nan,nan
coul_a0.12,-6,0.5,-0.4112950609,-0.1726144988,-0.15695205,-0.03896704063,7.607698448,-0.4112950596,-0.1726144971
coul_a0.12,-6,1.5,-0.410431098,-0.1719219676,-0.1566852392,-0.03882600732,7.598931378,-0.4104310967,-0.1719219659
coul_a0.12,-6,2.5,-0.4087118165,-0.1705486995,-0.1561541305,-0.03854618167,7.581476997,-0.4087118152,-0.1705486978
coul_a0.12,-6,3.5,-0.4061543363,-0.1685178576,-0.1553636967,-0.03813196867,7.555493034,-0.406154335,-0.1685178559
coul_a0.12,-6,4.5,-0.4027839196,-0.1658631502,-0.1543212666,-0.03758978776,7.521211688,-0.4027839182,-0.1658631483
coul_a0.12,-6,5.5,-0.3986334786,-0.1626276545,-0.1530363732,-0.0369278595,7.478934499,-0.3986334771,-0.1626276524
coul_a0.12,-6,6.5,-0.3937429361,-0.1588623597,-0.1515205585,-0.03615594016,7.429025903,-0.3937429344,-0.1588623575
coul_a0.12,-6,7.5,-0.3881584532,-0.1546245078,-0.1497871425,-0.03528501872,7.371905613,-0.3881584515,-0.1546245056
coul_a0.12,-6,8.5,-0.3819315456,-0.1499758213,-0.1478509627,-0.03432699181,7.308040148,-0.3819315439,-0.1499758192
coul_a0.12,-6,9.5,-0.3751181104,-0.1449807055,-0.1457280922,-0.03329433221,7.237933804,-0.3751181088,-0.1449807035
coul_a0.12,-6,10.5,-0.3677773932,-0.1397045071,-0.1434355466,-0.0321997656,7.162119365,-0.3677773917,-0.1397045053
coul_a0.12,-6,11.5,-0.359970926,-0.1342119012,-0.1409909875,-0.03105596824,7.081148855,-0.3599709247,-0.1342118996
coul_a0.12,-6,12.5,-0.3517614675,-0.1285654604,-0.1384124304,-0.02987529594,6.995584573,-0.3517614663,-0.1285654591
coul_a0.12,-6,13.5,-0.3432119771,-0.1228244476,-0.1357179674,-0.02866955169,6.90599066,-0.343211976,-0.1228244465
coul_a0.12,-6,14.5,-0.3343846513,-0.1170438536,-0.1329255085,-0.02744979638,6.812925381,-0.3343846503,-0.1170438526
coul_a0.12,-6,15.5,-0.325340048,-0.1112736856,-0.1300525494,-0.02622620432,6.716934253,-0.325340047,-0.1112736846
coul_a0.12,-6,16.5,-0.3161363193,-0.1055585028,-0.1271159683,-0.02500796271,6.618544221,-0.316136316,-0.1055584992
coul_a0.12,-6,17.5,-0.3068285563,-0.09993716629,-0.1241318549,-0.02380321238,6.518258368,-0.3068285517,-0.09993716132
coul_a0.12,-6,18.5,-0.2974682775,-0.09444280617,-0.1211153732,-0.02261902535,6.416552401,-0.297468272,-0.09444280056
coul_a0.12,-6,19.5,-0.288103035,-0.08910294247,-0.1180806566,-0.02146141432,6.313871527,-0.288103029,-0.08910293664
coul_a0.12,-6,20.5,-0.2787761503,-0.0839397439,-0.1150407353,-0.02033536796,6.210628391,-0.278776144,-0.08393973816
coul_a0.12,-6,21.5,-0.2695265676,-0.07897038804,-0.1120074923,-0.01924490672,6.107201872,-0.2695265613,-0.07897038257
coul_a0.12,-6,22.5,-0.260388814,-0.07420749099,-0.108991647,-0.01819315321,6.003936597,-0.2603888079,-0.07420748599
coul_a0.12,-6,23.5,-0.2513930511,-0.06965957958,-0.1060027603,-0.01718241252,5.901143125,-0.2513930452,-0.06965957507
coul_a0.12,-6,24.5,-0.2425652047,-0.06533158101,-0.1030492603,-0.0162142578,5.799098622,-0.2425651992,-0.06533157707
coul_a0.12,-6,25.5,-0.2339271563,-0.06122531224,-0.1001384838,-0.01528961763,5.698048015,-0.2339271513,-0.0612253089
coul_a0.12,-6,26.5,-0.2254969821,-0.05733995249,-0.09727672897,-0.01440886219,5.598205463,-0.2254969776,-0.05733994971
coul_a0.12,-6,27.5,-0.2172892254,-0.05367248858,-0.09446931864,-0.01357188589,5.499756072,-0.2172892215,-0.05367248634
coul_a0.12,-6,28.5,-0.2093151903,-0.05021812541,-0.0917206687,-0.01277818499,5.402857798,-0.2093151869,-0.05021812366
coul_a0.12,-6,29.5,-0.2015832451,-0.04697065691,-0.08903436056,-0.01202692892,5.307643447,-0.2015832423,-0.04697065559
coul_a0.12,-5.5,0.5,-0.4595304338,-0.2177195914,-0.1693481936,-0.04586591423,8.399905817,-0.4595304323,-0.217719589
coul_a0.12,-5.5,1.5,-0.4585135735,-0.2167788049,-0.1690414722,-0.04568683649,8.389054113,-0.4585135719,-0.2167788025
coul_a0.12,-5.5,2.5,-0.4564900886,-0.2149143846,-0.1684310498,-0.04533173763,8.367457246,-0.456490087,-0.2149143822
coul_a0.12,-5.5,3.5,-0.4534802755,-0.2121599785,-0.1675229031,-0.04480661867,8.335325762,-0.4534802739,-0.2121599762
coul_a0.12,-5.5,4.5,-0.4495141409,-0.2085644577,-0.1663258391,-0.0441202074,8.292969239,-0.4495141392,-0.208564455
coul_a0.12,-5.5,5.5,-0.444630875,-0.2041901056,-0.1648513103,-0.04328364883,8.240789047,-0.4446308731,-0.2041901026
coul_a0.12,-5.5,6.5,-0.4388781533,-0.1991103852,-0.1631131772,-0.04231012195,8.17926923,-0.4388781513,-0.199110382
coul_a0.12,-5.5,7.5,-0.4323112721,-0.1934074085,-0.1611274253,-0.04121440479,8.108965776,-0.4323112701,-0.1934074053
coul_a0.12,-5.5,8.5,-0.4249921338,-0.1871692541,-0.1589118444,-0.04001241137,8.030494733,-0.4249921317,-0.187169251
coul_a0.12,-5.5,9.5,-0.416988102,-0.1804872697,-0.1564856818,-0.03872072396,7.944519595,-0.4169881001,-0.1804872668
coul_a0.12,-5.5,10.5,-0.4083707595,-0.1734534889,-0.1538692792,-0.03735614231,7.851738401,-0.4083707577,-0.1734534864
coul_a0.12,-5.5,11.5,-0.3992146035,-0.1661582708,-0.1510837056,-0.03593526809,7.75287098,-0.3992146019,-0.1661582686
coul_a0.12,-5.5,12.5,-0.3895957216,-0.1586882444,-0.148150396,-0.03447413909,7.648646695,-0.3895957202,-0.1586882426
coul_a0.12,-5.5,13.5,-0.3795904923,-0.151124615,-0.1450908076,-0.0329879228,7.539793039,-0.3795904911,-0.1511246134
coul_a0.12,-5.5,14.5,-0.3692743503,-0.1435418577,-0.1419261018,-0.03149067464,7.427025322,-0.3692743492,-0.1435418562
coul_a0.12,-5.5,15.5,-0.3587206573,-0.1360068027,-0.1386768594,-0.02999516177,7.311037647,-0.3587206561,-0.1360068012
coul_a0.12,-5.5,16.5,-0.3479997082,-0.1285780932,-0.1353628343,-0.02851274998,7.192495405,-0.3479997043,-0.1285780882
coul_a0.12,-5.5,17.5,-0.3371778846,-0.1213059647,-0.1320027497,-0.02705334827,7.072028641,-0.337177879,-0.1213059577
coul_a0.12,-5.5,18.5,-0.3263169956,-0.1142323362,-0.128614137,-0.02562540373,6.950227834,-0.3263169889,-0.1142323284
coul_a0.12,-5.5,19.5,-0.3154737785,-0.1073911183,-0.1252132173,-0.02423593845,6.827640311,-0.3154737712,-0.1073911103
coul_a0.12,-5.5,20.5,-0.3046995731,-0.1008087057,-0.1218148241,-0.02289061944,6.704768111,-0.3046995655,-0.1008086979
coul_a0.12,-5.5,21.5,-0.2940401535,-0.09450459913,-0.1184323625,-0.02159385328,6.582067014,-0.2940401458,-0.09450459176
coul_a0.12,-5.5,22.5,-0.2835357018,-0.08849210737,-0.1150778013,-0.02034889716,6.459946524,-0.2835356944,-0.0884921007
coul_a0.12,-5.5,23.5,-0.273220905,-0.08277908938,-0.1117616942,-0.01915797965,6.338770719,-0.273220898,-0.08277908343
coul_a0.12,-5.5,24.5,-0.2631251507,-0.07736870111,-0.1084932234,-0.01802242514,6.218859715,-0.2631251442,-0.07736869598
coul_a0.12,-5.5,25.5,-0.253272804,-0.07226012251,-0.1052802624,-0.01694277712,6.100491714,-0.253272798,-0.0722601182
coul_a0.12,-5.5,26.5,-0.2436835416,-0.06744924343,-0.1021294517,-0.01591891687,5.983905403,-0.2436835364,-0.0674492399
coul_a0.12,-5.5,27.5,-0.2343727261,-0.06292929594,-0.09904628514,-0.01495017475,5.869302624,-0.2343727216,-0.06292929314
coul_a0.12,-5.5,28.5,-0.2253518022,-0.05869142481,-0.09603520147,-0.01403543239,5.756851211,-0.2253517983,-0.05869142267
coul_a0.12,-5.5,29.5,-0.2166287016,-0.05472519243,-0.09309967909,-0.01317321492,5.646687891,-0.2166286983,-0.05472519087
coul_a0.12,-5,0.5,-0.516090847,-0.2805833556,-0.1836433701,-0.05470991216,9.398011887,-0.5160908452,-0.280583352
coul_a0.12,-5,1.5,-0.5148996695,-0.2792734908,-0.1832886967,-0.05447832498,9.384317068,-0.5148996677,-0.2792734871
coul_a0.12,-5,2.5,-0.5125288588,-0.2766793578,-0.1825829739,-0.05401941255,9.357072769,-0.5125288571,-0.2766793542
coul_a0.12,-5,3.5,-0.5090013788,-0.272851109,-0.1815333754,-0.05334153111,9.316566011,-0.5090013771,-0.2728511055
coul_a0.12,-5,4.5,-0.5043513513,-0.267861439,-0.180150476,-0.05245680679,9.263218321,-0.5043513494,-0.267861435
coul_a0.12,-5,5.5,-0.4986236339,-0.261802729,-0.1784480349,-0.05138067573,9.197575296,-0.4986236318,-0.2618027245
coul_a0.12,-5,6.5,-0.4918732163,-0.2547835372,-0.1764427118,-0.05013131752,9.120293484,-0.4918732141,-0.2547835324
coul_a0.12,-5,7.5,-0.4841644107,-0.246924645,-0.1741537275,-0.04872901637,9.032124975,-0.4841644084,-0.2469246402
coul_a0.12,-5,8.5,-0.4755698274,-0.2383548936,-0.1716024747,-0.04719548669,8.933900388,-0.475569825,-0.238354889
coul_a0.12,-5,9.5,-0.4661691418,-0.2292070358,-0.1688120931,-0.04555319889,8.826510882,-0.4661691395,-0.2292070316
coul_a0.12,-5,10.5,-0.4560476771,-0.2196138097,-0.165807021,-0.04382473808,8.710889865,-0.456047675,-0.219613806
coul_a0.12,-5,11.5,-0.4452948443,-0.2097044036,-0.1626125384,-0.04203222265,8.587995014,-0.4452948424,-0.2097044004
coul_a0.12,-5,12.5,-0.4340024958,-0.1996014386,-0.1592543159,-0.04019680294,8.458791173,-0.4340024941,-0.1996014359
coul_a0.12,-5,13.5,-0.422263258,-0.1894185488,-0.1557579838,-0.03833825302,8.324234593,-0.4222632565,-0.1894185466
coul_a0.12,-5,14.5,-0.4101689102,-0.1792585893,-0.1521487344,-0.03647466102,8.185258891,-0.4101689089,-0.1792585872
coul_a0.12,-5,15.5,-0.3978088723,-0.1692124639,-0.1484509668,-0.03462221733,8.042762974,-0.3978088709,-0.1692124617
coul_a0.12,-5,16.5,-0.3852688578,-0.1593585328,-0.1446879828,-0.0327950946,7.89760124,-0.3852688531,-0.1593585255
coul_a0.12,-5,17.5,-0.372629718,-0.1497625062,-0.140881738,-0.03100540927,7.750575172,-0.3726297111,-0.1497624963
coul_a0.12,-5,18.5,-0.3599665362,-0.1404777975,-0.1370526498,-0.02926325246,7.602428314,-0.3599665281,-0.1404777865
coul_a0.12,-5,19.5,-0.3473479456,-0.1315461804,-0.1332194615,-0.02757677622,7.453842239,-0.3473479367,-0.1315461692
coul_a0.12,-5,20.5,-0.3348356859,-0.1229986964,-0.1293991597,-0.02595232165,7.305434564,-0.3348356766,-0.1229986856
coul_a0.12,-5,21.5,-0.3224843832,-0.1148567221,-0.1256069393,-0.02439457581,7.157758551,-0.3224843739,-0.114856712
coul_a0.12,-5,22.5,-0.3103415263,-0.1071331205,-0.1218562101,-0.02290674587,7.011304,-0.3103415173,-0.1071331114
coul_a0.12,-5,23.5,-0.2984476127,-0.09983341826,-0.1181586394,-0.02149074086,6.866499271,-0.2984476041,-0.09983341028
coul_a0.12,-5,24.5,-0.2868364316,-0.09295695621,-0.1145242224,-0.02014735288,6.723714066,-0.2868364237,-0.09295694941
coul_a0.12,-5,25.5,-0.275535454,-0.08649798142,-0.1109613741,-0.01887643188,6.583262913,-0.2755354469,-0.08649797579
coul_a0.12,-5,26.5,-0.2645662978,-0.08044665318,-0.1074770374,-0.01767704957,6.445409035,-0.2645662916,-0.08044664865
coul_a0.12,-5,27.5,-0.2539452411,-0.07478994914,-0.1040768002,-0.01654764953,6.310368464,-0.2539452357,-0.07478994561
coul_a0.12,-5,28.5,-0.243683761,-0.06951246427,-0.1007650183,-0.015486182,6.17831429,-0.2436837564,-0.06951246163
coul_a0.12,-5,29.5,-0.2337890774,-0.06459710178,-0.09754493894,-0.01449022268,6.04938089,-0.2337890736,-0.06459709991
coul_a0.12,-4.5,0.5,-0.5811233142,-0.3705525942,-0.2002145394,-0.06627197666,10.67978046,-0.5811233124,-0.3705525887
coul_a0.12,-4.5,1.5,-0.5797547561,-0.3686796931,-0.1998026125,-0.06596621125,10.66212571,-0.5797547543,-0.3686796876
coul_a0.12,-4.5,2.5,-0.5770290316,-0.3649730827,-0.198983058,-0.06536076822,10.62701865,-0.5770290298,-0.3649730772
coul_a0.12,-4.5,3.5,-0.5729690152,-0.3595094631,-0.1977643951,-0.06446756639,10.57485884,-0.5729690135,-0.3595094578
coul_a0.12,-4.5,4.5,-0.5676091987,-0.3523997922,-0.1961592038,-0.06330385975,10.50623245,-0.5676091968,-0.3523997861
coul_a0.12,-4.5,5.5,-0.5609957854,-0.3437846838,-0.1941838869,-0.06189153697,10.42189708,-0.5609957833,-0.343784677
coul_a0.12,-4.5,6.5,-0.5531866415,-0.3338287702,-0.1918583529,-0.06025626273,10.32276253,-0.5531866392,-0.333828763
coul_a0.12,-4.5,7.5,-0.5442509968,-0.3227143798,-0.1892056267,-0.05842651621,10.20986838,-0.5442509944,-0.3227143725
coul_a0.12,-4.5,8.5,-0.5342688124,-0.3106349197,-0.186251393,-0.05643258487,10.08435915,-0.5342688099,-0.3106349128
coul_a0.12,-4.5,9.5,-0.5233297644,-0.2977883378,-0.1830234857,-0.05430556998,9.947458162,-0.523329762,-0.2977883314
coul_a0.12,-4.5,10.5,-0.5115318399,-0.2843710014,-0.1795513389,-0.05207645414,9.800441025,-0.5115318376,-0.2843709959
coul_a0.12,-4.5,11.5,-0.4989795844,-0.270572269,-0.1758654167,-0.04977527144,9.64460974,-0.4989795823,-0.2705722643
coul_a0.12,-4.5,12.5,-0.4857820819,-0.2565699512,-0.1719966445,-0.04743040925,9.481268239,-0.4857820801,-0.2565699472
coul_a0.12,-4.5,13.5,-0.4720507733,-0.2425267783,-0.167975859,-0.04506805848,9.311700095,-0.4720507717,-0.2425267749
coul_a0.12,-4.5,14.5,-0.4578972331,-0.2285879077,-0.1638332994,-0.04271181754,9.13714894,-0.4578972316,-0.2285879046
coul_a0.12,-4.5,15.5,-0.4434310234,-0.2148794377,-0.1595981519,-0.04038244477,8.958801962,-0.4434310218,-0.2148794344
coul_a0.12,-4.5,16.5,-0.4287577325,-0.201507841,-0.1552981621,-0.03809774661,8.777776864,-0.4287577271,-0.2015078303
coul_a0.12,-4.5,17.5,-0.413977262,-0.188560153,-0.1509593218,-0.03587258297,8.5951111,-0.413977254,-0.1885601385
coul_a0.12,-4.5,18.5,-0.3991824574,-0.1761048468,-0.1466056315,-0.03371896823,8.411755948,-0.3991824478,-0.1761048309
coul_a0.12,-4.5,19.5,-0.3844580673,-0.1641931422,-0.1422589405,-0.0316462456,8.228572184,-0.3844580567,-0.1641931261
coul_a0.12,-4.5,20.5,-0.3698800539,-0.1528606505,-0.1379388558,-0.02966131291,8.04632868,-0.3698800428,-0.1528606351
coul_a0.12,-4.5,21.5,-0.3555152339,-0.1421292095,-0.1336627166,-0.02776888049,7.865703219,-0.3555152227,-0.1421291954
coul_a0.12,-4.5,22.5,-0.3414212134,-0.1320087896,-0.1294456225,-0.02597174401,7.687285091,-0.3414212026,-0.132008777
coul_a0.12,-4.5,23.5,-0.3276465737,-0.1224993809,-0.1253005066,-0.02427105887,7.511579144,-0.3276465634,-0.12249937
coul_a0.12,-4.5,24.5,-0.3142312572,-0.1135927907,-0.1212382442,-0.0226666054,7.339010792,-0.3142312477,-0.1135927816
coul_a0.12,-4.5,25.5,-0.3012071076,-0.105274304,-0.1172677868,-0.02115703756,7.169931836,-0.3012070991,-0.1052742965
coul_a0.12,-4.5,26.5,-0.2885985142,-0.0975241765,-0.1133963139,-0.01974010997,7.004626653,-0.2885985068,-0.09752417059
coul_a0.12,-4.5,27.5,-0.2764231217,-0.09031894699,-0.1096293935,-0.01841288078,6.843318578,-0.2764231153,-0.09031894248
coul_a0.12,-4.5,28.5,-0.2646925691,-0.08363256509,-0.105971147,-0.01717188909,6.686176279,-0.2646925637,-0.08363256182
coul_a0.12,-4.5,29.5,-0.2534132291,-0.07743734141,-0.1024244123,-0.01601330751,6.53331997,-0.2534132247,-0.07743733919
coul_a0.12,-4,0.5,-0.6518363854,-0.5028377466,-0.2194777917,-0.08172595214,12.35626283,-0.6518363843,-0.5028377381
coul_a0.12,-4,1.5,-0.6503487218,-0.5000863198,-0.2189989473,-0.081312724,12.33299333,-0.6503487207,-0.5000863112
coul_a0.12,-4,2.5,-0.6473799129,-0.4946447884,-0.2180461934,-0.08049519123,12.28674123,-0.6473799118,-0.4946447799
coul_a0.12,-4,3.5,-0.6429437542,-0.4866330561,-0.2166293377,-0.07929079782,12.21807254,-0.642943753,-0.4866330478
coul_a0.12,-4,4.5,-0.6370626978,-0.4762243152,-0.2147629286,-0.07772473165,12.12781716,-0.6370626966,-0.4762243057
coul_a0.12,-4,5.5,-0.6297695977,-0.4636375557,-0.2124660469,-0.07582883059,12.0170467,-0.6297695964,-0.463637545
coul_a0.12,-4,6.5,-0.621109497,-0.4491283945,-0.2097620064,-0.07364024839,11.8870464,-0.6211094955,-0.4491283831
coul_a0.12,-4,7.5,-0.6111411228,-0.4329788079,-0.2066779601,-0.0711999703,11.73928213,-0.611141121,-0.4329787966
coul_a0.12,-4,8.5,-0.5999377918,-0.4154864168,-0.2032444072,-0.06855127359,11.57536381,-0.5999377898,-0.415486406
coul_a0.12,-4,9.5,-0.5875875185,-0.3969539537,-0.1994946093,-0.06573822362,11.39700684,-0.5875875165,-0.396953944
coul_a0.12,-4,10.5,-0.5741922284,-0.3776794822,-0.195463932,-0.06280428513,11.20599292,-0.5741922264,-0.3776794736
coul_a0.12,-4,11.5,-0.5598660967,-0.357947827,-0.1911891358,-0.05979111137,11.00413185,-0.5598660948,-0.3579478198
coul_a0.12,-4,12.5,-0.5447331358,-0.3380235455,-0.1867076461,-0.0567375537,10.79322563,-0.544733134,-0.3380235394
coul_a0.12,-4,13.5,-0.5289242327,-0.3181456181,-0.1820568333,-0.05367891327,10.57503605,-0.5289242311,-0.318145613
coul_a0.12,-4,14.5,-0.512573878,-0.2985238996,-0.1772733365,-0.05064643719,10.35125653,-0.5125738766,-0.2985238949
coul_a0.12,-4,15.5,-0.4958168329,-0.2793372431,-0.1723924545,-0.04766704532,10.12348891,-0.4958168314,-0.279337238
coul_a0.12,-4,16.5,-0.4787849654,-0.2607331286,-0.1674476268,-0.04476326135,9.8932256,-0.4787849597,-0.2607331122
coul_a0.12,-4,17.5,-0.4616044147,-0.2428284943,-0.1624700167,-0.04195331449,9.661835584,-0.4616044059,-0.2428284724
coul_a0.12,-4,18.5,-0.4443932546,-0.2257116227,-0.1574882023,-0.03925137434,9.430557459,-0.4443932438,-0.225711599
coul_a0.12,-4,19.5,-0.4272596787,-0.2094446571,-0.1525279741,-0.03666788144,9.200495197,-0.4272596664,-0.2094446334
coul_a0.12,-4,20.5,-0.4103007486,-0.1940665685,-0.1476122311,-0.03420993913,8.972618146,-0.4103007356,-0.1940665462
coul_a0.12,-4,21.5,-0.3936016779,-0.1795963314,-0.1427609658,-0.03188173634,8.747764253,-0.3936016647,-0.179596311
coul_a0.12,-4,22.5,-0.3772355943,-0.1660361162,-0.1379913236,-0.02968497683,8.526645743,-0.3772355814,-0.1660360984
coul_a0.12,-4,23.5,-0.3612637084,-0.1533743628,-0.1333177208,-0.02761929587,8.309856728,-0.3612636961,-0.1533743476
coul_a0.12,-4,24.5,-0.3457358047,-0.1415886284,-0.1287520086,-0.02568265062,8.097881981,-0.3457357933,-0.1415886158
coul_a0.12,-4,25.5,-0.3306909747,-0.1306481533,-0.1243036679,-0.02387167552,7.891106608,-0.3306909645,-0.1306481432
coul_a0.12,-4,26.5,-0.3161585131,-0.1205161076,-0.1199800225,-0.02218199778,7.689825987,-0.3161585042,-0.1205160998
coul_a0.12,-4,27.5,-0.3021589108,-0.1111515139,-0.1157864623,-0.02060851123,7.494255709,-0.3021589031,-0.1111515081
coul_a0.12,-4,28.5,-0.2887048885,-0.1025108537,-0.1117266653,-0.01914560912,7.304541259,-0.2887048821,-0.1025108496
coul_a0.12,-4,29.5,-0.2758024261,-0.09454938017,-0.1078028149,-0.0177873782,7.120767225,-0.2758024209,-0.09454937753
coul_a0.12,-3.5,0.5,-0.7169542297,-0.7018985532,-0.2418088706,-0.1028990055,14.57701718,-0.7169542311,-0.7018985398
coul_a0.12,-3.5,1.5,-0.7155828602,-0.697761788,-0.2412561695,-0.102325961,14.545734,-0.7155828616,-0.6977617745
coul_a0.12,-3.5,2.5,-0.7128282904,-0.6895849401,-0.2401559521,-0.1011932975,14.48357611,-0.7128282917,-0.6895849268
coul_a0.12,-3.5,3.5,-0.7086694975,-0.6775570431,-0.238518605,-0.09952722105,14.39134972,-0.7086694987,-0.6775570301
coul_a0.12,-3.5,4.5,-0.7030811581,-0.6619510882,-0.2363597297,-0.09736547747,14.27023776,-0.7030811596,-0.6619510733
coul_a0.12,-3.5,5.5,-0.6960400877,-0.6431120866,-0.2337001129,-0.09475560851,14.12176874,-0.6960400894,-0.6431120698
coul_a0.12,-3.5,6.5,-0.6875323179,-0.6214423598,-0.230565608,-0.09175283175,13.94777692,-0.6875323194,-0.621442342
coul_a0.12,-3.5,7.5,-0.6775598555,-0.5973849668,-0.2269868847,-0.08841769438,13.75035485,-0.6775598566,-0.597384949
coul_a0.12,-3.5,8.5,-0.6661462587,-0.5714063065,-0.2229990165,-0.08481365768,13.53179994,-0.6661462593,-0.5714062896
coul_a0.12,-3.5,9.5,-0.6533403816,-0.5439789477,-0.2186408946,-0.08100476234,13.29455733,-0.6533403815,-0.5439789324
coul_a0.12,-3.5,10.5,-0.6392179258,-0.5155656638,-0.2139544787,-0.07705350467,13.04116139,-0.6392179252,-0.5155656504
coul_a0.12,-3.5,11.5,-0.6238807482,-0.4866054912,-0.208983919,-0.07301902379,12.77417814,-0.6238807474,-0.4866054799
coul_a0.12,-3.5,12.5,-0.6074541463,-0.4575024058,-0.2037745958,-0.06895566465,12.49615098,-0.6074541453,-0.4575023964
coul_a0.12,-3.5,13.5,-0.5900825477,-0.4286169528,-0.1983721332,-0.06491194512,12.20955184,-0.5900825468,-0.4286169448
coul_a0.12,-3.5,14.5,-0.57192415,-0.4002609049,-0.1928214453,-0.06092992209,11.91673898,-0.5719241493,-0.4002608975
coul_a0.12,-3.5,15.5,-0.5531450818,-0.3726947897,-0.1871658644,-0.05704492447,11.61992288,-0.5531450809,-0.3726947817
coul_a0.12,-3.5,16.5,-0.5339136118,-0.3461279645,-0.181446392,-0.05328560121,11.32114065,-0.5339136074,-0.3461279392
coul_a0.12,-3.5,17.5,-0.5143948188,-0.3207206953,-0.1757010977,-0.04967422204,11.0222371,-0.514394811,-0.3207206618
coul_a0.12,-3.5,18.5,-0.4947460542,-0.2965879283,-0.1699646783,-0.04622716446,10.7248565,-0.4947460435,-0.2965878922
coul_a0.12,-3.5,19.5,-0.4751133387,-0.2738040168,-0.1642681761,-0.04295552397,10.43043902,-0.4751133258,-0.2738039812
coul_a0.12,-3.5,20.5,-0.4556287656,-0.2524080691,-0.1586388448,-0.03986579091,10.1402236,-0.4556287514,-0.2524080358
coul_a0.12,-3.5,21.5,-0.4364088729,-0.2324094936,-0.1531001449,-0.03696054728,9.855255771,-0.4364088579,-0.2324094637
coul_a0.12,-3.5,22.5,-0.4175538849,-0.2137934288,-0.1476718462,-0.03423914711,9.57639878,-0.41755387,-0.213793403
coul_a0.12,-3.5,23.5,-0.3991476867,-0.1965258344,-0.1423702139,-0.0316983546,9.304347499,-0.3991476723,-0.1965258126
coul_a0.12,-3.5,24.5,-0.3812583746,-0.1805580936,-0.1372082542,-0.02933292281,9.03964361,-0.3812583611,-0.1805580759
coul_a0.12,-3.5,25.5,-0.3639392336,-0.1658310504,-0.1321959995,-0.02713610416,8.782691726,-0.3639392214,-0.1658310365
coul_a0.12,-3.5,26.5,-0.34723,-0.1522784519,-0.1273408144,-0.02510008925,8.533775462,-0.3472299893,-0.1522784414
coul_a0.12,-3.5,27.5,-0.3311582892,-0.1398298075,-0.1226477069,-0.02321637555,8.293073098,-0.3311582801,-0.1398297998
coul_a0.12,-3.5,28.5,-0.3157410919,-0.128412704,-0.1181196356,-0.02147607016,8.060672443,-0.3157410843,-0.1284126989
coul_a0.12,-3.5,29.5,-0.3009862632,-0.1179546305,-0.1137578017,-0.01987013284,7.836584647,-0.300986257,-0.1179546275
coul_a0.12,-3,0.5,-0.7423397366,-1.003794108,-0.2672994807,-0.1326948236,17.50196107,-0.7423397454,-1.003794088
coul_a0.12,-3,1.5,-0.741797288,-0.9975271782,-0.2666777089,-0.1318782024,17.45953654,-0.7417972968,-0.9975271577
coul_a0.12,-3,2.5,-0.7406461954,-0.9851406438,-0.2654382345,-0.1302656139,17.37525088,-0.740646204,-0.9851406237
coul_a0.12,-3,3.5,-0.7387616646,-0.9669232583,-0.2635894681,-0.1278973312,17.25021908,-0.7387616728,-0.9669232387
coul_a0.12,-3,4.5,-0.7359744948,-0.9432935927,-0.2611446407,-0.1248312546,17.08608379,-0.7359745045,-0.9432935701
coul_a0.12,-3,5.5,-0.7320900337,-0.9147831262,-0.2581223746,-0.1211401083,16.88497861,-0.7320900445,-0.9147831006
coul_a0.12,-3,6.5,-0.7269094858,-0.882014792,-0.2545472017,-0.1169080306,16.6494787,-0.7269094966,-0.8820147647
coul_a0.12,-3,7.5,-0.7202510255,-0.8456780129,-0.250449887,-0.1122268011,16.38253888,-0.7202510353,-0.8456779856
coul_a0.12,-3,8.5,-0.7119683454,-0.806501633,-0.2458674442,-0.107191968,16.08742061,-0.7119683536,-0.8065016069
coul_a0.12,-3,9.5,-0.7019647998,-0.7652263747,-0.2408427775,-0.1018991264,15.76761032,-0.7019648061,-0.765226351
coul_a0.12,-3,10.5,-0.6902020415,-0.7225785305,-0.2354239398,-0.09644057048,15.42673268,-0.6902020461,-0.7225785099
coul_a0.12,-3,11.5,-0.6767028513,-0.6792464742,-0.2296630563,-0.09090248908,15.0684626,-0.6767028544,-0.6792464567
coul_a0.12,-3,12.5,-0.6615485927,-0.6358612709,-0.2236149991,-0.08536281128,14.69644058,-0.6615485948,-0.6358612564
coul_a0.12,-3,13.5,-0.6448722841,-0.5929822185,-0.2173359299,-0.07988974352,14.31419516,-0.6448722858,-0.5929822062
coul_a0.12,-3,14.5,-0.6268486059,-0.5510876454,-0.2108818266,-0.07454097831,13.92507594,-0.6268486075,-0.5510876341
coul_a0.12,-3,15.5,-0.6076822527,-0.5105708045,-0.2043071043,-0.06936350645,13.53219935,-0.6076822544,-0.5105707922
coul_a0.12,-3,16.5,-0.5875959315,-0.4717403306,-0.197663414,-0.0643939314,13.13840885,-0.587595933,-0.4717402911
coul_a0.12,-3,17.5,-0.566819067,-0.4348242967,-0.1909986747,-0.05965916797,12.74624674,-0.5668190651,-0.4348242446
coul_a0.12,-3,18.5,-0.5455779497,-0.3999772241,-0.184356366,-0.05517740546,12.35794329,-0.5455779437,-0.3999771684
coul_a0.12,-3,19.5,-0.5240877837,-0.3672887201,-0.1777750801,-0.05095922424,11.97541431,-0.5240877739,-0.3672886656
coul_a0.12,-3,20.5,-0.5025467657,-0.3367930707,-0.171288314,-0.04700877158,11.60026926,-0.5025467529,-0.3367930203
coul_a0.12,-3,21.5,-0.4811321407,-0.3084790128,-0.1649244685,-0.04332492254,11.23382696,-0.4811321258,-0.3084789681
coul_a0.12,-3,22.5,-0.4599980215,-0.2822991226,-0.1587070135,-0.03990237197,10.87713663,-0.4599980058,-0.2822990844
coul_a0.12,-3,23.5,-0.4392746853,-0.2581784373,-0.1526547788,-0.03673262294,10.53100262,-0.4392746693,-0.2581784057
coul_a0.12,-3,24.5,-0.4190690149,-0.2360220763,-0.1467823303,-0.0338048526,10.19601065,-0.4190689995,-0.236022051
coul_a0.12,-3,25.5,-0.3994657832,-0.2157217616,-0.1411003969,-0.03110664897,9.872554833,-0.3994657691,-0.2157217421
coul_a0.12,-3,26.5,-0.3805294902,-0.1971612261,-0.1356163204,-0.02862462143,9.560863934,-0.3805294777,-0.1971612117
coul_a0.12,-3,27.5,-0.362306522,-0.1802205703,-0.1303345045,-0.02634489333,9.261026304,-0.3623065112,-0.1802205602
coul_a0.12,-3,28.5,-0.3448274451,-0.1647796659,-0.1252568474,-0.02425348924,8.97301302,-0.344827436,-0.1647796594
coul_a0.12,-3,29.5,-0.328109296,-0.1507207281,-0.1203831469,-0.02233663039,8.696698837,-0.3281092887,-0.1507207246
coul_a0.12,-2.5,0.5,-0.6378989587,-1.444230571,-0.2950747249,-0.175762939,21.13157864,-0.6378989863,-1.444230546
coul_a0.12,-2.5,1.5,-0.6400648523,-1.435107687,-0.2944250763,-0.1745691821,21.07550381,-0.6400648802,-1.435107661
coul_a0.12,-2.5,2.5,-0.6441895711,-1.417051481,-0.293124728,-0.1722137006,20.96402603,-0.6441895982,-1.417051455
coul_a0.12,-2.5,3.5,-0.6498780899,-1.390437782,-0.2911725682,-0.1687589723,20.79848853,-0.6498781159,-1.390437757
coul_a0.12,-2.5,4.5,-0.6565834473,-1.355821217,-0.2885692288,-0.1642948429,20.58090141,-0.6565834779,-1.355821188
coul_a0.12,-2.5,5.5,-0.6636555629,-1.313922126,-0.285319383,-0.1589341488,20.31392759,-0.6636555972,-1.313922093
coul_a0.12,-2.5,6.5,-0.6703972558,-1.265606581,-0.2814341359,-0.1528073243,20.00085296,-0.6703972906,-1.265606545
coul_a0.12,-2.5,7.5,-0.6761213188,-1.211858801,-0.2769330998,-0.1460563583,19.6455348,-0.6761213516,-1.211858764
coul_a0.12,-2.5,8.5,-0.680202622,-1.153746508,-0.2718458105,-0.1388285182,19.25232572,-0.6802026507,-1.153746472
coul_a0.12,-2.5,9.5,-0.6821202484,-1.092381028,-0.2662122651,-0.1312702737,18.82597333,-0.6821202719,-1.092380994
coul_a0.12,-2.5,10.5,-0.6814863338,-1.028875034,-0.2600825067,-0.1235218199,18.3715,-0.6814863521,-1.028875005
coul_a0.12,-2.5,11.5,-0.6780602641,-0.9643014022,-0.253515331,-0.1157125221,17.89406978,-0.678060278,-0.9643013771
coul_a0.12,-2.5,12.5,-0.671748837,-0.8996565649,-0.2465763013,-0.1079574916,17.39885153,-0.6717488477,-0.899656544
coul_a0.12,-2.5,13.5,-0.6625945793,-0.8358311237,-0.2393353305,-0.1003553772,16.89088777,-0.6625945881,-0.8358311061
coul_a0.12,-2.5,14.5,-0.6507554179,-0.7735894054,-0.2318641061,-0.09298733667,16.37497745,-0.6507554262,-0.7735893892
coul_a0.12,-2.5,15.5,-0.6364792705,-0.7135584818,-0.22423361,-0.08591705338,15.85557912,-0.6364792794,-0.7135584641
coul_a0.12,-2.5,16.5,-0.6200769104,-0.6562261246,-0.2165119282,-0.07919159948,15.33673873,-0.6200769298,-0.6562260649
coul_a0.12,-2.5,17.5,-0.6018959303,-0.601946121,-0.2087624792,-0.0728429161,14.8220396,-0.601895948,-0.6019460415
coul_a0.12,-2.5,18.5,-0.5822976226,-0.5509496056,-0.2010427189,-0.06688968268,14.31458164,-0.5822976337,-0.5509495206
coul_a0.12,-2.5,19.5,-0.5616381096,-0.503359903,-0.1934033222,-0.06133937173,13.81697803,-0.5616381131,-0.50335982
coul_a0.12,-2.5,20.5,-0.5402540139,-0.4592093747,-0.1858877988,-0.05619032296,13.33137021,-0.5402540105,-0.4592092984
coul_a0.12,-2.5,21.5,-0.5184525729,-0.4184566828,-0.1785324744,-0.05143371436,12.85945641,-0.5184525638,-0.4184566157
coul_a0.12,-2.5,22.5,-0.4965056984,-0.3810033134,-0.1713667565,-0.04705534896,12.40252912,-0.4965056859,-0.3810032568
coul_a0.12,-2.5,23.5,-0.4746473022,-0.3467085952,-0.1644136052,-0.04303721251,11.96151814,-0.4746472871,-0.346708549
coul_a0.12,-2.5,24.5,-0.4530731309,-0.3154027724,-0.1576901339,-0.0393587856,11.5370357,-0.4530731151,-0.315402736
coul_a0.12,-2.5,25.5,-0.431942418,-0.2868979681,-0.1512082808,-0.03599811456,11.12942172,-0.4319424027,-0.2868979406
coul_a0.12,-2.5,26.5,-0.4113807195,-0.2609970613,-0.1449754999,-0.03293265884,10.73878698,-0.4113807052,-0.2609970415
coul_a0.12,-2.5,27.5,-0.3914834353,-0.2375006312,-0.1389954385,-0.03013994043,10.36505322,-0.3914834226,-0.2375006179
coul_a0.12,-2.5,28.5,-0.372319628,-0.2162121947,-0.1332685739,-0.02759802394,10.00798942,-0.3723196171,-0.2162121867
coul_a0.12,-2.5,29.5,-0.3539358548,-0.1969419919,-0.1277927959,-0.02528585608,9.66724394,-0.3539358459,-0.1969419882
coul_a0.12,-2,0.5,-0.2110757908,-1.981095985,-0.3214717123,-0.239323504,24.71235962,-0.211075854,-1.981095975
coul_a0.12,-2,1.5,-0.2199516489,-1.970052065,-0.3209362213,-0.2375527057,24.64687129,-0.2199517129,-1.970052054
coul_a0.12,-2,2.5,-0.2372091992,-1.948053492,-0.3198483702,-0.2340590898,24.51628397,-0.2372092618,-1.948053481
coul_a0.12,-2,3.5,-0.2618959005,-1.915298481,-0.3181772566,-0.2289366405,24.32143239,-0.2618959608,-1.915298469
coul_a0.12,-2,4.5,-0.2926700748,-1.872128173,-0.3158831834,-0.2223213876,24.06369611,-0.2926701463,-1.872128159
coul_a0.12,-2,5.5,-0.3278986683,-1.819065434,-0.3129245069,-0.2143855153,23.74511968,-0.3278987494,-1.819065416
coul_a0.12,-2,6.5,-0.3657755136,-1.756847108,-0.3092650684,-0.2053297017,23.36852466,-0.3657755979,-1.756847085
coul_a0.12,-2,7.5,-0.404449597,-1.686439279,-0.3048811271,-0.1953740413,22.93758566,-0.4044496782,-1.686439251
coul_a0.12,-2,8.5,-0.4421508665,-1.609028453,-0.2997668366,-0.1847481111,22.45684789,-0.4421509392,-1.609028422
coul_a0.12,-2,9.5,-0.4773010498,-1.525986657,-0.2939375914,-0.1736809007,21.93167368,-0.477301111,-1.525986625
coul_a0.12,-2,10.5,-0.5085989315,-1.438813829,-0.2874309467,-0.1623913976,21.36811822,-0.5085989805,-1.438813798
coul_a0.12,-2,11.5,-0.5350733328,-1.349065232,-0.2803052091,-0.1510805515,20.77274587,-0.5350733709,-1.349065205
coul_a0.12,-2,12.5,-0.5561018691,-1.258273936,-0.2726361195,-0.1399251618,20.1524073,-0.5561018988,-1.258273913
coul_a0.12,-2,13.5,-0.5713983195,-1.167878415,-0.2645122617,-0.129073972,19.51400153,-0.571398344,-1.167878396
coul_a0.12,-2,14.5,-0.5809751208,-1.079163297,-0.2560298903,-0.1186459772,18.86424696,-0.5809751437,-1.07916328
coul_a0.12,-2,15.5,-0.585089507,-0.9932181269,-0.2472878189,-0.108730714,18.2094808,-0.585089532,-0.9932181072
coul_a0.12,-2,16.5,-0.58418204,-0.910915651,-0.238382863,-0.09939013441,17.55550105,-0.584182104,-0.910915572
coul_a0.12,-2,17.5,-0.5788153685,-0.8329079089,-0.2294061502,-0.09066159192,16.9074529,-0.5788154368,-0.8329077992
coul_a0.12,-2,18.5,-0.5696183733,-0.7596374249,-0.220440436,-0.08256146922,16.26976887,-0.5696184303,-0.7596373047
coul_a0.12,-2,19.5,-0.5572397768,-0.6913584993,-0.2115584153,-0.07508903642,15.64614814,-0.5572398177,-0.6913583803
coul_a0.12,-2,20.5,-0.5423122581,-0.6281647294,-0.2028219199,-0.06823022028,15.03957234,-0.542312283,-0.6281646192
coul_a0.12,-2,21.5,-0.5254270654,-0.5700189628,-0.1942818393,-0.06196106368,14.45234835,-0.525427076,-0.5700188657
coul_a0.12,-2,22.5,-0.5071179977,-0.5167828092,-0.1859785803,-0.05625074644,13.88616901,-0.507117998,-0.5167827277
coul_a0.12,-2,23.5,-0.4878531128,-0.4682437779,-0.1779428929,-0.05106411301,13.34218443,-0.4878531048,-0.4682437119
coul_a0.12,-2,24.5,-0.4680323369,-0.4241389172,-0.1701969112,-0.04636370706,12.8210769,-0.4680323243,-0.4241388661
coul_a0.12,-2,25.5,-0.447989301,-0.3841745041,-0.16275529,-0.04211134866,12.32313538,-0.4479892862,-0.3841744663
coul_a0.12,-2,26.5,-0.4279959194,-0.3480417822,-0.1556263487,-0.03826930971,11.84832575,-0.427995904,-0.3480417559
coul_a0.12,-2,27.5,-0.4082685541,-0.3154290558,-0.1488131615,-0.03480115097,11.39635484,-0.4082685393,-0.315429039
coul_a0.12,-2,28.5,-0.3889748888,-0.2860305989,-0.1423145567,-0.03167228429,10.9667272,-0.3889748755,-0.2860305899
coul_a0.12,-2,29.5,-0.3702408938,-0.2595529031,-0.1361260048,-0.02885031881,10.55879434,-0.3702408824,-0.2595529002
coul_a0.12,-1.5,0.5,0.7463909991,-2.276101847,-0.3355606459,-0.333002763,25.6731543,0.7463909149,-2.276101905
coul_a0.12,-1.5,1.5,0.7266088156,-2.270329354,-0.3355310831,-0.330429216,25.62337,0.7266087299,-2.270329412
coul_a0.12,-1.5,2.5,0.6877680076,-2.258293899,-0.3354145677,-0.3253426646,25.52276721,0.6877679226,-2.258293955
coul_a0.12,-1.5,3.5,0.6313038321,-2.239098399,-0.3351029923,-0.3178638393,25.36947333,0.6313037489,-2.239098452
coul_a0.12,-1.5,4.5,0.5593306603,-2.211595459,-0.3344501184,-0.3081723218,25.16114296,0.5593305594,-2.211595523
coul_a0.12,-1.5,5.5,0.4745746155,-2.174593915,-0.3332885963,-0.2965031975,24.89544431,0.4745744955,-2.174593984
coul_a0.12,-1.5,6.5,0.3802588462,-2.127084103,-0.3314493244,-0.283140654,24.57059564,0.3802587145,-2.127084166
coul_a0.12,-1.5,7.5,0.2799365438,-2.068445721,-0.32878067,-0.2684078964,24.18587538,0.2799364096,-2.068445772
coul_a0.12,-1.5,8.5,0.1772797702,-1.998603352,-0.3251650591,-0.2526534959,23.7420296,0.1772796434,-1.998603385
coul_a0.12,-1.5,9.5,0.07584538429,-1.918103715,-0.32053086,-0.2362351388,23.24151631,0.07584527296,-1.918103731
coul_a0.12,-1.5,10.5,-0.02115170284,-1.828103943,-0.3148583034,-0.2195024337,22.6885549,-0.02115179462,-1.828103946
coul_a0.12,-1.5,11.5,-0.1110264992,-1.730277746,-0.3081792155,-0.2027807438,22.08898133,-0.1110265713,-1.730277742
coul_a0.12,-1.5,12.5,-0.1917487598,-1.626661508,-0.3005713461,-0.1863578494,21.44994124,-0.1917488156,-1.626661502
coul_a0.12,-1.5,13.5,-0.2619931544,-1.519471076,-0.2921488096,-0.1704746998,20.77947531,-0.2619931997,-1.519471071
coul_a0.12,-1.5,14.5,-0.3211175604,-1.410920609,-0.283050492,-0.1553207564,20.08606007,-0.3211176028,-1.410920606
coul_a0.12,-1.5,15.5,-0.3690838602,-1.303068612,-0.273428204,-0.1410336931,19.37816339,-0.3690839085,-1.303068607
coul_a0.12,-1.5,16.5,-0.4063419033,-1.19770624,-0.2634359822,-0.1277026669,18.66386104,-0.4063420508,-1.197706175
coul_a0.12,-1.5,17.5,-0.4336986997,-1.096292116,-0.2532214276,-0.1153740829,17.95053869,-0.4336988681,-1.096292005
coul_a0.12,-1.5,18.5,-0.4521897583,-0.9999304051,-0.2429194495,-0.1040587395,17.244695,-0.4521899091,-0.9999302699
coul_a0.12,-1.5,19.5,-0.4629666291,-0.909382562,-0.2326483761,-0.09373938554,16.55183634,-0.4629667484,-0.9093824186
coul_a0.12,-1.5,20.5,-0.4672064046,-0.8251022207,-0.2225081184,-0.08437795908,15.87645054,-0.4672064899,-0.825102082
coul_a0.12,-1.5,21.5,-0.4660451691,-0.7472829103,-0.2125799455,-0.07592204026,15.22204184,-0.4660452227,-0.7472827847
coul_a0.12,-1.5,22.5,-0.4605337641,-0.6759102099,-0.2029274034,-0.06831027983,14.59120768,-0.4605337932,-0.6759101029
coul_a0.12,-1.5,23.5,-0.4516123446,-0.6108123953,-0.1935979554,-0.06147674157,13.98574097,-0.4516123532,-0.6108123083
coul_a0.12,-1.5,24.5,-0.4400994595,-0.5517058983,-0.1846250003,-0.05535421498,13.40674292,-0.4400994549,-0.5517058313
coul_a0.12,-1.5,25.5,-0.426691582,-0.4982337823,-0.1760300119,-0.04987662124,12.85473775,-0.4266915693,-0.4982337335
coul_a0.12,-1.5,26.5,-0.411969486,-0.4499967511,-0.1678246261,-0.04498066428,12.32978102,-0.4119694688,-0.4499967182
coul_a0.12,-1.5,27.5,-0.3964086613,-0.4065770746,-0.1600125664,-0.04060688087,11.83155807,-0.3964086424,-0.406577055
coul_a0.12,-1.5,28.5,-0.3803916673,-0.3675562658,-0.1525913519,-0.03670023119,11.35947039,-0.3803916486,-0.367556257
coul_a0.12,-1.5,29.5,-0.3642209734,-0.33252754,-0.1455537665,-0.03321035132,10.91270927,-0.3642209561,-0.3325275396
coul_a0.12,-1,0.5,1.895795361,-1.692638579,-0.3107190478,-0.4623033129,20.81751783,1.895795359,-1.692638714
coul_a0.12,-1,1.5,1.872840267,-1.70526907,-0.3120511966,-0.4589868014,20.82642711,1.872840264,-1.705269207
coul_a0.12,-1,2.5,1.826874365,-1.729206829,-0.314582356,-0.4523843453,20.8410462,1.826874359,-1.729206964
coul_a0.12,-1,3.5,1.757921603,-1.76187589,-0.3180559387,-0.4425656103,20.85520735,1.757921593,-1.761876019
coul_a0.12,-1,4.5,1.66632956,-1.799603946,-0.3221114625,-0.4296541873,20.86024256,1.666329551,-1.799604111
coul_a0.12,-1,5.5,1.553069235,-1.837886181,-0.3263138116,-0.4138445816,20.84569034,1.553069213,-1.837886379
coul_a0.12,-1,6.5,1.420016581,-1.871766976,-0.3301909178,-0.3954160877,20.80021203,1.420016534,-1.871767185
coul_a0.12,-1,7.5,1.270133218,-1.896323128,-0.333276792,-0.3747383149,20.71265891,1.270133144,-1.896323328
coul_a0.12,-1,8.5,1.107475968,-1.907194645,-0.3351549584,-0.352264602,20.57317899,1.107475872,-1.907194815
coul_a0.12,-1,9.5,0.9370013953,-1.901077721,-0.3354962332,-0.328512304,20.37421859,0.93700129,-1.901077849
coul_a0.12,-1,10.5,0.7641848934,-1.876085222,-0.3340851372,-0.3040322182,20.11127228,0.7641847929,-1.876085309
coul_a0.12,-1,11.5,0.5945261225,-1.831901816,-0.3308312171,-0.279372196,19.78326828,0.5945260371,-1.83190187
coul_a0.12,-1,12.5,0.4330437525,-1.769708711,-0.3257646284,-0.2550413007,19.39254446,0.433043686,-1.769708745
coul_a0.12,-1,13.5,0.2838604135,-1.691908949,-0.3190184721,-0.2314803421,18.94444933,0.2838603625,-1.691908975
coul_a0.12,-1,14.5,0.1499464517,-1.601726956,-0.3108025748,-0.2090426085,18.44666819,0.1499464057,-1.601726984
coul_a0.12,-1,15.5,0.03304386804,-1.502772138,-0.3013741173,-0.1879859799,17.9084091,0.03304381142,-1.50277217
coul_a0.12,-1,16.5,-0.06625151752,-1.398645188,-0.2910098446,-0.1684752558,17.33958169,-0.06625175696,-1.39864522
coul_a0.12,-1,17.5,-0.1482996596,-1.292637584,-0.2799830751,-0.1505920444,16.75007491,-0.1482999568,-1.292637561
coul_a0.12,-1,18.5,-0.2141717775,-1.187542408,-0.2685469962,-0.1343490717,16.14918874,-0.2141720589,-1.187542328
coul_a0.12,-1,19.5,-0.2654026831,-1.085569592,-0.2569243005,-0.1197060586,15.54525231,-0.2654029169,-1.085569472
coul_a0.12,-1,20.5,-0.3037713578,-0.9883427877,-0.2453022791,-0.106585029,14.94540824,-0.3037715332,-0.9883426499
coul_a0.12,-1,21.5,-0.3311268279,-0.8969508245,-0.2338320661,-0.09488373348,14.35553734,-0.3311269454,-0.8969506857
coul_a0.12,-1,22.5,-0.349263195,-0.8120287083,-0.2226306858,-0.08448658357,13.78028677,-0.3492632657,-0.8120285825
coul_a0.12,-1,23.5,-0.3598394336,-0.7338488148,-0.2117847312,-0.07527300954,13.22316688,-0.359839464,-0.7338487081
coul_a0.12,-1,24.5,-0.3643354639,-0.6624092809,-0.20135478,-0.06712346802,12.6866853,-0.3643354669,-0.6624091967
coul_a0.12,-1,25.5,-0.3640351738,-0.5975122849,-0.191379927,-0.05992347863,12.17249731,-0.3640351592,-0.5975122228
coul_a0.12,-1,26.5,-0.3600277039,-0.5388290326,-0.1818820501,-0.05356610803,11.68155513,-0.3600276785,-0.5388289908
coul_a0.12,-1,27.5,-0.3532200252,-0.4859510493,-0.1728696041,-0.04795329334,11.21424718,-0.3532199943,-0.4859510249
coul_a0.12,-1,28.5,-0.3443555732,-0.4384289226,-0.1643408612,-0.0429963398,10.77052179,-0.3443555407,-0.4384289125
coul_a0.12,-1,29.5,-0.3340352972,-0.3958003676,-0.1562865947,-0.03861585958,10.34999338,-0.3340352657,-0.3958003689
coul_a0.12,-0.5,0.5,2.1909324,-0.397486471,-0.2028871194,-0.6028612422,12.25437645,2.190932509,-0.3974865428
coul_a0.12,-0.5,1.5,2.186587999,-0.4231368193,-0.2065843673,-0.600014111,12.31756972,2.186588111,-0.4231368927
coul_a0.12,-0.5,2.5,2.176472063,-0.4739679482,-0.2138066812,-0.5942096843,12.44156367,2.176472171,-0.4739680243
coul_a0.12,-0.5,3.5,2.157834105,-0.548871002,-0.2242052113,-0.5852493905,12.62143309,2.157834206,-0.5488710806
coul_a0.12,-0.5,4.5,2.126838934,-0.6457930917,-0.2372498468,-0.5728889275,12.8494959,2.126839079,-0.6457931857
coul_a0.12,-0.5,5.5,2.078986943,-0.7613732925,-0.2522324578,-0.5568990206,13.11511597,2.078987125,-0.7613734211
coul_a0.12,-0.5,6.5,2.009746529,-0.8906400853,-0.2682875302,-0.5371376828,13.40467878,2.009746714,-0.890640259
coul_a0.12,-0.5,7.5,1.915373469,-1.026923237,-0.284438091,-0.5136224639,13.70190854,1.915373626,-1.026923451
coul_a0.12,-0.5,8.5,1.793800874,-1.162123427,-0.2996690493,-0.4865870289,13.98865099,1.793800972,-1.162123659
coul_a0.12,-0.5,9.5,1.645392958,-1.287405495,-0.3130210083,-0.4565059424,14.24614322,1.64539299,-1.287405716
coul_a0.12,-0.5,10.5,1.473321772,-1.394240403,-0.3236883384,-0.4240769656,14.45664274,1.47332175,-1.394240585
coul_a0.12,-0.5,11.5,1.283393639,-1.475567963,-0.3311003035,-0.3901610296,14.605139,1.283393586,-1.475568093
coul_a0.12,-0.5,12.5,1.083316648,-1.52676833,-0.3349666327,-0.3556924775,14.68079621,1.083316592,-1.526768414
coul_a0.12,-0.5,13.5,0.8815912437,-1.546173093,-0.3352787272,-0.3215806419,14.67782066,0.8815912008,-1.546173149
coul_a0.12,-0.5,14.5,0.6863262415,-1.535003959,-0.3322704067,-0.2886245754,14.59559873,0.6863262111,-1.535004012
coul_a0.12,-0.5,15.5,0.5042754233,-1.49681798,-0.3263520855,-0.257456089,14.43814783,0.5042753886,-1.496818052
coul_a0.12,-0.5,16.5,0.3402743157,-1.43667092,-0.3180359962,-0.2285160662,14.21307862,0.3402740598,-1.436671151
coul_a0.12,-0.5,17.5,0.1971030548,-1.360240613,-0.3078676286,-0.2020599328,13.93034793,0.1971026746,-1.360240799
coul_a0.12,-0.5,18.5,0.07568683511,-1.273091551,-0.2963726232,-0.1781830229,13.60102071,0.07568643301,-1.273091627
coul_a0.12,-0.5,19.5,-0.02451052737,-1.180173294,-0.2840221046,-0.156855657,13.23624916,-0.02451088709,-1.180173266
coul_a0.12,-0.5,20.5,-0.1050324066,-1.085556263,-0.2712148753,-0.1379596614,12.84652087,-0.1050326909,-1.085556163
coul_a0.12,-0.5,21.5,-0.1680088446,-0.9923599732,-0.2582725743,-0.1213210414,12.44118796,-0.1680090426,-0.9923598331
coul_a0.12,-0.5,22.5,-0.2158186753,-0.9028101856,-0.2454434101,-0.1067363101,12.02823535,-0.2158187985,-0.9028100384
coul_a0.12,-0.5,23.5,-0.2508476747,-0.8183659166,-0.2329106624,-0.09399198661,11.61422968,-0.2508477303,-0.8183657782
coul_a0.12,-0.5,24.5,-0.2753343001,-0.7398716768,-0.2208031361,-0.0828779387,11.20438607,-0.2753343084,-0.7398715599
coul_a0.12,-0.5,25.5,-0.2912851873,-0.667706655,-0.2092057453,-0.07319574479,10.80270535,-0.2912851645,-0.6677065638
coul_a0.12,-0.5,26.5,-0.3004405617,-0.6019157246,-0.1981692006,-0.06476332785,10.41214153,-0.3004405192,-0.6019156592
coul_a0.12,-0.5,27.5,-0.3042723176,-0.5423165519,-0.1877183346,-0.05741697434,10.03477537,-0.3042722647,-0.54231651
coul_a0.12,-0.5,28.5,-0.3040013466,-0.4885826131,-0.1778589511,-0.0510116293,9.671978562,-0.30400129,-0.4885825911
coul_a0.12,-0.5,29.5,-0.3006246041,-0.4403047952,-0.1685832792,-0.04542013263,9.32456025,-0.3006245483,-0.4403047893
coul_a0.12,0,0.5,1.563167684,0.4367422961,-0.0006509100247,-0.6711403083,5.848275158,1.563167775,0.4367423197
coul_a0.12,0,1.5,1.575304191,0.4220821611,-0.005857749429,-0.671089809,5.905331222,1.575304284,0.4220821867
coul_a0.12,0,2.5,1.59888204,0.3918633871,-0.01626320497,-0.6707466151,6.019965128,1.598882134,0.3918634096
coul_a0.12,0,3.5,1.632374915,0.3443696159,-0.03182275162,-0.6696286274,6.19302236,1.632375009,0.3443696322
coul_a0.12,0,4.5,1.67317176,0.2772628701,-0.05240037671,-0.6670244496,6.425257537,1.673171875,0.2772629202
coul_a0.12,0,5.5,1.717256002,0.1879580384,-0.07769026386,-0.662023779,6.716679641,1.71725616,0.1879581157
coul_a0.12,0,6.5,1.758922067,0.07424325416,-0.1071259469,-0.6535823748,7.065651308,1.758922275,0.07424332651
coul_a0.12,0,7.5,1.790704979,-0.06482660944,-0.1397978585,-0.6406345597,7.467801844,1.790705231,-0.06482657498
coul_a0.12,0,8.5,1.803752669,-0.2278498138,-0.174411136,-0.6222554813,7.914923365,1.803752935,-0.2278498509
coul_a0.12,0,9.5,1.78883879,-0.4100787507,-0.2093197327,-0.5978542659,8.394156229,1.788839025,-0.4100788668
coul_a0.12,0,10.5,1.73802383,-0.6029434508,-0.2426608695,-0.5673532185,8.887864941,1.738023994,-0.6029436232
coul_a0.12,0,11.5,1.64662854,-0.7945532716,-0.2725815371,-0.5312918172,9.374553704,1.646628619,-0.7945534566
coul_a0.12,0,12.5,1.514848291,-0.9713515536,-0.2975062511,-0.4908043926,9.830904045,1.514848302,-0.9713517086
coul_a0.12,0,13.5,1.34828125,-1.120573867,-0.3163667696,-0.4474615209,10.23459334,1.348281233,-1.120573974
coul_a0.12,0,14.5,1.15702134,-1.232695783,-0.3287221588,-0.4030188389,10.5671823,1.157021333,-1.232695863
coul_a0.12,0,15.5,0.9536040037,-1.303000015,-0.3347409033,-0.3591515614,10.81627695,0.9536040177,-1.303000113
coul_a0.12,0,16.5,0.7505770739,-1.331811946,-0.3350699257,-0.3172487594,10.97644202,0.7505769889,-1.331812422
coul_a0.12,0,17.5,0.558506236,-1.323555998,-0.3306483395,-0.2783060326,11.04883433,0.5585059263,-1.323556514
coul_a0.12,0,18.5,0.3848757536,-1.285181218,-0.322524837,-0.2429137392,11.03985296,0.3848752971,-1.285181581
coul_a0.12,0,19.5,0.2339009035,-1.224560649,-0.3117166076,-0.2113114791,10.95939061,0.2339004143,-1.22456081
coul_a0.12,0,20.5,0.1069778902,-1.149253125,-0.2991220907,-0.1834734118,10.81910579,0.1069774582,-1.149253113
coul_a0.12,0,21.5,0.003427555886,-1.06575843,-0.2854816711,-0.1591965611,10.63101256,0.0034272304,-1.065758297
coul_a0.12,0,22.5,-0.07873690651,-0.9792108239,-0.2713724982,-0.1381761755,10.40649351,-0.07873712306,-0.979210639
coul_a0.12,0,23.5,-0.1421688705,-0.8933773571,-0.2572232295,-0.1200623483,10.15571743,-0.1421689781,-0.8933771543
coul_a0.12,0,24.5,-0.1897243276,-0.8108250893,-0.2433376936,-0.1044983878,9.887373999,-0.1897243555,-0.8108249027
coul_a0.12,0,25.5,-0.2241657327,-0.7331549829,-0.2299203914,-0.09114429725,9.608632885,-0.2241657068,-0.7331548272
coul_a0.12,0,26.5,-0.2479979805,-0.6612388187,-0.2170999919,-0.07968937688,9.325236209,-0.2479979194,-0.6612386985
coul_a0.12,0,27.5,-0.2633968035,-0.595427227,-0.2049491912,-0.06985752466,9.041661247,-0.2633967229,-0.5954271414
coul_a0.12,0,28.5,-0.2721955351,-0.5357173897,-0.1935005966,-0.06140800097,8.76130883,-0.2721954466,-0.5357173347
coul_a0.12,0,29.5,-0.2759049391,-0.4818804966,-0.1827589532,-0.05413361144,8.486690376,-0.2759048506,-0.4818804672
coul_a0.12,0.5,0.5,0.9316470943,0.567510431,0.2019539016,-0.6035670403,2.937786748,0.9316471404,0.5675104772
coul_a0.12,0.5,1.5,0.9424988625,0.5649604026,0.1981856018,-0.6063656091,2.967107093,0.9424989082,0.5649604499
coul_a0.12,0.5,2.5,0.9644084615,0.5592910887,0.1904804427,-0.611839797,3.026783172,0.9644085092,0.5592911351
coul_a0.12,0.5,3.5,0.9977346673,0.5493065268,0.1785093009,-0.6197217846,3.118893215,0.9977347184,0.5493065706
coul_a0.12,0.5,4.5,1.042864827,0.5330754633,0.1618033649,-0.6295555227,3.246556191,1.042864865,0.5330755258
coul_a0.12,0.5,5.5,1.099985044,0.5077913548,0.1397978585,-0.6406345597,3.413881611,1.099985074,0.5077914478
coul_a0.12,0.5,6.5,1.168696607,0.469648701,0.1119132388,-0.6519293913,3.625804124,1.168696648,0.4696488266
coul_a0.12,0.5,7.5,1.247433257,0.4138342925,0.07769026386,-0.662023779,3.887699239,1.247433329,0.4138344476
coul_a0.12,0.5,8.5,1.332680004,0.3348028054,0.03698886531,-0.669096127,4.204645585,1.332680131,0.334802966
coul_a0.12,0.5,9.5,1.41812061,0.2270666274,-0.009761593611,-0.6709989294,4.58020362,1.4181208,0.2270667563
coul_a0.12,0.5,10.5,1.494065556,0.08669487363,-0.06131599193,-0.6654915048,5.014676112,1.494065791,0.08669493114
coul_a0.12,0.5,11.5,1.547758857,-0.08654493909,-0.1154790003,-0.6506452874,5.503061119,1.547759091,-0.08654497432
coul_a0.12,0.5,12.5,1.565181744,-0.2870152573,-0.1692143644,-0.6253532144,6.033287544,1.565181924,-0.2870153677
coul_a0.12,0.5,13.5,1.534436159,-0.5022047822,-0.219071517,-0.5897656913,6.585647439,1.534436261,-0.5022049116
coul_a0.12,0.5,14.5,1.449705911,-0.7140936959,-0.2618505118,-0.545431971,7.134253194,1.449705972,-0.7140937993
coul_a0.12,0.5,15.5,1.313894607,-0.9030325392,-0.2952646579,-0.4950268024,7.650620778,1.313894695,-0.9030326255
coul_a0.12,0.5,16.5,1.138355829,-1.052667044,-0.3183283611,-0.4417523642,8.108396286,1.138356202,-1.052667588
coul_a0.12,0.5,17.5,0.9397395728,-1.153646552,-0.3313427091,-0.3886698982,8.487603886,0.9397396866,-1.153647408
coul_a0.12,0.5,18.5,0.7355882759,-1.204644535,-0.3355600851,-0.3382104521,8.77697672,0.7355879883,-1.204645356
coul_a0.12,0.5,19.5,0.5406637587,-1.210862772,-0.3327262111,-0.2919722058,8.974052386,0.5406631907,-1.210863328
coul_a0.12,0.5,20.5,0.365073908,-1.181293402,-0.3246769945,-0.2507625135,9.083543746,0.3650732587,-1.181293631
coul_a0.12,0.5,21.5,0.2141344197,-1.126057549,-0.3130745772,-0.2147737426,9.114941687,0.2141338442,-1.126057493
coul_a0.12,0.5,22.5,0.08928441217,-1.054544267,-0.2992833668,-0.1837910029,9.080164958,0.0892839807,-1.054544052
coul_a0.12,0.5,23.5,-0.0106531474,-0.974463749,-0.284346243,-0.1573718327,8.991715205,-0.01065340353,-0.9744634417
coul_a0.12,0.5,24.5,-0.08831937943,-0.8915965264,-0.2690161535,-0.1349767278,8.861450346,-0.08831949322,-0.8915962113
coul_a0.12,0.5,25.5,-0.1469609366,-0.8099486611,-0.2538096427,-0.1160523487,8.699913385,-0.146960948,-0.8099483802
coul_a0.12,0.5,26.5,-0.1898780219,-0.7320800624,-0.2390626556,-0.1000782472,8.516060144,-0.1898779629,-0.7320798321
coul_a0.12,0.5,27.5,-0.2201174864,-0.6594630677,-0.2249794218,-0.08658894448,8.317244656,-0.2201173854,-0.6594628918
coul_a0.12,0.5,28.5,-0.240334222,-0.5928008433,-0.211671524,-0.07518094212,8.109346813,-0.240334101,-0.5928007181
coul_a0.12,0.5,29.5,-0.2527555303,-0.5322812498,-0.1991874109,-0.0655113734,7.89696379,-0.2527554042,-0.532281168
coul_a0.12,1,0.5,0.5904688528,0.4696941036,0.3103789678,-0.4631339307,1.831449413,0.5904688704,0.4696941524
coul_a0.12,1,1.5,0.5965846791,0.4707317669,0.3089901775,-0.4664620677,1.844689111,0.5965846964,0.470731816
coul_a0.12,1,2.5,0.6090570531,0.4726606844,0.3060738854,-0.4731434209,1.871724935,0.6090570719,0.4726607341
coul_a0.12,1,3.5,0.6283739457,0.4751576483,0.3013433182,-0.483217836,1.913705485,0.6283739673,0.4751576985
coul_a0.12,1,4.5,0.6552796978,0.4776568883,0.2943457085,-0.4967168136,1.972443605,0.6552797096,0.47765694
coul_a0.12,1,5.5,0.6907767055,0.4792390435,0.284438091,-0.5136224639,2.050524316,0.6907767041,0.479239101
coul_a0.12,1,6.5,0.7360990638,0.4784611054,0.2707624698,-0.5338007025,2.151444571,0.7360990521,0.4784611753
coul_a0.12,1,7.5,0.7926185784,0.473114027,0.2522324578,-0.5568990206,2.279768472,0.7926185601,0.4731141167
coul_a0.12,1,8.5,0.861613923,0.4599078859,0.2275545028,-0.5822007365,2.441257279,0.8616139117,0.4599080023
coul_a0.12,1,9.5,0.9437956548,0.4341274093,0.1953223721,-0.6084380405,2.642887184,0.9437956693,0.4341275527
coul_a0.12,1,10.5,1.038454538,0.389399596,0.1542383809,-0.6335940629,2.892592776,1.038454599,0.3893997557
coul_a0.12,1,11.5,1.14215241,0.3178892689,0.1035115362,-0.6547771459,3.198481998,1.142152532,0.3178894178
coul_a0.12,1,12.5,1.247124722,0.211438487,0.04342764148,-0.6683189937,3.567217477,1.247124898,0.2114385866
coul_a0.12,1,13.5,1.340117008,0.06416255333,-0.02405272059,-0.6702778149,4.001393569,1.340117194,0.06416257926
coul_a0.12,1,14.5,1.4030449,-0.1236229787,-0.09500178581,-0.6574123578,4.496246895,1.403045057,-0.1236229978
coul_a0.12,1,15.5,1.416831578,-0.3417360198,-0.1639367122,-0.6283712461,5.036912348,1.416831724,-0.3417360199
coul_a0.12,1,16.5,1.368034758,-0.5696261286,-0.2250480305,-0.5844899832,5.598093553,1.368035564,-0.5696261549
coul_a0.12,1,17.5,1.255035533,-0.7810210718,-0.2737766498,-0.5296165629,6.147487263,1.255036519,-0.7810217416
coul_a0.12,1,18.5,1.089603727,-0.9520956813,-0.3079184139,-0.4689638377,6.652211166,1.089604235,-0.9520969063
coul_a0.12,1,19.5,0.8926119683,-1.068506028,-0.3277415599,-0.4076330128,7.085557804,0.8926117424,-1.068507319
coul_a0.12,1,20.5,0.6868330933,-1.127643774,-0.3352793715,-0.3495448477,7.431226879,0.6868323196,-1.127644693
coul_a0.12,1,21.5,0.4909703662,-1.136209581,-0.3333551274,-0.2970750258,7.683971156,0.4909693817,-1.136209947
coul_a0.12,1,22.5,0.3170056123,-1.105758406,-0.3247996968,-0.2512336619,7.847512778,0.3170047228,-1.105758358
coul_a0.12,1,23.5,0.1704475432,-1.048729563,-0.3120197748,-0.2120747194,7.931356627,0.1704468938,-1.048729196
coul_a0.12,1,24.5,0.0520216157,-0.9760311712,-0.296858761,-0.1791018907,7.947773229,0.05202122429,-0.9760306912
coul_a0.12,1,25.5,-0.04042210616,-0.8960876781,-0.2806275322,-0.1515712079,7.909579636,-0.04042228745,-0.896087202
coul_a0.12,1,26.5,-0.1103884826,-0.8148170949,-0.2642043078,-0.1286801028,7.828775588,-0.110388508,-0.8148166766
coul_a0.12,1,27.5,-0.1617409325,-0.7360388211,-0.2481451408,-0.1096688778,7.715869786,-0.1617408571,-0.736038484
coul_a0.12,1,28.5,-0.1981452756,-0.6619930142,-0.2327794653,-0.09386556553,7.579664435,-0.1981451444,-0.6619927605
coul_a0.12,1,29.5,-0.2228144049,-0.5938154759,-0.2182837663,-0.08069846746,7.427303216,-0.2228142493,-0.5938152969
coul_a0.12,1.5,0.5,0.42066618,0.3653794552,0.3355649704,-0.3336493053,1.38645171,0.4206661749,0.3653794972
coul_a0.12,1.5,1.5,0.4240355385,0.3667655207,0.3355697856,-0.3362480997,1.392844739,0.4240355333,0.3667655629
coul_a0.12,1.5,2.5,0.4309082651,0.3695198992,0.3355179672,-0.3415062839,1.405883543,0.4309082603,0.3695199423
coul_a0.12,1.5,3.5,0.4415614519,0.373598742,0.3352793715,-0.3495448477,1.426092479,0.4415614482,0.3735987867
coul_a0.12,1.5,4.5,0.4564337465,0.3789133458,0.3346399077,-0.3605439038,1.454307108,0.4564337386,0.3789133894
coul_a0.12,1.5,5.5,0.4761535449,0.3852963322,0.333276792,-0.3747383149,1.491738144,0.4761535306,0.3852963753
coul_a0.12,1.5,6.5,0.5015764581,0.3924445629,0.3307222738,-0.3924063545,1.540065786,0.5015764371,0.3924446081
coul_a0.12,1.5,7.5,0.5338287236,0.3998253127,0.3263138116,-0.4138445816,1.601571643,0.5338286947,0.3998253629
coul_a0.12,1.5,8.5,0.5743461948,0.4065250443,0.3191302224,-0.4393174763,1.679316037,0.5743461599,0.406525105
coul_a0.12,1.5,9.5,0.6248828076,0.4110118546,0.3079184139,-0.4689638377,1.777364782,0.6248827707,0.4110119318
coul_a0.12,1.5,10.5,0.6874305061,0.4107782281,0.2910277026,-0.5026345789,1.90105541,0.6874304747,0.4107783272
coul_a0.12,1.5,11.5,0.7639352193,0.4018459512,0.266393998,-0.5396336414,2.057256858,0.7639352056,0.4018460745
coul_a0.12,1.5,12.5,0.85560923,0.3781878815,0.2316585605,-0.5783498996,2.254498377,0.85560925,0.3781880228
coul_a0.12,1.5,13.5,0.9615710008,0.3313205543,0.1845561145,-0.615832099,2.502702003,0.9615710648,0.3313206922
coul_a0.12,1.5,14.5,1.076649111,0.2507073201,0.1237132899,-0.6475040558,2.81206104,1.076649205,0.250707437
coul_a0.12,1.5,15.5,1.188798398,0.1260436447,0.04984215188,-0.6674187787,3.190503068,1.188798489,0.1260437592
coul_a0.12,1.5,16.5,1.2779175,-0.04772911974,-0.03311542366,-0.6695029614,3.639525793,1.2779179,-0.04772845564
coul_a0.12,1.5,17.5,1.319048127,-0.2638583415,-0.1178440881,-0.649768355,4.149430588,1.319049375,-0.2638577493
coul_a0.12,1.5,18.5,1.291357355,-0.5002852422,-0.1953223721,-0.6084380405,4.696706373,1.291359138,-0.5002856127
coul_a0.12,1.5,19.5,1.188787226,-0.7244016978,-0.2578155981,-0.5503695796,5.2466192,1.188788575,-0.7244032628
coul_a0.12,1.5,20.5,1.024259236,-0.9051484285,-0.3013433182,-0.483217836,5.76120494,1.024259424,-0.9051505037
coul_a0.12,1.5,21.5,0.823760788,-1.024275694,-0.3261254551,-0.4146256895,6.208748368,0.823759817,-1.024277373
coul_a0.12,1.5,22.5,0.6153515178,-1.079623006,-0.3352504234,-0.3502229043,6.569880287,0.6153500976,-1.079623904
coul_a0.12,1.5,23.5,0.4206827875,-1.080839019,-0.3328717532,-0.2930977005,6.838431747,0.4206813681,-1.080839049
coul_a0.12,1.5,24.5,0.2521414802,-1.042625961,-0.3229133573,-0.2442769659,7.0185082,0.2521404126,-1.042625495
coul_a0.12,1.5,25.5,0.1141358387,-0.9795288581,-0.3084902179,-0.2035048585,7.120373604,0.1141351734,-0.9795282026
coul_a0.12,1.5,26.5,0.00586245771,-0.9033502142,-0.2918234213,-0.169900222,7.156866499,0.005862135135,-0.9033495439
coul_a0.12,1.5,27.5,-0.0761538614,-0.8225396754,-0.2743809752,-0.1423798369,7.140987834,-0.07615393923,-0.8225390892
coul_a0.12,1.5,28.5,-0.1363222986,-0.7425866122,-0.2570737157,-0.1198840193,7.084578803,-0.1363222251,-0.7425861473
coul_a0.12,1.5,29.5,-0.1790057665,-0.6667324142,-0.2404303579,-0.1014747988,6.997767145,-0.179005612,-0.6667320718
coul_a0.12,2,0.5,0.3275204916,0.2883105508,0.3216046733,-0.2397687249,1.18316116,0.3275204734,0.2883105785
coul_a0.12,2,1.5,0.329536417,0.2894429204,0.3221327765,-0.2415597551,1.186594459,0.3295363986,0.2894429482
coul_a0.12,2,2.5,0.3336384851,0.2917161048,0.3231703604,-0.2451909457,1.193581014,0.3336384666,0.2917161332
coul_a0.12,2,3.5,0.3399721513,0.2951451383,0.3246769945,-0.2507625135,1.204369238,0.3399721326,0.2951451678
coul_a0.12,2,4.5,0.3487686336,0.2997473492,0.3265835708,-0.2584296149,1.219353941,0.3487686128,0.2997473777
coul_a0.12,2,5.5,0.3603619233,0.3055342701,0.32878067,-0.2684078964,1.239105646,0.3603618993,0.3055342975
coul_a0.12,2,6.5,0.3752138029,0.3124972774,0.3311003525,-0.2809802069,1.264414757,0.3752137751,0.3124973048
coul_a0.12,2,7.5,0.3939488214,0.3205825347,0.3332885963,-0.2965031975,1.296355547,0.3939487888,0.3205825629
coul_a0.12,2,8.5,0.4174012658,0.3296476301,0.3349643818,-0.3154110272,1.336377346,0.4174012281,0.3296476615
coul_a0.12,2,9.5,0.4466751039,0.339386944,0.3355600851,-0.3382104521,1.386433196,0.446675061,0.3393869815
coul_a0.12,2,10.5,0.4832137055,0.349204076,0.3342370248,-0.3654561098,1.449159157,0.4832136581,0.3492041228
coul_a0.12,2,11.5,0.5288645448,0.3579966595,0.3297715806,-0.3976852413,1.528119015,0.5288644952,0.3579967197
coul_a0.12,2,12.5,0.5858958671,0.3638027976,0.320415915,-0.4352759442,1.628124432,0.5858958203,0.3638028747
coul_a0.12,2,13.5,0.6568608029,0.3632495222,0.3037628298,-0.4781737077,1.755617923,0.6568607674,0.363249616
coul_a0.12,2,14.5,0.7440880163,0.3507790436,0.2767031862,-0.5254201128,1.919040053,0.7440879947,0.3507791484
coul_a0.12,2,15.5,0.8484099566,0.3178037215,0.2356707295,-0.5744571531,2.128949037,0.8484099342,0.3178038312
coul_a0.12,2,16.5,0.9666588682,0.2524220584,0.1774897435,-0.6203597448,2.397379818,0.9666586216,0.2524225398
coul_a0.12,2,17.5,1.08795257,0.1411742532,0.1010908634,-0.6555519967,2.735588858,1.087952585,0.1411754014
coul_a0.12,2,18.5,1.190651634,-0.02523568676,0.009761593611,-0.6709989294,3.149407931,1.190652715,-0.0252341825
coul_a0.12,2,19.5,1.244630482,-0.242532524,-0.08762773,-0.6594978091,3.632781319,1.244632939,-0.2425318204
coul_a0.12,2,20.5,1.222774016,-0.4860983773,-0.1785093009,-0.6197217846,4.162976477,1.222776808,-0.486099581
coul_a0.12,2,21.5,1.116727547,-0.716305349,-0.2515181592,-0.5577104162,4.702546046,1.116728937,-0.7163082662
coul_a0.12,2,22.5,0.9433052411,-0.8958401795,-0.3009293783,-0.4840596932,5.209291537,0.9433048268,-0.8958431422
coul_a0.12,2,23.5,0.7351687411,-1.005346977,-0.327397668,-0.4091796213,5.648574261,0.7351668213,-1.005348819
coul_a0.12,2,24.5,0.5250244562,-1.04611716,-0.3355387519,-0.3401841655,6.000624887,0.5250223062,-1.046117668
coul_a0.12,2,25.5,0.3354162266,-1.032405072,-0.3310113379,-0.2804430323,6.260675328,0.3354145188,-1.032404693
coul_a0.12,2,26.5,0.1770439731,-0.9821623575,-0.3187392944,-0.2306285696,6.434681208,0.1770428796,-0.9821615491
coul_a0.12,2,27.5,0.05185693075,-0.9112537754,-0.3023349025,-0.1899643335,6.534269502,0.05185637957,-0.9112528844
coul_a0.12,2,28.5,-0.04304842301,-0.8313995994,-0.2841841579,-0.1571134593,6.572873586,-0.04304859146,-0.8313988125
coul_a0.12,2,29.5,-0.1125237137,-0.7502807414,-0.2657475886,-0.1306662011,6.563429033,-0.1125236502,-0.750280126
coul_a0.12,2.5,0.5,0.270084546,0.2335752738,0.2952370707,-0.1760630647,1.079042759,0.2700845252,0.2335752871
coul_a0.12,2.5,1.5,0.2714009056,0.2344353019,0.2958861551,-0.1772703642,1.081068236,0.2714008847,0.2344353152
coul_a0.12,2.5,2.5,0.2740725017,0.2361663681,0.2971826538,-0.1797179417,1.085181199,0.2740724805,0.2361663817
coul_a0.12,2.5,3.5,0.2781796541,0.2387902312,0.2991220907,-0.1834734118,1.091509624,0.2781796325,0.2387902454
coul_a0.12,2.5,4.5,0.2838495256,0.242338722,0.3016947002,-0.1886424326,1.100255786,0.2838495027,0.2423387353
coul_a0.12,2.5,5.5,0.2912649202,0.2468522839,0.3048811271,-0.1953740413,1.111709832,0.2912648954,0.2468522962
coul_a0.12,2.5,6.5,0.3006774212,0.2523770633,0.3086454952,-0.2038681596,1.126270184,0.3006773942,0.2523770749
coul_a0.12,2.5,7.5,0.3124262744,0.2589593073,0.3129245069,-0.2143855153,1.144473069,0.3124262445,0.2589593184
coul_a0.12,2.5,8.5,0.3269650266,0.2666348747,0.3176104559,-0.2272600894,1.167034763,0.3269649933,0.2666348863
coul_a0.12,2.5,9.5,0.344898646,0.2754099549,0.322524837,-0.2429137392,1.194911917,0.344898609,0.2754099681
coul_a0.12,2.5,10.5,0.3670345077,0.2852260008,0.3273774588,-0.2618714897,1.229387821,0.3670344663,0.2852260169
coul_a0.12,2.5,11.5,0.3944506705,0.29589642,0.3317034744,-0.2847733709,1.272196108,0.3944506248,0.2958964407
coul_a0.12,2.5,12.5,0.428582688,0.3069929746,0.3347677151,-0.3123731183,1.325698045,0.4285826386,0.306993002
coul_a0.12,2.5,13.5,0.4713215861,0.3176438011,0.3354234443,-0.3455029021,1.393134512,0.4713215351,0.3176438371
coul_a0.12,2.5,14.5,0.5250906032,0.3261807921,0.3319156205,-0.3849623825,1.478975509,0.5250905515,0.3261808354
coul_a0.12,2.5,15.5,0.5928051013,0.3295471178,0.321639282,-0.431255957,1.589377685,0.5928050447,0.3295471632
coul_a0.12,2.5,16.5,0.6774806373,0.322379214,0.3009293783,-0.4840596932,1.7327067,0.677480348,0.3223793043
coul_a0.12,2.5,17.5,0.7810020274,0.2958257233,0.2651137911,-0.5412941144,1.919918839,0.7810014633,0.2958261292
coul_a0.12,2.5,18.5,0.9013084624,0.2367260514,0.2093197327,-0.5978542659,2.164257017,0.9013078721,0.2367271934
coul_a0.12,2.5,19.5,1.027601899,0.1290294739,0.1306713857,-0.6446538391,2.479152628,1.027602092,0.129031585
coul_a0.12,2.5,20.5,1.135611492,-0.03945220675,0.03182275162,-0.6696286274,2.873000241,1.135613565,-0.0394499241
coul_a0.12,2.5,21.5,1.189627509,-0.2643927816,-0.07644017107,-0.6623187528,3.341026578,1.189631554,-0.2643924313
coul_a0.12,2.5,22.5,1.157988961,-0.5154233257,-0.1774897435,-0.6203597448,3.858782714,1.157992615,-0.5154257026
coul_a0.12,2.5,23.5,1.034453958,-0.7445181809,-0.2564416457,-0.5520080418,4.384645266,1.034454832,-0.7445225736
coul_a0.12,2.5,24.5,0.8441668927,-0.9106534389,-0.3068204938,-0.4714701562,4.872932122,0.8441650935,-0.9106570245
coul_a0.12,2.5,25.5,0.627562718,-0.9981786253,-0.3308502191,-0.3916567668,5.288792431,0.6275599056,-0.9981802875
coul_a0.12,2.5,26.5,0.4197277952,-1.015406141,-0.33522451,-0.3203366894,5.61521496,0.4197252499,-1.015406148
coul_a0.12,2.5,27.5,0.2409194562,-0.9820808681,-0.3270403751,-0.2603897992,5.851082792,0.2409177408,-0.9820799843
coul_a0.12,2.5,28.5,0.0979280001,-0.9184793784,-0.311868288,-0.2116926625,6.005212626,0.09792710536,-0.9184782474
coul_a0.12,2.5,29.5,-0.01067705877,-0.840381408,-0.2934499253,-0.1727986002,6.090725361,-0.01067736105,-0.8403803799
coul_a0.12,3,0.5,0.2311851861,0.1939503509,0.2674551323,-0.1329000664,1.02095028,0.2311851685,0.1939503549
coul_a0.12,3,1.5,0.2321079199,0.1946028589,0.2680785643,-0.1337254214,1.022237161,0.2321079021,0.1946028629
coul_a0.12,3,2.5,0.233976523,0.1959170162,0.2693293237,-0.1353974057,1.024845714,0.233976505,0.1959170202
coul_a0.12,3,3.5,0.2368386273,0.197911198,0.2712148753,-0.1379596614,1.0288475,0.236838609,0.1979112022
coul_a0.12,3,4.5,0.2407692167,0.2006131609,0.2737455232,-0.1414804682,1.034354998,0.2407691976,0.2006131643
coul_a0.12,3,5.5,0.2458752651,0.2040601467,0.2769330998,-0.1460563583,1.041528312,0.245875245,0.2040601491
coul_a0.12,3,6.5,0.2523026401,0.2082987732,0.2807887632,-0.1518173455,1.050585169,0.2523026186,0.2082987749
coul_a0.12,3,7.5,0.2602460095,0.2133843705,0.285319383,-0.1589341488,1.061815255,0.2602459864,0.2133843714
coul_a0.12,3,8.5,0.2699628568,0.2193791548,0.2905216639,-0.1676279111,1.075600499,0.2699628317,0.2193791553
coul_a0.12,3,9.5,0.2817932171,0.2263481356,0.2963726232,-0.1781830229,1.092443777,0.2817931898,0.2263481361
coul_a0.12,3,10.5,0.2961874592,0.2343507245,0.3028141655,-0.1909636879,1.113009699,0.2961874292,0.2343507255
coul_a0.12,3,11.5,0.3137453777,0.2434243285,0.309728082,-0.2064346676,1.138183017,0.3137453447,0.2434243305
coul_a0.12,3,12.5,0.3352709595,0.2535530618,0.3168955198,-0.2251858253,1.169153072,0.3352709235,0.2535530657
coul_a0.12,3,13.5,0.361848017,0.2646088671,0.3239314243,-0.2479578418,1.207536892,0.3618479784,0.2646088737
coul_a0.12,3,14.5,0.3949409776,0.276241576,0.3301793347,-0.2756609785,1.255559638,0.3949409366,0.2762415847
coul_a0.12,3,15.5,0.4365182022,0.2876751964,0.3345457874,-0.3093663412,1.31631866,0.4365181577,0.2876752039
coul_a0.12,3,16.5,0.4891710119,0.2973358464,0.3352504234,-0.3502229043,1.39416455,0.4891708561,0.2973358073
coul_a0.12,3,17.5,0.5561318309,0.302193194,0.3294819644,-0.3992036004,1.495224431,0.5561314681,0.302193168
coul_a0.12,3,18.5,0.6409252787,0.2966760333,0.3130210083,-0.4565059424,1.628050666,0.6409246009,0.2966762004
coul_a0.12,3,19.5,0.7460380082,0.2711626183,0.280100448,-0.520371117,1.804196588,0.7460370148,0.2711633772
coul_a0.12,3,20.5,0.8695478604,0.2107484704,0.2242052113,-0.5852493905,2.038083823,0.8695470262,0.2107503771
coul_a0.12,3,21.5,0.9989704713,0.09681661222,0.1409261204,-0.6401149966,2.344734996,0.9989712266,0.09681987426
coul_a0.12,3,22.5,1.105064712,-0.08405630184,0.03311542366,-0.6695029614,2.733472426,1.105068042,-0.08405348172
coul_a0.12,3,23.5,1.145573787,-0.3232244005,-0.08515426124,-0.6601568096,3.197803623,1.145579448,-0.3232251667
coul_a0.12,3,24.5,1.087777702,-0.5796898761,-0.1924276484,-0.610487076,3.708117834,1.087781516,-0.5796946278
coul_a0.12,3,25.5,0.9346752824,-0.7967454423,-0.2713723531,-0.5329649635,4.21706438,0.9346751128,-0.7967509943
coul_a0.12,3,26.5,0.7243399018,-0.9353202654,-0.3169403003,-0.4458264731,4.677253687,0.7243368937,-0.9353237743
coul_a0.12,3,27.5,0.5035565622,-0.9897915512,-0.3344191994,-0.3633434649,5.057342162,0.5035530766,-0.9897924238
coul_a0.12,3,28.5,0.3053115676,-0.9779686446,-0.332799388,-0.2925343503,5.346245166,0.3053090138,-0.9779678504
coul_a0.12,3,29.5,0.14399569,-0.9241287176,-0.3201223814,-0.2349265374,5.548012993,0.1439943186,-0.9241273409
coul_a0.12,3.5,0.5,0.2029604885,0.1644088211,0.2419473156,-0.1030429732,0.9865068437,0.2029604752,0.1644088202
coul_a0.12,3.5,1.5,0.2036433867,0.1649120156,0.2425021742,-0.1036216916,0.9873727711,0.2036433733,0.1649120147
coul_a0.12,3.5,2.5,0.2050238871,0.1659253722,0.2436170608,-0.1047929408,0.9891255472,0.2050238736,0.1659253712
coul_a0.12,3.5,3.5,0.2071321628,0.1674629694,0.2453022791,-0.106585029,0.9918080772,0.2071321491,0.1674629684
coul_a0.12,3.5,4.5,0.210015456,0.1695462775,0.2475731692,-0.10904218,0.9954874683,0.2100154419,0.169546276
coul_a0.12,3.5,5.5,0.21374066,0.1722045528,0.250449887,-0.1122268011,1.00025859,0.2137406453,0.1722045505
coul_a0.12,3.5,6.5,0.2183981318,0.1754753098,0.2539569514,-0.1162227845,1.006249332,0.2183981163,0.1754753068
coul_a0.12,3.5,7.5,0.2241071144,0.1794047849,0.2581223746,-0.1211401083,1.013628057,0.2241070981,0.1794047811
coul_a0.12,3.5,8.5,0.2310233373,0.1840482279,0.2629760662,-0.1271211263,1.022614001,0.2310233199,0.1840482236
coul_a0.12,3.5,9.5,0.2393496334,0.1894697204,0.2685469962,-0.1343490717,1.033491791,0.2393496147,0.1894697156
coul_a0.12,3.5,10.5,0.2493508108,0.1957409358,0.2748582621,-0.1430594937,1.046631747,0.2493507907,0.1957409307
coul_a0.12,3.5,11.5,0.2613745998,0.202937759,0.2819186195,-0.1535555469,1.062518563,0.261374578,0.2029377539
coul_a0.12,3.5,12.5,0.2758813424,0.2111327235,0.2897080516,-0.166228257,1.081792235,0.2758813189,0.2111327187
coul_a0.12,3.5,13.5,0.293486277,0.220379411,0.2981532712,-0.1815829149,1.105307219,0.2934862519,0.2203794067
coul_a0.12,3.5,14.5,0.3150197853,0.2306814927,0.3070861994,-0.2002722571,1.134219055,0.3150197587,0.2306814885
coul_a0.12,3.5,15.5,0.341612451,0.2419324256,0.3161737398,-0.2231351264,1.170112696,0.3416124229,0.2419324197
coul_a0.12,3.5,16.5,0.3748117811,0.2537991049,0.3247996968,-0.2512336619,1.21519467,0.3748117087,0.253799054
coul_a0.12,3.5,17.5,0.4167307643,0.2654986579,0.3318692238,-0.2858677688,1.272579843,0.4167306013,0.2654985605
coul_a0.12,3.5,18.5,0.470201838,0.2753762123,0.3354962332,-0.328512304,1.346718271,0.4702015031,0.2753760919
coul_a0.12,3.5,19.5,0.5388245917,0.2801288145,0.3325420196,-0.3805520816,1.444002347,0.5388239549,0.2801287685
coul_a0.12,3.5,20.5,0.6265702986,0.273478058,0.3180559387,-0.4425656103,1.573545388,0.6265692383,0.2734783647
coul_a0.12,3.5,21.5,0.7361165619,0.2442698894,0.2849650255,-0.5127779032,1.747906254,0.7361151351,0.2442712159
coul_a0.12,3.5,22.5,0.8644261439,0.1749935565,0.2250480305,-0.5844899832,1.982932873,0.8644252686,0.174996336
coul_a0.12,3.5,23.5,0.9946643513,0.0444569673,0.1329694807,-0.6436721696,2.294781605,0.9946662845,0.04446134769
coul_a0.12,3.5,24.5,1.089312852,-0.159015351,0.01366345558,-0.6708626561,2.691629435,1.089318711,-0.159012736
coul_a0.12,3.5,25.5,1.099764737,-0.4156939753,-0.113104215,-0.6515055529,3.161297839,1.09977153,-0.4156964549
coul_a0.12,3.5,26.5,0.9997311848,-0.6690437375,-0.2207973546,-0.5882680527,3.6652545,0.9997340786,-0.6690502952
coul_a0.12,3.5,27.5,0.8106034699,-0.8578745634,-0.292469176,-0.5000980398,4.150405911,0.810601266,-0.8578804112
coul_a0.12,3.5,28.5,0.5846774124,-0.9545733496,-0.3275706895,-0.4084057879,4.571571732,0.5846731004,-0.9545757188
coul_a0.12,3.5,29.5,0.369327641,-0.9689349936,-0.3354507292,-0.3266067402,4.905301439,0.3693240536,-0.9689345261
coul_a0.12,4,0.5,0.181425906,0.141752182,0.2195977606,-0.08182972857,0.9652173079,0.1814258965,0.141752179
coul_a0.12,4,1.5,0.1819526745,0.1421479227,0.2200786687,-0.08224672481,0.9658267081,0.181952665,0.1421479196
coul_a0.12,4,2.5,0.1830160865,0.1429446349,0.2210454553,-0.08308988262,0.9670588253,0.1830160769,0.1429446317
coul_a0.12,4,3.5,0.1846363479,0.1441529066,0.2225081184,-0.08437795908,0.9689409014,0.1846363381,0.1441529034
coul_a0.12,4,4.5,0.1868449455,0.1457889359,0.2244817918,-0.08614018829,0.9715153681,0.1868449355,0.1457889323
coul_a0.12,4,5.5,0.1896861706,0.1478749092,0.2269868847,-0.08841769438,0.9748418623,0.1896861603,0.147874905
coul_a0.12,4,6.5,0.1932193486,0.1504395047,0.2300492199,-0.09126554431,0.9790001794,0.193219338,0.1504394999
coul_a0.12,4,7.5,0.1975219762,0.1535185039,0.2337001129,-0.09475560851,0.9840944095,0.1975219651,0.1535184985
coul_a0.12,4,8.5,0.2026940671,0.1571554801,0.2379762868,-0.09898047189,0.9902586386,0.2026940554,0.1571554742
coul_a0.12,4,9.5,0.2088641442,0.1614024861,0.2429194495,-0.1040587395,0.997664785,0.2088641318,0.1614024798
coul_a0.12,4,10.5,0.2161975263,0.1663205867,0.2485752295,-0.1101422207,1.00653339,0.2161975131,0.16632058
coul_a0.12,4,11.5,0.2249078598,0.171979924,0.2549909522,-0.1174256682,1.017148592,0.2249078457,0.171979917
coul_a0.12,4,12.5,0.2352733117,0.1784587126,0.2622113594,-0.1261600039,1.029879125,0.2352732968,0.1784587054
coul_a0.12,4,13.5,0.2476595292,0.1858399998,0.2702707172,-0.1366702948,1.045208138,0.2476595134,0.1858399925
coul_a0.12,4,14.5,0.2625525055,0.1942039462,0.2791785978,-0.1493801083,1.063776149,0.2625524891,0.1942039385
coul_a0.12,4,15.5,0.2806059806,0.203611278,0.2888945643,-0.1648441657,1.086443854,0.2806059637,0.203611269
coul_a0.12,4,16.5,0.3027100129,0.2140694634,0.2992833668,-0.1837910029,1.114385561,0.302709979,0.2140694237
coul_a0.12,4,17.5,0.330089414,0.2254648283,0.3100359353,-0.2071755361,1.149229226,0.3300893447,0.2254647493
coul_a0.12,4,18.5,0.3644413832,0.2374280557,0.32053086,-0.2362351388,1.193270868,0.3644412439,0.2374279292
coul_a0.12,4,19.5,0.4081139045,0.2490687032,0.3295949258,-0.272525049,1.249801978,0.4081136283,0.2490685299
coul_a0.12,4,20.5,0.4642912128,0.2584577121,0.3351029923,-0.3178638393,1.32360577,0.4642906881,0.2584575366
coul_a0.12,4,21.5,0.537034818,0.2616502548,0.3333607721,-0.374017002,1.421679233,0.5370338378,0.2616502502
coul_a0.12,4,22.5,0.6306998377,0.2509854552,0.3183283611,-0.4417523642,1.554165347,0.6306984065,0.2509860086
coul_a0.12,4,23.5,0.7475221054,0.2127057186,0.281205322,-0.5186854802,1.735173309,0.7475203576,0.2127079125
coul_a0.12,4,24.5,0.881297136,0.125640054,0.2120227307,-0.5956741066,1.982259064,0.8812967773,0.1256444542
coul_a0.12,4,25.5,1.006774445,-0.03302812728,0.1059233865,-0.6539849424,2.311798796,1.006777969,-0.03302305695
coul_a0.12,4,26.5,1.074836742,-0.2670303432,-0.02664520509,-0.6700814162,2.727434313,1.074844506,-0.2670291067
coul_a0.12,4,27.5,1.035395694,-0.53630094,-0.1574990637,-0.6318837924,3.206123987,1.035402259,-0.5363065701
coul_a0.12,4,28.5,0.8817593719,-0.7684240292,-0.2571304375,-0.5511892962,3.697972513,0.8817593482,-0.7684321084
coul_a0.12,4,29.5,0.6604575582,-0.9097591899,-0.3139660072,-0.4540309548,4.147647369,0.6604527924,-0.9097636617
coul_a0.15,-6,0.5,-0.5559069835,-0.2792700785,-0.15695205,-0.03896704063,14.79882161,-0.5559069798,-0.2792700726
coul_a0.15,-6,1.5,-0.5546950947,-0.2781341701,-0.1566852392,-0.03882600732,14.77662742,-0.554695091,-0.2781341642
coul_a0.15,-6,2.5,-0.5522832786,-0.275881866,-0.1561541305,-0.03854618167,14.73246207,-0.5522832749,-0.2758818602
coul_a0.15,-6,3.5,-0.5486952465,-0.2725514857,-0.1553636967,-0.03813196867,14.66676624,-0.5486952429,-0.2725514799
coul_a0.15,-6,4.5,-0.543966038,-0.2681987853,-0.1543212666,-0.03758978776,14.58018772,-0.5439660342,-0.268198779
coul_a0.15,-6,5.5,-0.5381413928,-0.2628950032,-0.1530363732,-0.0369278595,14.47356602,-0.5381413886,-0.2628949964
coul_a0.15,-6,6.5,-0.5312769249,-0.2567244394,-0.1515205585,-0.03615594016,14.34791309,-0.5312769205,-0.2567244324
coul_a0.15,-6,7.5,-0.5234371126,-0.2497816989,-0.1497871425,-0.03528501872,14.20439062,-0.5234371081,-0.2497816918
coul_a0.15,-6,8.5,-0.5146941225,-0.2421687471,-0.1478509627,-0.03432699181,14.04428497,-0.514694118,-0.2421687403
coul_a0.15,-6,9.5,-0.5051264964,-0.233991925,-0.1457280922,-0.03329433221,13.8689806,-0.5051264922,-0.2339919186
coul_a0.15,-6,10.5,-0.4948177361,-0.225359059,-0.1434355466,-0.0321997656,13.67993291,-0.4948177321,-0.2253590532
coul_a0.15,-6,11.5,-0.4838548247,-0.2163767846,-0.1409909875,-0.03105596824,13.4786415,-0.483854821,-0.2163767794
coul_a0.15,-6,12.5,-0.4723267313,-0.2071481766,-0.1384124304,-0.02987529594,13.2666245,-0.472326728,-0.207148172
coul_a0.15,-6,13.5,-0.4603229432,-0.197770751,-0.1357179674,-0.02866955169,13.04539472,-0.4603229402,-0.1977707469
coul_a0.15,-6,14.5,-0.4479320702,-0.188334877,-0.1329255085,-0.02744979638,12.81643811,-0.4479320673,-0.1883348731
coul_a0.15,-6,15.5,-0.4352405601,-0.1789226074,-0.1300525494,-0.02622620432,12.58119499,-0.4352405572,-0.1789226033
coul_a0.15,-6,16.5,-0.4223315623,-0.1696069216,-0.1271159683,-0.02500796271,12.34104447,-0.4223315547,-0.1696069117
coul_a0.15,-6,17.5,-0.4092839403,-0.16045132,-0.1241318549,-0.02380321238,12.09729051,-0.4092839297,-0.1604513069
coul_a0.15,-6,18.5,-0.3961714986,-0.1515097904,-0.1211153732,-0.02261902535,11.85115337,-0.3961714863,-0.1515097757
coul_a0.15,-6,19.5,-0.3830623747,-0.1428270209,-0.1180806566,-0.02146141432,11.60376218,-0.3830623612,-0.1428270059
coul_a0.15,-6,20.5,-0.3700186217,-0.134438844,-0.1150407353,-0.02033536796,11.3561505,-0.3700186078,-0.1344388293
coul_a0.15,-6,21.5,-0.3570959687,-0.1263728471,-0.1120074923,-0.01924490672,11.10925441,-0.3570959547,-0.126372833
coul_a0.15,-6,22.5,-0.3443437389,-0.118649097,-0.108991647,-0.01819315321,10.86391257,-0.3443437253,-0.1186490841
coul_a0.15,-6,23.5,-0.3318049096,-0.1112809337,-0.1060027603,-0.01718241252,10.62086809,-0.3318048965,-0.1112809221
coul_a0.15,-6,24.5,-0.3195162886,-0.1042757899,-0.1030492603,-0.0162142578,10.38077164,-0.3195162765,-0.1042757797
coul_a0.15,-6,25.5,-0.3075087882,-0.09763600877,-0.1001384838,-0.01528961763,10.14418587,-0.3075087771,-0.09763600008
coul_a0.15,-6,26.5,-0.2958077709,-0.09135963132,-0.09727672897,-0.01440886219,9.911590471,-0.295807761,-0.09135962405
coul_a0.15,-6,27.5,-0.2844334483,-0.0854411365,-0.09446931864,-0.01357188589,9.683387906,-0.2844334396,-0.08544113057
coul_a0.15,-6,28.5,-0.2734013128,-0.07987212203,-0.0917206687,-0.01277818499,9.459909397,-0.2734013052,-0.07987211732
coul_a0.15,-6,29.5,-0.2627225872,-0.07464191803,-0.08903436056,-0.01202692892,9.241421111,-0.2627225808,-0.07464191442
coul_a0.15,-5.5,0.5,-0.6269775967,-0.362309535,-0.1693481936,-0.04586591423,17.03465375,-0.6269775926,-0.3623095262
coul_a0.15,-5.5,1.5,-0.6255546583,-0.3607269336,-0.1690414722,-0.04568683649,17.00597942,-0.6255546541,-0.3607269247
coul_a0.15,-5.5,2.5,-0.6227224488,-0.3575907456,-0.1684310498,-0.04533173763,16.94894307,-0.6227224447,-0.3575907369
coul_a0.15,-5.5,3.5,-0.6185081255,-0.3529578885,-0.1675229031,-0.04480661867,16.86416126,-0.6185081214,-0.3529578799
coul_a0.15,-5.5,4.5,-0.6129519717,-0.3469110275,-0.1663258391,-0.0441202074,16.75253904,-0.6129519674,-0.3469110181
coul_a0.15,-5.5,5.5,-0.6061068325,-0.3395555098,-0.1648513103,-0.04328364883,16.6152471,-0.6061068278,-0.3395554997
coul_a0.15,-5.5,6.5,-0.598037337,-0.331015581,-0.1631131772,-0.04231012195,16.453693,-0.598037332,-0.3310155705
coul_a0.15,-5.5,7.5,-0.5888188951,-0.3214300988,-0.1611274253,-0.04121440479,16.26948764,-0.58881889,-0.3214300883
coul_a0.15,-5.5,8.5,-0.5785364691,-0.3109479845,-0.1589118444,-0.04001241137,16.06440826,-0.5785364641,-0.3109479744
coul_a0.15,-5.5,9.5,-0.5672831339,-0.2997236492,-0.1564856818,-0.03872072396,15.84035945,-0.567283129,-0.2997236397
coul_a0.15,-5.5,10.5,-0.5551584555,-0.2879126123,-0.1538692792,-0.03735614231,15.59933367,-0.5551584508,-0.2879126037
coul_a0.15,-5.5,11.5,-0.5422667328,-0.2756674972,-0.1510837056,-0.03593526809,15.34337266,-0.5422667286,-0.2756674895
coul_a0.15,-5.5,12.5,-0.5287151605,-0.2631345442,-0.148150396,-0.03447413909,15.07453072,-0.5287151567,-0.2631345374
coul_a0.15,-5.5,13.5,-0.5146119763,-0.2504507385,-0.1450908076,-0.0329879228,14.79484113,-0.5146119727,-0.2504507324
coul_a0.15,-5.5,14.5,-0.5000646604,-0.2377415976,-0.1419261018,-0.03149067464,14.50628625,-0.5000646571,-0.2377415919
coul_a0.15,-5.5,15.5,-0.4851782508,-0.2251196242,-0.1386768594,-0.02999516177,14.21077192,-0.4851782473,-0.2251196183
coul_a0.15,-5.5,16.5,-0.470053831,-0.212683397,-0.1353628343,-0.02851274998,13.91010685,-0.470053822,-0.2126833827
coul_a0.15,-5.5,17.5,-0.4547872088,-0.2005171983,-0.1320027497,-0.02705334827,13.6059847,-0.4547871961,-0.2005171794
coul_a0.15,-5.5,18.5,-0.4394678706,-0.1886911916,-0.128614137,-0.02562540373,13.29997382,-0.4394678557,-0.1886911709
coul_a0.15,-5.5,19.5,-0.4241781617,-0.1772619529,-0.1252132173,-0.02423593845,12.99350883,-0.4241781455,-0.1772619317
coul_a0.15,-5.5,20.5,-0.4089927259,-0.1662733205,-0.1218148241,-0.02289061944,12.68788652,-0.4089927091,-0.1662732998
coul_a0.15,-5.5,21.5,-0.3939781868,-0.1557574643,-0.1184323625,-0.02159385328,12.38426526,-0.3939781698,-0.1557574448
coul_a0.15,-5.5,22.5,-0.3791930472,-0.1457360895,-0.1150778013,-0.02034889716,12.08366707,-0.3791930308,-0.1457360718
coul_a0.15,-5.5,23.5,-0.3646877822,-0.1362217071,-0.1117616942,-0.01915797965,11.78698207,-0.3646877665,-0.1362216913
coul_a0.15,-5.5,24.5,-0.35050509,-0.1272189101,-0.1084932234,-0.01802242514,11.49497459,-0.3505050754,-0.1272188965
coul_a0.15,-5.5,25.5,-0.3366802726,-0.1187256147,-0.1052802624,-0.01694277712,11.20829078,-0.3366802594,-0.1187256032
coul_a0.15,-5.5,26.5,-0.3232417121,-0.1107342284,-0.1021294517,-0.01591891687,10.92746695,-0.3232417003,-0.1107342189
coul_a0.15,-5.5,27.5,-0.3102114119,-0.1032327259,-0.09904628514,-0.01495017475,10.65293852,-0.3102114015,-0.1032327182
coul_a0.15,-5.5,28.5,-0.2976055796,-0.09620561739,-0.09603520147,-0.01403543239,10.38504925,-0.2976055707,-0.09620561138
coul_a0.15,-5.5,29.5,-0.2854352261,-0.08963480459,-0.09309967909,-0.01317321492,10.12406037,-0.2854352186,-0.08963480007
coul_a0.15,-5,0.5,-0.7084017603,-0.4818356836,-0.1836433701,-0.05470991216,19.99012592,-0.7084017563,-0.4818356702
coul_a0.15,-5,1.5,-0.7067623743,-0.4795718737,-0.1832886967,-0.05447832498,19.95212466,-0.7067623703,-0.4795718602
coul_a0.15,-5,2.5,-0.7034975753,-0.4750885213,-0.1825829739,-0.05401941255,19.87657181,-0.7034975713,-0.475088508
coul_a0.15,-5,3.5,-0.6986353147,-0.4684723707,-0.1815333754,-0.05334153111,19.76435433,-0.6986353108,-0.4684723576
coul_a0.15,-5,4.5,-0.6922174989,-0.4598491786,-0.180150476,-0.05245680679,19.61677233,-0.6922174946,-0.4598491643
coul_a0.15,-5,5.5,-0.684299865,-0.4493787954,-0.1784480349,-0.05138067573,19.43550411,-0.6842998603,-0.44937878
coul_a0.15,-5,6.5,-0.6749516797,-0.437249116,-0.1764427118,-0.05013131752,19.22256228,-0.6749516747,-0.4372490999
coul_a0.15,-5,7.5,-0.6642551738,-0.4236692561,-0.1741537275,-0.04872901637,18.98024267,-0.6642551686,-0.4236692401
coul_a0.15,-5,8.5,-0.6523046488,-0.4088623562,-0.1716024747,-0.04719548669,18.71106828,-0.6523046435,-0.4088623409
coul_a0.15,-5,9.5,-0.6392052175,-0.3930584009,-0.1688120931,-0.04555319889,18.41773055,-0.6392052123,-0.3930583866
coul_a0.15,-5,10.5,-0.6250711822,-0.3764874101,-0.165807021,-0.04382473808,18.10303031,-0.6250711772,-0.3764873972
coul_a0.15,-5,11.5,-0.610024088,-0.3593732985,-0.1626125384,-0.04203222265,17.76982041,-0.6100240835,-0.359373287
coul_a0.15,-5,12.5,-0.5941905277,-0.3419286239,-0.1592543159,-0.04019680294,17.420952,-0.5941905235,-0.3419286137
coul_a0.15,-5,13.5,-0.5776997944,-0.3243503655,-0.1557579838,-0.03833825302,17.05922582,-0.5776997906,-0.3243503564
coul_a0.15,-5,14.5,-0.5606814973,-0.3068167922,-0.1521487344,-0.03647466102,16.68734975,-0.5606814937,-0.3068167837
coul_a0.15,-5,15.5,-0.5432632495,-0.2894854063,-0.1484509668,-0.03462221733,16.30790325,-0.5432632457,-0.2894853974
coul_a0.15,-5,16.5,-0.525568537,-0.2724919007,-0.1446879828,-0.0327950946,15.92330956,-0.5255685268,-0.2724918795
coul_a0.15,-5,17.5,-0.5077148205,-0.2559499516,-0.140881738,-0.03100540927,15.53581259,-0.5077148058,-0.2559499239
coul_a0.15,-5,18.5,-0.4898119961,-0.2399518404,-0.1370526498,-0.02926325246,15.14746489,-0.4898119787,-0.2399518101
coul_a0.15,-5,19.5,-0.4719611759,-0.2245695895,-0.1332194615,-0.02757677622,14.76011867,-0.4719611567,-0.2245695588
coul_a0.15,-5,20.5,-0.4542538342,-0.2098565438,-0.1293991597,-0.02595232165,14.37542329,-0.4542538142,-0.2098565143
coul_a0.15,-5,21.5,-0.4367713029,-0.195849234,-0.1256069393,-0.02439457581,13.99482745,-0.4367712826,-0.1958492065
coul_a0.15,-5,22.5,-0.419584584,-0.1825693888,-0.1218562101,-0.02290674587,13.61958529,-0.4195845643,-0.1825693641
coul_a0.15,-5,23.5,-0.4027544424,-0.1700259921,-0.1181586394,-0.02149074086,13.25076554,-0.4027544236,-0.1700259702
coul_a0.15,-5,24.5,-0.3863317276,-0.1582172949,-0.1145242224,-0.02014735288,12.88926276,-0.3863317102,-0.1582172762
coul_a0.15,-5,25.5,-0.370357882,-0.147132725,-0.1109613741,-0.01887643188,12.5358103,-0.3703578662,-0.1471327094
coul_a0.15,-5,26.5,-0.3548655817,-0.1367546444,-0.1074770374,-0.01767704957,12.19099407,-0.3548655677,-0.1367546316
coul_a0.15,-5,27.5,-0.3398794698,-0.1270599318,-0.1040768002,-0.01654764953,11.85526665,-0.3398794575,-0.1270599216
coul_a0.15,-5,28.5,-0.3254169416,-0.1180213773,-0.1007650183,-0.015486182,11.52896142,-0.3254169312,-0.1180213695
coul_a0.15,-5,29.5,-0.3114889494,-0.1096088863,-0.09754493894,-0.01449022268,11.21230633,-0.3114889407,-0.1096088806
coul_a0.15,-4.5,0.5,-0.7957314902,-0.6585187657,-0.2002145394,-0.06627197666,23.98577918,-0.795731488,-0.6585187447
coul_a0.15,-4.5,1.5,-0.7939418725,-0.6551923644,-0.1998026125,-0.06596621125,23.93399378,-0.7939418703,-0.6551923433
coul_a0.15,-4.5,2.5,-0.7903722062,-0.6486086482,-0.198983058,-0.06536076822,23.83108909,-0.790372204,-0.6486086274
coul_a0.15,-4.5,3.5,-0.7850422349,-0.6389028724,-0.1977643951,-0.06446756639,23.67837798,-0.7850422327,-0.6389028519
coul_a0.15,-4.5,4.5,-0.7779829712,-0.6262708183,-0.1961592038,-0.06330385975,23.47778226,-0.7779829687,-0.626270796
coul_a0.15,-4.5,5.5,-0.7692380683,-0.6109607914,-0.1941838869,-0.06189153697,23.23177787,-0.7692380655,-0.6109607673
coul_a0.15,-4.5,6.5,-0.7588651986,-0.5932637959,-0.1918583529,-0.06025626273,22.94332632,-0.7588651954,-0.5932637709
coul_a0.15,-4.5,7.5,-0.7469371536,-0.5735024828,-0.1892056267,-0.05842651621,22.61579498,-0.74693715,-0.573502458
coul_a0.15,-4.5,8.5,-0.7335424118,-0.5520195394,-0.186251393,-0.05643258487,22.25286978,-0.733542408,-0.5520195156
coul_a0.15,-4.5,9.5,-0.7187849903,-0.5291661724,-0.1830234857,-0.05430556998,21.85846432,-0.7187849863,-0.5291661502
coul_a0.15,-4.5,10.5,-0.7027834882,-0.5052912758,-0.1795513389,-0.05207645414,21.43662883,-0.7027834842,-0.5052912558
coul_a0.15,-4.5,11.5,-0.6856693296,-0.4807317748,-0.1758654167,-0.04977527144,20.9914626,-0.6856693257,-0.4807317571
coul_a0.15,-4.5,12.5,-0.6675843061,-0.4558045046,-0.1719966445,-0.04743040925,20.52703272,-0.6675843024,-0.4558044889
coul_a0.15,-4.5,13.5,-0.6486775866,-0.4307998419,-0.167975859,-0.04506805848,20.04730162,-0.6486775833,-0.4307998279
coul_a0.15,-4.5,14.5,-0.6291024084,-0.4059771671,-0.1638332994,-0.04271181754,19.55606495,-0.6291024053,-0.405977154
coul_a0.15,-4.5,15.5,-0.6090126724,-0.3815621073,-0.1595981519,-0.04038244477,19.05690106,-0.609012669,-0.3815620938
coul_a0.15,-4.5,16.5,-0.588559661,-0.3577454274,-0.1552981621,-0.03809774661,18.55313288,-0.5885596505,-0.3577453951
coul_a0.15,-4.5,17.5,-0.5678890247,-0.3346832528,-0.1509593218,-0.03587258297,18.04779791,-0.5678890091,-0.3346832111
coul_a0.15,-4.5,18.5,-0.5471382415,-0.3124985765,-0.1466056315,-0.03371896823,17.54363488,-0.5471382223,-0.3124985314
coul_a0.15,-4.5,19.5,-0.5264345554,-0.2912835258,-0.1422589405,-0.0316462456,17.04307559,-0.5264345338,-0.2912834805
coul_a0.15,-4.5,20.5,-0.5058934698,-0.2711022588,-0.1379388558,-0.02966131291,16.54824624,-0.5058934468,-0.2711022156
coul_a0.15,-4.5,21.5,-0.4856177822,-0.2519942175,-0.1336627166,-0.02776888049,16.06097578,-0.4856177587,-0.2519941776
coul_a0.15,-4.5,22.5,-0.4656971198,-0.2339775233,-0.1294456225,-0.02597174401,15.58280954,-0.4656970969,-0.2339774878
coul_a0.15,-4.5,23.5,-0.4462079173,-0.2170523507,-0.1253005066,-0.02427105887,15.11502701,-0.4462078952,-0.2170523197
coul_a0.15,-4.5,24.5,-0.4272137578,-0.2012041473,-0.1212382442,-0.0226666054,14.65866206,-0.4272137372,-0.201204121
coul_a0.15,-4.5,25.5,-0.4087660064,-0.1864066168,-0.1172677868,-0.02115703756,14.2145251,-0.4087659878,-0.1864065952
coul_a0.15,-4.5,26.5,-0.3909046522,-0.172624404,-0.1133963139,-0.01974010997,13.78322573,-0.3909046357,-0.1726243866
coul_a0.15,-4.5,27.5,-0.3736592922,-0.1598154572,-0.1096293935,-0.01841288078,13.36519532,-0.3736592779,-0.1598154435
coul_a0.15,-4.5,28.5,-0.3570501949,-0.147933061,-0.105971147,-0.01717188909,12.96070903,-0.3570501827,-0.1479330508
coul_a0.15,-4.5,29.5,-0.3410893924,-0.1369275501,-0.1024244123,-0.01601330751,12.56990663,-0.3410893823,-0.1369275427
coul_a0.15,-4,0.5,-0.8722051033,-0.9254407689,-0.2194777917,-0.08172595214,29.48392343,-0.8722051079,-0.9254407361
coul_a0.15,-4,1.5,-0.870538805,-0.9204383134,-0.2189989473,-0.081312724,29.41134163,-0.8705388095,-0.9204382803
coul_a0.15,-4,2.5,-0.8671977567,-0.9105424354,-0.2180461934,-0.08049519123,29.26718954,-0.867197761,-0.9105424028
coul_a0.15,-4,3.5,-0.8621673747,-0.8959665179,-0.2166293377,-0.07929079782,29.05345957,-0.8621673788,-0.8959664859
coul_a0.15,-4,4.5,-0.8554312561,-0.8770192238,-0.2147629286,-0.07772473165,28.77306526,-0.8554312604,-0.8770191889
coul_a0.15,-4,5.5,-0.8469768844,-0.8540916039,-0.2124660469,-0.07582883059,28.42975457,-0.8469768887,-0.8540915661
coul_a0.15,-4,6.5,-0.8368019463,-0.8276412261,-0.2097620064,-0.07364024839,28.02800119,-0.8368019501,-0.8276411868
coul_a0.15,-4,7.5,-0.8249204324,-0.7981742792,-0.2066779601,-0.0711999703,27.57287794,-0.8249204355,-0.7981742402
coul_a0.15,-4,8.5,-0.8113677569,-0.7662267404,-0.2032444072,-0.06855127359,27.06991824,-0.8113677591,-0.766226703
coul_a0.15,-4,9.5,-0.7962043014,-0.7323456877,-0.1994946093,-0.06573822362,26.52497181,-0.7962043025,-0.732345653
coul_a0.15,-4,10.5,-0.779517026,-0.6970717594,-0.195463932,-0.06280428513,25.94406076,-0.7795170264,-0.6970717282
coul_a0.15,-4,11.5,-0.7614190515,-0.6609236008,-0.1911891358,-0.05979111137,25.33324172,-0.7614190513,-0.6609235731
coul_a0.15,-4,12.5,-0.7420473517,-0.6243849184,-0.1867076461,-0.0567375537,24.69847919,-0.7420473512,-0.6243848941
coul_a0.15,-4,13.5,-0.7215588918,-0.587894521,-0.1820568333,-0.05367891327,24.04553395,-0.7215588912,-0.5878944993
coul_a0.15,-4,14.5,-0.700125663,-0.5518394687,-0.1772733365,-0.05064643719,23.3798694,-0.7001256624,-0.5518394483
coul_a0.15,-4,15.5,-0.6779291142,-0.5165512325,-0.1723924545,-0.04766704532,22.7065775,-0.6779291133,-0.5165512115
coul_a0.15,-4,16.5,-0.6551544671,-0.4823046052,-0.1674476268,-0.04476326135,22.03032534,-0.65515446,-0.4823045553
coul_a0.15,-4,17.5,-0.6319853009,-0.4493188104,-0.1624700167,-0.04195331449,21.35531611,-0.6319852881,-0.4493187464
coul_a0.15,-4,18.5,-0.6085987808,-0.4177606606,-0.1574882023,-0.03925137434,20.6852758,-0.6085987633,-0.4177605919
coul_a0.15,-4,19.5,-0.5851616793,-0.3877488883,-0.1525279741,-0.03666788144,20.02344897,-0.5851616581,-0.3877488199
coul_a0.15,-4,20.5,-0.561827322,-0.3593593891,-0.1476122311,-0.03420993913,19.37260899,-0.5618272983,-0.3593593244
coul_a0.15,-4,21.5,-0.5387334666,-0.3326309141,-0.1427609658,-0.03188173634,18.73507868,-0.5387334415,-0.332630855
coul_a0.15,-4,22.5,-0.5160010592,-0.3075708532,-0.1379913236,-0.02968497683,18.11275845,-0.516001034,-0.3075708011
coul_a0.15,-4,23.5,-0.4937337681,-0.2841608455,-0.1333177208,-0.02761929587,17.50715977,-0.4937337433,-0.2841608006
coul_a0.15,-4,24.5,-0.4720181592,-0.2623620147,-0.1287520086,-0.02568265062,16.91944149,-0.4720181359,-0.2623619771
coul_a0.15,-4,25.5,-0.4509243852,-0.2421197102,-0.1243036679,-0.02387167552,16.35044783,-0.4509243639,-0.2421196795
coul_a0.15,-4,26.5,-0.4305072435,-0.2233676808,-0.1199800225,-0.02218199778,15.80074611,-0.4305072244,-0.2233676565
coul_a0.15,-4,27.5,-0.4108074859,-0.2060316608,-0.1157864623,-0.02060851123,15.27066326,-0.4108074694,-0.2060316421
coul_a0.15,-4,28.5,-0.391853273,-0.1900323796,-0.1117266653,-0.01914560912,14.76032048,-0.391853259,-0.1900323658
coul_a0.15,-4,29.5,-0.3736616855,-0.1752880306,-0.1078028149,-0.0177873782,14.26966532,-0.3736616739,-0.1752880209
coul_a0.15,-3.5,0.5,-0.8882563287,-1.330280551,-0.2418088706,-0.1028990055,37.04974602,-0.8882563526,-1.330280502
coul_a0.15,-3.5,1.5,-0.8875451153,-1.322694267,-0.2412561695,-0.102325961,36.94577682,-0.8875451392,-1.322694218
coul_a0.15,-3.5,2.5,-0.8860595249,-1.307689879,-0.2401559521,-0.1011932975,36.73938885,-0.8860595483,-1.30768983
coul_a0.15,-3.5,3.5,-0.8836801449,-1.285596924,-0.238518605,-0.09952722105,36.43363628,-0.8836801674,-1.285596876
coul_a0.15,-3.5,4.5,-0.8802442749,-1.256892983,-0.2363597297,-0.09736547747,36.03298543,-0.8802442991,-1.25689293
coul_a0.15,-3.5,5.5,-0.8755633411,-1.222184504,-0.2337001129,-0.09475560851,35.54318084,-0.8755633664,-1.222184447
coul_a0.15,-3.5,6.5,-0.8694426504,-1.182182821,-0.230565608,-0.09175283175,34.97107599,-0.8694426752,-1.182182762
coul_a0.15,-3.5,7.5,-0.8617012491,-1.137676616,-0.2269868847,-0.08841769438,34.32443401,-0.8617012722,-1.137676557
coul_a0.15,-3.5,8.5,-0.8521897669,-1.089502399,-0.2229990165,-0.08481365768,33.61170788,-0.8521897872,-1.089502342
coul_a0.15,-3.5,9.5,-0.8408045534,-1.038514699,-0.2186408946,-0.08100476234,32.84180939,-0.8408045707,-1.038514646
coul_a0.15,-3.5,10.5,-0.8274970232,-0.9855576333,-0.2139544787,-0.07705350467,32.02387766,-0.8274970374,-0.9855575856
coul_a0.15,-3.5,11.5,-0.8122777932,-0.9314393852,-0.208983919,-0.07301902379,31.16705687,-0.8122778049,-0.9314393431
coul_a0.15,-3.5,12.5,-0.7952158326,-0.8769107811,-0.2037745958,-0.06895566465,30.28029257,-0.7952158423,-0.8769107441
coul_a0.15,-3.5,13.5,-0.7764333505,-0.8226487717,-0.1983721332,-0.06491194512,29.37215366,-0.7764333589,-0.8226487387
coul_a0.15,-3.5,14.5,-0.7560974775,-0.769245158,-0.1928214453,-0.06092992209,28.45068544,-0.7560974852,-0.769245127
coul_a0.15,-3.5,15.5,-0.7344099354,-0.7172004753,-0.1871658644,-0.05704492447,27.52329646,-0.7344099428,-0.7172004432
coul_a0.15,-3.5,16.5,-0.711595863,-0.6669226215,-0.181446392,-0.05328560121,26.59668102,-0.7115958697,-0.6669225444
coul_a0.15,-3.5,17.5,-0.6878928098,-0.61872929,-0.1757010977,-0.04967422204,25.67676757,-0.687892811,-0.6187291912
coul_a0.15,-3.5,18.5,-0.6635406617,-0.5728538633,-0.1699646783,-0.04622716446,24.76870848,-0.6635406564,-0.5728537578
coul_a0.15,-3.5,19.5,-0.6387730554,-0.5294532679,-0.1642681761,-0.04295552397,23.87688605,-0.6387730437,-0.5294531636
coul_a0.15,-3.5,20.5,-0.6138105242,-0.4886172683,-0.1586388448,-0.03986579091,23.00494155,-0.6138105073,-0.4886171703
coul_a0.15,-3.5,21.5,-0.588855458,-0.4503783745,-0.1531001449,-0.03696054728,22.15581998,-0.5888554371,-0.4503782858
coul_a0.15,-3.5,22.5,-0.5640887819,-0.4147217412,-0.1476718462,-0.03423914711,21.33182551,-0.564088759,-0.4147216638
coul_a0.15,-3.5,23.5,-0.539668166,-0.3815946018,-0.1423702139,-0.0316983546,20.53468392,-0.5396681418,-0.3815945358
coul_a0.15,-3.5,24.5,-0.515727502,-0.3509149143,-0.1372082542,-0.02933292281,19.76560749,-0.5157274782,-0.3509148597
coul_a0.15,-3.5,25.5,-0.4923773903,-0.3225790391,-0.1321959995,-0.02713610416,19.02536068,-0.4923773679,-0.3225789952
coul_a0.15,-3.5,26.5,-0.4697063607,-0.296468357,-0.1273408144,-0.02510008925,18.31432342,-0.4697063403,-0.2964683227
coul_a0.15,-3.5,27.5,-0.447782597,-0.2724548274,-0.1226477069,-0.02321637555,17.63255082,-0.447782579,-0.2724548015
coul_a0.15,-3.5,28.5,-0.4266559638,-0.2504055357,-0.1181196356,-0.02147607016,16.97982826,-0.4266559484,-0.250405517
coul_a0.15,-3.5,29.5,-0.4063601719,-0.2301863184,-0.1137578017,-0.01987013284,16.35572117,-0.4063601591,-0.2301863058
coul_a0.15,-3,0.5,-0.7160910669,-1.914850534,-0.2672994807,-0.1326948236,46.92996997,-0.7160911386,-1.914850475
coul_a0.15,-3,1.5,-0.7185273795,-1.90375547,-0.2666777089,-0.1318782024,46.7813782,-0.7185274514,-1.903755411
coul_a0.15,-3,2.5,-0.7231923303,-1.881793697,-0.2654382345,-0.1302656139,46.48648456,-0.7231924009,-1.881793638
coul_a0.15,-3,3.5,-0.7296886322,-1.849415625,-0.2635894681,-0.1278973312,46.04980879,-0.7296887006,-1.849415567
coul_a0.15,-3,4.5,-0.7374634429,-1.807280833,-0.2611446407,-0.1248312546,45.47798034,-0.7374635168,-1.807280768
coul_a0.15,-3,5.5,-0.745854604,-1.756238137,-0.2581223746,-0.1211401083,44.77955804,-0.7458546821,-1.756238065
coul_a0.15,-3,6.5,-0.7541438882,-1.697298546,-0.2545472017,-0.1169080306,43.96479399,-0.7541439662,-1.697298469
coul_a0.15,-3,7.5,-0.7616116938,-1.631601393,-0.250449887,-0.1122268011,43.04534578,-0.761611768,-1.631601315
coul_a0.15,-3,8.5,-0.7675877405,-1.560374903,-0.2458674442,-0.107191968,42.03394751,-0.7675878078,-1.560374827
coul_a0.15,-3,9.5,-0.7714932517,-1.484893164,-0.2408427775,-0.1018991264,40.94405292,-0.7714933105,-1.484893093
coul_a0.15,-3,10.5,-0.7728715353,-1.406432172,-0.2354239398,-0.09644057048,39.78946784,-0.7728715855,-1.406432108
coul_a0.15,-3,11.5,-0.7714055356,-1.326227841,-0.2296630563,-0.09090248908,38.5839898,-0.771405578,-1.326227784
coul_a0.15,-3,12.5,-0.7669225632,-1.245438749,-0.2236149991,-0.08536281128,37.34107295,-0.7669225994,-1.245438699
coul_a0.15,-3,13.5,-0.7593877695,-1.165115818,-0.2173359299,-0.07988974352,36.07353344,-0.7593878014,-1.165115774
coul_a0.15,-3,14.5,-0.7488888549,-1.086180336,-0.2108818266,-0.07454097831,34.79330694,-0.7488888845,-1.086180295
coul_a0.15,-3,15.5,-0.7356149337,-1.009410794,-0.2043071043,-0.06936350645,33.51126476,-0.735614963,-1.00941075
coul_a0.15,-3,16.5,-0.7198324476,-0.9354382354,-0.197663414,-0.0643939314,32.23709265,-0.7198324937,-0.9354381223
coul_a0.15,-3,17.5,-0.7018607716,-0.8647487281,-0.1909986747,-0.05965916797,30.97921798,-0.7018608158,-0.8647485814
coul_a0.15,-3,18.5,-0.6820492496,-0.7976922753,-0.184356366,-0.05517740546,29.74480518,-0.6820492837,-0.797692118
coul_a0.15,-3,19.5,-0.660757311,-0.7344956019,-0.1777750801,-0.05095922424,28.53978257,-0.6607573328,-0.7344954465
coul_a0.15,-3,20.5,-0.6383381963,-0.6752777,-0.171288314,-0.04700877158,27.36890665,-0.6383382061,-0.6752775545
coul_a0.15,-3,21.5,-0.6151265604,-0.6200665779,-0.1649244685,-0.04332492254,26.23585156,-0.6151265597,-0.6200664469
coul_a0.15,-3,22.5,-0.5914297875,-0.5688160186,-0.1587070135,-0.03990237197,25.14331421,-0.5914297794,-0.5688159051
coul_a0.15,-3,23.5,-0.5675226091,-0.5214214801,-0.1526547788,-0.03673262294,24.09312796,-0.5675225949,-0.5214213843
coul_a0.15,-3,24.5,-0.5436444619,-0.4777345389,-0.1467823303,-0.0338048526,23.08637754,-0.5436444446,-0.4777344605
coul_a0.15,-3,25.5,-0.5199990224,-0.4375755594,-0.1411003969,-0.03110664897,22.12351183,-0.519999004,-0.4375754973
coul_a0.15,-3,26.5,-0.4967553354,-0.4007444475,-0.1356163204,-0.02862462143,21.20444964,-0.4967553172,-0.4007443998
coul_a0.15,-3,27.5,-0.4740500466,-0.3670295149,-0.1303345045,-0.02634489333,20.32867696,-0.4740500296,-0.3670294799
coul_a0.15,-3,28.5,-0.4519903214,-0.3362145754,-0.1252568474,-0.02425348924,19.49533436,-0.4519903063,-0.336214551
coul_a0.15,-3,29.5,-0.4306571175,-0.3080844544,-0.1203831469,-0.02233663039,18.70329377,-0.4306571047,-0.3080844387
coul_a0.15,-2.5,0.5,-0.09646004828,-2.600394238,-0.2950747249,-0.175762939,57.40299183,-0.09646020522,-2.600394222
coul_a0.15,-2.5,1.5,-0.1067212076,-2.586651981,-0.2944250763,-0.1745691821,57.20491517,-0.1067213653,-2.586651965
coul_a0.15,-2.5,2.5,-0.126725271,-2.559337233,-0.293124728,-0.1722137006,56.81160587,-0.1267254262,-2.559337215
coul_a0.15,-2.5,3.5,-0.1554736544,-2.518799828,-0.2911725682,-0.1687589723,56.22872415,-0.1554738055,-2.518799809
coul_a0.15,-2.5,4.5,-0.1915599309,-2.46558664,-0.2885692288,-0.1642948429,55.46468011,-0.1915600968,-2.465586615
coul_a0.15,-2.5,5.5,-0.233270406,-2.400458815,-0.285319383,-0.1589341488,54.53051026,-0.2332705841,-2.400458781
coul_a0.15,-2.5,6.5,-0.2787033356,-2.324401883,-0.2814341359,-0.1528073243,53.43967859,-0.2787035164,-2.32440184
coul_a0.15,-2.5,7.5,-0.3258958548,-2.238622108,-0.2769330998,-0.1460563583,52.20778673,-0.3258960292,-2.238622058
coul_a0.15,-2.5,8.5,-0.3729468133,-2.144524957,-0.2718458105,-0.1388285182,50.8521898,-0.3729469737,-2.144524903
coul_a0.15,-2.5,9.5,-0.4181246164,-2.043675022,-0.2662122651,-0.1312702737,49.39152749,-0.4181247582,-2.043674968
coul_a0.15,-2.5,10.5,-0.4599514766,-1.937740321,-0.2600825067,-0.1235218199,47.84519401,-0.4599515986,-1.937740269
coul_a0.15,-2.5,11.5,-0.4972588393,-1.828426676,-0.253515331,-0.1157125221,46.23278008,-0.4972589429,-1.828426629
coul_a0.15,-2.5,12.5,-0.5292125884,-1.717409407,-0.2465763013,-0.1079574916,44.57352489,-0.529212677,-1.717409365
coul_a0.15,-2.5,13.5,-0.5553102401,-1.60626952,-0.2393353305,-0.1003553772,42.88581495,-0.5553103183,-1.606269483
coul_a0.15,-2.5,14.5,-0.5753551183,-1.496440331,-0.2318641061,-0.09298733667,41.18675973,-0.5753551913,-1.496440296
coul_a0.15,-2.5,15.5,-0.5894141198,-1.389168359,-0.22423361,-0.08591705338,39.49186445,-0.5894141937,-1.389168319
coul_a0.15,-2.5,16.5,-0.597766033,-1.285490087,-0.2165119282,-0.07919159948,37.81481145,-0.5977661692,-1.285489952
coul_a0.15,-2.5,17.5,-0.6008471594,-1.186223565,-0.2087624792,-0.0728429161,36.16733357,-0.6008473056,-1.186223378
coul_a0.15,-2.5,18.5,-0.5991985764,-1.091973803,-0.2010427189,-0.06688968268,34.55920299,-0.599198707,-1.091973596
coul_a0.15,-2.5,19.5,-0.5934196271,-1.003147782,-0.1934033222,-0.06133937173,32.99828329,-0.5934197328,-1.003147574
coul_a0.15,-2.5,20.5,-0.5841290737,-0.9199764677,-0.1858877988,-0.05619032296,31.49064618,-0.5841291526,-0.9199762713
coul_a0.15,-2.5,21.5,-0.5719348016,-0.8425406365,-0.1785324744,-0.05143371436,30.04073087,-0.5719348551,-0.842540459
coul_a0.15,-2.5,22.5,-0.5574118321,-0.7707978967,-0.1713667565,-0.04705534896,28.65152802,-0.5574118652,-0.7707977431
coul_a0.15,-2.5,23.5,-0.5410877735,-0.7046089575,-0.1644136052,-0.04303721251,27.32477492,-0.5410877891,-0.7046088286
coul_a0.15,-2.5,24.5,-0.5234344662,-0.6437617789,-0.1576901339,-0.0393587856,26.06114895,-0.5234344697,-0.6437616748
coul_a0.15,-2.5,25.5,-0.5048645418,-0.5879928352,-0.1512082808,-0.03599811456,24.86045291,-0.5048645374,-0.587992754
coul_a0.15,-2.5,26.5,-0.4857316048,-0.5370051303,-0.1449754999,-0.03293265884,23.7217851,-0.4857315956,-0.5370050696
coul_a0.15,-2.5,27.5,-0.4663329448,-0.4904829561,-0.1389954385,-0.03013994043,22.6436917,-0.4663329332,-0.4904829131
coul_a0.15,-2.5,28.5,-0.4469138603,-0.4481035896,-0.1332685739,-0.02759802394,21.62430004,-0.4469138482,-0.4481035616
coul_a0.15,-2.5,29.5,-0.4276728746,-0.4095462556,-0.1277927959,-0.02528585608,20.66143266,-0.4276728632,-0.4095462397
coul_a0.15,-2,0.5,1.204935941,-2.912243846,-0.3214717123,-0.239323504,61.84190715,1.204935748,-2.912244001
coul_a0.15,-2,1.5,1.181474944,-2.90347601,-0.3209362213,-0.2375527057,61.63189502,1.181474748,-2.903476164
coul_a0.15,-2,2.5,1.135432398,-2.885590638,-0.3198483702,-0.2340590898,61.21360936,1.135432204,-2.885590787
coul_a0.15,-2,3.5,1.068528847,-2.857959134,-0.3181772566,-0.2289366405,60.59069267,1.068528655,-2.857959277
coul_a0.15,-2,4.5,0.9832471761,-2.819803828,-0.3158831834,-0.2223213876,59.76897868,0.9832469554,-2.819803978
coul_a0.15,-2,5.5,0.8827112454,-2.770365138,-0.3129245069,-0.2143855153,58.75682491,0.882710996,-2.770365286
coul_a0.15,-2,6.5,0.7705231426,-2.709077859,-0.3092650684,-0.2053297017,57.56539338,0.7705228782,-2.709077994
coul_a0.15,-2,7.5,0.6505655878,-2.635727349,-0.3048811271,-0.1953740413,56.20878979,0.6505653238,-2.635727463
coul_a0.15,-2,8.5,0.5267834278,-2.550560272,-0.2997668366,-0.1847481111,54.7039917,0.5267831785,-2.550560361
coul_a0.15,-2,9.5,0.4029639174,-2.454333522,-0.2939375914,-0.1736809007,53.07053377,0.4029636936,-2.454333588
coul_a0.15,-2,10.5,0.2825378916,-2.348296718,-0.2874309467,-0.1623913976,51.32996313,0.2825376982,-2.348296765
coul_a0.15,-2,11.5,0.1684218447,-2.234115441,-0.2803052091,-0.1510805515,49.50511584,0.1684216814,-2.234115476
coul_a0.15,-2,12.5,0.06291472265,-2.113751624,-0.2726361195,-0.1399251618,47.61929275,0.06291458453,-2.113751653
coul_a0.15,-2,13.5,-0.03234540273,-1.989322319,-0.2645122617,-0.129073972,45.69542321,-0.03234552379,-1.989322345
coul_a0.15,-2,14.5,-0.1163683869,-1.862958092,-0.2560298903,-0.1186459772,43.75529839,-0.1163685016,-1.862958114
coul_a0.15,-2,15.5,-0.1887533273,-1.736678425,-0.2472878189,-0.108730714,41.8189368,-0.1887534488,-1.73667844
coul_a0.15,-2,16.5,-0.2495984509,-1.612295454,-0.238382863,-0.09939013441,39.90412216,-0.2495987271,-1.612295373
coul_a0.15,-2,17.5,-0.2993955676,-1.491350337,-0.2294061502,-0.09066159192,38.02610995,-0.299395884,-1.491350186
coul_a0.15,-2,18.5,-0.3389206299,-1.375082354,-0.220440436,-0.08256146922,36.19752474,-0.3389209264,-1.375082162
coul_a0.15,-2,19.5,-0.3691328927,-1.264425098,-0.2115584153,-0.07508903642,34.42838934,-0.3691331451,-1.264424888
coul_a0.15,-2,20.5,-0.3910877829,-1.160023607,-0.2028219199,-0.06823022028,32.72626971,-0.3910879832,-1.160023398
coul_a0.15,-2,21.5,-0.4058668784,-1.062265374,-0.1942818393,-0.06196106368,31.09649838,-0.405867027,-1.062265178
coul_a0.15,-2,22.5,-0.4145254183,-0.9713188362,-0.1859785803,-0.05625074644,29.54244335,-0.4145255227,-0.9713186637
coul_a0.15,-2,23.5,-0.418055947,-0.8871742958,-0.1779428929,-0.05106411301,28.06579679,-0.4180560126,-0.88717415
coul_a0.15,-2,24.5,-0.4173656422,-0.809683566,-0.1701969112,-0.04636370706,26.66686073,-0.417365679,-0.8096834488
coul_a0.15,-2,25.5,-0.4132645918,-0.7385960357,-0.16275529,-0.04211134866,25.34481813,-0.413264608,-0.7385959462
coul_a0.15,-2,26.5,-0.4064622395,-0.6735898832,-0.1556263487,-0.03826930971,24.09797779,-0.4064622413,-0.6735898188
coul_a0.15,-2,27.5,-0.3975695968,-0.6142980196,-0.1488131615,-0.03480115097,22.92398967,-0.3975695893,-0.6142979772
coul_a0.15,-2,28.5,-0.3871052127,-0.5603288807,-0.1423145567,-0.03167228429,21.82002899,-0.3871051999,-0.5603288569
coul_a0.15,-2,29.5,-0.3755033356,-0.5112825178,-0.1361260048,-0.02885031881,20.78294976,-0.3755033206,-0.5112825091
coul_a0.15,-1.5,0.5,2.701787843,-2.083295788,-0.3355606459,-0.333002763,52.0814614,2.701787849,-2.083296113
coul_a0.15,-1.5,1.5,2.670916241,-2.095015905,-0.3355310831,-0.330429216,51.95999061,2.670916243,-2.095016233
coul_a0.15,-1.5,2.5,2.609617143,-2.117024227,-0.3354145677,-0.3253426646,51.71446206,2.60961714,-2.117024549
coul_a0.15,-1.5,3.5,2.518858755,-2.1465866,-0.3351029923,-0.3178638393,51.34022289,2.518858746,-2.146586913
coul_a0.15,-1.5,4.5,2.400266975,-2.179920547,-0.3344501184,-0.3081723218,50.83152592,2.400266941,-2.179920907
coul_a0.15,-1.5,5.5,2.256265789,-2.212558822,-0.3332885963,-0.2965031975,50.1828189,2.256265719,-2.21255922
coul_a0.15,-1.5,6.5,2.090169041,-2.239792487,-0.3314493244,-0.283140654,49.39015483,2.090168931,-2.239792888
coul_a0.15,-1.5,7.5,1.9061741,-2.257147301,-0.32878067,-0.2684078964,48.4525176,1.906173958,-2.257147676
coul_a0.15,-1.5,8.5,1.709229059,-2.260833081,-0.3251650591,-0.2526534959,47.37285328,1.709228897,-2.260833406
coul_a0.15,-1.5,9.5,1.504775815,-2.248103168,-0.32053086,-0.2362351388,46.15864533,1.504775652,-2.248103433
coul_a0.15,-1.5,10.5,1.298403076,-2.217473396,-0.3148583034,-0.2195024337,44.82195328,1.298402927,-2.217473604
coul_a0.15,-1.5,11.5,1.095465758,-2.168775302,-0.3081792155,-0.2027807438,43.37892656,1.09546563,-2.168775464
coul_a0.15,-1.5,12.5,0.9007338984,-2.103049971,-0.3005713461,-0.1863578494,41.84889299,0.9007337941,-2.103050102
coul_a0.15,-1.5,13.5,0.7181239486,-2.022317255,-0.2921488096,-0.1704746998,40.25318095,0.7181238606,-2.02231737
coul_a0.15,-1.5,14.5,0.5505432783,-1.929272445,-0.283050492,-0.1553207564,38.61385521,0.550543192,-1.929272554
coul_a0.15,-1.5,15.5,0.399853057,-1.826965585,-0.273428204,-0.1410336931,36.95252959,0.3998529511,-1.826965693
coul_a0.15,-1.5,16.5,0.2669332697,-1.71850963,-0.2634359822,-0.1277026669,35.28937882,0.2669328905,-1.71850973
coul_a0.15,-1.5,17.5,0.1518190214,-1.606847573,-0.2532214276,-0.1153740829,33.64240936,0.1518185465,-1.606847599
coul_a0.15,-1.5,18.5,0.05387811093,-1.494591077,-0.2429194495,-0.1040587395,32.02701638,0.05387764508,-1.494591024
coul_a0.15,-1.5,19.5,-0.02800346965,-1.383929626,-0.2326483761,-0.09373938554,30.45579653,-0.02800387801,-1.383929512
coul_a0.15,-1.5,20.5,-0.09524788629,-1.276598836,-0.2225081184,-0.08437795908,28.93856855,-0.09524821654,-1.276598685
coul_a0.15,-1.5,21.5,-0.1494374698,-1.173893049,-0.2125799455,-0.07592204026,27.48254788,-0.1494377174,-1.173892885
coul_a0.15,-1.5,22.5,-0.1921981273,-1.076706794,-0.2029274034,-0.06831027983,26.09261869,-0.1921983014,-1.076706636
coul_a0.15,-1.5,23.5,-0.2251142816,-0.98559181,-0.1935979554,-0.06147674157,24.77165784,-0.2251143899,-0.9855916681
coul_a0.15,-1.5,24.5,-0.2496719214,-0.9008193927,-0.1846250003,-0.05535421498,23.52087107,-0.2496719795,-0.900819275
coul_a0.15,-1.5,25.5,-0.2672248315,-0.8224411605,-0.1760300119,-0.04987662124,22.3401194,-0.2672248529,-0.8224410696
coul_a0.15,-1.5,26.5,-0.2789785348,-0.7503440068,-0.1678246261,-0.04498066428,21.22821641,-0.2789785299,-0.7503439423
coul_a0.15,-1.5,27.5,-0.2859869917,-0.6842972281,-0.1600125664,-0.04060688087,20.18318949,-0.2859869695,-0.6842971877
coul_a0.15,-1.5,28.5,-0.2891578492,-0.6239912583,-0.1525913519,-0.03670023119,19.20250178,-0.2891578167,-0.6239912389
coul_a0.15,-1.5,29.5,-0.289262927,-0.5690683789,-0.1455537665,-0.03321035132,18.28323545,-0.2892628894,-0.569068377
coul_a0.15,-1,0.5,3.143740447,-0.3039378338,-0.3107190478,-0.4623033129,32.15090196,3.143740733,-0.3039380207
coul_a0.15,-1,1.5,3.130484393,-0.3382754606,-0.3120511966,-0.4589868014,32.18480478,3.13048468,-0.3382756544
coul_a0.15,-1,2.5,3.102570098,-0.4055288769,-0.314582356,-0.4523843453,32.24622719,3.102570377,-0.4055290744
coul_a0.15,-1,3.5,3.057425565,-0.5027871578,-0.3180559387,-0.4425656103,32.32280644,3.05742583,-0.5027873576
coul_a0.15,-1,4.5,2.991760279,-0.6255649331,-0.3221114625,-0.4296541873,32.39703552,2.991760589,-0.6255651982
coul_a0.15,-1,5.5,2.90219812,-0.7677850793,-0.3263138116,-0.4138445816,32.44756582,2.902198448,-0.7677854239
coul_a0.15,-1,6.5,2.78601556,-0.9219262597,-0.3301909178,-0.3954160877,32.45095023,2.786015856,-0.9219266657
coul_a0.15,-1,7.5,2.64186691,-1.079408754,-0.333276792,-0.3747383149,32.38374545,2.641867139,-1.079409189
coul_a0.15,-1,8.5,2.470349155,-1.231230462,-0.3351549584,-0.352264602,32.22476656,2.470349297,-1.231230883
coul_a0.15,-1,9.5,2.274268165,-1.368782534,-0.3354962332,-0.328512304,31.95719985,2.274268226,-1.368782903
coul_a0.15,-1,10.5,2.058525356,-1.484700462,-0.3340851372,-0.3040322182,31.5702546,2.058525362,-1.484700759
coul_a0.15,-1,11.5,1.829636825,-1.573574716,-0.3308312171,-0.279372196,31.06008932,1.829636806,-1.57357494
coul_a0.15,-1,12.5,1.594992754,-1.632372741,-0.3257646284,-0.2550413007,30.4298854,1.594992734,-1.63237291
coul_a0.15,-1,13.5,1.362025724,-1.660501684,-0.3190184721,-0.2314803421,29.68911317,1.362025713,-1.660501824
coul_a0.15,-1,14.5,1.137460967,-1.659535896,-0.3108025748,-0.2090426085,28.8521873,1.137460959,-1.659536034
coul_a0.15,-1,15.5,0.9267747358,-1.632708374,-0.3013741173,-0.1879859799,27.93679396,0.9267747054,-1.632708534
coul_a0.15,-1,16.5,0.7339144883,-1.584298048,-0.2910098446,-0.1684752558,26.96217816,0.7339141277,-1.584298408
coul_a0.15,-1,17.5,0.5612640336,-1.519036018,-0.2799830751,-0.1505920444,25.94763056,0.5612635013,-1.519036332
coul_a0.15,-1,18.5,0.4097969227,-1.44161246,-0.2685469962,-0.1343490717,24.91128642,0.409796353,-1.441612643
coul_a0.15,-1,19.5,0.2793377456,-1.356327228,-0.2569243005,-0.1197060586,23.86932783,0.279337219,-1.356327278
coul_a0.15,-1,20.5,0.1688635601,-1.266883061,-0.2453022791,-0.106585029,22.83553642,0.1688631213,-1.266883008
coul_a0.15,-1,21.5,0.07679370378,-1.176299709,-0.2338320661,-0.09488373348,21.82114424,0.0767933714,-1.176299589
coul_a0.15,-1,22.5,0.001237619805,-1.08691653,-0.2226306858,-0.08448658357,20.83490239,0.001237388072,-1.086916382
coul_a0.15,-1,23.5,-0.05981181708,-1.000451202,-0.2117847312,-0.07527300954,19.88329282,-0.0598119545,-1.000451046
coul_a0.15,-1,24.5,-0.1083395367,-0.9180874655,-0.20135478,-0.06712346802,18.9708144,-0.108339601,-0.9180873234
coul_a0.15,-1,25.5,-0.1462173871,-0.8405724489,-0.191379927,-0.05992347863,18.10029989,-0.1462173974,-0.8405723303
coul_a0.15,-1,26.5,-0.175151335,-0.768310839,-0.1818820501,-0.05356610803,17.27322633,-0.1751513067,-0.7683107477
coul_a0.15,-1,27.5,-0.1966569079,-0.7014489765,-0.1728696041,-0.04795329334,16.49000116,-0.1966568542,-0.7014489127
coul_a0.15,-1,28.5,-0.2120541494,-0.6399458588,-0.1643408612,-0.0429963398,15.75021323,-0.212054081,-0.6399458203
coul_a0.15,-1,29.5,-0.2224750762,-0.5836306023,-0.1562865947,-0.03861585958,15.05284531,-0.2224750009,-0.5836305859
coul_a0.15,-0.5,0.5,2.221960228,1.027003824,-0.2028871194,-0.6028612422,14.80912538,2.221960487,1.027003926
coul_a0.15,-0.5,1.5,2.238397414,0.9992281763,-0.2065843673,-0.600014111,14.92170089,2.23839768,0.9992282783
coul_a0.15,-0.5,2.5,2.269457612,0.9428367311,-0.2138066812,-0.5942096843,15.14393803,2.269457879,0.9428368242
coul_a0.15,-0.5,3.5,2.311447246,0.8564196867,-0.2242052113,-0.5852493905,15.46964814,2.311447511,0.8564197667
coul_a0.15,-0.5,4.5,2.35873058,0.7385365877,-0.2372498468,-0.5728889275,15.88873246,2.358730932,0.7385366933
coul_a0.15,-0.5,5.5,2.403796415,0.5884962984,-0.2522324578,-0.5568990206,16.38645725,2.403796869,0.5884963899
coul_a0.15,-0.5,6.5,2.437611593,0.4072856562,-0.2682875302,-0.5371376828,16.942899,2.437612114,0.4072856749
coul_a0.15,-0.5,7.5,2.450394605,0.1984597173,-0.284438091,-0.5136224639,17.53290092,2.450395137,0.1984596283
coul_a0.15,-0.5,8.5,2.432833577,-0.03128256847,-0.2996690493,-0.4865870289,18.12685012,2.432834046,-0.03128276911
coul_a0.15,-0.5,9.5,2.377589911,-0.2721271282,-0.3130210083,-0.4565059424,18.69244139,2.377590264,-0.2721274025
coul_a0.15,-0.5,10.5,2.280737844,-0.5119481077,-0.3236883384,-0.4240769656,19.19732989,2.280738063,-0.511948398
coul_a0.15,-0.5,11.5,2.142701072,-0.7378085313,-0.3311003035,-0.3901610296,19.61225775,2.14270118,-0.7378087849
coul_a0.15,-0.5,12.5,1.968347307,-0.937805018,-0.3349666327,-0.3556924775,19.91401509,1.968347352,-0.9378052097
coul_a0.15,-0.5,13.5,1.766173425,-1.102747649,-0.3352787272,-0.3215806419,20.08758106,1.766173458,-1.102747789
coul_a0.15,-0.5,14.5,1.546827861,-1.227225391,-0.3322704067,-0.2886245754,20.12701203,1.546827906,-1.22722552
coul_a0.15,-0.5,15.5,1.321412638,-1.309848667,-0.3263520855,-0.257456089,20.03500483,1.32141269,-1.309848839
coul_a0.15,-0.5,16.5,1.10000489,-1.352748172,-0.3180359962,-0.2285160662,19.82139923,1.100004722,-1.352748828
coul_a0.15,-0.5,17.5,0.8906750314,-1.360609112,-0.3078676286,-0.2020599328,19.50111091,0.8906745929,-1.360609809
coul_a0.15,-0.5,18.5,0.6990707483,-1.339560529,-0.2963726232,-0.1781830229,19.0918989,0.6990701529,-1.339561048
coul_a0.15,-0.5,19.5,0.5284703247,-1.29618349,-0.2840221046,-0.156855657,18.61243079,0.5284696955,-1.296183776
coul_a0.15,-0.5,20.5,0.3801356257,-1.23677119,-0.2712148753,-0.1379596614,18.08077826,0.3801350573,-1.236771269
coul_a0.15,-0.5,21.5,0.2537969363,-1.166872208,-0.2582725743,-0.1213210414,17.51341228,0.2537964833,-1.166872131
coul_a0.15,-0.5,22.5,0.1481443567,-1.09107846,-0.2454434101,-0.1067363101,16.9246477,0.1481440312,-1.091078297
coul_a0.15,-0.5,23.5,0.06125291944,-1.012990921,-0.2329106624,-0.09399198661,16.32644248,0.06125272396,-1.012990712
coul_a0.15,-0.5,24.5,-0.009087806779,-0.9352950349,-0.2208031361,-0.0828779387,15.72843766,-0.009087897346,-0.9352948228
coul_a0.15,-0.5,25.5,-0.06514077033,-0.8598913798,-0.2092057453,-0.07319574479,15.13815039,-0.06514078215,-0.8598911885
coul_a0.15,-0.5,26.5,-0.1090712609,-0.7880434171,-0.1981692006,-0.06476332785,14.56124002,-0.1090712154,-0.7880432574
coul_a0.15,-0.5,27.5,-0.1428607824,-0.7205195876,-0.1877183346,-0.05741697434,14.00179914,-0.1428606992,-0.7205194636
coul_a0.15,-0.5,28.5,-0.1682666328,-0.6577180885,-0.1778589511,-0.0510116293,13.462637,-0.1682665276,-0.6577179996
coul_a0.15,-0.5,29.5,-0.1868118014,-0.5997700993,-0.1685832792,-0.04542013263,12.94553691,-0.1868116861,-0.5997700422
coul_a0.15,0,0.5,1.094591191,1.197177296,-0.0006509100247,-0.6711403083,5.841895276,1.094591265,1.197177452
coul_a0.15,0,1.5,1.115304866,1.192796255,-0.005857749429,-0.671089809,5.920720362,1.11530494,1.192796417
coul_a0.15,0,2.5,1.156832765,1.182691699,-0.01626320497,-0.6707466151,6.080034165,1.156832845,1.182691859
coul_a0.15,0,3.5,1.219185583,1.164131881,-0.03182275162,-0.6696286274,6.322920565,1.21918567,1.164132034
coul_a0.15,0,4.5,1.301887166,1.132950285,-0.05240037671,-0.6670244496,6.653346743,1.301887251,1.132950509
coul_a0.15,0,5.5,1.403357853,1.083604699,-0.07769026386,-0.662023779,7.075248101,1.403357972,1.083605007
coul_a0.15,0,6.5,1.520110222,1.009500082,-0.1071259469,-0.6535823748,7.591147177,1.520110424,1.00950044
coul_a0.15,0,7.5,1.645895479,0.9037662997,-0.1397978585,-0.6406345597,8.200292104,1.645895795,0.9037666543
coul_a0.15,0,8.5,1.771101441,0.7606267602,-0.174411136,-0.6222554813,8.896468908,1.771101867,0.7606270275
coul_a0.15,0,9.5,1.882851982,0.5772878042,-0.2093197327,-0.5978542659,9.665909558,1.88285246,0.57728792
coul_a0.15,0,10.5,1.966244297,0.3559184722,-0.2426608695,-0.5673532185,10.48599664,1.966244743,0.3559184213
coul_a0.15,0,11.5,2.006829489,0.1049306181,-0.2725815371,-0.5312918172,11.32556272,2.006829828,0.1049304461
coul_a0.15,0,12.5,1.993813995,-0.161281171,-0.2975062511,-0.4908043926,12.14729498,1.993814202,-0.1612813805
coul_a0.15,0,13.5,1.922869488,-0.424486998,-0.3163667696,-0.4474615209,12.91205609,1.922869605,-0.4244871721
coul_a0.15,0,14.5,1.797372067,-0.6661212316,-0.3287221588,-0.4030188389,13.58411219,1.797372171,-0.6661213634
coul_a0.15,0,15.5,1.627532738,-0.8708904667,-0.3347409033,-0.3591515614,14.13580489,1.627532892,-0.8708906178
coul_a0.15,0,16.5,1.427848234,-1.029224487,-0.3350699257,-0.3172487594,14.55041119,1.427848564,-1.029225351
coul_a0.15,0,17.5,1.213951924,-1.137958318,-0.3306483395,-0.2783060326,14.82273413,1.213951895,-1.13795946
coul_a0.15,0,18.5,0.9999354629,-1.199441811,-0.322524837,-0.2429137392,14.95762272,0.9999350242,-1.199442827
coul_a0.15,0,19.5,0.7967386829,-1.219785852,-0.3117166076,-0.2113114791,14.96737609,0.7967379895,-1.219786543
coul_a0.15,0,20.5,0.6116411173,-1.206974944,-0.2991220907,-0.1834734118,14.86880904,0.6116403605,-1.206975274
coul_a0.15,0,21.5,0.4485533518,-1.169327887,-0.2854816711,-0.1591965611,14.680634,0.4485526738,-1.169327904
coul_a0.15,0,22.5,0.3087203907,-1.114485084,-0.2713724982,-0.1381761755,14.42147362,0.3087198626,-1.114484909
coul_a0.15,0,23.5,0.1915259077,-1.048889208,-0.2572232295,-0.1200623483,14.10856635,0.1915255612,-1.048888907
coul_a0.15,0,24.5,0.09521249596,-0.9776299949,-0.2433376936,-0.1044983878,13.75705895,0.09521230912,-0.9776296566
coul_a0.15,0,25.5,0.01744100009,-0.90451306,-0.2299203914,-0.09114429725,13.37974676,0.01744093875,-0.9045127354
coul_a0.15,0,26.5,-0.04431882964,-0.832239328,-0.2170999919,-0.07968937688,12.98709894,-0.04431879681,-0.8322390424
coul_a0.15,0,27.5,-0.09254101223,-0.7626200345,-0.2049491912,-0.06985752466,12.58745148,-0.09254091566,-0.7626197996
coul_a0.15,0,28.5,-0.1295037786,-0.6967842247,-0.1935005966,-0.06140800097,12.18727886,-0.1295036438,-0.6967840427
coul_a0.15,0,29.5,-0.1572241511,-0.6353584929,-0.1827589532,-0.05413361144,11.79148697,-0.1572239973,-0.6353583606
coul_a0.15,0.5,0.5,0.5284482704,0.8832074384,0.2019539016,-0.6035670403,2.61508034,0.5284482764,0.8832075471
coul_a0.15,0.5,1.5,0.5390562854,0.8874514838,0.1981856018,-0.6063656091,2.649302962,0.5390562899,0.8874515937
coul_a0.15,0.5,2.5,0.5608316669,0.8956031423,0.1904804427,-0.611839797,2.719321884,0.5608316746,0.8956032534
coul_a0.15,0.5,3.5,0.5948916117,0.9069018513,0.1785093009,-0.6197217846,2.828344703,0.594891626,0.9069019624
coul_a0.15,0.5,4.5,0.6428886452,0.9199787648,0.1618033649,-0.6295555227,2.981315185,0.6428886264,0.9199788906
coul_a0.15,0.5,5.5,0.7069220443,0.9325645534,0.1397978585,-0.6406345597,3.185012343,0.7069219882,0.9325647148
coul_a0.15,0.5,6.5,0.7893038143,0.9410903061,0.1119132388,-0.6519293913,3.44805853,0.7893037426,0.9410905241
coul_a0.15,0.5,7.5,0.8920589799,0.9402286495,0.07769026386,-0.662023779,3.780680987,0.892058924,0.9402289409
coul_a0.15,0.5,8.5,1.016018985,0.9225231179,0.03698886531,-0.669096127,4.193988985,1.016019001,0.9225234757
coul_a0.15,0.5,9.5,1.159424974,0.878417163,-0.009761593611,-0.6709989294,4.698465984,1.159425112,0.8784175448
coul_a0.15,0.5,10.5,1.31618871,0.7971622701,-0.06131599193,-0.6654915048,5.301423652,1.316188988,0.7971626019
coul_a0.15,0.5,11.5,1.474417316,0.6690692603,-0.1154790003,-0.6506452874,6.003462439,1.474417696,0.6690694623
coul_a0.15,0.5,12.5,1.616323576,0.4890801075,-0.1692143644,-0.6253532144,6.794615863,1.616323965,0.4890801459
coul_a0.15,0.5,13.5,1.720678069,0.2605924001,-0.219071517,-0.5897656913,7.651641625,1.720678376,0.2605923283
coul_a0.15,0.5,14.5,1.767915692,-0.002544743624,-0.2618505118,-0.545431971,8.538265961,1.767915923,-0.00254482621
coul_a0.15,0.5,15.5,1.74613056,-0.277745616,-0.2952646579,-0.4950268024,9.40941111,1.746130824,-0.2777456614
coul_a0.15,0.5,16.5,1.654990259,-0.5390674418,-0.3183283611,-0.4417523642,10.21858444,1.654991371,-0.5390679817
coul_a0.15,0.5,17.5,1.505513166,-0.7638628161,-0.3313427091,-0.3886698982,10.92593973,1.50551412,-0.7638641215
coul_a0.15,0.5,18.5,1.316106413,-0.9376209962,-0.3355600851,-0.3382104521,11.50405353,1.316106646,-0.9376226216
coul_a0.15,0.5,19.5,1.107201208,-1.055372993,-0.3327262111,-0.2919722058,11.94005069,1.107200706,-1.055374422
coul_a0.15,0.5,20.5,0.8968443908,-1.12011765,-0.3246769945,-0.2507625135,12.2342855,0.8968434437,-1.120118582
coul_a0.15,0.5,21.5,0.6983625786,-1.139839345,-0.3130745772,-0.2147737426,12.39698375,0.6983615043,-1.139839707
coul_a0.15,0.5,22.5,0.5199481798,-1.124571339,-0.2992833668,-0.1837910029,12.44435313,0.5199472243,-1.124571286
coul_a0.15,0.5,23.5,0.3654236469,-1.084264554,-0.284346243,-0.1573718327,12.39519438,0.3654229279,-1.084264184
coul_a0.15,0.5,24.5,0.235446918,-1.027590347,-0.2690161535,-0.1349767278,12.26842594,0.235446454,-1.027589843
coul_a0.15,0.5,25.5,0.1286837949,-0.96147956,-0.2538096427,-0.1160523487,12.08156221,0.1286835502,-0.9614790341
coul_a0.15,0.5,26.5,0.04273636208,-0.8911193795,-0.2390626556,-0.1000782472,11.84993791,0.04273629063,-0.8911188909
coul_a0.15,0.5,27.5,-0.0252126309,-0.8201783177,-0.2249794218,-0.08658894448,11.58645539,-0.02521257968,-0.8201778984
coul_a0.15,0.5,28.5,-0.07799879562,-0.7511082306,-0.211671524,-0.07518094212,11.30164881,-0.0779986664,-0.7511078918
coul_a0.15,0.5,29.5,-0.1182542889,-0.6854407529,-0.1991874109,-0.0655113734,11.00391406,-0.1182541161,-0.685440493
coul_a0.15,1,0.5,0.3226814739,0.6164045831,0.3103789678,-0.4631339307,1.557381328,0.3226814518,0.6164046667
coul_a0.15,1,1.5,0.3272733739,0.6203685313,0.3089901775,-0.4664620677,1.571462858,0.3272733512,0.6203686153
coul_a0.15,1,2.5,0.3367425341,0.6283163468,0.3060738854,-0.4731434209,1.600325918,0.3367425128,0.6283164329
coul_a0.15,1,3.5,0.3516846506,0.6402671565,0.3013433182,-0.483217836,1.645427563,0.3516846325,0.6402672461
coul_a0.15,1,4.5,0.3730559638,0.6561910959,0.2943457085,-0.4967168136,1.709099957,0.3730559318,0.6561911811
coul_a0.15,1,5.5,0.4022473892,0.6759185591,0.284438091,-0.5136224639,1.794735759,0.4022473353,0.6759186431
coul_a0.15,1,6.5,0.4411754095,0.6989810693,0.2707624698,-0.5338007025,1.907047533,0.4411753318,0.6989811631
coul_a0.15,1,7.5,0.4923664473,0.7243444178,0.2522324578,-0.5568990206,2.052397819,0.4923663447,0.7243445348
coul_a0.15,1,8.5,0.5589770307,0.7499835849,0.2275545028,-0.5822007365,2.239170546,0.5589769146,0.7499837461
coul_a0.15,1,9.5,0.6446276255,0.7722559314,0.1953223721,-0.6084380405,2.478094166,0.6446275201,0.7722561549
coul_a0.15,1,10.5,0.7528301095,0.7850931028,0.1542383809,-0.6335940629,2.7823103,0.7528300535,0.7850933947
coul_a0.15,1,11.5,0.8856958476,0.7792215027,0.1035115362,-0.6547771459,3.166800349,0.8856958872,0.7792218415
coul_a0.15,1,12.5,1.041666737,0.7419949128,0.04342764148,-0.6683189937,3.646586174,1.041666901,0.7419952401
coul_a0.15,1,13.5,1.212499969,0.658872344,-0.02405272059,-0.6702778149,4.233111491,1.212500225,0.6588725864
coul_a0.15,1,14.5,1.380864592,0.5175589995,-0.09500178581,-0.6574123578,4.928771005,1.380864864,0.5175591568
coul_a0.15,1,15.5,1.521114735,0.3144623892,-0.1639367122,-0.6283712461,5.720962251,1.521114996,0.3144625665
coul_a0.15,1,16.5,1.605308135,0.06040168788,-0.2250480305,-0.5844899832,6.578705095,1.605309449,0.06040236135
coul_a0.15,1,17.5,1.613040417,-0.2190804143,-0.2737766498,-0.5296165629,7.455100054,1.613042593,-0.2190806311
coul_a0.15,1,18.5,1.539563369,-0.4907766979,-0.3079184139,-0.4689638377,8.296086426,1.539565267,-0.4907782715
coul_a0.15,1,19.5,1.396941698,-0.7245800099,-0.3277415599,-0.4076330128,9.052085357,1.396942428,-0.7245823723
coul_a0.15,1,20.5,1.208152612,-0.9016384664,-0.3352793715,-0.3495448477,9.687315267,1.208152065,-0.9016406987
coul_a0.15,1,21.5,0.9986309048,-1.016430955,-0.3333551274,-0.2970750258,10.1835871,0.9986294939,-1.016432425
coul_a0.15,1,22.5,0.7898092954,-1.073865484,-0.3247996968,-0.2512336619,10.53882996,0.7898076771,-1.073866133
coul_a0.15,1,23.5,0.5963294437,-1.084558503,-0.3120197748,-0.2120747194,10.76269333,0.5963279727,-1.084558384
coul_a0.15,1,24.5,0.4261646922,-1.060742953,-0.296858761,-0.1791018907,10.87157712,0.4261635876,-1.060742406
coul_a0.15,1,25.5,0.2821583206,-1.013718417,-0.2806275322,-0.1515712079,10.88455492,0.2821576027,-1.013717696
coul_a0.15,1,26.5,0.1638248824,-0.9527094123,-0.2642043078,-0.1286801028,10.82059896,0.1638244984,-0.9527086673
coul_a0.15,1,27.5,0.06884831804,-0.8846437542,-0.2481451408,-0.1096688778,10.69700604,0.06884818568,-0.8846430763
coul_a0.15,1,28.5,-0.005873767108,-0.8143967585,-0.2327794653,-0.09386556553,10.52869709,-0.005873729474,-0.8143961897
coul_a0.15,1,29.5,-0.06358937014,-0.7452012106,-0.2182837663,-0.08069846746,10.32806471,-0.06358922859,-0.745200761
coul_a0.15,1.5,0.5,0.2414214779,0.4511017258,0.3355649704,-0.3336493053,1.169035476,0.2414214337,0.4511017829
coul_a0.15,1.5,1.5,0.2436544502,0.4537780653,0.3355697856,-0.3362480997,1.175531447,0.2436544055,0.4537781227
coul_a0.15,1.5,2.5,0.2482416009,0.4591852851,0.3355179672,-0.3415062839,1.188814955,0.2482415559,0.4591853442
coul_a0.15,1.5,3.5,0.2554375909,0.4674307418,0.3352793715,-0.3495448477,1.209493992,0.255437546,0.467430804
coul_a0.15,1.5,4.5,0.2656565676,0.4786696663,0.3346399077,-0.3605439038,1.238545727,0.2656565174,0.478669725
coul_a0.15,1.5,5.5,0.2795150863,0.4930933889,0.333276792,-0.3747383149,1.277403307,0.2795150274,0.4930934435
coul_a0.15,1.5,6.5,0.2978966723,0.5109037292,0.3307222738,-0.3924063545,1.328087365,0.297896602,0.5109037831
coul_a0.15,1.5,7.5,0.3220437525,0.5322603293,0.3263138116,-0.4138445816,1.393396817,0.3220436672,0.5322603857
coul_a0.15,1.5,8.5,0.3536815975,0.5571771897,0.3191302224,-0.4393174763,1.477178359,0.3536814953,0.5571772575
coul_a0.15,1.5,9.5,0.3951714209,0.5853273303,0.3079184139,-0.4689638377,1.584696,0.395171302,0.5853274207
coul_a0.15,1.5,10.5,0.4496662718,0.615689118,0.2910277026,-0.5026345789,1.723113723,0.4496661413,0.6156892452
coul_a0.15,1.5,11.5,0.5211848873,0.6459407493,0.266393998,-0.5396336414,1.902070029,0.5211847593,0.6459409275
coul_a0.15,1.5,12.5,0.6143963024,0.6715110684,0.2316585605,-0.5783498996,2.134228429,0.6143962033,0.6715113047
coul_a0.15,1.5,13.5,0.7337053943,0.6843140003,0.1845561145,-0.615832099,2.435481676,0.7337053561,0.6843142783
coul_a0.15,1.5,14.5,0.8810358235,0.6716024981,0.1237132899,-0.6475040558,2.82413415,0.8810358447,0.6716027865
coul_a0.15,1.5,15.5,1.051913079,0.6162132534,0.04984215188,-0.6674187787,3.318002909,1.051913102,0.6162135566
coul_a0.15,1.5,16.5,1.230806215,0.5003037991,-0.03311542366,-0.6695029614,3.928481305,1.230806282,0.5003051703
coul_a0.15,1.5,17.5,1.389339482,0.3138008639,-0.1178440881,-0.649768355,4.652143168,1.389340926,0.3138028403
coul_a0.15,1.5,18.5,1.492279292,0.06436286029,-0.1953223721,-0.6084380405,5.463579645,1.492282433,0.06436379432
coul_a0.15,1.5,19.5,1.511492696,-0.2193107407,-0.2578155981,-0.5503695796,6.315272703,1.511496216,-0.2193121099
coul_a0.15,1.5,20.5,1.43927276,-0.4964341996,-0.3013433182,-0.483217836,7.147397514,1.439274843,-0.4964374576
coul_a0.15,1.5,21.5,1.2907744,-0.7301815596,-0.3261254551,-0.4146256895,7.90327985,1.29077421,-0.730185207
coul_a0.15,1.5,22.5,1.094903516,-0.8994508186,-0.3352504234,-0.3502229043,8.542159681,1.09490184,-0.8994535352
coul_a0.15,1.5,23.5,0.8819410143,-1.000616819,-0.3328717532,-0.2930977005,9.044050542,0.8819385879,-1.000618058
coul_a0.15,1.5,24.5,0.6753559496,-1.042195648,-0.3229133573,-0.2442769659,9.40732729,0.675353704,-1.042195714
coul_a0.15,1.5,25.5,0.489425229,-1.038023574,-0.3084902179,-0.2035048585,9.642888656,0.4894235316,-1.038022955
coul_a0.15,1.5,26.5,0.3305414721,-1.002286069,-0.2918234213,-0.169900222,9.768169646,0.3305403725,-1.002285137
coul_a0.15,1.5,27.5,0.1997441871,-0.9470020189,-0.2743809752,-0.1423798369,9.802643203,0.199743594,-0.9470010384
coul_a0.15,1.5,28.5,0.09504968435,-0.8812793217,-0.2570737157,-0.1198840193,9.765060078,0.09504945997,-0.8812784389
coul_a0.15,1.5,29.5,0.0131101448,-0.81150057,-0.2404303579,-0.1014747988,9.672061809,0.01311016152,-0.811499845
coul_a0.15,2,0.5,0.2008586284,0.3480340637,0.3216046733,-0.2397687249,1.003438327,0.200858578,0.3480340904
coul_a0.15,2,1.5,0.2021342003,0.3498176291,0.3221327765,-0.2415597551,1.006846553,0.2021341494,0.3498176559
coul_a0.15,2,2.5,0.2047409277,0.3534247037,0.3231703604,-0.2451909457,1.013795692,0.204740876,0.3534247313
coul_a0.15,2,3.5,0.2087951381,0.3589361983,0.3246769945,-0.2507625135,1.024561433,0.2087950853,0.3589362274
coul_a0.15,2,4.5,0.2144849457,0.3664758192,0.3265835708,-0.2584296149,1.039584391,0.21448489,0.366475846
coul_a0.15,2,5.5,0.2220887346,0.3762121169,0.32878067,-0.2684078964,1.059506291,0.2220886745,0.3762121405
coul_a0.15,2,6.5,0.2320037436,0.3883595554,0.3311003525,-0.2809802069,1.085225313,0.2320036774,0.3883595768
coul_a0.15,2,7.5,0.2447888652,0.4031760133,0.3332885963,-0.2965031975,1.117977841,0.244788791,0.4031760332
coul_a0.15,2,8.5,0.2612277298,0.4209515396,0.3349643818,-0.3154110272,1.159457836,0.2612276451,0.4209515608
coul_a0.15,2,9.5,0.2824204452,0.4419780982,0.3355600851,-0.3382104521,1.211990518,0.2824203477,0.4419781246
coul_a0.15,2,10.5,0.3099141743,0.4664802468,0.3342370248,-0.3654561098,1.278783978,0.3099140619,0.4664802837
coul_a0.15,2,11.5,0.3458810737,0.4944686699,0.3297715806,-0.3976852413,1.364290368,0.3458809459,0.4944687245
coul_a0.15,2,12.5,0.3933386213,0.5254472203,0.320415915,-0.4352759442,1.474712735,0.3933384811,0.5254473016
coul_a0.15,2,13.5,0.4563613049,0.5578571632,0.3037628298,-0.4781737077,1.618680968,0.4563611619,0.5578572785
coul_a0.15,2,14.5,0.5401109852,0.5880957959,0.2767031862,-0.5254201128,1.808056113,0.5401108452,0.5880959416
coul_a0.15,2,15.5,0.6502525866,0.6089830527,0.2356707295,-0.5744571531,2.058632716,0.6502524313,0.6089832139
coul_a0.15,2,16.5,0.7909220037,0.6079076584,0.1774897435,-0.6203597448,2.390085631,0.7909212544,0.607908205
coul_a0.15,2,17.5,0.9602457817,0.5659660072,0.1010908634,-0.6555519967,2.823819222,0.9602449003,0.5659677517
coul_a0.15,2,18.5,1.143731288,0.4611341454,0.009761593611,-0.6709989294,3.376967057,1.143731716,0.4611373062
coul_a0.15,2,19.5,1.309931679,0.2785593685,-0.08762773,-0.6594978091,4.052082188,1.309934892,0.2785624778
coul_a0.15,2,20.5,1.416632155,0.02500450462,-0.1785093009,-0.6197217846,4.826574099,1.416637548,0.02500492824
coul_a0.15,2,21.5,1.429925364,-0.2651878042,-0.2515181592,-0.5577104162,5.650542777,1.429930045,-0.26519131
coul_a0.15,2,22.5,1.342979231,-0.5427701287,-0.3009293783,-0.4840596932,6.458515462,1.342980978,-0.5427753308
coul_a0.15,2,23.5,1.177757511,-0.7662728581,-0.327397668,-0.4091796213,7.189232431,1.177755841,-0.7662775117
coul_a0.15,2,24.5,0.9703941342,-0.9161890593,-0.3355387519,-0.3401841655,7.801039407,0.9703909198,-0.9161916648
coul_a0.15,2,25.5,0.7547311474,-0.9940325091,-0.3310113379,-0.2804430323,8.276199215,0.754727929,-0.9940332125
coul_a0.15,2,26.5,0.5538964021,-1.013353258,-0.3187392944,-0.2306285696,8.616418243,0.5538938902,-1.013352708
coul_a0.15,2,27.5,0.3797212074,-0.9910850529,-0.3023349025,-0.1899643335,8.835302173,0.3797195752,-0.9910839213
coul_a0.15,2,28.5,0.2357745691,-0.9425102717,-0.2841841579,-0.1571134593,8.951707535,0.235773691,-0.9425090221
coul_a0.15,2,29.5,0.1208046796,-0.8794186876,-0.2657475886,-0.1306662011,8.985313556,0.1208043423,-0.8794175627
coul_a0.15,2.5,0.5,0.1759156571,0.2797986805,0.2952370707,-0.1760630647,0.9244306528,0.1759156145,0.2797986849
coul_a0.15,2.5,1.5,0.1767443663,0.2810337785,0.2958861551,-0.1772703642,0.9264134404,0.1767443234,0.2810337828
coul_a0.15,2.5,2.5,0.1784304998,0.2835300974,0.2971826538,-0.1797179417,0.9304461752,0.1784304562,0.2835301019
coul_a0.15,2.5,3.5,0.1810337929,0.2873408696,0.2991220907,-0.1834734118,0.9366677842,0.1810337482,0.2873408745
coul_a0.15,2.5,4.5,0.1846499159,0.2925484146,0.3016947002,-0.1886424326,0.9452987078,0.1846498696,0.2925484176
coul_a0.15,2.5,5.5,0.1894186569,0.2992670828,0.3048811271,-0.1953740413,0.9566568732,0.1894186083,0.2992670832
coul_a0.15,2.5,6.5,0.1955365115,0.3076470884,0.3086454952,-0.2038681596,0.9711819407,0.1955364596,0.3076470864
coul_a0.15,2.5,7.5,0.2032755032,0.3178789048,0.3129245069,-0.2143855153,0.9894708274,0.2032754469,0.3178789004
coul_a0.15,2.5,8.5,0.2130110797,0.3301974226,0.3176104559,-0.2272600894,1.012329296,0.2130110176,0.3301974167
coul_a0.15,2.5,9.5,0.2252634612,0.3448840159,0.322524837,-0.2429137392,1.040846976,0.2252633917,0.3448840095
coul_a0.15,2.5,10.5,0.2407590683,0.3622624249,0.3273774588,-0.2618714897,1.076507032,0.2407589896,0.3622624194
coul_a0.15,2.5,11.5,0.2605217606,0.3826797857,0.3317034744,-0.2847733709,1.121347668,0.2605216712,0.3826797833
coul_a0.15,2.5,12.5,0.2860072391,0.4064548,0.3347677151,-0.3123731183,1.178201291,0.2860071377,0.4064548036
coul_a0.15,2.5,13.5,0.3192960189,0.4337564887,0.3354234443,-0.3455029021,1.251048862,0.3192959061,0.4337565019
coul_a0.15,2.5,14.5,0.3633535007,0.4643416771,0.3319156205,-0.3849623825,1.345539391,0.3633533769,0.4643416991
coul_a0.15,2.5,15.5,0.422328305,0.4970182293,0.321639282,-0.431255957,1.46972716,0.4223281656,0.4970182495
coul_a0.15,2.5,16.5,0.5017390126,0.5286178606,0.3009293783,-0.4840596932,1.63503911,0.5017385083,0.5286177941
coul_a0.15,2.5,17.5,0.6080886741,0.5522300725,0.2651137911,-0.5412941144,1.857303649,0.6080875463,0.552230269
coul_a0.15,2.5,18.5,0.7468622549,0.554766587,0.2093197327,-0.5978542659,2.157211502,0.7468605339,0.5547678374
coul_a0.15,2.5,19.5,0.9173342331,0.5152583602,0.1306713857,-0.6446538391,2.55861344,0.9173329068,0.5152616509
coul_a0.15,2.5,20.5,1.103939064,0.4080053811,0.03182275162,-0.6696286274,3.082116248,1.103940415,0.4080104515
coul_a0.15,2.5,21.5,1.269914209,0.2156734205,-0.07644017107,-0.6623187528,3.732649426,1.269920131,0.2156772067
coul_a0.15,2.5,22.5,1.36567943,-0.05135494994,-0.1774897435,-0.6203597448,4.485944328,1.365687081,-0.05135581797
coul_a0.15,2.5,23.5,1.355279372,-0.3486985678,-0.2564416457,-0.5520080418,5.286110623,1.355284328,-0.3487048926
coul_a0.15,2.5,24.5,1.239172439,-0.6184736951,-0.3068204938,-0.4714701562,6.061691181,1.239172373,-0.6184809786
coul_a0.15,2.5,25.5,1.050409035,-0.8191272949,-0.3308502191,-0.3916567668,6.750169882,1.050405658,-0.8191322432
coul_a0.15,2.5,26.5,0.8320372385,-0.938155288,-0.33522451,-0.3203366894,7.313891386,0.8320329566,-0.938157235
coul_a0.15,2.5,27.5,0.6183480948,-0.9851453043,-0.3270403751,-0.2603897992,7.741354711,0.6183445152,-0.9851450776
coul_a0.15,2.5,28.5,0.4289777516,-0.9788888067,-0.311868288,-0.2116926625,8.039699338,0.4289753887,-0.978887518
coul_a0.15,2.5,29.5,0.2714193864,-0.9382407581,-0.2934499253,-0.1727986002,8.225799638,0.2714181258,-0.9382391975
coul_a0.15,3,0.5,0.1582871137,0.2319528157,0.2674551323,-0.1329000664,0.8840989516,0.1582870829,0.2319528088
coul_a0.15,3,1.5,0.1588764794,0.2328450055,0.2680785643,-0.1337254214,0.8853455975,0.1588764485,0.2328449986
coul_a0.15,3,2.5,0.1600717242,0.2346465616,0.2693293237,-0.1353974057,0.8878761626,0.1600716928,0.2346465546
coul_a0.15,3,3.5,0.1619070067,0.2373925123,0.2712148753,-0.1379596614,0.8917674449,0.1619069746,0.2373925052
coul_a0.15,3,4.5,0.1644365294,0.2411371189,0.2737455232,-0.1414804682,0.8971405044,0.1644364965,0.2411371102
coul_a0.15,3,5.5,0.1677384921,0.2459560124,0.2769330998,-0.1460563583,0.9041683537,0.167738458,0.2459560018
coul_a0.15,3,6.5,0.1719210964,0.2519491731,0.2807887632,-0.1518173455,0.9130875059,0.1719210607,0.2519491605
coul_a0.15,3,7.5,0.1771313942,0.2592448106,0.285319383,-0.1589341488,0.9242146579,0.1771313563,0.2592447957
coul_a0.15,3,8.5,0.1835682174,0.2680041599,0.2905216639,-0.1676279111,0.937970556,0.1835681765,0.268004143
coul_a0.15,3,9.5,0.1915011112,0.2784270386,0.2963726232,-0.1781830229,0.954914174,0.1915010665,0.2784270199
coul_a0.15,3,10.5,0.201298266,0.2907575815,0.3028141655,-0.1909636879,0.9757919792,0.2012982167,0.2907575613
coul_a0.15,3,11.5,0.2134681169,0.3052886165,0.309728082,-0.2064346676,1.001609706,0.2134680621,0.3052885953
coul_a0.15,3,12.5,0.2287218623,0.3223610391,0.3168955198,-0.2251858253,1.033738207,0.2287218011,0.3223610176
coul_a0.15,3,13.5,0.2480679747,0.3423500032,0.3239314243,-0.2479578418,1.074071514,0.2480679067,0.3423499824
coul_a0.15,3,14.5,0.2729548397,0.3656200778,0.3301793347,-0.2756609785,1.125265377,0.2729547652,0.3656200565
coul_a0.15,3,15.5,0.3054823844,0.3924112602,0.3345457874,-0.3093663412,1.191099407,0.305482303,0.3924112323
coul_a0.15,3,16.5,0.3487008656,0.4225768531,0.3352504234,-0.3502229043,1.277025561,0.3487006524,0.4225766919
coul_a0.15,3,17.5,0.4069799239,0.4550165201,0.3294819644,-0.3992036004,1.390975208,0.4069794048,0.4550162442
coul_a0.15,3,18.5,0.4862980386,0.4865300982,0.3130210083,-0.4565059424,1.544479358,0.486296935,0.4865298844
coul_a0.15,3,19.5,0.5939160242,0.5097287408,0.280100448,-0.520371117,1.753967166,0.5939140442,0.5097291557
coul_a0.15,3,20.5,0.7360767771,0.5099779172,0.2242052113,-0.5852493905,2.041541437,0.7360741782,0.5099801254
coul_a0.15,3,21.5,0.9115000713,0.463152488,0.1409261204,-0.6401149966,2.433251046,0.9114987562,0.4631578814
coul_a0.15,3,22.5,1.100245414,0.3400324538,0.03311542366,-0.6695029614,2.951415534,1.100248399,0.3400392502
coul_a0.15,3,23.5,1.256645721,0.1244334196,-0.08515426124,-0.6601568096,3.599170319,1.256655031,0.1244366346
coul_a0.15,3,24.5,1.324281438,-0.1625614945,-0.1924276484,-0.610487076,4.344760077,1.324291112,-0.1625660079
coul_a0.15,3,25.5,1.272372012,-0.461868823,-0.2713723531,-0.5329649635,5.122395792,1.272375952,-0.4618778862
coul_a0.15,3,26.5,1.11702183,-0.7102153913,-0.3169403003,-0.4458264731,5.855852503,1.117019518,-0.7102233888
coul_a0.15,3,27.5,0.9046009202,-0.8737738182,-0.3344191994,-0.3633434649,6.486582692,0.9045957619,-0.8737778308
coul_a0.15,3,28.5,0.6814519923,-0.9524905993,-0.332799388,-0.2925343503,6.986210629,0.6814471172,-0.9524911076
coul_a0.15,3,29.5,0.4775846625,-0.9649669905,-0.3201223814,-0.2349265374,7.352426589,0.4775813491,-0.9649656251
coul_a0.15,3.5,0.5,0.1447261962,0.1968084257,0.2419473156,-0.1030429732,0.8629608345,0.1447261756,0.1968084149
coul_a0.15,3.5,1.5,0.145172305,0.1974770664,0.2425021742,-0.1036216916,0.8637917559,0.1451722842,0.1974770554
coul_a0.15,3.5,2.5,0.1460748715,0.1988259829,0.2436170608,-0.1047929408,0.8654758832,0.1460748505,0.1988259718
coul_a0.15,3.5,3.5,0.1474552024,0.2008788857,0.2453022791,-0.106585029,0.8680589789,0.147455181,0.2008788744
coul_a0.15,3.5,4.5,0.1493468421,0.2036724636,0.2475731692,-0.10904218,0.8716127832,0.1493468204,0.2036724511
coul_a0.15,3.5,5.5,0.1517976634,0.2072577964,0.250449887,-0.1122268011,0.8762390349,0.1517976411,0.2072577825
coul_a0.15,3.5,6.5,0.1548729972,0.2117023569,0.2539569514,-0.1162227845,0.8820754462,0.1548729742,0.2117023415
coul_a0.15,3.5,7.5,0.1586601706,0.2170926944,0.2581223746,-0.1211401083,0.8893042129,0.1586601466,0.2170926772
coul_a0.15,3.5,8.5,0.1632750162,0.2235379181,0.2629760662,-0.1271211263,0.8981639929,0.1632749908,0.2235378993
coul_a0.15,3.5,9.5,0.1688712189,0.2311741001,0.2685469962,-0.1343490717,0.908966758,0.1688711917,0.2311740796
coul_a0.15,3.5,10.5,0.1756538389,0.2401696669,0.2748582621,-0.1430594937,0.922121624,0.1756538094,0.2401696447
coul_a0.15,3.5,11.5,0.1838990946,0.250731696,0.2819186195,-0.1535555469,0.9381688964,0.1838990626,0.2507316722
coul_a0.15,3.5,12.5,0.1939836853,0.2631126197,0.2897080516,-0.166228257,0.957829342,0.1939836504,0.2631125945
coul_a0.15,3.5,13.5,0.2064288476,0.2776158654,0.2981532712,-0.1815829149,0.9820765489,0.2064288096,0.277615839
coul_a0.15,3.5,14.5,0.2219673861,0.294596733,0.3070861994,-0.2002722571,1.012244875,0.2219673455,0.2945967045
coul_a0.15,3.5,15.5,0.2416466045,0.3144498283,0.3161737398,-0.2231351264,1.050192993,0.2416465621,0.3144497946
coul_a0.15,3.5,16.5,0.2669866896,0.3375634336,0.3247996968,-0.2512336619,1.098555561,0.2669866085,0.3375633107
coul_a0.15,3.5,17.5,0.3002210194,0.3641967256,0.3318692238,-0.2858677688,1.161131789,0.3002208357,0.3641964825
coul_a0.15,3.5,18.5,0.3446444913,0.3941859143,0.3354962332,-0.328512304,1.243490463,0.344644076,0.3941855311
coul_a0.15,3.5,19.5,0.4050564544,0.4262835803,0.3325420196,-0.3805520816,1.353887611,0.405055559,0.4262831077
coul_a0.15,3.5,20.5,0.4881132715,0.4567712717,0.3180559387,-0.4425656103,1.504574417,0.4881115271,0.4567710207
coul_a0.15,3.5,21.5,0.6018754386,0.4768551792,0.2849650255,-0.5127779032,1.713355633,0.6018724619,0.4768561305
coul_a0.15,3.5,22.5,0.7526514155,0.4688553959,0.2250480305,-0.5844899832,2.004484665,0.7526481781,0.4688589382
coul_a0.15,3.5,23.5,0.9360834744,0.4039919472,0.1329694807,-0.6436721696,2.406190763,0.936083171,0.403999876
coul_a0.15,3.5,24.5,1.122964644,0.2505376225,0.01366345558,-0.6708626561,2.940229019,1.122971628,0.2505458928
coul_a0.15,3.5,25.5,1.255032097,0.0002760461371,-0.113104215,-0.6515055529,3.602283042,1.2550445,0.0002771174001
coul_a0.15,3.5,26.5,1.273806971,-0.3056518665,-0.2207973546,-0.5882680527,4.346404347,1.273816322,-0.3056602203
coul_a0.15,3.5,27.5,1.165761581,-0.5925148622,-0.292469176,-0.5000980398,5.09502127,1.165762211,-0.5925259236
coul_a0.15,3.5,28.5,0.9696226951,-0.8012126141,-0.3275706895,-0.4084057879,5.772062267,0.9696172883,-0.8012195868
coul_a0.15,3.5,29.5,0.7417600339,-0.9150494172,-0.3354507292,-0.3266067402,6.32996686,0.7417537198,-0.9150511757
coul_a0.15,4,0.5,0.1337404771,0.1700310078,0.2195977606,-0.08182972857,0.8521061829,0.1337404638,0.1700309964
coul_a0.15,4,1.5,0.1340932614,0.1705476381,0.2200786687,-0.08224672481,0.8526853146,0.134093248,0.1705476266
coul_a0.15,4,2.5,0.1348057647,0.1715890442,0.2210454553,-0.08308988262,0.8538577172,0.1348057512,0.1715890326
coul_a0.15,4,3.5,0.1358922099,0.1731718056,0.2225081184,-0.08437795908,0.8556523477,0.1358921961,0.1731717938
coul_a0.15,4,4.5,0.1373748465,0.1753215289,0.2244817918,-0.08614018829,0.8581143946,0.1373748326,0.1753215162
coul_a0.15,4,5.5,0.1392851465,0.178073776,0.2269868847,-0.08841769438,0.8613075346,0.1392851324,0.1780737623
coul_a0.15,4,6.5,0.1416655715,0.1814753859,0.2300492199,-0.09126554431,0.8653172549,0.1416655571,0.1814753711
coul_a0.15,4,7.5,0.1445720962,0.1855862583,0.2337001129,-0.09475560851,0.8702555254,0.1445720813,0.1855862422
coul_a0.15,4,8.5,0.1480777633,0.1904816977,0.2379762868,-0.09898047189,0.8762672781,0.1480777478,0.1904816804
coul_a0.15,4,9.5,0.1522776874,0.1962554441,0.2429194495,-0.1040587395,0.8835393708,0.1522776712,0.1962554256
coul_a0.15,4,10.5,0.1572961404,0.2030235307,0.2485752295,-0.1101422207,0.8923130274,0.1572961232,0.2030235108
coul_a0.15,4,11.5,0.1632966872,0.2109291192,0.2549909522,-0.1174256682,0.9029012542,0.1632966689,0.2109290981
coul_a0.15,4,12.5,0.170496877,0.2201484162,0.2622113594,-0.1261600039,0.9157135118,0.1704968574,0.2201483938
coul_a0.15,4,13.5,0.1791898574,0.2308976056,0.2702707172,-0.1366702948,0.931291156,0.1791898366,0.230897582
coul_a0.15,4,14.5,0.1897766829,0.2434402803,0.2791785978,-0.1493801083,0.9503591692,0.1897766613,0.243440255
coul_a0.15,4,15.5,0.2028153882,0.2580937358,0.2888945643,-0.1648441657,0.9739029707,0.2028153667,0.258093707
coul_a0.15,4,16.5,0.2190966412,0.2752299116,0.2992833668,-0.1837910029,1.003284776,0.2190966109,0.2752298298
coul_a0.15,4,17.5,0.2397616391,0.2952604524,0.3100359353,-0.2071755361,1.040421701,0.2397615796,0.2952602948
coul_a0.15,4,18.5,0.2664865064,0.3185821553,0.32053086,-0.2362351388,1.088065799,0.2664863737,0.3185818894
coul_a0.15,4,19.5,0.3017668483,0.3454271394,0.3295949258,-0.272525049,1.150246111,0.3017665479,0.3454267249
coul_a0.15,4,20.5,0.3493350998,0.375494385,0.3351029923,-0.3178638393,1.232968991,0.3493344439,0.3754938129
coul_a0.15,4,21.5,0.4146866324,0.4071004597,0.3333607721,-0.374017002,1.345304412,0.4146852224,0.4070998404
coul_a0.15,4,22.5,0.5054325794,0.435358189,0.3183283611,-0.4417523642,1.500950154,0.5054301144,0.4353580856
coul_a0.15,4,23.5,0.6303869299,0.4487551716,0.281205322,-0.5186854802,1.720051309,0.6303829114,0.4487572027
coul_a0.15,4,24.5,0.794536513,0.4245129064,0.2120227307,-0.5956741066,2.029858624,0.7945329784,0.424519187
coul_a0.15,4,25.5,0.9860440532,0.327950614,0.1059233865,-0.6539849424,2.460230001,0.9860459438,0.3279607525
coul_a0.15,4,26.5,1.159801884,0.1290976422,-0.02664520509,-0.6700814162,3.028127331,1.159813098,0.1291049106
coul_a0.15,4,27.5,1.244685345,-0.1602592197,-0.1574990637,-0.6318837924,3.713717172,1.244699605,-0.1602635738
coul_a0.15,4,28.5,1.19361726,-0.4710659519,-0.2571304375,-0.5511892962,4.451232466,1.193622834,-0.4710789228
coul_a0.15,4,29.5,1.024493585,-0.7219309158,-0.3139660072,-0.4540309548,5.154823234,1.024488949,-0.7219415271
