# Toponium S-wave Green's function, JKT (Z. Phys. C 56 (1992) 653) Secs. 2-3. Colour singlet.
# Units: GeV. m_t = 173.0, Gamma_t = 1.49, C_F = 1.333333, n_F = 5, mZ = 91.1876.
# JKT potential: Lambda_MSbar from (14) at Q = mZ; (13) with the NLO bracket (31/3 - 10 n_F/9) alpha/4pi;
#   (15) with Lambda_R = 0.4 GeV, switch at |p| = 5 GeV, C from continuity there;
#   (19) below q_cut with C1 from continuity at q_cut; the d3 term V0_tilde fixed by (20): V_cut(r = 1/GeV) = -1/4 GeV.
# Position-space convention: V(r) = Int d^3q/(2pi)^3 e^{-iq.r} V(q), so the d3 term adds V0_tilde/(2pi)^3 = shift to V(r).
# Coulomb rows: V = -4 pi C_F alpha/Q^2, alpha fixed, no bracket, no cut, no shift.
# Sign of G: JKT (6), G0 = 1/(E + i Gamma_t - p^2/m_t); G -> G0 as alpha -> 0.
# G at energy E includes the d3 term, i.e. it is solved with G0 at E - shift. G0 columns are at the physical E.
# Solver: JKT (21) on Gauss-Legendre nodes (23), 48 per panel on (0,4,16,60,m_t) + t=1/q tail (N = 240).
# G in GeV^-1, E and p in GeV. G_exact: exact Coulomb solution (coulomb rows only).
id,E,p,ReG,ImG,ReG0,ImG0,absG_over_G0_sq,ReG_exact,ImG_exact
jkt_a0.112,-6,0.5,-0.5534724416,-0.3213387124,-0.15695205,-0.03896704063,15.66168625,nan,nan
jkt_a0.112,-6,1.5,-0.5521909682,-0.3198968356,-0.1566852392,-0.03882600732,15.62871976,nan,nan
jkt_a0.112,-6,2.5,-0.5496389662,-0.3170373868,-0.1561541305,-0.03854618167,15.56308209,nan,nan
jkt_a0.112,-6,3.5,-0.545842396,-0.3128137086,-0.1553636967,-0.03813196867,15.4656726,nan,nan
jkt_a0.112,-6,4.5,-0.5408407227,-0.3073087336,-0.1543212666,-0.03758978776,15.33798349,nan,nan
jkt_a0.112,-6,5.5,-0.5346773009,-0.3006081252,-0.1530363732,-0.0369278595,15.18108952,nan,nan
jkt_a0.112,-6,6.5,-0.5274126484,-0.2928305544,-0.1515205585,-0.03615594016,14.9970271,nan,nan
jkt_a0.112,-6,7.5,-0.5191155443,-0.2841037082,-0.1497871425,-0.03528501872,14.78791448,nan,nan
jkt_a0.112,-6,8.5,-0.5098653402,-0.2745663655,-0.1478509627,-0.03432699181,14.55619941,nan,nan
jkt_a0.112,-6,9.5,-0.4997426388,-0.2643570823,-0.1457280922,-0.03329433221,14.30407978,nan,nan
jkt_a0.112,-6,10.5,-0.4888415114,-0.2536219309,-0.1434355466,-0.0321997656,14.03433383,nan,nan
jkt_a0.112,-6,11.5,-0.4772544834,-0.2424994466,-0.1409909875,-0.03105596824,13.74940088,nan,nan
jkt_a0.112,-6,12.5,-0.4650795778,-0.2311245907,-0.1384124304,-0.02987529594,13.45189049,nan,nan
jkt_a0.112,-6,13.5,-0.4524159427,-0.2196239144,-0.1357179674,-0.02866955169,13.14436755,nan,nan
jkt_a0.112,-6,14.5,-0.4393606521,-0.2081121957,-0.1329255085,-0.02744979638,12.82921059,nan,nan
jkt_a0.112,-6,15.5,-0.4260083373,-0.1966917681,-0.1300525494,-0.02622620432,12.50865055,nan,nan
jkt_a0.112,-6,16.5,-0.4124652053,-0.1854733738,-0.1271159683,-0.02500796271,12.18598257,nan,nan
jkt_a0.112,-6,17.5,-0.3987869634,-0.174489424,-0.1241318549,-0.02380321238,11.86065231,nan,nan
jkt_a0.112,-6,18.5,-0.3850750256,-0.1638335832,-0.1211153732,-0.02261902535,11.53608881,nan,nan
jkt_a0.112,-6,19.5,-0.3714005155,-0.1535521684,-0.1180806566,-0.02146141432,11.21360164,nan,nan
jkt_a0.112,-6,20.5,-0.3578313819,-0.1436847051,-0.1150407353,-0.02033536796,10.89461489,nan,nan
jkt_a0.112,-6,21.5,-0.344427584,-0.1342597714,-0.1120074923,-0.01924490672,10.58033239,nan,nan
jkt_a0.112,-6,22.5,-0.3312392437,-0.1252946876,-0.108991647,-0.01819315321,10.2716175,nan,nan
jkt_a0.112,-6,23.5,-0.3183146008,-0.1168015816,-0.1060027603,-0.01718241252,9.969526902,nan,nan
jkt_a0.112,-6,24.5,-0.3056904177,-0.108782676,-0.1030492603,-0.0162142578,9.674673491,nan,nan
jkt_a0.112,-6,25.5,-0.2933978838,-0.1012348092,-0.1001384838,-0.01528961763,9.387605542,nan,nan
jkt_a0.112,-6,26.5,-0.2814619637,-0.09414981553,-0.09727672897,-0.01440886219,9.10874746,nan,nan
jkt_a0.112,-6,27.5,-0.2699019422,-0.08751556855,-0.09446931864,-0.01357188589,8.838417175,nan,nan
jkt_a0.112,-6,28.5,-0.2587317064,-0.08131674568,-0.0917206687,-0.01277818499,8.576822025,nan,nan
jkt_a0.112,-6,29.5,-0.2479602837,-0.07553562778,-0.08903436056,-0.01202692892,8.324070205,nan,nan
jkt_a0.112,-5.5,0.5,-0.6246363063,-0.428262448,-0.1693481936,-0.04586591423,18.63329405,nan,nan
jkt_a0.112,-5.5,1.5,-0.6231628261,-0.4261962702,-0.1690414722,-0.04568683649,18.58878982,nan,nan
jkt_a0.112,-5.5,2.5,-0.6202268735,-0.4221011367,-0.1684310498,-0.04533173763,18.5002308,nan,nan
jkt_a0.112,-5.5,3.5,-0.6158552654,-0.4160582449,-0.1675229031,-0.04480661867,18.36892538,nan,nan
jkt_a0.112,-5.5,4.5,-0.6100888696,-0.4081939744,-0.1663258391,-0.0441202074,18.19705446,nan,nan
jkt_a0.112,-5.5,5.5,-0.6029734298,-0.3986382322,-0.1648513103,-0.04328364883,17.98621934,nan,nan
jkt_a0.112,-5.5,6.5,-0.594573442,-0.3875707813,-0.1631131772,-0.04231012195,17.7393898,nan,nan
jkt_a0.112,-5.5,7.5,-0.5849636437,-0.3751840709,-0.1611274253,-0.04121440479,17.45964489,nan,nan
jkt_a0.112,-5.5,8.5,-0.574231884,-0.3616860591,-0.1589118444,-0.04001241137,17.15050353,nan,nan
jkt_a0.112,-5.5,9.5,-0.5624686739,-0.3472837486,-0.1564856818,-0.03872072396,16.81517493,nan,nan
jkt_a0.112,-5.5,10.5,-0.5497816672,-0.3321931603,-0.1538692792,-0.03735614231,16.45759188,nan,nan
jkt_a0.112,-5.5,11.5,-0.5362782898,-0.316618026,-0.1510837056,-0.03593526809,16.08123954,nan,nan
jkt_a0.112,-5.5,12.5,-0.5220739099,-0.3007547792,-0.148150396,-0.03447413909,15.68978299,nan,nan
jkt_a0.112,-5.5,13.5,-0.5072865907,-0.2847856639,-0.1450908076,-0.0329879228,15.28678894,nan,nan
jkt_a0.112,-5.5,14.5,-0.4920331146,-0.2688740168,-0.1419261018,-0.03149067464,14.87554145,nan,nan
jkt_a0.112,-5.5,15.5,-0.4764282311,-0.2531633644,-0.1386768594,-0.02999516177,14.45908412,nan,nan
jkt_a0.112,-5.5,16.5,-0.4606010607,-0.2378079464,-0.1353628343,-0.02851274998,14.0418541,nan,nan
jkt_a0.112,-5.5,17.5,-0.4446210172,-0.2228469068,-0.1320027497,-0.02705334827,13.62306061,nan,nan
jkt_a0.112,-5.5,18.5,-0.4286117642,-0.208407819,-0.128614137,-0.02562540373,13.20726027,nan,nan
jkt_a0.112,-5.5,19.5,-0.4126607403,-0.1945488043,-0.1252132173,-0.02423593845,12.7961129,nan,nan
jkt_a0.112,-5.5,20.5,-0.3968512156,-0.1813178581,-0.1218148241,-0.02289061944,12.39140381,nan,nan
jkt_a0.112,-5.5,21.5,-0.3812564843,-0.1687472474,-0.1184323625,-0.02159385328,11.99461188,nan,nan
jkt_a0.112,-5.5,22.5,-0.3659376257,-0.1568534337,-0.1150778013,-0.02034889716,11.60676586,nan,nan
jkt_a0.112,-5.5,23.5,-0.3509526664,-0.1456453826,-0.1117616942,-0.01915797965,11.22909241,nan,nan
jkt_a0.112,-5.5,24.5,-0.3363455409,-0.1351187561,-0.1084932234,-0.01802242514,10.86225889,nan,nan
jkt_a0.112,-5.5,25.5,-0.3221529589,-0.1252620815,-0.1052802624,-0.01694277712,10.50683395,nan,nan
jkt_a0.112,-5.5,26.5,-0.3084037282,-0.1160574573,-0.1021294517,-0.01591891687,10.16322083,nan,nan
jkt_a0.112,-5.5,27.5,-0.2951194784,-0.1074820905,-0.09904628514,-0.01495017475,9.831683098,nan,nan
jkt_a0.112,-5.5,28.5,-0.2823150911,-0.09950941959,-0.09603520147,-0.01403543239,9.512344172,nan,nan
jkt_a0.112,-5.5,29.5,-0.2699994252,-0.09211024611,-0.09309967909,-0.01317321492,9.205204764,nan,nan
jkt_a0.112,-5,0.5,-0.7001397779,-0.5866905448,-0.1836433701,-0.05470991216,22.72455195,nan,nan
jkt_a0.112,-5,1.5,-0.6985397399,-0.5836493072,-0.1832886967,-0.05447832498,22.66259803,nan,nan
jkt_a0.112,-5,2.5,-0.6953466055,-0.5776251195,-0.1825829739,-0.05401941255,22.53939623,nan,nan
jkt_a0.112,-5,3.5,-0.6905797091,-0.5687444543,-0.1815333754,-0.05334153111,22.35691688,nan,nan
jkt_a0.112,-5,4.5,-0.6842686,-0.5572043602,-0.180150476,-0.05245680679,22.11845121,nan,nan
jkt_a0.112,-5,5.5,-0.6764492309,-0.543206513,-0.1784480349,-0.05138067573,21.82646942,nan,nan
jkt_a0.112,-5,6.5,-0.6671741147,-0.5270297187,-0.1764427118,-0.05013131752,21.48544408,nan,nan
jkt_a0.112,-5,7.5,-0.6565086328,-0.5089711033,-0.1741537275,-0.04872901637,21.0999991,nan,nan
jkt_a0.112,-5,8.5,-0.6445346901,-0.4893500272,-0.1716024747,-0.04719548669,20.67536131,nan,nan
jkt_a0.112,-5,9.5,-0.631340036,-0.4684834502,-0.1688120931,-0.04555319889,20.21635865,nan,nan
jkt_a0.112,-5,10.5,-0.6170356645,-0.4466989686,-0.165807021,-0.04382473808,19.72873719,nan,nan
jkt_a0.112,-5,11.5,-0.6017364236,-0.4243037983,-0.1626125384,-0.04203222265,19.217624,nan,nan
jkt_a0.112,-5,12.5,-0.58557049,-0.4015911153,-0.1592543159,-0.04019680294,18.68831839,nan,nan
jkt_a0.112,-5,13.5,-0.5686731207,-0.3788299643,-0.1557579838,-0.03833825302,18.14592014,nan,nan
jkt_a0.112,-5,14.5,-0.5511816097,-0.3562584799,-0.1521487344,-0.03647466102,17.59508318,nan,nan
jkt_a0.112,-5,15.5,-0.5332337593,-0.334082675,-0.1484509668,-0.03462221733,17.04006168,nan,nan
jkt_a0.112,-5,16.5,-0.5149856279,-0.3125222184,-0.1446879828,-0.0327950946,16.48696868,nan,nan
jkt_a0.112,-5,17.5,-0.4965274556,-0.2916235738,-0.140881738,-0.03100540927,15.93463553,nan,nan
jkt_a0.112,-5,18.5,-0.4780105832,-0.2715639689,-0.1370526498,-0.02926325246,15.38924116,nan,nan
jkt_a0.112,-5,19.5,-0.4595455821,-0.2524163545,-0.1332194615,-0.02757677622,14.85290638,nan,nan
jkt_a0.112,-5,20.5,-0.4412376871,-0.2342383006,-0.1293991597,-0.02595232165,14.32788323,nan,nan
jkt_a0.112,-5,21.5,-0.4231798021,-0.2170643094,-0.1256069393,-0.02439457581,13.81598561,nan,nan
jkt_a0.112,-5,22.5,-0.4054496501,-0.2009062472,-0.1218562101,-0.02290674587,13.31841645,nan,nan
jkt_a0.112,-5,23.5,-0.3881201986,-0.1857650602,-0.1181586394,-0.02149074086,12.83657281,nan,nan
jkt_a0.112,-5,24.5,-0.3712468883,-0.1716235453,-0.1145242224,-0.02014735288,12.37113146,nan,nan
jkt_a0.112,-5,25.5,-0.3548755801,-0.1584549907,-0.1109613741,-0.01887643188,11.92262112,nan,nan
jkt_a0.112,-5,26.5,-0.339041852,-0.146224426,-0.1074770374,-0.01767704957,11.49134813,nan,nan
jkt_a0.112,-5,27.5,-0.3237719507,-0.1348909208,-0.1040768002,-0.01654764953,11.07743527,nan,nan
jkt_a0.112,-5,28.5,-0.3090834301,-0.1244092527,-0.1007650183,-0.015486182,10.68082767,nan,nan
jkt_a0.112,-5,29.5,-0.2949861367,-0.1147315249,-0.09754493894,-0.01449022268,10.30131954,nan,nan
jkt_a0.112,-4.5,0.5,-0.7638305189,-0.826378165,-0.2002145394,-0.06627197666,28.47121235,nan,nan
jkt_a0.112,-4.5,1.5,-0.7623656454,-0.8217987063,-0.1998026125,-0.06596621125,28.38219986,nan,nan
jkt_a0.112,-4.5,2.5,-0.7594269213,-0.8127320165,-0.198983058,-0.06536076822,28.20531786,nan,nan
jkt_a0.112,-4.5,3.5,-0.7550019775,-0.7993774486,-0.1977643951,-0.06446756639,27.94363453,nan,nan
jkt_a0.112,-4.5,4.5,-0.7490720406,-0.7820460492,-0.1961592038,-0.06330385975,27.6022722,nan,nan
jkt_a0.112,-4.5,5.5,-0.7416274274,-0.7610551972,-0.1941838869,-0.06189153697,27.18517428,nan,nan
jkt_a0.112,-4.5,6.5,-0.7326613436,-0.7368436384,-0.1918583529,-0.06025626273,26.69929071,nan,nan
jkt_a0.112,-4.5,7.5,-0.72218354,-0.7098775587,-0.1892056267,-0.05842651621,26.15179148,nan,nan
jkt_a0.112,-4.5,8.5,-0.7102251733,-0.6806561744,-0.186251393,-0.05643258487,25.55069583,nan,nan
jkt_a0.112,-4.5,9.5,-0.6968308859,-0.6496740521,-0.1830234857,-0.05430556998,24.90348578,nan,nan
jkt_a0.112,-4.5,10.5,-0.6820801425,-0.617438426,-0.1795513389,-0.05207645414,24.21882752,nan,nan
jkt_a0.112,-4.5,11.5,-0.6660676652,-0.584422819,-0.1758654167,-0.04977527144,23.50448834,nan,nan
jkt_a0.112,-4.5,12.5,-0.6489143037,-0.5510750845,-0.1719966445,-0.04743040925,22.76835822,nan,nan
jkt_a0.112,-4.5,13.5,-0.6307597668,-0.5178021485,-0.167975859,-0.04506805848,22.01793657,nan,nan
jkt_a0.112,-4.5,14.5,-0.6117559863,-0.484959924,-0.1638332994,-0.04271181754,21.25999335,nan,nan
jkt_a0.112,-4.5,15.5,-0.5920638682,-0.4528515978,-0.1595981519,-0.04038244477,20.50061984,nan,nan
jkt_a0.112,-4.5,16.5,-0.5718683832,-0.4217977227,-0.1552981621,-0.03809774661,19.74843,nan,nan
jkt_a0.112,-4.5,17.5,-0.5512953691,-0.3918525049,-0.1509593218,-0.03587258297,19.00163435,nan,nan
jkt_a0.112,-4.5,18.5,-0.5305301395,-0.3632677327,-0.1466056315,-0.03371896823,18.26877533,nan,nan
jkt_a0.112,-4.5,19.5,-0.5097192539,-0.3361352064,-0.1422589405,-0.0316462456,17.55256827,nan,nan
jkt_a0.112,-4.5,20.5,-0.489002738,-0.310522854,-0.1379388558,-0.02966131291,16.85585197,nan,nan
jkt_a0.112,-4.5,21.5,-0.4685057652,-0.2864639947,-0.1336627166,-0.02776888049,16.18082212,nan,nan
jkt_a0.112,-4.5,22.5,-0.4483347237,-0.2639588049,-0.1294456225,-0.02597174401,15.52882354,nan,nan
jkt_a0.112,-4.5,23.5,-0.4285886376,-0.2429913212,-0.1253005066,-0.02427105887,14.90137598,nan,nan
jkt_a0.112,-4.5,24.5,-0.4093443375,-0.2235203644,-0.1212382442,-0.0226666054,14.29905197,nan,nan
jkt_a0.112,-4.5,25.5,-0.3906654632,-0.2054919772,-0.1172677868,-0.02115703756,13.72220567,nan,nan
jkt_a0.112,-4.5,26.5,-0.3726017206,-0.1888415913,-0.1133963139,-0.01974010997,13.17089174,nan,nan
jkt_a0.112,-4.5,27.5,-0.3551901115,-0.1734975259,-0.1096293935,-0.01841288078,12.64492499,nan,nan
jkt_a0.112,-4.5,28.5,-0.3384558708,-0.1593834969,-0.105971147,-0.01717188909,12.14389736,nan,nan
jkt_a0.112,-4.5,29.5,-0.3224138269,-0.1464209632,-0.1024244123,-0.01601330751,11.66721888,nan,nan
jkt_a0.112,-4,0.5,-0.768619179,-1.189348333,-0.2194777917,-0.08172595214,36.56040735,nan,nan
jkt_a0.112,-4,1.5,-0.7680770193,-1.182404626,-0.2189989473,-0.081312724,36.42916059,nan,nan
jkt_a0.112,-4,2.5,-0.7669360031,-1.1686596,-0.2180461934,-0.08049519123,36.16855287,nan,nan
jkt_a0.112,-4,3.5,-0.7650867198,-1.14842095,-0.2166293377,-0.07929079782,35.7834748,nan,nan
jkt_a0.112,-4,4.5,-0.762362136,-1.122170391,-0.2147629286,-0.07772473165,35.28206451,nan,nan
jkt_a0.112,-4,5.5,-0.7586096159,-1.090399461,-0.2124660469,-0.07582883059,34.67078003,nan,nan
jkt_a0.112,-4,6.5,-0.7536340993,-1.053789758,-0.2097620064,-0.07364024839,33.96066007,nan,nan
jkt_a0.112,-4,7.5,-0.7472625621,-1.013066593,-0.2066779601,-0.0711999703,33.16308734,nan,nan
jkt_a0.112,-4,8.5,-0.7393509651,-0.9690074122,-0.2032444072,-0.06855127359,32.29067169,nan,nan
jkt_a0.112,-4,9.5,-0.7297876178,-0.9223840646,-0.1994946093,-0.06573822362,31.35526879,nan,nan
jkt_a0.112,-4,10.5,-0.7185202418,-0.8739863057,-0.195463932,-0.06280428513,30.37028226,nan,nan
jkt_a0.112,-4,11.5,-0.7055422289,-0.8245511237,-0.1911891358,-0.05979111137,29.34775428,nan,nan
jkt_a0.112,-4,12.5,-0.6909047062,-0.7747725271,-0.1867076461,-0.0567375537,28.29971245,nan,nan
jkt_a0.112,-4,13.5,-0.6747085928,-0.7252774912,-0.1820568333,-0.05367891327,27.23743844,nan,nan
jkt_a0.112,-4,14.5,-0.6570953232,-0.6766100355,-0.1772733365,-0.05064643719,26.17098902,nan,nan
jkt_a0.112,-4,15.5,-0.6382395277,-0.6292281611,-0.1723924545,-0.04766704532,25.10925261,nan,nan
jkt_a0.112,-4,16.5,-0.6183495364,-0.5836119328,-0.1674476268,-0.04476326135,24.06457736,nan,nan
jkt_a0.112,-4,17.5,-0.597620154,-0.5398269963,-0.1624700167,-0.04195331449,23.03414958,nan,nan
jkt_a0.112,-4,18.5,-0.5762770831,-0.4982406939,-0.1574882023,-0.03925137434,22.02993455,nan,nan
jkt_a0.112,-4,19.5,-0.5545298673,-0.4589715819,-0.1525279741,-0.03666788144,21.05537099,nan,nan
jkt_a0.112,-4,20.5,-0.5325807719,-0.4221001547,-0.1476122311,-0.03420993913,20.1139826,nan,nan
jkt_a0.112,-4,21.5,-0.510615245,-0.3876536684,-0.1427609658,-0.03188173634,19.20832991,nan,nan
jkt_a0.112,-4,22.5,-0.4887958195,-0.3556095763,-0.1379913236,-0.02968497683,18.33976471,nan,nan
jkt_a0.112,-4,23.5,-0.4672733337,-0.3259208452,-0.1333177208,-0.02761929587,17.50976792,nan,nan
jkt_a0.112,-4,24.5,-0.4461697267,-0.2985045231,-0.1287520086,-0.02568265062,16.71855626,nan,nan
jkt_a0.112,-4,25.5,-0.4255876358,-0.2732601108,-0.1243036679,-0.02387167552,15.96603164,nan,nan
jkt_a0.112,-4,26.5,-0.4056095597,-0.2500733104,-0.1199800225,-0.02218199778,15.25169684,nan,nan
jkt_a0.112,-4,27.5,-0.3862993993,-0.2288214574,-0.1157864623,-0.02060851123,14.57474825,nan,nan
jkt_a0.112,-4,28.5,-0.3677038414,-0.2093773713,-0.1117266653,-0.01914560912,13.93411127,nan,nan
jkt_a0.112,-4,29.5,-0.3498542958,-0.1916128279,-0.1078028149,-0.0177873782,13.32850286,nan,nan
jkt_a0.112,-3.5,0.5,-0.5950137843,-1.708151045,-0.2418088706,-0.1028990055,47.37668606,nan,nan
jkt_a0.112,-3.5,1.5,-0.5974498393,-1.698037052,-0.2412561695,-0.102325961,47.18266413,nan,nan
jkt_a0.112,-3.5,2.5,-0.6021400731,-1.678001822,-0.2401559521,-0.1011932975,46.79767987,nan,nan
jkt_a0.112,-3.5,3.5,-0.6087181202,-1.648466265,-0.238518605,-0.09952722105,46.22944686,nan,nan
jkt_a0.112,-3.5,4.5,-0.6166231641,-1.610096511,-0.2363597297,-0.09736547747,45.49072339,nan,nan
jkt_a0.112,-3.5,5.5,-0.6253193309,-1.563578617,-0.2337001129,-0.09475560851,44.59203609,nan,nan
jkt_a0.112,-3.5,6.5,-0.6341030189,-1.509876964,-0.230565608,-0.09175283175,43.55074824,nan,nan
jkt_a0.112,-3.5,7.5,-0.6422999705,-1.450033587,-0.2269868847,-0.08841769438,42.38482514,nan,nan
jkt_a0.112,-3.5,8.5,-0.6492761758,-1.3851824,-0.2229990165,-0.08481365768,41.11403692,nan,nan
jkt_a0.112,-3.5,9.5,-0.6544744545,-1.316465637,-0.2186408946,-0.08100476234,39.75709079,nan,nan
jkt_a0.112,-3.5,10.5,-0.6574508913,-1.245067038,-0.2139544787,-0.07705350467,38.33474001,nan,nan
jkt_a0.112,-3.5,11.5,-0.6578835813,-1.172104818,-0.208983919,-0.07301902379,36.86565803,nan,nan
jkt_a0.112,-3.5,12.5,-0.6555853318,-1.098641352,-0.2037745958,-0.06895566465,35.36822371,nan,nan
jkt_a0.112,-3.5,13.5,-0.6504968022,-1.025642893,-0.1983721332,-0.06491194512,33.85945763,nan,nan
jkt_a0.112,-3.5,14.5,-0.6426726937,-0.9539515171,-0.1928214453,-0.06092992209,32.35433343,nan,nan
jkt_a0.112,-3.5,15.5,-0.6322648932,-0.8842767308,-0.1871658644,-0.05704492447,30.86583639,nan,nan
jkt_a0.112,-3.5,16.5,-0.619477047,-0.817356717,-0.181446392,-0.05328560121,29.41165058,nan,nan
jkt_a0.112,-3.5,17.5,-0.6046486691,-0.7532957898,-0.1757010977,-0.04967422204,27.98737932,nan,nan
jkt_a0.112,-3.5,18.5,-0.5880491464,-0.6926484803,-0.1699646783,-0.04622716446,26.60967747,nan,nan
jkt_a0.112,-3.5,19.5,-0.5700098964,-0.6355866818,-0.1642681761,-0.04295552397,25.28274947,nan,nan
jkt_a0.112,-3.5,20.5,-0.5508562959,-0.5822193414,-0.1586388448,-0.03986579091,24.01078188,nan,nan
jkt_a0.112,-3.5,21.5,-0.5308976655,-0.5325711797,-0.1531001449,-0.03696054728,22.79651702,nan,nan
jkt_a0.112,-3.5,22.5,-0.5104164307,-0.4865895764,-0.1476718462,-0.03423914711,21.64097654,nan,nan
jkt_a0.112,-3.5,23.5,-0.4896755527,-0.4441827015,-0.1423702139,-0.0316983546,20.54522491,nan,nan
jkt_a0.112,-3.5,24.5,-0.468898747,-0.4052053583,-0.1372082542,-0.02933292281,19.50864411,nan,nan
jkt_a0.112,-3.5,25.5,-0.4482790417,-0.3694866138,-0.1321959995,-0.02713610416,18.53018171,nan,nan
jkt_a0.112,-3.5,26.5,-0.4279776821,-0.3368363634,-0.1273408144,-0.02510008925,17.60827252,nan,nan
jkt_a0.112,-3.5,27.5,-0.4081259367,-0.3070539932,-0.1226477069,-0.02321637555,16.74098148,nan,nan
jkt_a0.112,-3.5,28.5,-0.3888271862,-0.2799344843,-0.1181196356,-0.02147607016,15.92606761,nan,nan
jkt_a0.112,-3.5,29.5,-0.370159814,-0.2552737386,-0.1137578017,-0.01987013284,15.16107753,nan,nan
jkt_a0.112,-3,0.5,-0.009965054874,-2.29447539,-0.2672994807,-0.1326948236,59.11630576,nan,nan
jkt_a0.112,-3,1.5,-0.01967687309,-2.282123801,-0.2666777089,-0.1318782024,58.84694685,nan,nan
jkt_a0.112,-3,2.5,-0.03865117105,-2.257561146,-0.2654382345,-0.1302656139,58.31265341,nan,nan
jkt_a0.112,-3,3.5,-0.0659669377,-2.221120661,-0.2635894681,-0.1278973312,57.52438763,nan,nan
jkt_a0.112,-3,4.5,-0.1002050581,-2.173362221,-0.2611446407,-0.1248312546,56.50012229,nan,nan
jkt_a0.112,-3,5.5,-0.1399853497,-2.114899159,-0.2581223746,-0.1211401083,55.25558522,nan,nan
jkt_a0.112,-3,6.5,-0.1834681209,-2.046657024,-0.2545472017,-0.1169080306,53.81558136,nan,nan
jkt_a0.112,-3,7.5,-0.2288382657,-1.969720542,-0.250449887,-0.1122268011,52.20613281,nan,nan
jkt_a0.112,-3,8.5,-0.2743228287,-1.885362589,-0.2458674442,-0.107191968,50.45591856,nan,nan
jkt_a0.112,-3,9.5,-0.3183072441,-1.794949584,-0.2408427775,-0.1018991264,48.59230698,nan,nan
jkt_a0.112,-3,10.5,-0.359389366,-1.699992757,-0.2354239398,-0.09644057048,46.64543927,nan,nan
jkt_a0.112,-3,11.5,-0.3964511824,-1.601997646,-0.2296630563,-0.09090248908,44.64255424,nan,nan
jkt_a0.112,-3,12.5,-0.4286746414,-1.502464662,-0.2236149991,-0.08536281128,42.61025776,nan,nan
jkt_a0.112,-3,13.5,-0.455544378,-1.402816032,-0.2173359299,-0.07988974352,40.57299436,nan,nan
jkt_a0.112,-3,14.5,-0.476829276,-1.304337817,-0.2108818266,-0.07454097831,38.55206066,nan,nan
jkt_a0.112,-3,15.5,-0.4925470915,-1.208149744,-0.2043071043,-0.06936350645,36.56563093,nan,nan
jkt_a0.112,-3,16.5,-0.5028049156,-1.115413462,-0.197663414,-0.0643939314,34.63789699,nan,nan
jkt_a0.112,-3,17.5,-0.5082303896,-1.026405417,-0.1909986747,-0.05965916797,32.76263007,nan,nan
jkt_a0.112,-3,18.5,-0.5091209757,-0.9420024233,-0.184356366,-0.05517740546,30.96182864,nan,nan
jkt_a0.112,-3,19.5,-0.5060421348,-0.8625337182,-0.1777750801,-0.05095922424,29.24032258,nan,nan
jkt_a0.112,-3,20.5,-0.4995622232,-0.7882191194,-0.171288314,-0.04700877158,27.6027033,nan,nan
jkt_a0.112,-3,21.5,-0.4902435275,-0.7191409941,-0.1649244685,-0.04332492254,26.05148809,nan,nan
jkt_a0.112,-3,22.5,-0.4786206946,-0.6552561922,-0.1587070135,-0.03990237197,24.58684126,nan,nan
jkt_a0.112,-3,23.5,-0.4651954958,-0.5964521164,-0.1526547788,-0.03673262294,23.20883391,nan,nan
jkt_a0.112,-3,24.5,-0.4504142751,-0.5425305916,-0.1467823303,-0.0338048526,21.91539118,nan,nan
jkt_a0.112,-3,25.5,-0.434671162,-0.4932492952,-0.1411003969,-0.03110664897,20.70388524,nan,nan
jkt_a0.112,-3,26.5,-0.4183061431,-0.448333621,-0.1356163204,-0.02862462143,19.57108038,nan,nan
jkt_a0.112,-3,27.5,-0.4016067847,-0.4074909809,-0.1303345045,-0.02634489333,18.51334102,nan,nan
jkt_a0.112,-3,28.5,-0.3848114031,-0.3704210527,-0.1252568474,-0.02425348924,17.52673352,nan,nan
jkt_a0.112,-3,29.5,-0.3681135607,-0.336824509,-0.1203831469,-0.02233663039,16.60715718,nan,nan
jkt_a0.112,-2.5,0.5,1.162251242,-2.500361031,-0.2950747249,-0.175762939,64.45001197,nan,nan
jkt_a0.112,-2.5,1.5,1.140573562,-2.492895701,-0.2944250763,-0.1745691821,64.14649503,nan,nan
jkt_a0.112,-2.5,2.5,1.097982801,-2.477661866,-0.293124728,-0.1722137006,63.54382984,nan,nan
jkt_a0.112,-2.5,3.5,1.036079979,-2.454115284,-0.2911725682,-0.1687589723,62.65298816,nan,nan
jkt_a0.112,-2.5,4.5,0.9573879528,-2.42152657,-0.2885692288,-0.1642948429,61.49170556,nan,nan
jkt_a0.112,-2.5,5.5,0.8644153061,-2.379307104,-0.285319383,-0.1589341488,60.07765536,nan,nan
jkt_a0.112,-2.5,6.5,0.7606090808,-2.326900319,-0.2814341359,-0.1528073243,58.436708,nan,nan
jkt_a0.112,-2.5,7.5,0.6495040002,-2.264082726,-0.2769330998,-0.1460563583,56.59739766,nan,nan
jkt_a0.112,-2.5,8.5,0.5347028765,-2.191033415,-0.2718458105,-0.1388285182,54.59207258,nan,nan
jkt_a0.112,-2.5,9.5,0.4196261965,-2.108317993,-0.2662122651,-0.1312702737,52.45228227,nan,nan
jkt_a0.112,-2.5,10.5,0.3074233404,-2.016985439,-0.2600825067,-0.1235218199,50.21365189,nan,nan
jkt_a0.112,-2.5,11.5,0.2007600132,-1.91840546,-0.253515331,-0.1157125221,47.908992,nan,nan
jkt_a0.112,-2.5,12.5,0.1017703984,-1.814238677,-0.2465763013,-0.1079574916,45.57081236,nan,nan
jkt_a0.112,-2.5,13.5,0.01200506391,-1.706300136,-0.2393353305,-0.1003553772,43.22927671,nan,nan
jkt_a0.112,-2.5,14.5,-0.06757002058,-1.596427747,-0.2318641061,-0.09298733667,40.91083315,nan,nan
jkt_a0.112,-2.5,15.5,-0.1365248584,-1.486380107,-0.22423361,-0.08591705338,38.63805277,nan,nan
jkt_a0.112,-2.5,16.5,-0.1946000917,-1.377998564,-0.2165119282,-0.07919159948,36.44018286,nan,nan
jkt_a0.112,-2.5,17.5,-0.2428202372,-1.272174763,-0.2087624792,-0.0728429161,34.3109759,nan,nan
jkt_a0.112,-2.5,18.5,-0.2814036474,-1.170366335,-0.2010427189,-0.06688968268,32.27595819,nan,nan
jkt_a0.112,-2.5,19.5,-0.3112568575,-1.073388649,-0.1934033222,-0.06133937173,30.3406367,nan,nan
jkt_a0.112,-2.5,20.5,-0.3333291516,-0.9818585415,-0.1858877988,-0.05619032296,28.50989545,nan,nan
jkt_a0.112,-2.5,21.5,-0.348603199,-0.8961628707,-0.1785324744,-0.05143371436,26.78596749,nan,nan
jkt_a0.112,-2.5,22.5,-0.358050079,-0.8164748404,-0.1713667565,-0.04705534896,25.16819559,nan,nan
jkt_a0.112,-2.5,23.5,-0.3625941305,-0.7428296737,-0.1644136052,-0.04303721251,23.65564306,nan,nan
jkt_a0.112,-2.5,24.5,-0.3630851789,-0.6751107055,-0.1576901339,-0.0393587856,22.24489149,nan,nan
jkt_a0.112,-2.5,25.5,-0.3602874954,-0.6131093476,-0.1512082808,-0.03599811456,20.93187754,nan,nan
jkt_a0.112,-2.5,26.5,-0.3548747419,-0.5565473209,-0.1449754999,-0.03293265884,19.71188228,nan,nan
jkt_a0.112,-2.5,27.5,-0.3474300507,-0.50510122,-0.1389954385,-0.03013994043,18.57979701,nan,nan
jkt_a0.112,-2.5,28.5,-0.338450184,-0.4584210162,-0.1332685739,-0.02759802394,17.53026051,nan,nan
jkt_a0.112,-2.5,29.5,-0.3283522016,-0.4161457101,-0.1277927959,-0.02528585608,16.55782209,nan,nan
jkt_a0.112,-2,0.5,2.429784031,-1.68716524,-0.3214717123,-0.239323504,54.47881837,nan,nan
jkt_a0.112,-2,1.5,2.401554986,-1.698502786,-0.3209362213,-0.2375527057,54.27024407,nan,nan
jkt_a0.112,-2,2.5,2.345531296,-1.719920259,-0.3198483702,-0.2340590898,53.85335694,nan,nan
jkt_a0.112,-2,3.5,2.262745084,-1.748915451,-0.3181772566,-0.2289366405,53.22998374,nan,nan
jkt_a0.112,-2,4.5,2.155070411,-1.781738459,-0.3158831834,-0.2223213876,52.40247709,nan,nan
jkt_a0.112,-2,5.5,2.024565306,-1.814855678,-0.3129245069,-0.2143855153,51.37904509,nan,nan
jkt_a0.112,-2,6.5,1.874486133,-1.843813654,-0.3092650684,-0.2053297017,50.16754531,nan,nan
jkt_a0.112,-2,7.5,1.708675613,-1.864605296,-0.3048811271,-0.1953740413,48.78091569,nan,nan
jkt_a0.112,-2,8.5,1.531595392,-1.873829947,-0.2997668366,-0.1847481111,47.23709696,nan,nan
jkt_a0.112,-2,9.5,1.348003454,-1.86896445,-0.2939375914,-0.1736809007,45.55544503,nan,nan
jkt_a0.112,-2,10.5,1.162821833,-1.848604627,-0.2874309467,-0.1623913976,43.76183526,nan,nan
jkt_a0.112,-2,11.5,0.9806898068,-1.812441294,-0.2803052091,-0.1510805515,41.88214095,nan,nan
jkt_a0.112,-2,12.5,0.8057673122,-1.761222491,-0.2726361195,-0.1399251618,39.94447252,nan,nan
jkt_a0.112,-2,13.5,0.6414962283,-1.696553025,-0.2645122617,-0.129073972,37.97679883,nan,nan
jkt_a0.112,-2,14.5,0.4904564682,-1.620640774,-0.2560298903,-0.1186459772,36.00514709,nan,nan
jkt_a0.112,-2,15.5,0.3543342035,-1.5360376,-0.2472878189,-0.108730714,34.05290534,nan,nan
jkt_a0.112,-2,16.5,0.2344813458,-1.445527317,-0.238382863,-0.09939013441,32.14957701,nan,nan
jkt_a0.112,-2,17.5,0.1299081031,-1.351462039,-0.2294061502,-0.09066159192,30.29458586,nan,nan
jkt_a0.112,-2,18.5,0.04090045866,-1.256277693,-0.220440436,-0.08256146922,28.51282437,nan,nan
jkt_a0.112,-2,19.5,-0.03357085743,-1.161930738,-0.2115584153,-0.07508903642,26.81220935,nan,nan
jkt_a0.112,-2,20.5,-0.09472466641,-1.070030852,-0.2028219199,-0.06823022028,25.19951989,nan,nan
jkt_a0.112,-2,21.5,-0.1439402752,-0.9818088005,-0.1942818393,-0.06196106368,23.67864954,nan,nan
jkt_a0.112,-2,22.5,-0.1826645827,-0.8981280946,-0.1859785803,-0.05625074644,22.25038264,nan,nan
jkt_a0.112,-2,23.5,-0.2123205973,-0.8195733016,-0.1779428929,-0.05106411301,20.91493971,nan,nan
jkt_a0.112,-2,24.5,-0.2342609896,-0.7464463968,-0.1701969112,-0.04636370706,19.66991221,nan,nan
jkt_a0.112,-2,25.5,-0.2497274238,-0.6788494394,-0.16275529,-0.04211134866,18.51207674,nan,nan
jkt_a0.112,-2,26.5,-0.2598342091,-0.6167260798,-0.1556263487,-0.03826930971,17.4374366,nan,nan
jkt_a0.112,-2,27.5,-0.2655611374,-0.5599045188,-0.1488131615,-0.03480115097,16.4415115,nan,nan
jkt_a0.112,-2,28.5,-0.2677556603,-0.5081320307,-0.1423145567,-0.03167228429,15.51949851,nan,nan
jkt_a0.112,-2,29.5,-0.2671403373,-0.461104347,-0.1361260048,-0.02885031881,14.66645686,nan,nan
jkt_a0.112,-1.5,0.5,2.725343261,-0.09717282983,-0.3355606459,-0.333002763,33.27611516,nan,nan
jkt_a0.112,-1.5,1.5,2.713208958,-0.1299655737,-0.3355310831,-0.330429216,33.27129194,nan,nan
jkt_a0.112,-1.5,2.5,2.687710216,-0.1941168539,-0.3354145677,-0.3253426646,33.25597237,nan,nan
jkt_a0.112,-1.5,3.5,2.646575998,-0.2865563599,-0.3351029923,-0.3178638393,33.21816607,nan,nan
jkt_a0.112,-1.5,4.5,2.586830419,-0.4021628749,-0.3344501184,-0.3081723218,33.13602457,nan,nan
jkt_a0.112,-1.5,5.5,2.505983759,-0.5357020163,-0.3332885963,-0.2965031975,33.00041162,nan,nan
jkt_a0.112,-1.5,6.5,2.401784962,-0.6796519944,-0.3314493244,-0.283140654,32.78738551,nan,nan
jkt_a0.112,-1.5,7.5,2.273387588,-0.8261096957,-0.32878067,-0.2684078964,32.4789813,nan,nan
jkt_a0.112,-1.5,8.5,2.121651438,-0.967021123,-0.3251650591,-0.2526534959,32.06144699,nan,nan
jkt_a0.112,-1.5,9.5,1.949176932,-1.094905546,-0.32053086,-0.2362351388,31.52444743,nan,nan
jkt_a0.112,-1.5,10.5,1.760328249,-1.203487997,-0.3148583034,-0.2195024337,30.86634099,nan,nan
jkt_a0.112,-1.5,11.5,1.560635848,-1.288226955,-0.3081792155,-0.2027807438,30.09022534,nan,nan
jkt_a0.112,-1.5,12.5,1.356306107,-1.346592646,-0.3005713461,-0.1863578494,29.20611207,nan,nan
jkt_a0.112,-1.5,13.5,1.153546135,-1.378070626,-0.2921488096,-0.1704746998,28.22896029,nan,nan
jkt_a0.112,-1.5,14.5,0.9579703108,-1.383927484,-0.283050492,-0.1553207564,27.17675389,nan,nan
jkt_a0.112,-1.5,15.5,0.7741865352,-1.366808398,-0.273428204,-0.1410336931,26.06908746,nan,nan
jkt_a0.112,-1.5,16.5,0.6062553159,-1.330117049,-0.2634359822,-0.1277026669,24.93109828,nan,nan
jkt_a0.112,-1.5,17.5,0.4548732612,-1.278266939,-0.2532214276,-0.1153740829,23.7740162,nan,nan
jkt_a0.112,-1.5,18.5,0.3219701615,-1.214928086,-0.2429194495,-0.1040587395,22.61968017,nan,nan
jkt_a0.112,-1.5,19.5,0.2073958006,-1.143881701,-0.2326483761,-0.09373938554,21.48192833,nan,nan
jkt_a0.112,-1.5,20.5,0.1103903114,-1.068424362,-0.2225081184,-0.08437795908,20.37306671,nan,nan
jkt_a0.112,-1.5,21.5,0.02968548784,-0.9912981045,-0.2125799455,-0.07592204026,19.30261889,nan,nan
jkt_a0.112,-1.5,22.5,-0.03630721718,-0.9146597022,-0.2029274034,-0.06831027983,18.27692222,nan,nan
jkt_a0.112,-1.5,23.5,-0.08930338203,-0.8401592204,-0.1935979554,-0.06147674157,17.30126648,nan,nan
jkt_a0.112,-1.5,24.5,-0.1310413113,-0.7689468935,-0.1846250003,-0.05535421498,16.37801592,nan,nan
jkt_a0.112,-1.5,25.5,-0.1631810817,-0.7017821647,-0.1760300119,-0.04987662124,15.50823063,nan,nan
jkt_a0.112,-1.5,26.5,-0.187254347,-0.6391054833,-0.1678246261,-0.04498066428,14.6917531,nan,nan
jkt_a0.112,-1.5,27.5,-0.2046343384,-0.5811113335,-0.1600125664,-0.04060688087,13.92750991,nan,nan
jkt_a0.112,-1.5,28.5,-0.2165258368,-0.527810342,-0.1525913519,-0.03670023119,13.21370751,nan,nan
jkt_a0.112,-1.5,29.5,-0.2239670279,-0.4790827557,-0.1455537665,-0.03321035132,12.54805935,nan,nan
jkt_a0.112,-1,0.5,1.808764394,1.046378677,-0.3107190478,-0.4623033129,14.07331486,nan,nan
jkt_a0.112,-1,1.5,1.826675134,1.019277029,-0.3120511966,-0.4589868014,14.20464567,nan,nan
jkt_a0.112,-1,2.5,1.860491362,0.9642861056,-0.314582356,-0.4523843453,14.46336729,nan,nan
jkt_a0.112,-1,3.5,1.906015924,0.880181508,-0.3180559387,-0.4425656103,14.83926444,nan,nan
jkt_a0.112,-1,4.5,1.956413059,0.766134921,-0.3221114625,-0.4296541873,15.30911883,nan,nan
jkt_a0.112,-1,5.5,2.004776406,0.6220171268,-0.3263138116,-0.4138445816,15.86341967,nan,nan
jkt_a0.112,-1,6.5,2.04168934,0.4497340779,-0.3301909178,-0.3954160877,16.46980685,nan,nan
jkt_a0.112,-1,7.5,2.058033466,0.2536210876,-0.333276792,-0.3747383149,17.09657005,nan,nan
jkt_a0.112,-1,8.5,2.045762463,0.04076859747,-0.3351549584,-0.352264602,17.70924783,nan,nan
jkt_a0.112,-1,9.5,1.999084717,-0.1794259911,-0.3354962332,-0.328512304,18.27181107,nan,nan
jkt_a0.112,-1,10.5,1.915586479,-0.3960756112,-0.3340851372,-0.3040322182,18.75214979,nan,nan
jkt_a0.112,-1,11.5,1.796526845,-0.5982444015,-0.3308312171,-0.279372196,19.12235229,nan,nan
jkt_a0.112,-1,12.5,1.646705976,-0.7763062247,-0.3257646284,-0.2550413007,19.36272656,nan,nan
jkt_a0.112,-1,13.5,1.473602032,-0.9231002464,-0.3190184721,-0.2314803421,19.46251378,nan,nan
jkt_a0.112,-1,14.5,1.286151292,-1.034577554,-0.3108025748,-0.2090426085,19.41976548,nan,nan
jkt_a0.112,-1,15.5,1.093481451,-1.109855471,-0.3013741173,-0.1879859799,19.24051181,nan,nan
jkt_a0.112,-1,16.5,0.9045760577,-1.150226366,-0.2910098446,-0.1684752558,18.93752888,nan,nan
jkt_a0.112,-1,17.5,0.7247352843,-1.160940215,-0.2799830751,-0.1505920444,18.53221995,nan,nan
jkt_a0.112,-1,18.5,0.5596722203,-1.146030668,-0.2685469962,-0.1343490717,18.04004081,nan,nan
jkt_a0.112,-1,19.5,0.4122027197,-1.111088721,-0.2569243005,-0.1197060586,17.48114985,nan,nan
jkt_a0.112,-1,20.5,0.2836329075,-1.061451021,-0.2453022791,-0.106585029,16.87495516,nan,nan
jkt_a0.112,-1,21.5,0.1739750963,-1.001915849,-0.2338320661,-0.09488373348,16.23895868,nan,nan
jkt_a0.112,-1,22.5,0.08229501656,-0.9365296641,-0.2226306858,-0.08448658357,15.58770356,nan,nan
jkt_a0.112,-1,23.5,0.007091037928,-0.8685683461,-0.2117847312,-0.07527300954,14.93426762,nan,nan
jkt_a0.112,-1,24.5,-0.05346430108,-0.8005111527,-0.20135478,-0.06712346802,14.28826711,nan,nan
jkt_a0.112,-1,25.5,-0.1012941524,-0.7341619815,-0.191379927,-0.05992347863,13.65723346,nan,nan
jkt_a0.112,-1,26.5,-0.138281386,-0.6707549639,-0.1818820501,-0.05356610803,13.04669372,nan,nan
jkt_a0.112,-1,27.5,-0.1661787003,-0.6110692121,-0.1728696041,-0.04795329334,12.46048316,nan,nan
jkt_a0.112,-1,28.5,-0.1865616239,-0.5555331716,-0.1643408612,-0.0429963398,11.90099658,nan,nan
jkt_a0.112,-1,29.5,-0.200808975,-0.5043168339,-0.1562865947,-0.03861585958,11.3694989,nan,nan
jkt_a0.112,-0.5,0.5,0.7530242101,1.067328893,-0.2028871194,-0.6028612422,4.21704382,nan,nan
jkt_a0.112,-0.5,1.5,0.7747708853,1.06637304,-0.2065843673,-0.600014111,4.314494972,nan,nan
jkt_a0.112,-0.5,2.5,0.818538854,1.062828112,-0.2138066812,-0.5942096843,4.5125789,nan,nan
jkt_a0.112,-0.5,3.5,0.8845388803,1.053253466,-0.2242052113,-0.5852493905,4.816255033,nan,nan
jkt_a0.112,-0.5,4.5,0.9718650407,1.03204379,-0.2372498468,-0.5728889275,5.226768328,nan,nan
jkt_a0.112,-0.5,5.5,1.078979345,0.9933460067,-0.2522324578,-0.5568990206,5.754884869,nan,nan
jkt_a0.112,-0.5,6.5,1.20125198,0.9294471873,-0.2682875302,-0.5371376828,6.39919506,nan,nan
jkt_a0.112,-0.5,7.5,1.331126345,0.8333863837,-0.284438091,-0.5136224639,7.155023921,nan,nan
jkt_a0.112,-0.5,8.5,1.457750167,0.7003494891,-0.2996690493,-0.4865870289,8.009116469,nan,nan
jkt_a0.112,-0.5,9.5,1.567814191,0.5294043776,-0.3130210083,-0.4565059424,8.937632603,nan,nan
jkt_a0.112,-0.5,10.5,1.647489148,0.3250000773,-0.3236883384,-0.4240769656,9.907564428,nan,nan
jkt_a0.112,-0.5,11.5,1.684921872,0.09700448251,-0.3311003035,-0.3901610296,10.87774877,nan,nan
jkt_a0.112,-0.5,12.5,1.672755481,-0.1404374889,-0.3349666327,-0.3556924775,11.80393827,nan,nan
jkt_a0.112,-0.5,13.5,1.609636414,-0.3713322605,-0.3352787272,-0.3215806419,12.64360117,nan,nan
jkt_a0.112,-0.5,14.5,1.500294885,-0.5806853607,-0.3322704067,-0.2886245754,13.36074565,nan,nan
jkt_a0.112,-0.5,15.5,1.354252462,-0.7568900466,-0.3263520855,-0.257456089,13.92957767,nan,nan
jkt_a0.112,-0.5,16.5,1.184217192,-0.8919395254,-0.3180359962,-0.2285160662,14.33120438,nan,nan
jkt_a0.112,-0.5,17.5,1.002203938,-0.9864177476,-0.3078676286,-0.2020599328,14.58168718,nan,nan
jkt_a0.112,-0.5,18.5,0.8198386225,-1.040656057,-0.2963726232,-0.1781830229,14.6764801,nan,nan
jkt_a0.112,-0.5,19.5,0.6459838705,-1.059760671,-0.2840221046,-0.156855657,14.6324202,nan,nan
jkt_a0.112,-0.5,20.5,0.4868071475,-1.05013753,-0.2712148753,-0.1379596614,14.4698626,nan,nan
jkt_a0.112,-0.5,21.5,0.3458608384,-1.018567667,-0.2582725743,-0.1213210414,14.21087966,nan,nan
jkt_a0.112,-0.5,22.5,0.2245118531,-0.9714184153,-0.2454434101,-0.1067363101,13.87670578,nan,nan
jkt_a0.112,-0.5,23.5,0.1225709344,-0.9142326024,-0.2329106624,-0.09399198661,13.48794642,nan,nan
jkt_a0.112,-0.5,24.5,0.03878175654,-0.8514872621,-0.2208031361,-0.0828779387,13.06181771,nan,nan
jkt_a0.112,-0.5,25.5,-0.02869225496,-0.7866281369,-0.2092057453,-0.07319574479,12.61295365,nan,nan
jkt_a0.112,-0.5,26.5,-0.08194029641,-0.7221706218,-0.1981692006,-0.06476332785,12.15324334,nan,nan
jkt_a0.112,-0.5,27.5,-0.1230734297,-0.6598513313,-0.1877183346,-0.05741697434,11.69202613,nan,nan
jkt_a0.112,-0.5,28.5,-0.1540842331,-0.6007871733,-0.1778589511,-0.0510116293,11.23633775,nan,nan
jkt_a0.112,-0.5,29.5,-0.176768748,-0.5456255737,-0.1685832792,-0.04542013263,10.791297,nan,nan
jkt_a0.112,0,0.5,0.3270626364,0.6865317056,-0.0006509100247,-0.6711403083,1.283875604,nan,nan
jkt_a0.112,0,1.5,0.3354706903,0.6929820237,-0.005857749429,-0.671089809,1.316097108,nan,nan
jkt_a0.112,0,2.5,0.3530364329,0.7057287431,-0.01626320497,-0.6707466151,1.383241859,nan,nan
jkt_a0.112,0,3.5,0.3813536004,0.7242891539,-0.03182275162,-0.6696286274,1.490882746,nan,nan
jkt_a0.112,0,4.5,0.4229378692,0.7471210352,-0.05240037671,-0.6670244496,1.646459529,nan,nan
jkt_a0.112,0,5.5,0.4806484188,0.7724230032,-0.07769026386,-0.662023779,1.862793656,nan,nan
jkt_a0.112,0,6.5,0.558047608,0.7959265501,-0.1071259469,-0.6535823748,2.154166332,nan,nan
jkt_a0.112,0,7.5,0.6581066825,0.8111762622,-0.1397978585,-0.6406345597,2.537727419,nan,nan
jkt_a0.112,0,8.5,0.7818224982,0.8089943983,-0.174411136,-0.6222554813,3.030781417,nan,nan
jkt_a0.112,0,9.5,0.9263024243,0.778033587,-0.2093197327,-0.5978542659,3.647084357,nan,nan
jkt_a0.112,0,10.5,1.082959452,0.7069371719,-0.2426608695,-0.5673532185,4.392530639,nan,nan
jkt_a0.112,0,11.5,1.237070764,0.5875367541,-0.2725815371,-0.5312918172,5.259933886,nan,nan
jkt_a0.112,0,12.5,1.369576902,0.4185715845,-0.2975062511,-0.4908043926,6.226319916,nan,nan
jkt_a0.112,0,13.5,1.461141179,0.20785327,-0.3163667696,-0.4474615209,7.252966505,nan,nan
jkt_a0.112,0,14.5,1.497112303,-0.02837928775,-0.3287221588,-0.4030188389,8.28944982,nan,nan
jkt_a0.112,0,15.5,1.471294208,-0.2689653999,-0.3347409033,-0.3591515614,9.280770065,nan,nan
jkt_a0.112,0,16.5,1.386767666,-0.4910787398,-0.3350699257,-0.3172487594,10.16483566,nan,nan
jkt_a0.112,0,17.5,1.256112991,-0.6812391881,-0.3306483395,-0.2783060326,10.93199785,nan,nan
jkt_a0.112,0,18.5,1.093718143,-0.8274362683,-0.322524837,-0.2429137392,11.53700297,nan,nan
jkt_a0.112,0,19.5,0.9158343161,-0.9268968292,-0.3117166076,-0.2113114791,11.97216757,nan,nan
jkt_a0.112,0,20.5,0.7366204773,-0.9822413473,-0.2991220907,-0.1834734118,12.24176074,nan,nan
jkt_a0.112,0,21.5,0.5667492529,-0.9997009096,-0.2854816711,-0.1591965611,12.36021593,nan,nan
jkt_a0.112,0,22.5,0.4130616003,-0.9871401718,-0.2713724982,-0.1381761755,12.34762609,nan,nan
jkt_a0.112,0,23.5,0.2791033502,-0.9525721996,-0.2572232295,-0.1200623483,12.2276951,nan,nan
jkt_a0.112,0,24.5,0.1658310133,-0.9031737604,-0.2433376936,-0.1044983878,12.02317039,nan,nan
jkt_a0.112,0,25.5,0.07249352525,-0.8448765319,-0.2299203914,-0.09114429725,11.7551708,nan,nan
jkt_a0.112,0,26.5,-0.002672585927,-0.7822724186,-0.2170999919,-0.07968937688,11.44213172,nan,nan
jkt_a0.112,0,27.5,-0.06191152277,-0.7187182401,-0.2049491912,-0.06985752466,11.09944179,nan,nan
jkt_a0.112,0,28.5,-0.1075912764,-0.6565304114,-0.1935005966,-0.06140800097,10.73941514,nan,nan
jkt_a0.112,0,29.5,-0.1419805117,-0.5972066824,-0.1827589532,-0.05413361144,10.37162075,nan,nan
jkt_a0.112,0.5,0.5,0.2230173801,0.4451720916,0.2019539016,-0.6035670403,0.6120169598,nan,nan
jkt_a0.112,0.5,1.5,0.2257660946,0.4492348876,0.1981856018,-0.6063656091,0.62115272,nan,nan
jkt_a0.112,0.5,2.5,0.2314991226,0.4574941392,0.1904804427,-0.611839797,0.6402168856,nan,nan
jkt_a0.112,0.5,3.5,0.2407566779,0.4702265421,0.1785093009,-0.6197217846,0.6709856113,nan,nan
jkt_a0.112,0.5,4.5,0.2546650192,0.487670824,0.1618033649,-0.6295555227,0.7163607809,nan,nan
jkt_a0.112,0.5,5.5,0.2744345474,0.5102790174,0.1397978585,-0.6406345597,0.7807750878,nan,nan
jkt_a0.112,0.5,6.5,0.3023876557,0.5381894329,0.1119132388,-0.6519293913,0.8709814068,nan,nan
jkt_a0.112,0.5,7.5,0.3416955199,0.5710771859,0.07769026386,-0.662023779,0.9967899068,nan,nan
jkt_a0.112,0.5,8.5,0.3966597044,0.6074191856,0.03698886531,-0.669096127,1.172002767,nan,nan
jkt_a0.112,0.5,9.5,0.4725487038,0.6433772455,-0.009761593611,-0.6709989294,1.415028295,nan,nan
jkt_a0.112,0.5,10.5,0.5744572541,0.6715303034,-0.06131599193,-0.6654915048,1.748514562,nan,nan
jkt_a0.112,0.5,11.5,0.7049672128,0.6799064167,-0.1154790003,-0.6506452874,2.196718815,nan,nan
jkt_a0.112,0.5,12.5,0.8605609952,0.6529457949,-0.1692143644,-0.6253532144,2.780326513,nan,nan
jkt_a0.112,0.5,13.5,1.028531985,0.5753365267,-0.219071517,-0.5897656913,3.508929687,nan,nan
jkt_a0.112,0.5,14.5,1.187002072,0.438259052,-0.2618505118,-0.545431971,4.373702037,nan,nan
jkt_a0.112,0.5,15.5,1.309691541,0.2450028066,-0.2952646579,-0.4950268024,5.343598096,nan,nan
jkt_a0.112,0.5,16.5,1.372295142,0.01377003134,-0.3183283611,-0.4417523642,6.352521789,nan,nan
jkt_a0.112,0.5,17.5,1.367489909,-0.2311469016,-0.3313427091,-0.3886698982,7.373742478,nan,nan
jkt_a0.112,0.5,18.5,1.294709857,-0.4617664591,-0.3355600851,-0.3382104521,8.32427791,nan,nan
jkt_a0.112,0.5,19.5,1.16739623,-0.65654745,-0.3327262111,-0.2919722058,9.154515504,nan,nan
jkt_a0.112,0.5,20.5,1.004692736,-0.803086055,-0.3246769945,-0.2507625135,9.829972095,nan,nan
jkt_a0.112,0.5,21.5,0.826256934,-0.8983907997,-0.3130745772,-0.2147737426,10.33558261,nan,nan
jkt_a0.112,0.5,22.5,0.648434145,-0.9465874676,-0.2992833668,-0.1837910029,10.67286774,nan,nan
jkt_a0.112,0.5,23.5,0.4827615332,-0.9558228231,-0.284346243,-0.1573718327,10.85656411,nan,nan
jkt_a0.112,0.5,24.5,0.3359024309,-0.9355665207,-0.2690161535,-0.1349767278,10.90774394,nan,nan
jkt_a0.112,0.5,25.5,0.2106511675,-0.8948374446,-0.2538096427,-0.1160523487,10.85036955,nan,nan
jkt_a0.112,0.5,26.5,0.1070994884,-0.8412832564,-0.2390626556,-0.1000782472,10.70811568,nan,nan
jkt_a0.112,0.5,27.5,0.02370343875,-0.7808782657,-0.2249794218,-0.08658894448,10.50244643,nan,nan
jkt_a0.112,0.5,28.5,-0.04190701967,-0.7179898532,-0.211671524,-0.07518094212,10.25161116,nan,nan
jkt_a0.112,0.5,29.5,-0.09237060696,-0.6556250279,-0.1991874109,-0.0655113734,9.970497647,nan,nan
jkt_a0.112,1,0.5,0.1883974222,0.3190353999,0.3103789678,-0.4631339307,0.4416497633,nan,nan
jkt_a0.112,1,1.5,0.1896506696,0.3213317445,0.3089901775,-0.4664620677,0.4447092261,nan,nan
jkt_a0.112,1,2.5,0.1922289363,0.3260010448,0.3060738854,-0.4731434209,0.4510486078,nan,nan
jkt_a0.112,1,3.5,0.196290802,0.3332189882,0.3013433182,-0.483217836,0.4611829143,nan,nan
jkt_a0.112,1,4.5,0.2022401006,0.3432452382,0.2943457085,-0.4967168136,0.4761069844,nan,nan
jkt_a0.112,1,5.5,0.2103948093,0.356428155,0.284438091,-0.5136224639,0.4969553633,nan,nan
jkt_a0.112,1,6.5,0.2215316678,0.3732457903,0.2707624698,-0.5338007025,0.5258501187,nan,nan
jkt_a0.112,1,7.5,0.2367302503,0.39427246,0.2522324578,-0.5568990206,0.5658531344,nan,nan
jkt_a0.112,1,8.5,0.2576453485,0.4201293775,0.2275545028,-0.5822007365,0.621616924,nan,nan
jkt_a0.112,1,9.5,0.2868474066,0.4512979228,0.1953223721,-0.6084380405,0.7002641746,nan,nan
jkt_a0.112,1,10.5,0.3281615513,0.4877018438,0.1542383809,-0.6335940629,0.8126010603,nan,nan
jkt_a0.112,1,11.5,0.3870805893,0.5276976599,0.1035115362,-0.6547771459,0.974623727,nan,nan
jkt_a0.112,1,12.5,0.4704973523,0.5663669045,0.04342764148,-0.6683189937,1.208685462,nan,nan
jkt_a0.112,1,13.5,0.5848701714,0.5932734053,-0.02405272059,-0.6702778149,1.5428367,nan,nan
jkt_a0.112,1,14.5,0.731849008,0.5913726581,-0.09500178581,-0.6574123578,2.006554372,nan,nan
jkt_a0.112,1,15.5,0.9024349732,0.5398850102,-0.1639367122,-0.6283712461,2.622237126,nan,nan
jkt_a0.112,1,16.5,1.071189765,0.4221941463,-0.2250480305,-0.5844899832,3.379503872,nan,nan
jkt_a0.112,1,17.5,1.210029533,0.2397995495,-0.2737766498,-0.5296165629,4.281014508,nan,nan
jkt_a0.112,1,18.5,1.2873085,0.008608107456,-0.3079184139,-0.4689638377,5.26540287,nan,nan
jkt_a0.112,1,19.5,1.287239636,-0.2403781018,-0.3277415599,-0.4076330128,6.26790155,nan,nan
jkt_a0.112,1,20.5,1.211922799,-0.4737562324,-0.3352793715,-0.3495448477,7.21758812,nan,nan
jkt_a0.112,1,21.5,1.07814874,-0.6659151326,-0.3333551274,-0.2970750258,8.05423822,nan,nan
jkt_a0.112,1,22.5,0.9093764063,-0.8039568075,-0.3247996968,-0.2512336619,8.737821429,nan,nan
jkt_a0.112,1,23.5,0.7283537783,-0.8867622354,-0.3120197748,-0.2120747194,9.251933815,nan,nan
jkt_a0.112,1,24.5,0.5525869705,-0.9211253806,-0.296858761,-0.1791018907,9.598995521,nan,nan
jkt_a0.112,1,25.5,0.393203455,-0.9174820529,-0.2806275322,-0.1515712079,9.794799484,nan,nan
jkt_a0.112,1,26.5,0.255709329,-0.8867592925,-0.2642043078,-0.1286801028,9.862260247,nan,nan
jkt_a0.112,1,27.5,0.1415286359,-0.8385850887,-0.2481451408,-0.1096688778,9.826401325,nan,nan
jkt_a0.112,1,28.5,0.04954347784,-0.7805801046,-0.2327794653,-0.09386556553,9.710932654,nan,nan
jkt_a0.112,1,29.5,-0.02267066774,-0.7183229852,-0.2182837663,-0.08069846746,9.536584905,nan,nan
jkt_a0.112,1.5,0.5,0.168694577,0.2456052972,0.3355649704,-0.3336493053,0.3964699855,nan,nan
jkt_a0.112,1.5,1.5,0.1694501061,0.24701886,0.3355697856,-0.3362480997,0.3976235614,nan,nan
jkt_a0.112,1.5,2.5,0.1709914418,0.249884944,0.3355179672,-0.3415062839,0.4000044463,nan,nan
jkt_a0.112,1.5,3.5,0.1733776802,0.2542948408,0.3352793715,-0.3495448477,0.4037858752,nan,nan
jkt_a0.112,1.5,4.5,0.1767814047,0.2604072185,0.3346399077,-0.3605439038,0.4093946377,nan,nan
jkt_a0.112,1.5,5.5,0.1813052601,0.2683931702,0.333276792,-0.3747383149,0.4171195354,nan,nan
jkt_a0.112,1.5,6.5,0.1872434671,0.2785411765,0.3307222738,-0.3924063545,0.4277237092,nan,nan
jkt_a0.112,1.5,7.5,0.1949786735,0.2912145789,0.3263138116,-0.4138445816,0.4422087497,nan,nan
jkt_a0.112,1.5,8.5,0.2050792825,0.306884566,0.3191302224,-0.4393174763,0.4620601909,nan,nan
jkt_a0.112,1.5,9.5,0.2184306399,0.326142264,0.3079184139,-0.4689638377,0.4895479258,nan,nan
jkt_a0.112,1.5,10.5,0.2363636497,0.3496991407,0.2910277026,-0.5026345789,0.5281258678,nan,nan
jkt_a0.112,1.5,11.5,0.2609964876,0.3782989152,0.266393998,-0.5396336414,0.5832319137,nan,nan
jkt_a0.112,1.5,12.5,0.2956598664,0.412467635,0.2316585605,-0.5783498996,0.6635101294,nan,nan
jkt_a0.112,1.5,13.5,0.3455249214,0.4517641115,0.1845561145,-0.615832099,0.78265268,nan,nan
jkt_a0.112,1.5,14.5,0.4180364957,0.4930750711,0.1237132899,-0.6475040558,0.9615963409,nan,nan
jkt_a0.112,1.5,15.5,0.5220443374,0.5276793203,0.04984215188,-0.6674187787,1.230043118,nan,nan
jkt_a0.112,1.5,16.5,0.6623676686,0.5358966866,-0.03311542366,-0.6695029614,1.615549417,nan,nan
jkt_a0.112,1.5,17.5,0.8324761299,0.496918677,-0.1178440881,-0.649768355,2.155410555,nan,nan
jkt_a0.112,1.5,18.5,1.008326237,0.38775349,-0.1953223721,-0.6084380405,2.858041398,nan,nan
jkt_a0.112,1.5,19.5,1.152407653,0.2044531483,-0.2578155981,-0.5503695796,3.708541246,nan,nan
jkt_a0.112,1.5,20.5,1.228719868,-0.03281833906,-0.3013433182,-0.483217836,4.658636072,nan,nan
jkt_a0.112,1.5,21.5,1.219127373,-0.2863709782,-0.3261254551,-0.4146256895,5.635774853,nan,nan
jkt_a0.112,1.5,22.5,1.129110671,-0.5171711938,-0.3352504234,-0.3502229043,6.56185483,nan,nan
jkt_a0.112,1.5,23.5,0.981249189,-0.6981323665,-0.3328717532,-0.2930977005,7.372476027,nan,nan
jkt_a0.112,1.5,24.5,0.8036310176,-0.818660532,-0.3229133573,-0.2442769659,8.027287931,nan,nan
jkt_a0.112,1.5,25.5,0.6208574959,-0.8815310377,-0.3084902179,-0.2035048585,8.511914181,nan,nan
jkt_a0.112,1.5,26.5,0.4499701835,-0.8970510004,-0.2918234213,-0.169900222,8.83276514,nan,nan
jkt_a0.112,1.5,27.5,0.3003065284,-0.8779004054,-0.2743809752,-0.1423798369,9.009216443,nan,nan
jkt_a0.112,1.5,28.5,0.1752521058,-0.8359054821,-0.2570737157,-0.1198840193,9.06611579,nan,nan
jkt_a0.112,1.5,29.5,0.07443014325,-0.7806054812,-0.2404303579,-0.1014747988,9.028628865,nan,nan
jkt_a0.112,2,0.5,0.154072146,0.1980274641,0.3216046733,-0.2397687249,0.3912108348,nan,nan
jkt_a0.112,2,1.5,0.1546028928,0.1989715358,0.3221327765,-0.2415597551,0.39163259,nan,nan
jkt_a0.112,2,2.5,0.1556806895,0.200881642,0.3231703604,-0.2451909457,0.3925062052,nan,nan
jkt_a0.112,2,3.5,0.1573333619,0.2038078679,0.3246769945,-0.2507625135,0.3938955429,nan,nan
jkt_a0.112,2,4.5,0.1596499127,0.2078456361,0.3265835708,-0.2584296149,0.3960264988,nan,nan
jkt_a0.112,2,5.5,0.1626733543,0.2130834917,0.32878067,-0.2684078964,0.3989529423,nan,nan
jkt_a0.112,2,6.5,0.1665422499,0.2196862472,0.3311003525,-0.2809802069,0.4030090584,nan,nan
jkt_a0.112,2,7.5,0.1714252208,0.2278583928,0.3332885963,-0.2965031975,0.4085825067,nan,nan
jkt_a0.112,2,8.5,0.1775605847,0.237868536,0.3349643818,-0.3154110272,0.4162273957,nan,nan
jkt_a0.112,2,9.5,0.185308833,0.2500686609,0.3355600851,-0.3382104521,0.4267810478,nan,nan
jkt_a0.112,2,10.5,0.195176415,0.264914418,0.3342370248,-0.3654561098,0.4414414854,nan,nan
jkt_a0.112,2,11.5,0.2079479512,0.2829861789,0.3297715806,-0.3976852413,0.462054,nan,nan
jkt_a0.112,2,12.5,0.2248203429,0.3050073985,0.320415915,-0.4352759442,0.4914694125,nan,nan
jkt_a0.112,2,13.5,0.2476902836,0.3318131704,0.3037628298,-0.4781737077,0.5342434691,nan,nan
jkt_a0.112,2,14.5,0.2796296251,0.3641844383,0.2767031862,-0.5254201128,0.5978574298,nan,nan
jkt_a0.112,2,15.5,0.3256107776,0.4023651391,0.2356707295,-0.5744571531,0.6949185374,nan,nan
jkt_a0.112,2,16.5,0.3942515069,0.4430716139,0.1774897435,-0.6203597448,0.8448365581,nan,nan
jkt_a0.112,2,17.5,0.4940717777,0.4792843354,0.1010908634,-0.6555519967,1.07694339,nan,nan
jkt_a0.112,2,18.5,0.6329897535,0.4919218531,0.009761593611,-0.6709989294,1.427078395,nan,nan
jkt_a0.112,2,19.5,0.8055343681,0.4532600189,-0.08762773,-0.6594978091,1.930183958,nan,nan
jkt_a0.112,2,20.5,0.9842777383,0.3379328871,-0.1785093009,-0.6197217846,2.603865122,nan,nan
jkt_a0.112,2,21.5,1.124436705,0.1423273563,-0.2515181592,-0.5577104162,3.432025413,nan,nan
jkt_a0.112,2,22.5,1.18552398,-0.106401251,-0.3009293783,-0.4840596932,4.361062586,nan,nan
jkt_a0.112,2,23.5,1.152130812,-0.3621883878,-0.327397668,-0.4091796213,5.31134197,nan,nan
jkt_a0.112,2,24.5,1.037488263,-0.5822994249,-0.3355387519,-0.3401841655,6.199663137,nan,nan
jkt_a0.112,2,25.5,0.871539657,-0.7420304017,-0.3310113379,-0.2804430323,6.9610709,nan,nan
jkt_a0.112,2,26.5,0.6860450939,-0.8363648308,-0.3187392944,-0.2306285696,7.55996694,nan,nan
jkt_a0.112,2,27.5,0.5053601645,-0.8736121535,-0.3023349025,-0.1899643335,7.989366935,nan,nan
jkt_a0.112,2,28.5,0.343917223,-0.8677141872,-0.2841841579,-0.1571134593,8.262171725,nan,nan
jkt_a0.112,2,29.5,0.2079010315,-0.8327712395,-0.2657475886,-0.1306662011,8.40101608,nan,nan
jkt_a0.112,2.5,0.5,0.1421456574,0.1647957215,0.2952370707,-0.1760630647,0.4008273772,nan,nan
jkt_a0.112,2.5,1.5,0.1425504782,0.1654661757,0.2958861551,-0.1772703642,0.4009273889,nan,nan
jkt_a0.112,2.5,2.5,0.1433699707,0.1668205431,0.2971826538,-0.1797179417,0.4011409326,nan,nan
jkt_a0.112,2.5,3.5,0.1446197533,0.1688883893,0.2991220907,-0.1834734118,0.4014906535,nan,nan
jkt_a0.112,2.5,4.5,0.1463533592,0.1717307663,0.3016947002,-0.1886424326,0.4021207429,nan,nan
jkt_a0.112,2.5,5.5,0.1485914618,0.1753963109,0.3048811271,-0.1953740413,0.4030038954,nan,nan
jkt_a0.112,2.5,6.5,0.1514121766,0.1799850954,0.3086454952,-0.2038681596,0.4043162993,nan,nan
jkt_a0.112,2.5,7.5,0.154904615,0.1856176134,0.3129245069,-0.2143855153,0.4062285351,nan,nan
jkt_a0.112,2.5,8.5,0.159189651,0.1924507642,0.3176104559,-0.2272600894,0.4089771163,nan,nan
jkt_a0.112,2.5,9.5,0.1644455789,0.2006906319,0.322524837,-0.2429137392,0.4129261144,nan,nan
jkt_a0.112,2.5,10.5,0.1709057965,0.2106024606,0.3273774588,-0.2618714897,0.4185551463,nan,nan
jkt_a0.112,2.5,11.5,0.1789192541,0.2225318416,0.3317034744,-0.2847733709,0.4265969619,nan,nan
jkt_a0.112,2.5,12.5,0.18898624,0.2369279,0.3347677151,-0.3123731183,0.4381216844,nan,nan
jkt_a0.112,2.5,13.5,0.201858777,0.2543702474,0.3354234443,-0.3455029021,0.4547639689,nan,nan
jkt_a0.112,2.5,14.5,0.2187010555,0.2755939576,0.3319156205,-0.3849623825,0.4790999285,nan,nan
jkt_a0.112,2.5,15.5,0.2413190067,0.3015081776,0.321639282,-0.431255957,0.5152894521,nan,nan
jkt_a0.112,2.5,16.5,0.273430198,0.332816588,0.3009293783,-0.4840596932,0.5710889089,nan,nan
jkt_a0.112,2.5,17.5,0.3193711414,0.3699961012,0.2651137911,-0.5412941144,0.6575974158,nan,nan
jkt_a0.112,2.5,18.5,0.3878046598,0.4105996448,0.2093197327,-0.5978542659,0.7949879522,nan,nan
jkt_a0.112,2.5,19.5,0.4898099135,0.4458839062,0.1306713857,-0.6446538391,1.014035769,nan,nan
jkt_a0.112,2.5,20.5,0.6338041071,0.4550443682,0.03182275162,-0.6696286274,1.354589346,nan,nan
jkt_a0.112,2.5,21.5,0.8121776735,0.4056495067,-0.07644017107,-0.6623187528,1.854143941,nan,nan
jkt_a0.112,2.5,22.5,0.9898868005,0.2704939571,-0.1774897435,-0.6203597448,2.529232228,nan,nan
jkt_a0.112,2.5,23.5,1.114112366,0.05251257206,-0.2564416457,-0.5520080418,3.35786025,nan,nan
jkt_a0.112,2.5,24.5,1.144321835,-0.209015226,-0.3068204938,-0.4714701562,4.276427929,nan,nan
jkt_a0.112,2.5,25.5,1.074432752,-0.4597698094,-0.3308502191,-0.3916567668,5.195960487,nan,nan
jkt_a0.112,2.5,26.5,0.9294403657,-0.6577091236,-0.33522451,-0.3203366894,6.03020723,nan,nan
jkt_a0.112,2.5,27.5,0.7466132284,-0.7855322332,-0.3270403751,-0.2603897992,6.720667962,nan,nan
jkt_a0.112,2.5,28.5,0.5584997097,-0.8469022391,-0.311868288,-0.2116926625,7.243785972,nan,nan
jkt_a0.112,2.5,29.5,0.3859855694,-0.8559251961,-0.2934499253,-0.1727986002,7.601758763,nan,nan
jkt_a0.112,3,0.5,0.1320480705,0.1403289389,0.2674551323,-0.1329000664,0.4162681667,nan,nan
jkt_a0.112,3,1.5,0.1323720599,0.1408274016,0.2680785643,-0.1337254214,0.4162150408,nan,nan
jkt_a0.112,3,2.5,0.1330264794,0.1418329252,0.2693293237,-0.1353974057,0.4161143843,nan,nan
jkt_a0.112,3,3.5,0.1340212146,0.1433641419,0.2712148753,-0.1379596614,0.4159715565,nan,nan
jkt_a0.112,3,4.5,0.1353918282,0.1454631334,0.2737455232,-0.1414804682,0.4158934553,nan,nan
jkt_a0.112,3,5.5,0.1371494336,0.1481569553,0.2769330998,-0.1460563583,0.4158194276,nan,nan
jkt_a0.112,3,6.5,0.139343501,0.1515110007,0.2807887632,-0.1518173455,0.4158587394,nan,nan
jkt_a0.112,3,7.5,0.1420277401,0.1556006503,0.285319383,-0.1589341488,0.4160926277,nan,nan
jkt_a0.112,3,8.5,0.1452726999,0.1605230752,0.2905216639,-0.1676279111,0.4166311201,nan,nan
jkt_a0.112,3,9.5,0.1491806845,0.1664053154,0.2963726232,-0.1781830229,0.4176545618,nan,nan
jkt_a0.112,3,10.5,0.1538778736,0.1734077901,0.3028141655,-0.1909636879,0.4193755721,nan,nan
jkt_a0.112,3,11.5,0.159547621,0.1817389754,0.309728082,-0.2064346676,0.4221282396,nan,nan
jkt_a0.112,3,12.5,0.1664383008,0.1916678943,0.3168955198,-0.2251858253,0.426372537,nan,nan
jkt_a0.112,3,13.5,0.1749040322,0.2035442337,0.3239314243,-0.2479578418,0.4327844436,nan,nan
jkt_a0.112,3,14.5,0.1854634839,0.2178244873,0.3301793347,-0.2756609785,0.4423835222,nan,nan
jkt_a0.112,3,15.5,0.1988691313,0.2351017437,0.3345457874,-0.3093663412,0.4566897089,nan,nan
jkt_a0.112,3,16.5,0.2166771644,0.256134967,0.3352504234,-0.3502229043,0.4788539788,nan,nan
jkt_a0.112,3,17.5,0.2404562825,0.2818936815,0.3294819644,-0.3992036004,0.5124003751,nan,nan
jkt_a0.112,3,18.5,0.273764004,0.3131349418,0.3130210083,-0.4565059424,0.5646593095,nan,nan
jkt_a0.112,3,19.5,0.3223392765,0.3500946098,0.280100448,-0.520371117,0.6484575489,nan,nan
jkt_a0.112,3,20.5,0.3954951751,0.3900658255,0.2242052113,-0.5852493905,0.7855898738,nan,nan
jkt_a0.112,3,21.5,0.5057248318,0.4220772008,0.1409261204,-0.6401149966,1.010007716,nan,nan
jkt_a0.112,3,22.5,0.660844362,0.4202728126,0.03311542366,-0.6695029614,1.365017587,nan,nan
jkt_a0.112,3,23.5,0.8462700159,0.3471715179,-0.08515426124,-0.6601568096,1.888467218,nan,nan
jkt_a0.112,3,24.5,1.014542771,0.1788633665,-0.1924276484,-0.610487076,2.590260924,nan,nan
jkt_a0.112,3,25.5,1.106588924,-0.06699166699,-0.2713723531,-0.5329649635,3.435967186,nan,nan
jkt_a0.112,3,26.5,1.089779848,-0.3354674422,-0.3169403003,-0.4458264731,4.345269551,nan,nan
jkt_a0.112,3,27.5,0.9750011654,-0.567509222,-0.3344191994,-0.3633434649,5.219067433,nan,nan
jkt_a0.112,3,28.5,0.8010691136,-0.7295794839,-0.332799388,-0.2925343503,5.979663383,nan,nan
jkt_a0.112,3,29.5,0.6084540466,-0.8170562072,-0.3201223814,-0.2349265374,6.58213331,nan,nan
jkt_a0.112,3.5,0.5,0.1233339589,0.1216070955,0.2419473156,-0.1030429732,0.4337931032,nan,nan
jkt_a0.112,3.5,1.5,0.1236014526,0.1219908649,0.2425021742,-0.1036216916,0.4336644552,nan,nan
jkt_a0.112,3.5,2.5,0.1241409519,0.1227640236,0.2436170608,-0.1047929408,0.43340851,nan,nan
jkt_a0.112,3.5,3.5,0.1249592253,0.1239389413,0.2453022791,-0.106585029,0.433022794,nan,nan
jkt_a0.112,3.5,4.5,0.1260813668,0.1255465764,0.2475731692,-0.10904218,0.4325949492,nan,nan
jkt_a0.112,3.5,5.5,0.1275141842,0.1276015624,0.250449887,-0.1122268011,0.4320502599,nan,nan
jkt_a0.112,3.5,6.5,0.1292913344,0.1301492989,0.2539569514,-0.1162227845,0.4314651648,nan,nan
jkt_a0.112,3.5,7.5,0.1314483355,0.1332395686,0.2581223746,-0.1211401083,0.4308800576,nan,nan
jkt_a0.112,3.5,8.5,0.1340306219,0.1369359602,0.2629760662,-0.1271211263,0.4303481423,nan,nan
jkt_a0.112,3.5,9.5,0.1371033977,0.141321205,0.2685469962,-0.1343490717,0.4299683352,nan,nan
jkt_a0.112,3.5,10.5,0.1407433523,0.1464976635,0.2748582621,-0.1430594937,0.4298399273,nan,nan
jkt_a0.112,3.5,11.5,0.1450596981,0.1525974279,0.2819186195,-0.1535555469,0.4301319944,nan,nan
jkt_a0.112,3.5,12.5,0.1501937623,0.1597882377,0.2897080516,-0.166228257,0.4310624893,nan,nan
jkt_a0.112,3.5,13.5,0.1563384446,0.1682857552,0.2981532712,-0.1815829149,0.4329432037,nan,nan
jkt_a0.112,3.5,14.5,0.1637631873,0.1783696163,0.3070861994,-0.2002722571,0.4362302226,nan,nan
jkt_a0.112,3.5,15.5,0.1728364064,0.1904003992,0.3161737398,-0.2231351264,0.4415524231,nan,nan
jkt_a0.112,3.5,16.5,0.1843253091,0.2048687601,0.3247996968,-0.2512336619,0.4504216175,nan,nan
jkt_a0.112,3.5,17.5,0.1988274122,0.2224650574,0.3318692238,-0.2858677688,0.4640059022,nan,nan
jkt_a0.112,3.5,18.5,0.2178723035,0.2438518181,0.3354962332,-0.328512304,0.4850008731,nan,nan
jkt_a0.112,3.5,19.5,0.2437470049,0.2700373294,0.3325420196,-0.3805520816,0.5181309586,nan,nan
jkt_a0.112,3.5,20.5,0.2803183309,0.3019059423,0.3180559387,-0.4425656103,0.5714205654,nan,nan
jkt_a0.112,3.5,21.5,0.3343839337,0.3393128312,0.2849650255,-0.5127779032,0.659445851,nan,nan
jkt_a0.112,3.5,22.5,0.4170201747,0.3779906466,0.2250480305,-0.5844899832,0.807552428,nan,nan
jkt_a0.112,3.5,23.5,0.5419431529,0.4025062565,0.1329694807,-0.6436721696,1.054905582,nan,nan
jkt_a0.112,3.5,24.5,0.7128559119,0.3790034547,0.01366345558,-0.6708626561,1.447677366,nan,nan
jkt_a0.112,3.5,25.5,0.9009181098,0.2670455865,-0.113104215,-0.6515055529,2.019354256,nan,nan
jkt_a0.112,3.5,26.5,1.043967293,0.05528331196,-0.2207973546,-0.5882680527,2.768222214,nan,nan
jkt_a0.112,3.5,27.5,1.083047546,-0.2152457126,-0.292469176,-0.5000980398,3.632869325,nan,nan
jkt_a0.112,3.5,28.5,1.006635345,-0.4741661324,-0.3275706895,-0.4084057879,4.517176133,nan,nan
jkt_a0.112,3.5,29.5,0.8481189579,-0.6697252752,-0.3354507292,-0.3266067402,5.327747333,nan,nan
jkt_a0.112,4,0.5,0.1157196865,0.1068532336,0.2195977606,-0.08182972857,0.451729501,nan,nan
jkt_a0.112,4,1.5,0.1159454304,0.1071569225,0.2200786687,-0.08224672481,0.4515640459,nan,nan
jkt_a0.112,4,2.5,0.1164002932,0.1077679755,0.2210454553,-0.08308988262,0.4512320438,nan,nan
jkt_a0.112,4,3.5,0.1170891509,0.1086949344,0.2225081184,-0.08437795908,0.4507272144,nan,nan
jkt_a0.112,4,4.5,0.1180303733,0.1099619691,0.2244817918,-0.08614018829,0.4501264536,nan,nan
jkt_a0.112,4,5.5,0.119228778,0.1115760224,0.2269868847,-0.08841769438,0.4493491781,nan,nan
jkt_a0.112,4,6.5,0.1207084052,0.1135702486,0.2300492199,-0.09126554431,0.4484539458,nan,nan
jkt_a0.112,4,7.5,0.1224943048,0.1159790544,0.2337001129,-0.09475560851,0.4474609406,nan,nan
jkt_a0.112,4,8.5,0.1246178391,0.1188460208,0.2379762868,-0.09898047189,0.4463954661,nan,nan
jkt_a0.112,4,9.5,0.1271237609,0.1222276452,0.2429194495,-0.1040587395,0.4453164772,nan,nan
jkt_a0.112,4,10.5,0.13006275,0.1261925106,0.2485752295,-0.1101422207,0.4442700901,nan,nan
jkt_a0.112,4,11.5,0.133506009,0.1308285221,0.2549909522,-0.1174256682,0.4433488537,nan,nan
jkt_a0.112,4,12.5,0.1375424497,0.1362454596,0.2622113594,-0.1261600039,0.4426626256,nan,nan
jkt_a0.112,4,13.5,0.1422893829,0.1425825158,0.2702707172,-0.1366702948,0.4423660834,nan,nan
jkt_a0.112,4,14.5,0.1479046643,0.1500176805,0.2791785978,-0.1493801083,0.4426816337,nan,nan
jkt_a0.112,4,15.5,0.1545939889,0.1587748339,0.2888945643,-0.1648441657,0.4438861162,nan,nan
jkt_a0.112,4,16.5,0.1628022686,0.1691658134,0.2992833668,-0.1837910029,0.4468731269,nan,nan
jkt_a0.112,4,17.5,0.1727455197,0.1816460156,0.3100359353,-0.2071755361,0.4519166366,nan,nan
jkt_a0.112,4,18.5,0.1852246662,0.1966098301,0.32053086,-0.2362351388,0.460201509,nan,nan
jkt_a0.112,4,19.5,0.2012518238,0.2147911959,0.3295949258,-0.272525049,0.4736810672,nan,nan
jkt_a0.112,4,20.5,0.2224575172,0.2370426653,0.3351029923,-0.3178638393,0.495363338,nan,nan
jkt_a0.112,4,21.5,0.2516207942,0.2643567137,0.3333607721,-0.374017002,0.5306290039,nan,nan
jkt_a0.112,4,22.5,0.2935793706,0.2974885307,0.3183283611,-0.4417523642,0.5892113941,nan,nan
jkt_a0.112,4,23.5,0.3568111255,0.3354581144,0.281205322,-0.5186854802,0.6889936947,nan,nan
jkt_a0.112,4,24.5,0.4548331248,0.3707623017,0.2120227307,-0.5956741066,0.8613156077,nan,nan
jkt_a0.112,4,25.5,0.6010380873,0.3794544771,0.1059233865,-0.6539849424,1.151091333,nan,nan
jkt_a0.112,4,26.5,0.7875798654,0.3187156147,-0.02664520509,-0.6700814162,1.605139149,nan,nan
jkt_a0.112,4,27.5,0.9647109613,0.1517994208,-0.1574990637,-0.6318837924,2.248876089,nan,nan
jkt_a0.112,4,28.5,1.056151508,-0.1048943565,-0.2571304375,-0.5511892962,3.045094806,nan,nan
jkt_a0.112,4,29.5,1.023950521,-0.3811124008,-0.3139660072,-0.4540309548,3.917452687,nan,nan
jkt_a0.118,-6,0.5,-0.6175183971,-0.3946753135,-0.15695205,-0.03896704063,20.53723793,nan,nan
jkt_a0.118,-6,1.5,-0.6160780627,-0.3928853271,-0.1566852392,-0.03882600732,20.48955156,nan,nan
jkt_a0.118,-6,2.5,-0.613209309,-0.3893358454,-0.1561541305,-0.03854618167,20.39465314,nan,nan
jkt_a0.118,-6,3.5,-0.6089402589,-0.3840933637,-0.1553636967,-0.03813196867,20.25388654,nan,nan
jkt_a0.118,-6,4.5,-0.6033137883,-0.3772613077,-0.1543212666,-0.03758978776,20.06947474,nan,nan
jkt_a0.118,-6,5.5,-0.5963772117,-0.3689467506,-0.1530363732,-0.0369278595,19.84310383,nan,nan
jkt_a0.118,-6,6.5,-0.5881967515,-0.3592977329,-0.1515205585,-0.03615594016,19.5778263,nan,nan
jkt_a0.118,-6,7.5,-0.578848041,-0.3484735652,-0.1497871425,-0.03528501872,19.27683069,nan,nan
jkt_a0.118,-6,8.5,-0.5684187431,-0.3366472686,-0.1478509627,-0.03432699181,18.94376786,nan,nan
jkt_a0.118,-6,9.5,-0.5569984096,-0.3239918352,-0.1457280922,-0.03329433221,18.58198336,nan,nan
jkt_a0.118,-6,10.5,-0.5446919485,-0.3106891973,-0.1434355466,-0.0321997656,18.19558193,nan,nan
jkt_a0.118,-6,11.5,-0.5316031553,-0.296912084,-0.1409909875,-0.03105596824,17.78822219,nan,nan
jkt_a0.118,-6,12.5,-0.5178424293,-0.2828285454,-0.1384124304,-0.02987529594,17.3637652,nan,nan
jkt_a0.118,-6,13.5,-0.5035219056,-0.268596025,-0.1357179674,-0.02866955169,16.92598563,nan,nan
jkt_a0.118,-6,14.5,-0.4887518552,-0.2543572456,-0.1329255085,-0.02744979638,16.4783815,nan,nan
jkt_a0.118,-6,15.5,-0.4736401674,-0.2402393216,-0.1300525494,-0.02622620432,16.02421781,nan,nan
jkt_a0.118,-6,16.5,-0.4583081668,-0.2263795102,-0.1271159683,-0.02500796271,15.56816728,nan,nan
jkt_a0.118,-6,17.5,-0.4428201718,-0.2128179631,-0.1241318549,-0.02380321238,15.10964014,nan,nan
jkt_a0.118,-6,18.5,-0.4272924762,-0.1996704595,-0.1211153732,-0.02261902535,14.65342791,nan,nan
jkt_a0.118,-6,19.5,-0.4118070027,-0.1869939055,-0.1180806566,-0.02146141432,14.20139747,nan,nan
jkt_a0.118,-6,20.5,-0.3964422008,-0.1748368131,-0.1150407353,-0.02033536796,13.75554905,nan,nan
jkt_a0.118,-6,21.5,-0.3812672896,-0.1632338761,-0.1120074923,-0.01924490672,13.31754786,nan,nan
jkt_a0.118,-6,22.5,-0.3663403869,-0.1522059561,-0.108991647,-0.01819315321,12.88859474,nan,nan
jkt_a0.118,-6,23.5,-0.3517171453,-0.1417672529,-0.1060027603,-0.01718241252,12.47009564,nan,nan
jkt_a0.118,-6,24.5,-0.3374401689,-0.1319197957,-0.1030492603,-0.0162142578,12.06286255,nan,nan
jkt_a0.118,-6,25.5,-0.3235455071,-0.1226588885,-0.1001384838,-0.01528961763,11.66759578,nan,nan
jkt_a0.118,-6,26.5,-0.3100619665,-0.1139736567,-0.09727672897,-0.01440886219,11.28481485,nan,nan
jkt_a0.118,-6,27.5,-0.297011734,-0.1058483506,-0.09446931864,-0.01357188589,10.91488448,nan,nan
jkt_a0.118,-6,28.5,-0.2844107125,-0.09826330661,-0.0917206687,-0.01277818499,10.55801313,nan,nan
jkt_a0.118,-6,29.5,-0.2722691488,-0.09119595031,-0.08903436056,-0.01202692892,10.21427124,nan,nan
jkt_a0.118,-5.5,0.5,-0.6960274335,-0.5340975932,-0.1693481936,-0.04586591423,25.00494138,nan,nan
jkt_a0.118,-5.5,1.5,-0.6944029735,-0.5314996436,-0.1690414722,-0.04568683649,24.93900333,nan,nan
jkt_a0.118,-5.5,2.5,-0.6911648336,-0.5263508787,-0.1684310498,-0.04533173763,24.80786376,nan,nan
jkt_a0.118,-5.5,3.5,-0.6863395691,-0.5187535384,-0.1675229031,-0.04480661867,24.61353293,nan,nan
jkt_a0.118,-5.5,4.5,-0.6799677679,-0.5088667892,-0.1663258391,-0.0441202074,24.35934483,nan,nan
jkt_a0.118,-5.5,5.5,-0.672095563,-0.4968546982,-0.1648513103,-0.04328364883,24.04787519,nan,nan
jkt_a0.118,-5.5,6.5,-0.6627885254,-0.4829438342,-0.1631131772,-0.04231012195,23.68369044,nan,nan
jkt_a0.118,-5.5,7.5,-0.6521238161,-0.4673768783,-0.1611274253,-0.04121440479,23.27154464,nan,nan
jkt_a0.118,-5.5,8.5,-0.6401934652,-0.4504159666,-0.1589118444,-0.04001241137,22.81682284,nan,nan
jkt_a0.118,-5.5,9.5,-0.6270933357,-0.4323224428,-0.1564856818,-0.03872072396,22.32452143,nan,nan
jkt_a0.118,-5.5,10.5,-0.6129391581,-0.4133685295,-0.1538692792,-0.03735614231,21.80059822,nan,nan
jkt_a0.118,-5.5,11.5,-0.5978477412,-0.3938112985,-0.1510837056,-0.03593526809,21.25039936,nan,nan
jkt_a0.118,-5.5,12.5,-0.5819459471,-0.3738984047,-0.148150396,-0.03447413909,20.67947341,nan,nan
jkt_a0.118,-5.5,13.5,-0.5653649083,-0.3538595164,-0.1450908076,-0.0329879228,20.0931874,nan,nan
jkt_a0.118,-5.5,14.5,-0.5482355636,-0.3339004606,-0.1419261018,-0.03149067464,19.49647366,nan,nan
jkt_a0.118,-5.5,15.5,-0.5306876493,-0.3142019987,-0.1386768594,-0.02999516177,18.89387686,nan,nan
jkt_a0.118,-5.5,16.5,-0.5128676996,-0.2949579298,-0.1353628343,-0.02851274998,18.29181163,nan,nan
jkt_a0.118,-5.5,17.5,-0.4948567147,-0.2762177743,-0.1320027497,-0.02705334827,17.68939435,nan,nan
jkt_a0.118,-5.5,18.5,-0.476796181,-0.2581414365,-0.128614137,-0.02562540373,17.09310369,nan,nan
jkt_a0.118,-5.5,19.5,-0.4587875496,-0.2408014846,-0.1252132173,-0.02423593845,16.50533744,nan,nan
jkt_a0.118,-5.5,20.5,-0.4409278258,-0.2242578002,-0.1218148241,-0.02289061944,15.92863289,nan,nan
jkt_a0.118,-5.5,21.5,-0.4233026403,-0.2085501492,-0.1184323625,-0.02159385328,15.36505078,nan,nan
jkt_a0.118,-5.5,22.5,-0.4059839197,-0.1936986044,-0.1150778013,-0.02034889716,14.81602248,nan,nan
jkt_a0.118,-5.5,23.5,-0.3890397715,-0.1797135144,-0.1117616942,-0.01915797965,14.28317874,nan,nan
jkt_a0.118,-5.5,24.5,-0.3725222618,-0.1665886362,-0.1084932234,-0.01802242514,13.76738513,nan,nan
jkt_a0.118,-5.5,25.5,-0.3564749389,-0.1543086798,-0.1052802624,-0.01694277712,13.26934003,nan,nan
jkt_a0.118,-5.5,26.5,-0.3409321048,-0.1428502973,-0.1021294517,-0.01591891687,12.7894978,nan,nan
jkt_a0.118,-5.5,27.5,-0.325919626,-0.1321840267,-0.09904628514,-0.01495017475,12.32810788,nan,nan
jkt_a0.118,-5.5,28.5,-0.3114554341,-0.1222757209,-0.09603520147,-0.01403543239,11.88521992,nan,nan
jkt_a0.118,-5.5,29.5,-0.2975503652,-0.1130879854,-0.09309967909,-0.01317321492,11.46071162,nan,nan
jkt_a0.118,-5,0.5,-0.7723416871,-0.7433068842,-0.1836433701,-0.05470991216,31.29295904,nan,nan
jkt_a0.118,-5,1.5,-0.7706728403,-0.7394386234,-0.1832886967,-0.05447832498,31.19868492,nan,nan
jkt_a0.118,-5,2.5,-0.767338045,-0.7317763404,-0.1825829739,-0.05401941255,31.01132185,nan,nan
jkt_a0.118,-5,3.5,-0.7623485559,-0.7204803462,-0.1815333754,-0.05334153111,30.73399223,nan,nan
jkt_a0.118,-5,4.5,-0.7557216847,-0.7058004465,-0.180150476,-0.05245680679,30.37187554,nan,nan
jkt_a0.118,-5,5.5,-0.7474819432,-0.6879932075,-0.1784480349,-0.05138067573,29.92905801,nan,nan
jkt_a0.118,-5,6.5,-0.7376673457,-0.6674126338,-0.1764427118,-0.05013131752,29.41261572,nan,nan
jkt_a0.118,-5,7.5,-0.7263302289,-0.6444364257,-0.1741537275,-0.04872901637,28.8298929,nan,nan
jkt_a0.118,-5,8.5,-0.713541486,-0.6194706612,-0.1716024747,-0.04719548669,28.18911867,nan,nan
jkt_a0.118,-5,9.5,-0.6993802692,-0.5929191772,-0.1688120931,-0.04555319889,27.49800319,nan,nan
jkt_a0.118,-5,10.5,-0.68395336,-0.5651990007,-0.165807021,-0.04382473808,26.76549351,nan,nan
jkt_a0.118,-5,11.5,-0.6673749984,-0.5367019664,-0.1626125384,-0.04203222265,25.99965291,nan,nan
jkt_a0.118,-5,12.5,-0.649777305,-0.5078020361,-0.1592543159,-0.04019680294,25.20870746,nan,nan
jkt_a0.118,-5,13.5,-0.631303577,-0.4788425583,-0.1557579838,-0.03833825302,24.40051868,nan,nan
jkt_a0.118,-5,14.5,-0.6121026635,-0.4501277057,-0.1521487344,-0.03647466102,23.58223663,nan,nan
jkt_a0.118,-5,15.5,-0.5923269469,-0.4219207607,-0.1484509668,-0.03462221733,22.76035124,nan,nan
jkt_a0.118,-5,16.5,-0.5721503754,-0.3945018133,-0.1446879828,-0.0327950946,21.94388309,nan,nan
jkt_a0.118,-5,17.5,-0.5516798918,-0.3679315813,-0.140881738,-0.03100540927,21.1314509,nan,nan
jkt_a0.118,-5,18.5,-0.5310871436,-0.3424356978,-0.1370526498,-0.02926325246,20.33200121,nan,nan
jkt_a0.118,-5,19.5,-0.5105016891,-0.3181072579,-0.1332194615,-0.02757677622,19.54863241,nan,nan
jkt_a0.118,-5,20.5,-0.4900477054,-0.2950198097,-0.1293991597,-0.02595232165,18.78457483,nan,nan
jkt_a0.118,-5,21.5,-0.4698357294,-0.2732169781,-0.1256069393,-0.02439457581,18.04236182,nan,nan
jkt_a0.118,-5,22.5,-0.4499595334,-0.2527137509,-0.1218562101,-0.02290674587,17.32365026,nan,nan
jkt_a0.118,-5,23.5,-0.4305071609,-0.2335107456,-0.1181586394,-0.02149074086,16.63027307,nan,nan
jkt_a0.118,-5,24.5,-0.411546747,-0.2155855477,-0.1145242224,-0.02014735288,15.96305497,nan,nan
jkt_a0.118,-5,25.5,-0.3931351024,-0.1989034519,-0.1109613741,-0.01887643188,15.32257324,nan,nan
jkt_a0.118,-5,26.5,-0.3753169136,-0.1834191942,-0.1074770374,-0.01767704957,14.70907375,nan,nan
jkt_a0.118,-5,27.5,-0.3581257735,-0.1690798973,-0.1040768002,-0.01654764953,14.12253147,nan,nan
jkt_a0.118,-5,28.5,-0.3415848986,-0.1558272226,-0.1007650183,-0.015486182,13.56266675,nan,nan
jkt_a0.118,-5,29.5,-0.325708257,-0.1435994593,-0.09754493894,-0.01449022268,13.0289884,nan,nan
jkt_a0.118,-4.5,0.5,-0.8155782943,-1.061242829,-0.2002145394,-0.06627197666,40.27633602,nan,nan
jkt_a0.118,-4.5,1.5,-0.8143342824,-1.055383158,-0.1998026125,-0.06596621125,40.13708095,nan,nan
jkt_a0.118,-4.5,2.5,-0.8118225039,-1.043780719,-0.198983058,-0.06536076822,39.86054143,nan,nan
jkt_a0.118,-4.5,3.5,-0.8080004047,-1.026687304,-0.1977643951,-0.06446756639,39.45174047,nan,nan
jkt_a0.118,-4.5,4.5,-0.8028031086,-1.00449594,-0.1961592038,-0.06330385975,38.91899082,nan,nan
jkt_a0.118,-4.5,5.5,-0.7961757161,-0.977609477,-0.1941838869,-0.06189153697,38.26901134,nan,nan
jkt_a0.118,-4.5,6.5,-0.7880522295,-0.9465840984,-0.1918583529,-0.06025626273,37.5131327,nan,nan
jkt_a0.118,-4.5,7.5,-0.7783843957,-0.9120122203,-0.1892056267,-0.05842651621,36.66308535,nan,nan
jkt_a0.118,-4.5,8.5,-0.767147467,-0.8745293004,-0.186251393,-0.05643258487,35.7318726,nan,nan
jkt_a0.118,-4.5,9.5,-0.7543356233,-0.8347668463,-0.1830234857,-0.05430556998,34.73176512,nan,nan
jkt_a0.118,-4.5,10.5,-0.7399858916,-0.7933732221,-0.1795513389,-0.05207645414,33.6766416,nan,nan
jkt_a0.118,-4.5,11.5,-0.7241601377,-0.7509557344,-0.1758654167,-0.04977527144,32.5790329,nan,nan
jkt_a0.118,-4.5,12.5,-0.7069570074,-0.7080899135,-0.1719966445,-0.04743040925,31.45149984,nan,nan
jkt_a0.118,-4.5,13.5,-0.6885046368,-0.6652999548,-0.167975859,-0.04506805848,30.3058844,nan,nan
jkt_a0.118,-4.5,14.5,-0.6689533677,-0.6230457017,-0.1638332994,-0.04271181754,29.15282136,nan,nan
jkt_a0.118,-4.5,15.5,-0.6484714615,-0.5817200107,-0.1595981519,-0.04038244477,28.00179591,nan,nan
jkt_a0.118,-4.5,16.5,-0.6272560892,-0.5417374927,-0.1552981621,-0.03809774661,26.8657693,nan,nan
jkt_a0.118,-4.5,17.5,-0.605459725,-0.5031733759,-0.1509593218,-0.03587258297,25.74249362,nan,nan
jkt_a0.118,-4.5,18.5,-0.5832878997,-0.4663536131,-0.1466056315,-0.03371896823,24.64454396,nan,nan
jkt_a0.118,-4.5,19.5,-0.560914762,-0.4313993904,-0.1422589405,-0.0316462456,23.57590559,nan,nan
jkt_a0.118,-4.5,20.5,-0.5385087112,-0.3984011291,-0.1379388558,-0.02966131291,22.54065721,nan,nan
jkt_a0.118,-4.5,21.5,-0.5162228458,-0.3674037396,-0.1336627166,-0.02776888049,21.54183301,nan,nan
jkt_a0.118,-4.5,22.5,-0.4941902725,-0.338409528,-0.1294456225,-0.02597174401,20.58121705,nan,nan
jkt_a0.118,-4.5,23.5,-0.4725355764,-0.3113991758,-0.1253005066,-0.02427105887,19.6607155,nan,nan
jkt_a0.118,-4.5,24.5,-0.4513583473,-0.2863207077,-0.1212382442,-0.0226666054,18.78088101,nan,nan
jkt_a0.118,-4.5,25.5,-0.430742529,-0.2631051874,-0.1172677868,-0.02115703756,17.9419053,nan,nan
jkt_a0.118,-4.5,26.5,-0.4107554615,-0.2416697129,-0.1133963139,-0.01974010997,17.14353195,nan,nan
jkt_a0.118,-4.5,27.5,-0.3914491177,-0.2219219588,-0.1096293935,-0.01841288078,16.3851511,nan,nan
jkt_a0.118,-4.5,28.5,-0.372861105,-0.2037634667,-0.105971147,-0.01717188909,15.66583502,nan,nan
jkt_a0.118,-4.5,29.5,-0.3550161906,-0.1870927321,-0.1024244123,-0.01601330751,14.98440451,nan,nan
jkt_a0.118,-4,0.5,-0.7420922995,-1.533248457,-0.2194777917,-0.08172595214,52.90011418,nan,nan
jkt_a0.118,-4,1.5,-0.7425872547,-1.524459547,-0.2189989473,-0.081312724,52.68996995,nan,nan
jkt_a0.118,-4,2.5,-0.7434781643,-1.507055923,-0.2180461934,-0.08049519123,52.27301368,nan,nan
jkt_a0.118,-4,3.5,-0.7445685699,-1.481413652,-0.2166293377,-0.07929079782,51.65748826,nan,nan
jkt_a0.118,-4,4.5,-0.7455580361,-1.448122469,-0.2147629286,-0.07772473165,50.85696622,nan,nan
jkt_a0.118,-4,5.5,-0.7461611972,-1.407788179,-0.2124660469,-0.07582883059,49.88274066,nan,nan
jkt_a0.118,-4,6.5,-0.7460074949,-1.361251567,-0.2097620064,-0.07364024839,48.75328731,nan,nan
jkt_a0.118,-4,7.5,-0.7447480486,-1.309412403,-0.2066779601,-0.0711999703,47.48771137,nan,nan
jkt_a0.118,-4,8.5,-0.7420641466,-1.253240084,-0.2032444072,-0.06855127359,46.10697938,nan,nan
jkt_a0.118,-4,9.5,-0.7376818949,-1.193702901,-0.1994946093,-0.06573822362,44.63097143,nan,nan
jkt_a0.118,-4,10.5,-0.7314028614,-1.131796924,-0.195463932,-0.06280428513,43.08165414,nan,nan
jkt_a0.118,-4,11.5,-0.7230986378,-1.068458071,-0.1911891358,-0.05979111137,41.47885251,nan,nan
jkt_a0.118,-4,12.5,-0.7127240645,-1.004573174,-0.1867076461,-0.0567375537,39.84209231,nan,nan
jkt_a0.118,-4,13.5,-0.7003107157,-0.94094878,-0.1820568333,-0.05367891327,38.18950936,nan,nan
jkt_a0.118,-4,14.5,-0.685957088,-0.8782900259,-0.1772733365,-0.05064643719,36.53714934,nan,nan
jkt_a0.118,-4,15.5,-0.6698189976,-0.8171953642,-0.1723924545,-0.04766704532,34.89903686,nan,nan
jkt_a0.118,-4,16.5,-0.6520937898,-0.7582918927,-0.1674476268,-0.04476326135,33.29397779,nan,nan
jkt_a0.118,-4,17.5,-0.6330234668,-0.7016824218,-0.1624700167,-0.04195331449,31.718224,nan,nan
jkt_a0.118,-4,18.5,-0.6128454786,-0.6478499263,-0.1574882023,-0.03925137434,30.18953579,nan,nan
jkt_a0.118,-4,19.5,-0.591813154,-0.5969605357,-0.1525279741,-0.03666788144,28.71289388,nan,nan
jkt_a0.118,-4,20.5,-0.5701757522,-0.5491308246,-0.1476122311,-0.03420993913,27.2932706,nan,nan
jkt_a0.118,-4,21.5,-0.548168263,-0.5044066998,-0.1427609658,-0.03188173634,25.93405487,nan,nan
jkt_a0.118,-4,22.5,-0.5260033073,-0.4627691435,-0.1379913236,-0.02968497683,24.63683215,nan,nan
jkt_a0.118,-4,23.5,-0.503880665,-0.4241655929,-0.1333177208,-0.02761929587,23.40320851,nan,nan
jkt_a0.118,-4,24.5,-0.4819682411,-0.3884958611,-0.1287520086,-0.02568265062,22.23296238,nan,nan
jkt_a0.118,-4,25.5,-0.4604109831,-0.3556355312,-0.1243036679,-0.02387167552,21.12536287,nan,nan
jkt_a0.118,-4,26.5,-0.4393295198,-0.3254411201,-0.1199800225,-0.02218199778,20.0790887,nan,nan
jkt_a0.118,-4,27.5,-0.4188214661,-0.2977572149,-0.1157864623,-0.02060851123,19.09237678,nan,nan
jkt_a0.118,-4,28.5,-0.3989627829,-0.2724216066,-0.1117266653,-0.01914560912,18.163089,nan,nan
jkt_a0.118,-4,29.5,-0.379809868,-0.2492699572,-0.1078028149,-0.0177873782,17.28881329,nan,nan
jkt_a0.118,-3.5,0.5,-0.362848926,-2.149887245,-0.2418088706,-0.1028990055,68.83424177,nan,nan
jkt_a0.118,-3.5,1.5,-0.3682124212,-2.137801112,-0.2412561695,-0.102325961,68.52223194,nan,nan
jkt_a0.118,-3.5,2.5,-0.3786572494,-2.113834004,-0.2401559521,-0.1011932975,67.90367226,nan,nan
jkt_a0.118,-3.5,3.5,-0.3936094873,-2.078437883,-0.238518605,-0.09952722105,66.99172646,nan,nan
jkt_a0.118,-3.5,4.5,-0.4121886335,-2.032333799,-0.2363597297,-0.09736547747,65.80789799,nan,nan
jkt_a0.118,-3.5,5.5,-0.4335375535,-1.976275082,-0.2337001129,-0.09475560851,64.37076321,nan,nan
jkt_a0.118,-3.5,6.5,-0.4565242845,-1.911331443,-0.230565608,-0.09175283175,62.70964423,nan,nan
jkt_a0.118,-3.5,7.5,-0.4800388525,-1.838678571,-0.2269868847,-0.08841769438,60.85492907,nan,nan
jkt_a0.118,-3.5,8.5,-0.5030067118,-1.759617371,-0.2229990165,-0.08481365768,58.83970828,nan,nan
jkt_a0.118,-3.5,9.5,-0.5244545336,-1.675479355,-0.2186408946,-0.08100476234,56.69546418,nan,nan
jkt_a0.118,-3.5,10.5,-0.5435519127,-1.587669016,-0.2139544787,-0.07705350467,54.45632854,nan,nan
jkt_a0.118,-3.5,11.5,-0.5596449707,-1.497535655,-0.208983919,-0.07301902379,52.15305469,nan,nan
jkt_a0.118,-3.5,12.5,-0.5722708312,-1.406383203,-0.2037745958,-0.06895566465,49.81544836,nan,nan
jkt_a0.118,-3.5,13.5,-0.5811566191,-1.315418026,-0.1983721332,-0.06491194512,47.47078087,nan,nan
jkt_a0.118,-3.5,14.5,-0.5862064129,-1.225710656,-0.1928214453,-0.06092992209,45.14279219,nan,nan
jkt_a0.118,-3.5,15.5,-0.5874800656,-1.138180696,-0.1871658644,-0.05704492447,42.85177564,nan,nan
jkt_a0.118,-3.5,16.5,-0.5851030596,-1.053788159,-0.181446392,-0.05328560121,40.62437904,nan,nan
jkt_a0.118,-3.5,17.5,-0.579499417,-0.972724194,-0.1757010977,-0.04967422204,38.4545082,nan,nan
jkt_a0.118,-3.5,18.5,-0.5709185047,-0.8957235588,-0.1699646783,-0.04622716446,36.36650187,nan,nan
jkt_a0.118,-3.5,19.5,-0.5597634031,-0.8230510685,-0.1642681761,-0.04295552397,34.36612048,nan,nan
jkt_a0.118,-3.5,20.5,-0.5464409638,-0.7548897342,-0.1586388448,-0.03986579091,32.45890184,nan,nan
jkt_a0.118,-3.5,21.5,-0.5313529054,-0.6913112561,-0.1531001449,-0.03696054728,30.64803841,nan,nan
jkt_a0.118,-3.5,22.5,-0.5148800074,-0.6322859737,-0.1476718462,-0.03423914711,28.93417844,nan,nan
jkt_a0.118,-3.5,23.5,-0.4973834174,-0.5777292354,-0.1423702139,-0.0316983546,27.31783393,nan,nan
jkt_a0.118,-3.5,24.5,-0.4791829781,-0.527483898,-0.1372082542,-0.02933292281,25.79711652,nan,nan
jkt_a0.118,-3.5,25.5,-0.460562352,-0.4813551828,-0.1321959995,-0.02713610416,24.36947209,nan,nan
jkt_a0.118,-3.5,26.5,-0.4417666093,-0.4391196152,-0.1273408144,-0.02510008925,23.03162418,nan,nan
jkt_a0.118,-3.5,27.5,-0.423003117,-0.4005364319,-0.1226477069,-0.02321637555,21.77979907,nan,nan
jkt_a0.118,-3.5,28.5,-0.4044433019,-0.3653558304,-0.1181196356,-0.02147607016,20.60983713,nan,nan
jkt_a0.118,-3.5,29.5,-0.3862255626,-0.3333262825,-0.1137578017,-0.01987013284,19.51733945,nan,nan
jkt_a0.118,-3,0.5,0.5852422751,-2.64733991,-0.2672994807,-0.1326948236,82.54177679,nan,nan
jkt_a0.118,-3,1.5,0.5697900131,-2.635185125,-0.2666777089,-0.1318782024,82.1258035,nan,nan
jkt_a0.118,-3,2.5,0.5394954711,-2.61091209,-0.2654382345,-0.1302656139,81.30155352,nan,nan
jkt_a0.118,-3,3.5,0.495617094,-2.574650045,-0.2635894681,-0.1278973312,80.08723913,nan,nan
jkt_a0.118,-3,4.5,0.4401027648,-2.52666145,-0.2611446407,-0.1248312546,78.5122743,nan,nan
jkt_a0.118,-3,5.5,0.3748759887,-2.467285505,-0.2581223746,-0.1211401083,76.60356659,nan,nan
jkt_a0.118,-3,6.5,0.3025172156,-2.397116972,-0.2545472017,-0.1169080306,74.40167072,nan,nan
jkt_a0.118,-3,7.5,0.2256195525,-2.316959699,-0.250449887,-0.1122268011,71.94910216,nan,nan
jkt_a0.118,-3,8.5,0.1467694593,-2.227868264,-0.2458674442,-0.107191968,69.29211367,nan,nan
jkt_a0.118,-3,9.5,0.06837600903,-2.131069485,-0.2408427775,-0.1018991264,66.47493021,nan,nan
jkt_a0.118,-3,10.5,-0.00739042472,-2.028032001,-0.2354239398,-0.09644057048,63.54507141,nan,nan
jkt_a0.118,-3,11.5,-0.07872505032,-1.920306706,-0.2296630563,-0.09090248908,60.5453769,nan,nan
jkt_a0.118,-3,12.5,-0.1442116493,-1.809523926,-0.2236149991,-0.08536281128,57.51695549,nan,nan
jkt_a0.118,-3,13.5,-0.2028443492,-1.697302424,-0.2173359299,-0.07988974352,54.49701071,nan,nan
jkt_a0.118,-3,14.5,-0.2540178703,-1.585170804,-0.2108818266,-0.07454097831,51.51749421,nan,nan
jkt_a0.118,-3,15.5,-0.2974894605,-1.474517393,-0.2043071043,-0.06936350645,48.6051735,nan,nan
jkt_a0.118,-3,16.5,-0.3331300566,-1.366798781,-0.197663414,-0.0643939314,45.79438783,nan,nan
jkt_a0.118,-3,17.5,-0.3616749679,-1.262523343,-0.1909986747,-0.05965916797,43.07658502,nan,nan
jkt_a0.118,-3,18.5,-0.3833130295,-1.162836132,-0.184356366,-0.05517740546,40.48185911,nan,nan
jkt_a0.118,-3,19.5,-0.3986996207,-1.068277507,-0.1777750801,-0.05095922424,38.01599371,nan,nan
jkt_a0.118,-3,20.5,-0.4085197235,-0.9792499685,-0.171288314,-0.04700877158,35.68419367,nan,nan
jkt_a0.118,-3,21.5,-0.4134831418,-0.8959806221,-0.1649244685,-0.04332492254,33.48850487,nan,nan
jkt_a0.118,-3,22.5,-0.4142920838,-0.8185349312,-0.1587070135,-0.03990237197,31.42769742,nan,nan
jkt_a0.118,-3,23.5,-0.4116211795,-0.7468803675,-0.1526547788,-0.03673262294,29.50022918,nan,nan
jkt_a0.118,-3,24.5,-0.4060926866,-0.6808668037,-0.1467823303,-0.0338048526,27.70168574,nan,nan
jkt_a0.118,-3,25.5,-0.3982705659,-0.6202763792,-0.1411003969,-0.03110664897,26.0269026,nan,nan
jkt_a0.118,-3,26.5,-0.3886553076,-0.5648390785,-0.1356163204,-0.02862462143,24.46995638,nan,nan
jkt_a0.118,-3,27.5,-0.3776830706,-0.5142512036,-0.1303345045,-0.02634489333,23.02447035,nan,nan
jkt_a0.118,-3,28.5,-0.3657276114,-0.4681891908,-0.1252568474,-0.02425348924,21.68377189,nan,nan
jkt_a0.118,-3,29.5,-0.3531042422,-0.4263217035,-0.1203831469,-0.02233663039,20.44108109,nan,nan
jkt_a0.118,-2.5,0.5,1.998175988,-2.372713664,-0.2950747249,-0.175762939,81.57289259,nan,nan
jkt_a0.118,-2.5,1.5,1.970755571,-2.371419365,-0.2944250763,-0.1745691821,81.14940876,nan,nan
jkt_a0.118,-2.5,2.5,1.916718189,-2.368196435,-0.293124728,-0.1722137006,80.30965469,nan,nan
jkt_a0.118,-2.5,3.5,1.837769723,-2.361827724,-0.2911725682,-0.1687589723,79.07067204,nan,nan
jkt_a0.118,-2.5,4.5,1.736640414,-2.350562836,-0.2885692288,-0.1642948429,77.4594472,nan,nan
jkt_a0.118,-2.5,5.5,1.616103699,-2.332811146,-0.285319383,-0.1589341488,75.50397831,nan,nan
jkt_a0.118,-2.5,6.5,1.480043064,-2.306719033,-0.2814341359,-0.1528073243,73.2432526,nan,nan
jkt_a0.118,-2.5,7.5,1.332558571,-2.270808256,-0.2769330998,-0.1460563583,70.71996737,nan,nan
jkt_a0.118,-2.5,8.5,1.177958631,-2.224072105,-0.2718458105,-0.1388285182,67.98159473,nan,nan
jkt_a0.118,-2.5,9.5,1.020463607,-2.166045774,-0.2662122651,-0.1312702737,65.07428654,nan,nan
jkt_a0.118,-2.5,10.5,0.864113509,-2.096943778,-0.2600825067,-0.1235218199,62.04862752,nan,nan
jkt_a0.118,-2.5,11.5,0.7124736296,-2.017540645,-0.253515331,-0.1157125221,58.95085836,nan,nan
jkt_a0.118,-2.5,12.5,0.5685571934,-1.929141373,-0.2465763013,-0.1079574916,55.82583527,nan,nan
jkt_a0.118,-2.5,13.5,0.4347209575,-1.833431453,-0.2393353305,-0.1003553772,52.7144177,nan,nan
jkt_a0.118,-2.5,14.5,0.3126246494,-1.732315143,-0.2318641061,-0.09298733667,49.65179731,nan,nan
jkt_a0.118,-2.5,15.5,0.2032576367,-1.627771782,-0.22423361,-0.08591705338,46.66736412,nan,nan
jkt_a0.118,-2.5,16.5,0.1074048018,-1.521928283,-0.2165119282,-0.07919159948,43.7978806,nan,nan
jkt_a0.118,-2.5,17.5,0.0240888174,-1.41617692,-0.2087624792,-0.0728429161,41.03548834,nan,nan
jkt_a0.118,-2.5,18.5,-0.04660061544,-1.312321333,-0.2010427189,-0.06688968268,38.41092758,nan,nan
jkt_a0.118,-2.5,19.5,-0.1055556141,-1.211606769,-0.1934033222,-0.06133937173,35.92974684,nan,nan
jkt_a0.118,-2.5,20.5,-0.1537756853,-1.11504764,-0.1858877988,-0.05619032296,33.59648815,nan,nan
jkt_a0.118,-2.5,21.5,-0.1923635049,-1.023386941,-0.1785324744,-0.05143371436,31.41215051,nan,nan
jkt_a0.118,-2.5,22.5,-0.2224610005,-0.9371072981,-0.1713667565,-0.04705534896,29.37417144,nan,nan
jkt_a0.118,-2.5,23.5,-0.2451890421,-0.8565059694,-0.1644136052,-0.04303721251,27.47954486,nan,nan
jkt_a0.118,-2.5,24.5,-0.2616145283,-0.781677894,-0.1576901339,-0.0393587856,25.72231579,nan,nan
jkt_a0.118,-2.5,25.5,-0.2727221313,-0.7125816614,-0.1512082808,-0.03599811456,24.09580303,nan,nan
jkt_a0.118,-2.5,26.5,-0.2794018363,-0.6490666297,-0.1449754999,-0.03293265884,22.59264242,nan,nan
jkt_a0.118,-2.5,27.5,-0.2824429729,-0.5909030627,-0.1389954385,-0.03013994043,21.20512781,nan,nan
jkt_a0.118,-2.5,28.5,-0.2825347335,-0.5378061266,-0.1332685739,-0.02759802394,19.92538837,nan,nan
jkt_a0.118,-2.5,29.5,-0.2802705437,-0.4894569364,-0.1277927959,-0.02528585608,18.74559071,nan,nan
jkt_a0.118,-2,0.5,2.968500129,-1.014283091,-0.3214717123,-0.239323504,61.26743477,nan,nan
jkt_a0.118,-2,1.5,2.941729525,-1.036126504,-0.3209362213,-0.2375527057,61.01266136,nan,nan
jkt_a0.118,-2,2.5,2.888223963,-1.078238468,-0.3198483702,-0.2340590898,60.50441976,nan,nan
jkt_a0.118,-2,3.5,2.808240169,-1.137436535,-0.3181772566,-0.2289366405,59.74649711,nan,nan
jkt_a0.118,-2,4.5,2.702545912,-1.208858646,-0.3158831834,-0.2223213876,58.74373875,nan,nan
jkt_a0.118,-2,5.5,2.572192964,-1.287790174,-0.3129245069,-0.2143855153,57.50912998,nan,nan
jkt_a0.118,-2,6.5,2.419275064,-1.368113916,-0.3092650684,-0.2053297017,56.05470086,nan,nan
jkt_a0.118,-2,7.5,2.246715045,-1.444025251,-0.3048811271,-0.1953740413,54.39861244,nan,nan
jkt_a0.118,-2,8.5,2.05835379,-1.510221019,-0.2997668366,-0.1847481111,52.56457476,nan,nan
jkt_a0.118,-2,9.5,1.858687283,-1.562317231,-0.2939375914,-0.1736809007,50.57766714,nan,nan
jkt_a0.118,-2,10.5,1.652768616,-1.597173323,-0.2874309467,-0.1623913976,48.46983358,nan,nan
jkt_a0.118,-2,11.5,1.445705772,-1.613009418,-0.2803052091,-0.1510805515,46.27252235,nan,nan
jkt_a0.118,-2,12.5,1.242402989,-1.609423986,-0.2726361195,-0.1399251618,44.01908809,nan,nan
jkt_a0.118,-2,13.5,1.047219162,-1.587236327,-0.2645122617,-0.129073972,41.74211689,nan,nan
jkt_a0.118,-2,14.5,0.8637188675,-1.548234508,-0.2560298903,-0.1186459772,39.4714618,nan,nan
jkt_a0.118,-2,15.5,0.6945487915,-1.494880431,-0.2472878189,-0.108730714,37.23352385,nan,nan
jkt_a0.118,-2,16.5,0.5420042476,-1.430017058,-0.238382863,-0.09939013441,35.06071236,nan,nan
jkt_a0.118,-2,17.5,0.4056686098,-1.356654014,-0.2294061502,-0.09066159192,32.95292822,nan,nan
jkt_a0.118,-2,18.5,0.2864920156,-1.27754575,-0.220440436,-0.08256146922,30.9364555,nan,nan
jkt_a0.118,-2,19.5,0.1838281432,-1.195259387,-0.2115584153,-0.07508903642,29.0193137,nan,nan
jkt_a0.118,-2,20.5,0.09670855121,-1.11200928,-0.2028219199,-0.06823022028,27.20812853,nan,nan
jkt_a0.118,-2,21.5,0.02387162709,-1.029609461,-0.1942818393,-0.06196106368,25.50620494,nan,nan
jkt_a0.118,-2,22.5,-0.03611819476,-0.9494635348,-0.1859785803,-0.05625074644,23.91346821,nan,nan
jkt_a0.118,-2,23.5,-0.08474620377,-0.8726364232,-0.1779428929,-0.05106411301,22.42920789,nan,nan
jkt_a0.118,-2,24.5,-0.1234872711,-0.7998445984,-0.1701969112,-0.04636370706,21.04988554,nan,nan
jkt_a0.118,-2,25.5,-0.1537391196,-0.7315384235,-0.16275529,-0.04211134866,19.77111771,nan,nan
jkt_a0.118,-2,26.5,-0.1767909196,-0.667948042,-0.1556263487,-0.03826930971,18.58774912,nan,nan
jkt_a0.118,-2,27.5,-0.1938039168,-0.6091324385,-0.1488131615,-0.03480115097,17.49417444,nan,nan
jkt_a0.118,-2,28.5,-0.2058050446,-0.5550211196,-0.1423145567,-0.03167228429,16.4845135,nan,nan
jkt_a0.118,-2,29.5,-0.2136882162,-0.505450985,-0.1361260048,-0.02885031881,15.55281234,nan,nan
jkt_a0.118,-1.5,0.5,2.679472358,0.6506466031,-0.3355606459,-0.333002763,34.01875841,nan,nan
jkt_a0.118,-1.5,1.5,2.677645117,0.6125065815,-0.3355310831,-0.330429216,34.02233067,nan,nan
jkt_a0.118,-1.5,2.5,2.672145053,0.5373488793,-0.3354145677,-0.3253426646,34.02370694,nan,nan
jkt_a0.118,-1.5,3.5,2.659426039,0.4276967528,-0.3351029923,-0.3178638393,34.01032456,nan,nan
jkt_a0.118,-1.5,4.5,2.634502458,0.2880426922,-0.3344501184,-0.3081723218,33.95866933,nan,nan
jkt_a0.118,-1.5,5.5,2.592838137,0.1232083483,-0.3332885963,-0.2965031975,33.86002256,nan,nan
jkt_a0.118,-1.5,6.5,2.529461386,-0.05944004287,-0.3314493244,-0.283140654,33.68836236,nan,nan
jkt_a0.118,-1.5,7.5,2.440833111,-0.251631918,-0.32878067,-0.2684078964,33.42400735,nan,nan
jkt_a0.118,-1.5,8.5,2.325276898,-0.4443686672,-0.3251650591,-0.2526534959,33.05127624,nan,nan
jkt_a0.118,-1.5,9.5,2.183268713,-0.6287073263,-0.32053086,-0.2362351388,32.55774502,nan,nan
jkt_a0.118,-1.5,10.5,2.017644195,-0.7964839832,-0.3148583034,-0.2195024337,31.93978027,nan,nan
jkt_a0.118,-1.5,11.5,1.833116521,-0.9410853329,-0.3081792155,-0.2027807438,31.19860879,nan,nan
jkt_a0.118,-1.5,12.5,1.635792059,-1.057931787,-0.3005713461,-0.1863578494,30.34271244,nan,nan
jkt_a0.118,-1.5,13.5,1.43240731,-1.144695909,-0.2921488096,-0.1704746998,29.38593206,nan,nan
jkt_a0.118,-1.5,14.5,1.229581182,-1.201222103,-0.283050492,-0.1553207564,28.34559071,nan,nan
jkt_a0.118,-1.5,15.5,1.033215199,-1.229199345,-0.273428204,-0.1410336931,27.24109596,nan,nan
jkt_a0.118,-1.5,16.5,0.8487788427,-1.231376711,-0.2634359822,-0.1277026669,26.09737236,nan,nan
jkt_a0.118,-1.5,17.5,0.6783465855,-1.212460858,-0.2532214276,-0.1153740829,24.92779059,nan,nan
jkt_a0.118,-1.5,18.5,0.5250385701,-1.176119833,-0.2429194495,-0.1040587395,23.75385115,nan,nan
jkt_a0.118,-1.5,19.5,0.3897128694,-1.126653234,-0.2326483761,-0.09373938554,22.59053861,nan,nan
jkt_a0.118,-1.5,20.5,0.2723936138,-1.067978623,-0.2225081184,-0.08437795908,21.45130298,nan,nan
jkt_a0.118,-1.5,21.5,0.1723720209,-1.003515792,-0.2125799455,-0.07592204026,20.34674676,nan,nan
jkt_a0.118,-1.5,22.5,0.08842338978,-0.9360996485,-0.2029274034,-0.06831027983,19.28422578,nan,nan
jkt_a0.118,-1.5,23.5,0.0190400702,-0.868015,-0.1935979554,-0.06147674157,18.27001062,nan,nan
jkt_a0.118,-1.5,24.5,-0.03743662131,-0.8009816848,-0.1846250003,-0.05535421498,17.30726393,nan,nan
jkt_a0.118,-1.5,25.5,-0.08267628793,-0.736251272,-0.1760300119,-0.04987662124,16.39772147,nan,nan
jkt_a0.118,-1.5,26.5,-0.1182811436,-0.6746780134,-0.1678246261,-0.04498066428,15.54177731,nan,nan
jkt_a0.118,-1.5,27.5,-0.1457330678,-0.6167960678,-0.1600125664,-0.04060688087,14.73879566,nan,nan
jkt_a0.118,-1.5,28.5,-0.166366294,-0.5628890813,-0.1525913519,-0.03670023119,13.98731172,nan,nan
jkt_a0.118,-1.5,29.5,-0.1813562762,-0.5130526919,-0.1455537665,-0.03321035132,13.28527391,nan,nan
jkt_a0.118,-1,0.5,1.41548411,1.436381587,-0.3107190478,-0.4623033129,13.10722408,nan,nan
jkt_a0.118,-1,1.5,1.442297127,1.415091135,-0.3120511966,-0.4589868014,13.25360299,nan,nan
jkt_a0.118,-1,2.5,1.494094544,1.370964638,-0.314582356,-0.4523843453,13.54307517,nan,nan
jkt_a0.118,-1,3.5,1.566903588,1.30122516,-0.3180559387,-0.4425656103,13.96646458,nan,nan
jkt_a0.118,-1,4.5,1.653871159,1.202633948,-0.3221114625,-0.4296541873,14.50145568,nan,nan
jkt_a0.118,-1,5.5,1.747739906,1.072643887,-0.3263138116,-0.4138445816,15.14019565,nan,nan
jkt_a0.118,-1,6.5,1.837978053,0.9101003199,-0.3301909178,-0.3954160877,15.85065608,nan,nan
jkt_a0.118,-1,7.5,1.913538523,0.7165810174,-0.333276792,-0.3747383149,16.60072009,nan,nan
jkt_a0.118,-1,8.5,1.963630441,0.4970178825,-0.3351549584,-0.352264602,17.3542223,nan,nan
jkt_a0.118,-1,9.5,1.979162956,0.2596179549,-0.3354962332,-0.328512304,18.07203653,nan,nan
jkt_a0.118,-1,10.5,1.954242212,0.01529803666,-0.3340851372,-0.3040322182,18.71759528,nan,nan
jkt_a0.118,-1,11.5,1.886974725,-0.2237817165,-0.3308312171,-0.279372196,19.25753659,nan,nan
jkt_a0.118,-1,12.5,1.77975135,-0.4457852576,-0.3257646284,-0.2550413007,19.66621343,nan,nan
jkt_a0.118,-1,13.5,1.638660967,-0.6407565787,-0.3190184721,-0.2314803421,19.92700678,nan,nan
jkt_a0.118,-1,14.5,1.472338476,-0.8017212151,-0.3108025748,-0.2090426085,20.0327622,nan,nan
jkt_a0.118,-1,15.5,1.290569198,-0.9251435641,-0.3013741173,-0.1879859799,19.98539791,nan,nan
jkt_a0.118,-1,16.5,1.103610633,-1.010027119,-0.2910098446,-0.1684752558,19.79391981,nan,nan
jkt_a0.118,-1,17.5,0.9187544464,-1.060576623,-0.2799830751,-0.1505920444,19.48117144,nan,nan
jkt_a0.118,-1,18.5,0.743395469,-1.079809378,-0.2685469962,-0.1343490717,19.06043258,nan,nan
jkt_a0.118,-1,19.5,0.5821301876,-1.073156871,-0.2569243005,-0.1197060586,18.55299932,nan,nan
jkt_a0.118,-1,20.5,0.4377892661,-1.046189555,-0.2453022791,-0.106585029,17.97997652,nan,nan
jkt_a0.118,-1,21.5,0.3115996736,-1.004221213,-0.2338320661,-0.09488373348,17.3609985,nan,nan
jkt_a0.118,-1,22.5,0.203530279,-0.9519663589,-0.2226306858,-0.08448658357,16.71295109,nan,nan
jkt_a0.118,-1,23.5,0.1127049453,-0.8934163309,-0.2117847312,-0.07527300954,16.05135458,nan,nan
jkt_a0.118,-1,24.5,0.03768249121,-0.8317466314,-0.20135478,-0.06712346802,15.38808184,nan,nan
jkt_a0.118,-1,25.5,-0.02325505613,-0.7693936077,-0.191379927,-0.05992347863,14.73272127,nan,nan
jkt_a0.118,-1,26.5,-0.07191781723,-0.7081403063,-0.1818820501,-0.05356610803,14.09260404,nan,nan
jkt_a0.118,-1,27.5,-0.1100766717,-0.6492254743,-0.1728696041,-0.04795329334,13.47310548,nan,nan
jkt_a0.118,-1,28.5,-0.1393835198,-0.5934513516,-0.1643408612,-0.0429963398,12.87789352,nan,nan
jkt_a0.118,-1,29.5,-0.1613264554,-0.5412845407,-0.1562865947,-0.03861585958,12.309259,nan,nan
jkt_a0.118,-0.5,0.5,0.4305798233,1.11133417,-0.2028871194,-0.6028612422,3.510740382,nan,nan
jkt_a0.118,-0.5,1.5,0.4515748561,1.11736766,-0.2065843673,-0.600014111,3.606783848,nan,nan
jkt_a0.118,-0.5,2.5,0.4944324713,1.127887245,-0.2138066812,-0.5942096843,3.802906258,nan,nan
jkt_a0.118,-0.5,3.5,0.5605962712,1.139499229,-0.2242052113,-0.5852493905,4.105878246,nan,nan
jkt_a0.118,-0.5,4.5,0.6511136924,1.146270492,-0.2372498468,-0.5728889275,4.519983974,nan,nan
jkt_a0.118,-0.5,5.5,0.7664629528,1.141676624,-0.2522324578,-0.5568990206,5.059135396,nan,nan
jkt_a0.118,-0.5,6.5,0.90452546,1.116325998,-0.2682875302,-0.5371376828,5.726430415,nan,nan
jkt_a0.118,-0.5,7.5,1.059846706,1.060595421,-0.284438091,-0.5136224639,6.52176528,nan,nan
jkt_a0.118,-0.5,8.5,1.222778623,0.9660289012,-0.2996690493,-0.4865870289,7.436110887,nan,nan
jkt_a0.118,-0.5,9.5,1.379782613,0.8274858154,-0.3130210083,-0.4565059424,8.44877046,nan,nan
jkt_a0.118,-0.5,10.5,1.515027363,0.6453595679,-0.3236883384,-0.4240769656,9.527934036,nan,nan
jkt_a0.118,-0.5,11.5,1.613053293,0.4264625478,-0.3311003035,-0.3901610296,10.63119691,nan,nan
jkt_a0.118,-0.5,12.5,1.661867198,0.1835874459,-0.3349666327,-0.3556924775,11.71041165,nan,nan
jkt_a0.118,-0.5,13.5,1.655350193,-0.06663648175,-0.3352787272,-0.3215806419,12.71684375,nan,nan
jkt_a0.118,-0.5,14.5,1.594241775,-0.3068063037,-0.3322704067,-0.2886245754,13.60676942,nan,nan
jkt_a0.118,-0.5,15.5,1.485477771,-0.5217495019,-0.3263520855,-0.257456089,14.34618025,nan,nan
jkt_a0.118,-0.5,16.5,1.340584749,-0.6993561664,-0.3180359962,-0.2285160662,14.90721053,nan,nan
jkt_a0.118,-0.5,17.5,1.172604193,-0.8368288674,-0.3078676286,-0.2020599328,15.3032412,nan,nan
jkt_a0.118,-0.5,18.5,0.9943083364,-0.9314940744,-0.2963726232,-0.1781830229,15.52298345,nan,nan
jkt_a0.118,-0.5,19.5,0.8166788775,-0.9865593328,-0.2840221046,-0.156855657,15.58115894,nan,nan
jkt_a0.118,-0.5,20.5,0.6480957887,-1.007421676,-0.2712148753,-0.1379596614,15.49757799,nan,nan
jkt_a0.118,-0.5,21.5,0.4941463966,-1.000605018,-0.2582725743,-0.1213210414,15.29522548,nan,nan
jkt_a0.118,-0.5,22.5,0.3578925907,-0.9727500702,-0.2454434101,-0.1067363101,14.99725265,nan,nan
jkt_a0.118,-0.5,23.5,0.2404467355,-0.9299869713,-0.2329106624,-0.09399198661,14.62687134,nan,nan
jkt_a0.118,-0.5,24.5,0.1414672691,-0.8775294062,-0.2208031361,-0.0828779387,14.20408833,nan,nan
jkt_a0.118,-0.5,25.5,0.05970823209,-0.8195843421,-0.2092057453,-0.07319574479,13.74632525,nan,nan
jkt_a0.118,-0.5,26.5,-0.006582872389,-0.759379842,-0.1981692006,-0.06476332785,13.2680737,nan,nan
jkt_a0.118,-0.5,27.5,-0.05936623022,-0.6992781372,-0.1877183346,-0.05741697434,12.78099829,nan,nan
jkt_a0.118,-0.5,28.5,-0.1006112476,-0.6409204368,-0.1778589511,-0.0510116293,12.29412658,nan,nan
jkt_a0.118,-0.5,29.5,-0.132171412,-0.5853781032,-0.1685832792,-0.04542013263,11.81422884,nan,nan
jkt_a0.118,0,0.5,0.1697664942,0.6466601962,-0.0006509100247,-0.6711403083,0.9923635921,nan,nan
jkt_a0.118,0,1.5,0.1754763249,0.6548592518,-0.005857749429,-0.671089809,1.020508038,nan,nan
jkt_a0.118,0,2.5,0.1876638515,0.6713752279,-0.01626320497,-0.6707466151,1.079519429,nan,nan
jkt_a0.118,0,3.5,0.2080200521,0.6963009474,-0.03182275162,-0.6696286274,1.175099035,nan,nan
jkt_a0.118,0,4.5,0.2394530538,0.7290279284,-0.05240037671,-0.6670244496,1.315305659,nan,nan
jkt_a0.118,0,5.5,0.2853945991,0.7687775031,-0.07769026386,-0.662023779,1.513508626,nan,nan
jkt_a0.118,0,6.5,0.3507327255,0.8125687902,-0.1071259469,-0.6535823748,1.785680667,nan,nan
jkt_a0.118,0,7.5,0.4405224854,0.8549898367,-0.1397978585,-0.6406345597,2.151539944,nan,nan
jkt_a0.118,0,8.5,0.5587099171,0.8871896461,-0.174411136,-0.6222554813,2.632199773,nan,nan
jkt_a0.118,0,9.5,0.7059391917,0.8968137088,-0.2093197327,-0.5978542659,3.246462084,nan,nan
jkt_a0.118,0,10.5,0.8769792845,0.8696568045,-0.2426608695,-0.5673532185,4.006039632,nan,nan
jkt_a0.118,0,11.5,1.059202186,0.7928946625,-0.2725815371,-0.5312918172,4.909507034,nan,nan
jkt_a0.118,0,12.5,1.233307509,0.6595659146,-0.2975062511,-0.4908043926,5.938315162,nan,nan
jkt_a0.118,0,13.5,1.376933897,0.4721403336,-0.3163667696,-0.4474615209,7.055593378,nan,nan
jkt_a0.118,0,14.5,1.470118309,0.2433745167,-0.3287221588,-0.4030188389,8.209327673,nan,nan
jkt_a0.118,0,15.5,1.500379777,-0.006260020847,-0.3347409033,-0.3591515614,9.339389187,nan,nan
jkt_a0.118,0,16.5,1.464745994,-0.2518431163,-0.3350699257,-0.3172487594,10.37441288,nan,nan
jkt_a0.118,0,17.5,1.372651595,-0.4756320103,-0.3306483395,-0.2783060326,11.29868909,nan,nan
jkt_a0.118,0,18.5,1.236329705,-0.6610137572,-0.322524837,-0.2429137392,12.0558063,nan,nan
jkt_a0.118,0,19.5,1.072406784,-0.8007415768,-0.3117166076,-0.2113114791,12.63041957,nan,nan
jkt_a0.118,0,20.5,0.8967583847,-0.8939765122,-0.2991220907,-0.1834734118,13.02107312,nan,nan
jkt_a0.118,0,21.5,0.7224559555,-0.9447488573,-0.2854816711,-0.1591965611,13.23894544,nan,nan
jkt_a0.118,0,22.5,0.5588386515,-0.9598800756,-0.2713724982,-0.1381761755,13.30308127,nan,nan
jkt_a0.118,0,23.5,0.4116758598,-0.9472184774,-0.2572232295,-0.1200623483,13.23797852,nan,nan
jkt_a0.118,0,24.5,0.2836869,-0.914354578,-0.2433376936,-0.1044983878,13.0683222,nan,nan
jkt_a0.118,0,25.5,0.1753983973,-0.8679352568,-0.2299203914,-0.09114429725,12.81784582,nan,nan
jkt_a0.118,0,26.5,0.08589287424,-0.8133740004,-0.2170999919,-0.07968937688,12.50784943,nan,nan
jkt_a0.118,0,27.5,0.01342735756,-0.7548314821,-0.2049491912,-0.06985752466,12.15655416,nan,nan
jkt_a0.118,0,28.5,-0.04411912475,-0.6953425226,-0.1935005966,-0.06140800097,11.77887397,nan,nan
jkt_a0.118,0,29.5,-0.08894088612,-0.6370092578,-0.1827589532,-0.05413361144,11.38664103,nan,nan
jkt_a0.118,0.5,0.5,0.1425161425,0.4154620235,0.2019539016,-0.6035670403,0.4762521827,nan,nan
jkt_a0.118,0.5,1.5,0.1439715751,0.419641103,0.1981856018,-0.6063656091,0.4836544744,nan,nan
jkt_a0.118,0.5,2.5,0.1470524436,0.428193909,0.1904804427,-0.611839797,0.4991697571,nan,nan
jkt_a0.118,0.5,3.5,0.1521635663,0.441539249,0.1785093009,-0.6197217846,0.5244044837,nan,nan
jkt_a0.118,0.5,4.5,0.1602402538,0.4602284423,0.1618033649,-0.6295555227,0.5620725301,nan,nan
jkt_a0.118,0.5,5.5,0.1722709234,0.4850817347,0.1397978585,-0.6406345597,0.616299135,nan,nan
jkt_a0.118,0.5,6.5,0.1903628735,0.5169499355,0.1119132388,-0.6519293913,0.6935998631,nan,nan
jkt_a0.118,0.5,7.5,0.2176146814,0.5565288131,0.07769026386,-0.662023779,0.8036718863,nan,nan
jkt_a0.118,0.5,8.5,0.2586311401,0.6037125973,0.03698886531,-0.669096127,0.9605867297,nan,nan
jkt_a0.118,0.5,9.5,0.3197259677,0.6564067182,-0.009761593611,-0.6709989294,1.183773523,nan,nan
jkt_a0.118,0.5,10.5,0.4082011384,0.7088609927,-0.06131599193,-0.6654915048,1.498106267,nan,nan
jkt_a0.118,0.5,11.5,0.5302322887,0.7499186189,-0.1154790003,-0.6506452874,1.931699352,nan,nan
jkt_a0.118,0.5,12.5,0.686871396,0.7628772063,-0.1692143644,-0.6253532144,2.51077814,nan,nan
jkt_a0.118,0.5,13.5,0.8696517236,0.7285212587,-0.219071517,-0.5897656913,3.251605971,nan,nan
jkt_a0.118,0.5,14.5,1.058712493,0.6316312908,-0.2618505118,-0.545431971,4.151841408,nan,nan
jkt_a0.118,0.5,15.5,1.226103803,0.4682748289,-0.2952646579,-0.4950268024,5.184954927,nan,nan
jkt_a0.118,0.5,16.5,1.341825018,0.2507094566,-0.3183283611,-0.4417523642,6.284948641,nan,nan
jkt_a0.118,0.5,17.5,1.391526209,0.002042181194,-0.3313427091,-0.3886698982,7.423164388,nan,nan
jkt_a0.118,0.5,18.5,1.367330611,-0.2485536723,-0.3355600851,-0.3382104521,8.508738136,nan,nan
jkt_a0.118,0.5,19.5,1.277710911,-0.4749598865,-0.3327262111,-0.2919722058,9.482466906,nan,nan
jkt_a0.118,0.5,20.5,1.139689011,-0.659170915,-0.3246769945,-0.2507625135,10.29963369,nan,nan
jkt_a0.118,0.5,21.5,0.9733642679,-0.7930699452,-0.3130745772,-0.2147737426,10.93631324,nan,nan
jkt_a0.118,0.5,22.5,0.7971806921,-0.8770157618,-0.2992833668,-0.1837910029,11.38757602,nan,nan
jkt_a0.118,0.5,23.5,0.6254601486,-0.9169489239,-0.284346243,-0.1573718327,11.66456285,nan,nan
jkt_a0.118,0.5,24.5,0.4676055584,-0.9214835913,-0.2690161535,-0.1349767278,11.78723627,nan,nan
jkt_a0.118,0.5,25.5,0.3287082932,-0.899718753,-0.2538096427,-0.1160523487,11.78036507,nan,nan
jkt_a0.118,0.5,26.5,0.2105785988,-0.8599233973,-0.2390626556,-0.1000782472,11.66966158,nan,nan
jkt_a0.118,0.5,27.5,0.1128361482,-0.8089302813,-0.2249794218,-0.08658894448,11.4792864,nan,nan
jkt_a0.118,0.5,28.5,0.03381701114,-0.7520022589,-0.211671524,-0.07518094212,11.23037232,nan,nan
jkt_a0.118,0.5,29.5,-0.02874883393,-0.6929653065,-0.1991874109,-0.0655113734,10.9405559,nan,nan
jkt_a0.118,1,0.5,0.1385734002,0.3019347833,0.3103789678,-0.4631339307,0.3550746727,nan,nan
jkt_a0.118,1,1.5,0.1392392279,0.3041709372,0.3089901775,-0.4664620677,0.3574614503,nan,nan
jkt_a0.118,1,2.5,0.1406131774,0.3087294596,0.3060738854,-0.4731434209,0.3624229996,nan,nan
jkt_a0.118,1,3.5,0.1427901907,0.3158081858,0.3013433182,-0.483217836,0.3704013414,nan,nan
jkt_a0.118,1,4.5,0.1460591974,0.3257316828,0.2943457085,-0.4967168136,0.3822646588,nan,nan
jkt_a0.118,1,5.5,0.1506073564,0.3389104691,0.284438091,-0.5136224639,0.3990068745,nan,nan
jkt_a0.118,1,6.5,0.1569995982,0.3559783579,0.2707624698,-0.5338007025,0.4225181833,nan,nan
jkt_a0.118,1,7.5,0.1660516231,0.3777596373,0.2522324578,-0.5568990206,0.4555771574,nan,nan
jkt_a0.118,1,8.5,0.1791023512,0.4053011788,0.2275545028,-0.5822007365,0.5025012187,nan,nan
jkt_a0.118,1,9.5,0.1983998986,0.4397997457,0.1953223721,-0.6084380405,0.5700689596,nan,nan
jkt_a0.118,1,10.5,0.2275859387,0.4823162027,0.1542383809,-0.6335940629,0.6688701809,nan,nan
jkt_a0.118,1,11.5,0.2724232719,0.5328939148,0.1035115362,-0.6547771459,0.8150920432,nan,nan
jkt_a0.118,1,12.5,0.3410821659,0.5887514154,0.04342764148,-0.6683189937,1.032169164,nan,nan
jkt_a0.118,1,13.5,0.4429601615,0.6414256304,-0.02405272059,-0.6702778149,1.350759925,nan,nan
jkt_a0.118,1,14.5,0.5845163322,0.6743304499,-0.09500178581,-0.6574123578,1.804966889,nan,nan
jkt_a0.118,1,15.5,0.7623899664,0.6640035351,-0.1639367122,-0.6283712461,2.42370629,nan,nan
jkt_a0.118,1,16.5,0.9552179247,0.5868623383,-0.2250480305,-0.5844899832,3.203997671,nan,nan
jkt_a0.118,1,17.5,1.13391779,0.4367285522,-0.2737766498,-0.5296165629,4.153924203,nan,nan
jkt_a0.118,1,18.5,1.261849464,0.2218611503,-0.3079184139,-0.4689638377,5.215359052,nan,nan
jkt_a0.118,1,19.5,1.314743873,-0.02979741103,-0.3277415599,-0.4076330128,6.321530721,nan,nan
jkt_a0.118,1,20.5,1.286326833,-0.2830338652,-0.3352793715,-0.3495448477,7.394673108,nan,nan
jkt_a0.118,1,21.5,1.187744051,-0.5069366565,-0.3333551274,-0.2970750258,8.364566642,nan,nan
jkt_a0.118,1,22.5,1.040447637,-0.6822046855,-0.3247996968,-0.2512336619,9.180387747,nan,nan
jkt_a0.118,1,23.5,0.8681704998,-0.8021690264,-0.3120197748,-0.2120747194,9.816449595,nan,nan
jkt_a0.118,1,24.5,0.6910949191,-0.8698898837,-0.296858761,-0.1791018907,10.26866708,nan,nan
jkt_a0.118,1,25.5,0.5235061427,-0.8939159537,-0.2806275322,-0.1515712079,10.54939918,nan,nan
jkt_a0.118,1,26.5,0.3737783326,-0.8847074883,-0.2642043078,-0.1286801028,10.68076701,nan,nan
jkt_a0.118,1,27.5,0.2455703461,-0.8523123311,-0.2481451408,-0.1096688778,10.68894175,nan,nan
jkt_a0.118,1,28.5,0.1393105523,-0.805205943,-0.2327794653,-0.09386556553,10.59992996,nan,nan
jkt_a0.118,1,29.5,0.05353267176,-0.7499429453,-0.2182837663,-0.08069846746,10.43721742,nan,nan
jkt_a0.118,1.5,0.5,0.1337489966,0.2358139809,0.3355649704,-0.3336493053,0.3282205883,nan,nan
jkt_a0.118,1.5,1.5,0.1341952533,0.2371773514,0.3355697856,-0.3362480997,0.329071238,nan,nan
jkt_a0.118,1.5,2.5,0.1351052736,0.2399446226,0.3355179672,-0.3415062839,0.3308343712,nan,nan
jkt_a0.118,1.5,3.5,0.1365109703,0.2442102423,0.3352793715,-0.3495448477,0.3336570201,nan,nan
jkt_a0.118,1.5,4.5,0.138531642,0.2501471114,0.3346399077,-0.3605439038,0.337904046,nan,nan
jkt_a0.118,1.5,5.5,0.1412146259,0.2579356526,0.333276792,-0.3747383149,0.3438234852,nan,nan
jkt_a0.118,1.5,6.5,0.1447551437,0.2678963254,0.3307222738,-0.3924063545,0.3520751198,nan,nan
jkt_a0.118,1.5,7.5,0.1494061728,0.2804440307,0.3263138116,-0.4138445816,0.3635347285,nan,nan
jkt_a0.118,1.5,8.5,0.1555596462,0.2961418748,0.3191302224,-0.4393174763,0.3795187791,nan,nan
jkt_a0.118,1.5,9.5,0.1638627694,0.3157471214,0.3079184139,-0.4689638377,0.402068113,nan,nan
jkt_a0.118,1.5,10.5,0.1753418083,0.3402624777,0.2910277026,-0.5026345789,0.4343507815,nan,nan
jkt_a0.118,1.5,11.5,0.1917505533,0.3709497372,0.266393998,-0.5396336414,0.481464152,nan,nan
jkt_a0.118,1.5,12.5,0.216069436,0.4092288541,0.2316585605,-0.5783498996,0.5517245562,nan,nan
jkt_a0.118,1.5,13.5,0.2533594183,0.4561319274,0.1845561145,-0.615832099,0.6586998671,nan,nan
jkt_a0.118,1.5,14.5,0.3117230696,0.5107219454,0.1237132899,-0.6475040558,0.8238283297,nan,nan
jkt_a0.118,1.5,15.5,0.4023008392,0.5668297769,0.04984215188,-0.6674187787,1.078605435,nan,nan
jkt_a0.118,1.5,16.5,0.5350697247,0.6062056338,-0.03311542366,-0.6695029614,1.455018915,nan,nan
jkt_a0.118,1.5,17.5,0.7091315858,0.6060708854,-0.1178440881,-0.649768355,1.995453273,nan,nan
jkt_a0.118,1.5,18.5,0.9059532537,0.5370528523,-0.1953223721,-0.6084380405,2.716256571,nan,nan
jkt_a0.118,1.5,19.5,1.088339177,0.3856509886,-0.2578155981,-0.5503695796,3.609358619,nan,nan
jkt_a0.118,1.5,20.5,1.214427488,0.1635729658,-0.3013433182,-0.483217836,4.630146676,nan,nan
jkt_a0.118,1.5,21.5,1.256348195,-0.09484897301,-0.3261254551,-0.4146256895,5.7045105,nan,nan
jkt_a0.118,1.5,22.5,1.210329981,-0.3479216817,-0.3352504234,-0.3502229043,6.747310728,nan,nan
jkt_a0.118,1.5,23.5,1.093385387,-0.5620959517,-0.3328717532,-0.2930977005,7.68361798,nan,nan
jkt_a0.118,1.5,24.5,0.9323912242,-0.7196813374,-0.3229133573,-0.2442769659,8.461988956,nan,nan
jkt_a0.118,1.5,25.5,0.7538612238,-0.8178969602,-0.3084902179,-0.2035048585,9.058853263,nan,nan
jkt_a0.118,1.5,26.5,0.5781613685,-0.8637638337,-0.2918234213,-0.169900222,9.47458566,nan,nan
jkt_a0.118,1.5,27.5,0.4180478946,-0.8686822526,-0.2743809752,-0.1423798369,9.725854786,nan,nan
jkt_a0.118,1.5,28.5,0.2797149069,-0.8445554287,-0.2570737157,-0.1198840193,9.837477216,nan,nan
jkt_a0.118,1.5,29.5,0.1647810915,-0.8017059592,-0.2404303579,-0.1014747988,9.836225733,nan,nan
jkt_a0.118,2,0.5,0.127709333,0.1923685665,0.3216046733,-0.2397687249,0.3313186709,nan,nan
jkt_a0.118,2,1.5,0.1280553521,0.1932817439,0.3221327765,-0.2415597551,0.3315802689,nan,nan
jkt_a0.118,2,2.5,0.128757448,0.1951302926,0.3231703604,-0.2451909457,0.3321285944,nan,nan
jkt_a0.118,2,3.5,0.1298304367,0.1979644958,0.3246769945,-0.2507625135,0.3330177459,nan,nan
jkt_a0.118,2,4.5,0.1313368138,0.2018834323,0.3265835708,-0.2584296149,0.3344406004,nan,nan
jkt_a0.118,2,5.5,0.1332942477,0.2069765653,0.32878067,-0.2684078964,0.336442844,nan,nan
jkt_a0.118,2,6.5,0.1357938707,0.2134161543,0.3311003525,-0.2809802069,0.3393113775,nan,nan
jkt_a0.118,2,7.5,0.1389431696,0.2214184112,0.3332885963,-0.2965031975,0.343381331,nan,nan
jkt_a0.118,2,8.5,0.1428969912,0.2312733982,0.3349643818,-0.3154110272,0.3491359634,nan,nan
jkt_a0.118,2,9.5,0.1479002301,0.2433731356,0.3355600851,-0.3382104521,0.3573112287,nan,nan
jkt_a0.118,2,10.5,0.1543034369,0.2582435523,0.3342370248,-0.3654561098,0.3689743528,nan,nan
jkt_a0.118,2,11.5,0.1626779392,0.2765939829,0.3297715806,-0.3976852413,0.3857896032,nan,nan
jkt_a0.118,2,12.5,0.1739372955,0.2993798715,0.320415915,-0.4352759442,0.4103716569,nan,nan
jkt_a0.118,2,13.5,0.1896186885,0.3278573617,0.3037628298,-0.4781737077,0.4469800088,nan,nan
jkt_a0.118,2,14.5,0.2123940805,0.3635675037,0.2767031862,-0.5254201128,0.5027708888,nan,nan
jkt_a0.118,2,15.5,0.2469478091,0.4080795161,0.2356707295,-0.5744571531,0.590110237,nan,nan
jkt_a0.118,2,16.5,0.3024205207,0.4604701694,0.1774897435,-0.6203597448,0.7289343268,nan,nan
jkt_a0.118,2,17.5,0.3892066502,0.5161302769,0.1010908634,-0.6555519967,0.949779269,nan,nan
jkt_a0.118,2,18.5,0.5200263844,0.5580880465,0.009761593611,-0.6709989294,1.292126749,nan,nan
jkt_a0.118,2,19.5,0.696361907,0.5570964496,-0.08762773,-0.6594978091,1.796763779,nan,nan
jkt_a0.118,2,20.5,0.8966767942,0.4807575255,-0.1785093009,-0.6197217846,2.488833014,nan,nan
jkt_a0.118,2,21.5,1.07630922,0.314637364,-0.2515181592,-0.5577104162,3.359418928,nan,nan
jkt_a0.118,2,22.5,1.187461063,0.07689297037,-0.3009293783,-0.4840596932,4.358563056,nan,nan
jkt_a0.118,2,23.5,1.203542401,-0.1887978276,-0.327397668,-0.4091796213,5.404464669,nan,nan
jkt_a0.118,2,24.5,1.128315387,-0.4352827024,-0.3355387519,-0.3401841655,6.406013332,nan,nan
jkt_a0.118,2,25.5,0.9871861821,-0.6300833823,-0.3310113379,-0.2804430323,7.287030835,nan,nan
jkt_a0.118,2,26.5,0.8121519742,-0.7607843009,-0.3187392944,-0.2306285696,8.000706679,nan,nan
jkt_a0.118,2,27.5,0.630626041,-0.8306748234,-0.3023349025,-0.1899643335,8.53153679,nan,nan
jkt_a0.118,2,28.5,0.4608991477,-0.8513133802,-0.2841841579,-0.1571134593,8.887667073,nan,nan
jkt_a0.118,2,29.5,0.3125599238,-0.8363429135,-0.2657475886,-0.1306662011,9.090132878,nan,nan
jkt_a0.118,2.5,0.5,0.1213212469,0.1615743958,0.2952370707,-0.1760630647,0.3454980424,nan,nan
jkt_a0.118,2.5,1.5,0.1216054396,0.1622267937,0.2958861551,-0.1772703642,0.3455008929,nan,nan
jkt_a0.118,2.5,2.5,0.1221802753,0.1635450637,0.2971826538,-0.1797179417,0.3455178746,nan,nan
jkt_a0.118,2.5,3.5,0.123054407,0.1655585683,0.2991220907,-0.1834734118,0.3455678892,nan,nan
jkt_a0.118,2.5,4.5,0.1242667237,0.168329451,0.3016947002,-0.1886424326,0.3457746113,nan,nan
jkt_a0.118,2.5,5.5,0.1258250605,0.1719061079,0.3048811271,-0.1953740413,0.3461137758,nan,nan
jkt_a0.118,2.5,6.5,0.1277823835,0.176390571,0.3086454952,-0.2038681596,0.3467365234,nan,nan
jkt_a0.118,2.5,7.5,0.1301963163,0.1819063501,0.3129245069,-0.2143855153,0.3477897813,nan,nan
jkt_a0.118,2.5,8.5,0.1331454209,0.1886160952,0.3176104559,-0.2272600894,0.3494787165,nan,nan
jkt_a0.118,2.5,9.5,0.136749919,0.1967371244,0.322524837,-0.2429137392,0.3521208584,nan,nan
jkt_a0.118,2.5,10.5,0.1411658819,0.2065539863,0.3273774588,-0.2618714897,0.3561388441,nan,nan
jkt_a0.118,2.5,11.5,0.1466356375,0.2184480674,0.3317034744,-0.2847733709,0.3621832214,nan,nan
jkt_a0.118,2.5,12.5,0.1535140539,0.2329320768,0.3347677151,-0.3123731183,0.3712151584,nan,nan
jkt_a0.118,2.5,13.5,0.1623536422,0.2507006502,0.3354234443,-0.3455029021,0.3847208974,nan,nan
jkt_a0.118,2.5,14.5,0.1740475683,0.2726988427,0.3319156205,-0.3849623825,0.4050765923,nan,nan
jkt_a0.118,2.5,15.5,0.1900467248,0.3002135708,0.321639282,-0.431255957,0.4361828656,nan,nan
jkt_a0.118,2.5,16.5,0.2136458066,0.3347866277,0.3009293783,-0.4840596932,0.4855034663,nan,nan
jkt_a0.118,2.5,17.5,0.2489038479,0.3780587417,0.2651137911,-0.5412941144,0.5639697217,nan,nan
jkt_a0.118,2.5,18.5,0.3048196376,0.4298509104,0.2093197327,-0.5978542659,0.6920639032,nan,nan
jkt_a0.118,2.5,19.5,0.3945347209,0.484353918,0.1306713857,-0.6446538391,0.902006545,nan,nan
jkt_a0.118,2.5,20.5,0.5315868332,0.5228819588,0.03182275162,-0.6696286274,1.237141336,nan,nan
jkt_a0.118,2.5,21.5,0.7161083203,0.5109897798,-0.07644017107,-0.6623187528,1.741069992,nan,nan
jkt_a0.118,2.5,22.5,0.9190000931,0.4129380377,-0.1774897435,-0.6203597448,2.438049396,nan,nan
jkt_a0.118,2.5,23.5,1.085894808,0.2195843531,-0.2564416457,-0.5520080418,3.313001346,nan,nan
jkt_a0.118,2.5,24.5,1.166526894,-0.03814594156,-0.3068204938,-0.4714701562,4.305124586,nan,nan
jkt_a0.118,2.5,25.5,1.142493087,-0.3059236503,-0.3308502191,-0.3916567668,5.321830187,nan,nan
jkt_a0.118,2.5,26.5,1.030204063,-0.5348813557,-0.33522451,-0.3203366894,6.267323087,nan,nan
jkt_a0.118,2.5,27.5,0.8644603511,-0.698881288,-0.3270403751,-0.2603897992,7.07106372,nan,nan
jkt_a0.118,2.5,28.5,0.6799898104,-0.7946516547,-0.311868288,-0.2116926625,7.699121444,nan,nan
jkt_a0.118,2.5,29.5,0.5017214236,-0.8325043263,-0.2934499253,-0.1727986002,8.146674105,nan,nan
jkt_a0.118,3,0.5,0.1150681636,0.1386088966,0.2674551323,-0.1329000664,0.3638458049,nan,nan
jkt_a0.118,3,1.5,0.1153082417,0.1390970148,0.2680785643,-0.1337254214,0.3637267693,nan,nan
jkt_a0.118,3,2.5,0.1157928241,0.1400818543,0.2693293237,-0.1353974057,0.363493279,nan,nan
jkt_a0.118,3,3.5,0.1165277256,0.1415818666,0.2712148753,-0.1379596614,0.3631493569,nan,nan
jkt_a0.118,3,4.5,0.1175396659,0.1436394648,0.2737455232,-0.1414804682,0.3627873536,nan,nan
jkt_a0.118,3,5.5,0.1188326829,0.1462815489,0.2769330998,-0.1460563583,0.3623536336,nan,nan
jkt_a0.118,3,6.5,0.1204416413,0.1495740515,0.2807887632,-0.1518173455,0.3619421265,nan,nan
jkt_a0.118,3,7.5,0.1224024821,0.1535932571,0.285319383,-0.1589341488,0.3616224219,nan,nan
jkt_a0.118,3,8.5,0.1247622946,0.1584381338,0.2905216639,-0.1676279111,0.3614894766,nan,nan
jkt_a0.118,3,9.5,0.1275916246,0.1642394784,0.2963726232,-0.1781830229,0.3617000098,nan,nan
jkt_a0.118,3,10.5,0.1309753603,0.171163922,0.3028141655,-0.1909636879,0.3624402851,nan,nan
jkt_a0.118,3,11.5,0.1350406915,0.1794316226,0.309728082,-0.2064346676,0.3640048798,nan,nan
jkt_a0.118,3,12.5,0.1399605389,0.1893318287,0.3168955198,-0.2251858253,0.3668032197,nan,nan
jkt_a0.118,3,13.5,0.1459858977,0.2012500355,0.3239314243,-0.2479578418,0.3714423927,nan,nan
jkt_a0.118,3,14.5,0.1534931756,0.2157066724,0.3301793347,-0.2756609785,0.3788472004,nan,nan
jkt_a0.118,3,15.5,0.1630402369,0.233406745,0.3345457874,-0.3093663412,0.3904129727,nan,nan
jkt_a0.118,3,16.5,0.1758899178,0.2553709045,0.3352504234,-0.3502229043,0.4090704113,nan,nan
jkt_a0.118,3,17.5,0.1932817479,0.282906879,0.3294819644,-0.3992036004,0.4381655446,nan,nan
jkt_a0.118,3,18.5,0.2183672535,0.3175719121,0.3130210083,-0.4565059424,0.484810564,nan,nan
jkt_a0.118,3,19.5,0.2565886604,0.3610075881,0.280100448,-0.520371117,0.5616850689,nan,nan
jkt_a0.118,3,20.5,0.3176945355,0.4128749968,0.2242052113,-0.5852493905,0.6909523052,nan,nan
jkt_a0.118,3,21.5,0.4167032131,0.4653676437,0.1409261204,-0.6401149966,0.9082912202,nan,nan
jkt_a0.118,3,22.5,0.5675487356,0.4944641643,0.03311542366,-0.6695029614,1.2610004,nan,nan
jkt_a0.118,3,23.5,0.7641249078,0.4590364286,-0.08515426124,-0.6601568096,1.793446566,nan,nan
jkt_a0.118,3,24.5,0.9637002122,0.3242640777,-0.1924276484,-0.610487076,2.523328248,nan,nan
jkt_a0.118,3,25.5,1.102340782,0.09513728272,-0.2713723531,-0.5329649635,3.422490246,nan,nan
jkt_a0.118,3,26.5,1.134834169,-0.1793779215,-0.3169403003,-0.4458264731,4.411665552,nan,nan
jkt_a0.118,3,27.5,1.059606881,-0.4364154285,-0.3344191994,-0.3633434649,5.385277816,nan,nan
jkt_a0.118,3,28.5,0.9094666946,-0.6331092198,-0.332799388,-0.2925343503,6.254499198,nan,nan
jkt_a0.118,3,29.5,0.7253662712,-0.7560820104,-0.3201223814,-0.2349265374,6.962798697,nan,nan
jkt_a0.118,3.5,0.5,0.1091609117,0.1208440144,0.2419473156,-0.1030429732,0.383469883,nan,nan
jkt_a0.118,3.5,1.5,0.1093672563,0.1212220407,0.2425021742,-0.1036216916,0.3832924308,nan,nan
jkt_a0.118,3.5,2.5,0.1097831861,0.1219837395,0.2436170608,-0.1047929408,0.382938458,nan,nan
jkt_a0.118,3.5,3.5,0.1104129234,0.123141371,0.2453022791,-0.106585029,0.3824051896,nan,nan
jkt_a0.118,3.5,4.5,0.1112758397,0.1247259458,0.2475731692,-0.10904218,0.3817689848,nan,nan
jkt_a0.118,3.5,5.5,0.1123745739,0.1267521665,0.250449887,-0.1122268011,0.380963307,nan,nan
jkt_a0.118,3.5,6.5,0.113733669,0.1292655643,0.2539569514,-0.1162227845,0.3800541454,nan,nan
jkt_a0.118,3.5,7.5,0.1153778292,0.1323162731,0.2581223746,-0.1211401083,0.3790756309,nan,nan
jkt_a0.118,3.5,8.5,0.1173384379,0.1359685711,0.2629760662,-0.1271211263,0.378073148,nan,nan
jkt_a0.118,3.5,9.5,0.119661908,0.1403067263,0.2685469962,-0.1343490717,0.3771323043,nan,nan
jkt_a0.118,3.5,10.5,0.1224010681,0.1454354741,0.2748582621,-0.1430594937,0.3763393227,nan,nan
jkt_a0.118,3.5,11.5,0.1256331912,0.1514914405,0.2819186195,-0.1535555469,0.3758424919,nan,nan
jkt_a0.118,3.5,12.5,0.1294576326,0.1586499434,0.2897080516,-0.166228257,0.3758346208,nan,nan
jkt_a0.118,3.5,13.5,0.1340110133,0.1671396882,0.2981532712,-0.1815829149,0.3765937691,nan,nan
jkt_a0.118,3.5,14.5,0.1394863287,0.1772629,0.3070861994,-0.2002722571,0.3785300711,nan,nan
jkt_a0.118,3.5,15.5,0.1461487771,0.1894182485,0.3161737398,-0.2231351264,0.3822155699,nan,nan
jkt_a0.118,3.5,16.5,0.1546033492,0.2041903371,0.3247996968,-0.2512336619,0.3890317657,nan,nan
jkt_a0.118,3.5,17.5,0.165260291,0.2223616163,0.3318692238,-0.2858677688,0.4000658143,nan,nan
jkt_a0.118,3.5,18.5,0.1793736857,0.2448643019,0.3354962332,-0.328512304,0.4178803414,nan,nan
jkt_a0.118,3.5,19.5,0.198857226,0.273159563,0.3325420196,-0.3805520816,0.4469793218,nan,nan
jkt_a0.118,3.5,20.5,0.2271725792,0.3089939205,0.3180559387,-0.4425656103,0.4951945749,nan,nan
jkt_a0.118,3.5,21.5,0.2708982471,0.3538524055,0.2849650255,-0.5127779032,0.577072651,nan,nan
jkt_a0.118,3.5,22.5,0.3419043252,0.4061952726,0.2250480305,-0.5844899832,0.7186108077,nan,nan
jkt_a0.118,3.5,23.5,0.4574312072,0.4538796192,0.1329694807,-0.6436721696,0.9612385871,nan,nan
jkt_a0.118,3.5,24.5,0.6288302546,0.463745684,0.01366345558,-0.6708626561,1.355905623,nan,nan
jkt_a0.118,3.5,25.5,0.8358182585,0.3886560708,-0.113104215,-0.6515055529,1.943148591,nan,nan
jkt_a0.118,3.5,26.5,1.017806893,0.2038150773,-0.2207973546,-0.5882680527,2.729083218,nan,nan
jkt_a0.118,3.5,27.5,1.106185076,-0.06145681048,-0.292469176,-0.5000980398,3.657001576,nan,nan
jkt_a0.118,3.5,28.5,1.074483574,-0.3377256745,-0.3275706895,-0.4084057879,4.628177887,nan,nan
jkt_a0.118,3.5,29.5,0.9461913562,-0.5649849064,-0.3354507292,-0.3266067402,5.540559815,nan,nan
jkt_a0.118,4,0.5,0.1036732453,0.1067156824,0.2195977606,-0.08182972857,0.4030711672,nan,nan
jkt_a0.118,4,1.5,0.1038528181,0.1070164043,0.2200786687,-0.08224672481,0.4028670904,nan,nan
jkt_a0.118,4,2.5,0.1042144942,0.1076215741,0.2210454553,-0.08308988262,0.4024577281,nan,nan
jkt_a0.118,4,3.5,0.1047614718,0.1085396807,0.2225081184,-0.08437795908,0.4018369786,nan,nan
jkt_a0.118,4,4.5,0.1055082135,0.1097948032,0.2244817918,-0.08614018829,0.4010724234,nan,nan
jkt_a0.118,4,5.5,0.1064569488,0.1113941534,0.2269868847,-0.08841769438,0.4000917678,nan,nan
jkt_a0.118,4,6.5,0.107625699,0.1133708808,0.2300492199,-0.09126554431,0.398945838,nan,nan
jkt_a0.118,4,7.5,0.1090325283,0.1157595919,0.2337001129,-0.09475560851,0.397651177,nan,nan
jkt_a0.118,4,8.5,0.110699844,0.1186042188,0.2379762868,-0.09898047189,0.3962287647,nan,nan
jkt_a0.118,4,9.5,0.1126605376,0.1219620462,0.2429194495,-0.1040587395,0.3947293135,nan,nan
jkt_a0.118,4,10.5,0.1149505424,0.1259027591,0.2485752295,-0.1101422207,0.3931920596,nan,nan
jkt_a0.118,4,11.5,0.1176215968,0.1305163682,0.2549909522,-0.1174256682,0.3916975793,nan,nan
jkt_a0.118,4,12.5,0.1207375717,0.1359160088,0.2622113594,-0.1261600039,0.3903422259,nan,nan
jkt_a0.118,4,13.5,0.1243828772,0.1422464408,0.2702707172,-0.1366702948,0.3892628875,nan,nan
jkt_a0.118,4,14.5,0.1286715937,0.1496949629,0.2791785978,-0.1493801083,0.3886581184,nan,nan
jkt_a0.118,4,15.5,0.1337516921,0.1585006436,0.2888945643,-0.1648441657,0.3887782974,nan,nan
jkt_a0.118,4,16.5,0.1399760746,0.1690155975,0.2992833668,-0.1837910029,0.3904313249,nan,nan
jkt_a0.118,4,17.5,0.1474611539,0.1817165031,0.3100359353,-0.2071755361,0.39387306,nan,nan
jkt_a0.118,4,18.5,0.1568524988,0.1971054947,0.32053086,-0.2362351388,0.4002173059,nan,nan
jkt_a0.118,4,19.5,0.1689394524,0.2160671826,0.3295949258,-0.272525049,0.4112873063,nan,nan
jkt_a0.118,4,20.5,0.1850584906,0.2397436099,0.3351029923,-0.3178638393,0.429958403,nan,nan
jkt_a0.118,4,21.5,0.2076007093,0.2696849169,0.3333607721,-0.374017002,0.4614328556,nan,nan
jkt_a0.118,4,22.5,0.2410110648,0.3077211924,0.3183283611,-0.4417523642,0.5153118132,nan,nan
jkt_a0.118,4,23.5,0.2937517197,0.3548689135,0.281205322,-0.5186854802,0.6096388269,nan,nan
jkt_a0.118,4,24.5,0.3808855568,0.4068253066,0.2120227307,-0.5956741066,0.7768763905,nan,nan
jkt_a0.118,4,25.5,0.5211280949,0.4426351226,0.1059233865,-0.6539849424,1.065124693,nan,nan
jkt_a0.118,4,26.5,0.7157915902,0.417501853,-0.02664520509,-0.6700814162,1.526876314,nan,nan
jkt_a0.118,4,27.5,0.9222344759,0.2838293574,-0.1574990637,-0.6318837924,2.195502655,nan,nan
jkt_a0.118,4,28.5,1.059668609,0.04263678445,-0.2571304375,-0.5511892962,3.040382027,nan,nan
jkt_a0.118,4,29.5,1.075226646,-0.2422550019,-0.3139660072,-0.4540309548,3.986626292,nan,nan
jkt_a0.120,-6,0.5,-0.6415205335,-0.4249624206,-0.15695205,-0.03896704063,22.64198281,nan,nan
jkt_a0.120,-6,1.5,-0.6400227606,-0.4230283137,-0.1566852392,-0.03882600732,22.58762546,nan,nan
jkt_a0.120,-6,2.5,-0.6370394031,-0.4191931563,-0.1561541305,-0.03854618167,22.47946999,nan,nan
jkt_a0.120,-6,3.5,-0.6325992036,-0.4135288874,-0.1553636967,-0.03813196867,22.31906692,nan,nan
jkt_a0.120,-6,4.5,-0.626746025,-0.4061474117,-0.1543212666,-0.03758978776,22.1089779,nan,nan
jkt_a0.120,-6,5.5,-0.6195283741,-0.3971646791,-0.1530363732,-0.0369278595,21.85117799,nan,nan
jkt_a0.120,-6,6.5,-0.6110142237,-0.3867408895,-0.1515205585,-0.03615594016,21.54919145,nan,nan
jkt_a0.120,-6,7.5,-0.6012813842,-0.3750484527,-0.1497871425,-0.03528501872,21.20670438,nan,nan
jkt_a0.120,-6,8.5,-0.5904202406,-0.3622745737,-0.1478509627,-0.03432699181,20.82792473,nan,nan
jkt_a0.120,-6,9.5,-0.5785233327,-0.3486065189,-0.1457280922,-0.03329433221,20.41673236,nan,nan
jkt_a0.120,-6,10.5,-0.5656992938,-0.3342410774,-0.1434355466,-0.0321997656,19.9778428,nan,nan
jkt_a0.120,-6,11.5,-0.5520558625,-0.3193651539,-0.1409909875,-0.03105596824,19.51547808,nan,nan
jkt_a0.120,-6,12.5,-0.5377078522,-0.3041605142,-0.1384124304,-0.02987529594,19.03407407,nan,nan
jkt_a0.120,-6,13.5,-0.5227721028,-0.288797407,-0.1357179674,-0.02866955169,18.53795903,nan,nan
jkt_a0.120,-6,14.5,-0.5073637323,-0.2734301406,-0.1329255085,-0.02744979638,18.03114206,nan,nan
jkt_a0.120,-6,15.5,-0.4915955603,-0.2581961034,-0.1300525494,-0.02622620432,17.51735837,nan,nan
jkt_a0.120,-6,16.5,-0.4755945606,-0.2432435287,-0.1271159683,-0.02500796271,17.00189773,nan,nan
jkt_a0.120,-6,17.5,-0.4594284044,-0.2286158042,-0.1241318549,-0.02380321238,16.48416459,nan,nan
jkt_a0.120,-6,18.5,-0.4432190106,-0.2144378519,-0.1211153732,-0.02261902535,15.96955453,nan,nan
jkt_a0.120,-6,19.5,-0.4270524744,-0.2007709587,-0.1180806566,-0.02146141432,15.4601816,nan,nan
jkt_a0.120,-6,20.5,-0.4110113269,-0.1876673595,-0.1150407353,-0.02033536796,14.95829975,nan,nan
jkt_a0.120,-6,21.5,-0.3951684026,-0.1751642646,-0.1120074923,-0.01924490672,14.4657741,nan,nan
jkt_a0.120,-6,22.5,-0.3795849718,-0.1632839943,-0.108991647,-0.01819315321,13.98395062,nan,nan
jkt_a0.120,-6,23.5,-0.3643196178,-0.1520415922,-0.1060027603,-0.01718241252,13.51438222,nan,nan
jkt_a0.120,-6,24.5,-0.3494172792,-0.1414389932,-0.1030492603,-0.0162142578,13.05796195,nan,nan
jkt_a0.120,-6,25.5,-0.3349159597,-0.1314708486,-0.1001384838,-0.01528961763,12.61544912,nan,nan
jkt_a0.120,-6,26.5,-0.320846027,-0.1221251446,-0.09727672897,-0.01440886219,12.18739665,nan,nan
jkt_a0.120,-6,27.5,-0.3072308623,-0.1133846143,-0.09446931864,-0.01357188589,11.77418103,nan,nan
jkt_a0.120,-6,28.5,-0.2940872163,-0.1052277801,-0.0917206687,-0.01277818499,11.37600239,nan,nan
jkt_a0.120,-6,29.5,-0.281425871,-0.09763004118,-0.08903436056,-0.01202692892,10.99290584,nan,nan
jkt_a0.120,-5.5,0.5,-0.7221184826,-0.5782809981,-0.1693481936,-0.04586591423,27.80359674,nan,nan
jkt_a0.120,-5.5,1.5,-0.7204454462,-0.5754612207,-0.1690414722,-0.04568683649,27.72776605,nan,nan
jkt_a0.120,-5.5,2.5,-0.7171098041,-0.5698729256,-0.1684310498,-0.04533173763,27.5769799,nan,nan
jkt_a0.120,-5.5,3.5,-0.7121374627,-0.5616270949,-0.1675229031,-0.04480661867,27.35358142,nan,nan
jkt_a0.120,-5.5,4.5,-0.7055680602,-0.5508965135,-0.1663258391,-0.0441202074,27.06144921,nan,nan
jkt_a0.120,-5.5,5.5,-0.697447017,-0.5378594723,-0.1648513103,-0.04328364883,26.7036285,nan,nan
jkt_a0.120,-5.5,6.5,-0.6878391664,-0.5227620048,-0.1631131772,-0.04231012195,26.28544114,nan,nan
jkt_a0.120,-5.5,7.5,-0.676821408,-0.505867701,-0.1611274253,-0.04121440479,25.81243465,nan,nan
jkt_a0.120,-5.5,8.5,-0.6644861463,-0.4874612583,-0.1589118444,-0.04001241137,25.29087445,nan,nan
jkt_a0.120,-5.5,9.5,-0.6509301156,-0.4678266749,-0.1564856818,-0.03872072396,24.72660383,nan,nan
jkt_a0.120,-5.5,10.5,-0.6362710001,-0.4472596055,-0.1538692792,-0.03735614231,24.12653008,nan,nan
jkt_a0.120,-5.5,11.5,-0.6206281898,-0.4260393872,-0.1510837056,-0.03593526809,23.49687423,nan,nan
jkt_a0.120,-5.5,12.5,-0.604132057,-0.4044350667,-0.148150396,-0.03447413909,22.84406475,nan,nan
jkt_a0.120,-5.5,13.5,-0.5869179946,-0.3826961317,-0.1450908076,-0.0329879228,22.17430622,nan,nan
jkt_a0.120,-5.5,14.5,-0.569121775,-0.3610461828,-0.1419261018,-0.03149067464,21.49329538,nan,nan
jkt_a0.120,-5.5,15.5,-0.55087844,-0.3396815702,-0.1386768594,-0.02999516177,20.80626988,nan,nan
jkt_a0.120,-5.5,16.5,-0.5323407733,-0.3188126329,-0.1353628343,-0.02851274998,20.12054289,nan,nan
jkt_a0.120,-5.5,17.5,-0.5135943121,-0.2984933162,-0.1320027497,-0.02705334827,19.43520214,nan,nan
jkt_a0.120,-5.5,18.5,-0.4947871237,-0.2788970381,-0.128614137,-0.02562540373,18.75758953,nan,nan
jkt_a0.120,-5.5,19.5,-0.4760260814,-0.260102437,-0.1252132173,-0.02423593845,18.090433,nan,nan
jkt_a0.120,-5.5,20.5,-0.4574135576,-0.242174404,-0.1218148241,-0.02289061944,17.43660332,nan,nan
jkt_a0.120,-5.5,21.5,-0.4390400583,-0.2251558545,-0.1184323625,-0.02159385328,16.79841385,nan,nan
jkt_a0.120,-5.5,22.5,-0.4209818644,-0.2090683968,-0.1150778013,-0.02034889716,16.17746806,nan,nan
jkt_a0.120,-5.5,23.5,-0.4033111573,-0.1939229726,-0.1117616942,-0.01915797965,15.57556479,nan,nan
jkt_a0.120,-5.5,24.5,-0.3860833498,-0.179712554,-0.1084932234,-0.01802242514,14.99364603,nan,nan
jkt_a0.120,-5.5,25.5,-0.3693448404,-0.1664202595,-0.1052802624,-0.01694277712,14.43245438,nan,nan
jkt_a0.120,-5.5,26.5,-0.3531322612,-0.1540204655,-0.1021294517,-0.01591891687,13.89245269,nan,nan
jkt_a0.120,-5.5,27.5,-0.3374733176,-0.1424809198,-0.09904628514,-0.01495017475,13.37386965,nan,nan
jkt_a0.120,-5.5,28.5,-0.3223873113,-0.1317642995,-0.09603520147,-0.01403543239,12.87670764,nan,nan
jkt_a0.120,-5.5,29.5,-0.3078860222,-0.1218297778,-0.09309967909,-0.01317321492,12.40077567,nan,nan
jkt_a0.120,-5,0.5,-0.7967350235,-0.8092184126,-0.1836433701,-0.05470991216,35.12225515,nan,nan
jkt_a0.120,-5,1.5,-0.7950645553,-0.8050043153,-0.1832886967,-0.05447832498,35.01278347,nan,nan
jkt_a0.120,-5,2.5,-0.7917242792,-0.7966569629,-0.1825829739,-0.05401941255,34.79526139,nan,nan
jkt_a0.120,-5,3.5,-0.7867209198,-0.7843506576,-0.1815333754,-0.05334153111,34.47336895,nan,nan
jkt_a0.120,-5,4.5,-0.7800648955,-0.7683570197,-0.180150476,-0.05245680679,34.05319535,nan,nan
jkt_a0.120,-5,5.5,-0.7717740734,-0.7489553842,-0.1784480349,-0.05138067573,33.53962095,nan,nan
jkt_a0.120,-5,6.5,-0.7618778989,-0.726530924,-0.1764427118,-0.05013131752,32.94097791,nan,nan
jkt_a0.120,-5,7.5,-0.7504205874,-0.7014947964,-0.1741537275,-0.04872901637,32.26592425,nan,nan
jkt_a0.120,-5,8.5,-0.737465587,-0.6742891393,-0.1716024747,-0.04719548669,31.5241328,nan,nan
jkt_a0.120,-5,9.5,-0.7230856453,-0.6453539855,-0.1688120931,-0.04555319889,30.7247046,nan,nan
jkt_a0.120,-5,10.5,-0.7073829198,-0.6151436753,-0.165807021,-0.04382473808,29.87811539,nan,nan
jkt_a0.120,-5,11.5,-0.6904687273,-0.5840854266,-0.1626125384,-0.04203222265,28.99383302,nan,nan
jkt_a0.120,-5,12.5,-0.6724743203,-0.5525870459,-0.1592543159,-0.04019680294,28.08147434,nan,nan
jkt_a0.120,-5,13.5,-0.6535440725,-0.5210230735,-0.1557579838,-0.03833825302,27.1502068,nan,nan
jkt_a0.120,-5,14.5,-0.6338296609,-0.4897254712,-0.1521487344,-0.03647466102,26.20835607,nan,nan
jkt_a0.120,-5,15.5,-0.6134878487,-0.458981682,-0.1484509668,-0.03462221733,25.26345912,nan,nan
jkt_a0.120,-5,16.5,-0.5926982657,-0.429097268,-0.1446879828,-0.0327950946,24.32587562,nan,nan
jkt_a0.120,-5,17.5,-0.5715744463,-0.4001392041,-0.140881738,-0.03100540927,23.39414397,nan,nan
jkt_a0.120,-5,18.5,-0.5502950963,-0.3723535652,-0.1370526498,-0.02926325246,22.47846811,nan,nan
jkt_a0.120,-5,19.5,-0.5289971262,-0.3458420877,-0.1332194615,-0.02757677622,21.58238556,nan,nan
jkt_a0.120,-5,20.5,-0.5078121693,-0.3206852227,-0.1293991597,-0.02595232165,20.70956126,nan,nan
jkt_a0.120,-5,21.5,-0.4868578543,-0.2969305721,-0.1256069393,-0.02439457581,19.86283848,nan,nan
jkt_a0.120,-5,22.5,-0.4662345608,-0.2745945857,-0.1218562101,-0.02290674587,19.04406292,nan,nan
jkt_a0.120,-5,23.5,-0.4460366124,-0.2536778678,-0.1181586394,-0.02149074086,18.25524172,nan,nan
jkt_a0.120,-5,24.5,-0.4263375695,-0.23415592,-0.1145242224,-0.02014735288,17.49724403,nan,nan
jkt_a0.120,-5,25.5,-0.4071990073,-0.2159907594,-0.1109613741,-0.01887643188,16.77064453,nan,nan
jkt_a0.120,-5,26.5,-0.3886696679,-0.1991328615,-0.1074770374,-0.01767704957,16.07563692,nan,nan
jkt_a0.120,-5,27.5,-0.3707865063,-0.1835243766,-0.1040768002,-0.01654764953,15.41210468,nan,nan
jkt_a0.120,-5,28.5,-0.3535754288,-0.1691014873,-0.1007650183,-0.015486182,14.77964267,nan,nan
jkt_a0.120,-5,29.5,-0.3370524686,-0.1557966987,-0.09754493894,-0.01449022268,14.177608,nan,nan
jkt_a0.120,-4.5,0.5,-0.8268729512,-1.159960049,-0.2002145394,-0.06627197666,45.62331141,nan,nan
jkt_a0.120,-4.5,1.5,-0.8257776319,-1.153571677,-0.1998026125,-0.06596621125,45.46006275,nan,nan
jkt_a0.120,-4.5,2.5,-0.8235558266,-1.140921733,-0.198983058,-0.06536076822,45.13595104,nan,nan
jkt_a0.120,-4.5,3.5,-0.8201497793,-1.122283051,-0.1977643951,-0.06446756639,44.65696278,nan,nan
jkt_a0.120,-4.5,4.5,-0.8154713535,-1.098081578,-0.1961592038,-0.06330385975,44.03297469,nan,nan
jkt_a0.120,-4.5,5.5,-0.8094425695,-1.068754665,-0.1941838869,-0.06189153697,43.27209346,nan,nan
jkt_a0.120,-4.5,6.5,-0.8019670723,-1.034905924,-0.1918583529,-0.06025626273,42.38779929,nan,nan
jkt_a0.120,-4.5,7.5,-0.7929664131,-0.9971789729,-0.1892056267,-0.05842651621,41.39406206,nan,nan
jkt_a0.120,-4.5,8.5,-0.7823861727,-0.9562647503,-0.186251393,-0.05643258487,40.30632116,nan,nan
jkt_a0.120,-4.5,9.5,-0.770193212,-0.9128507667,-0.1830234857,-0.05430556998,39.13919362,nan,nan
jkt_a0.120,-4.5,10.5,-0.7564005557,-0.8676433659,-0.1795513389,-0.05207645414,37.90908542,nan,nan
jkt_a0.120,-4.5,11.5,-0.74105053,-0.8213050861,-0.1758654167,-0.04977527144,36.63083829,nan,nan
jkt_a0.120,-4.5,12.5,-0.7242271006,-0.7744644324,-0.1719966445,-0.04743040925,35.3192625,nan,nan
jkt_a0.120,-4.5,13.5,-0.7060487418,-0.7276945091,-0.167975859,-0.04506805848,33.98827899,nan,nan
jkt_a0.120,-4.5,14.5,-0.6866609813,-0.681498755,-0.1638332994,-0.04271181754,32.65036297,nan,nan
jkt_a0.120,-4.5,15.5,-0.6662316924,-0.636307874,-0.1595981519,-0.04038244477,31.31660431,nan,nan
jkt_a0.120,-4.5,16.5,-0.6449595883,-0.5925762032,-0.1552981621,-0.03809774661,30.00198301,nan,nan
jkt_a0.120,-4.5,17.5,-0.6230077275,-0.5503886221,-0.1509593218,-0.03587258297,28.70405886,nan,nan
jkt_a0.120,-4.5,18.5,-0.6005874043,-0.5101025962,-0.1466056315,-0.03371896823,27.43724921,nan,nan
jkt_a0.120,-4.5,19.5,-0.5778834282,-0.4718522932,-0.1422589405,-0.0316462456,26.20610473,nan,nan
jkt_a0.120,-4.5,20.5,-0.5550754534,-0.4357382402,-0.1379388558,-0.02966131291,25.01524783,nan,nan
jkt_a0.120,-4.5,21.5,-0.5323280456,-0.4018107963,-0.1336627166,-0.02776888049,23.86806144,nan,nan
jkt_a0.120,-4.5,22.5,-0.5097856239,-0.3700737354,-0.1294456225,-0.02597174401,22.76649455,nan,nan
jkt_a0.120,-4.5,23.5,-0.4875837738,-0.3405068397,-0.1253005066,-0.02427105887,21.71258539,nan,nan
jkt_a0.120,-4.5,24.5,-0.4658321725,-0.3130540434,-0.1212382442,-0.0226666054,20.70683448,nan,nan
jkt_a0.120,-4.5,25.5,-0.4446239466,-0.287640492,-0.1172677868,-0.02115703756,19.74931431,nan,nan
jkt_a0.120,-4.5,26.5,-0.424034598,-0.2641758941,-0.1133963139,-0.01974010997,18.8395821,nan,nan
jkt_a0.120,-4.5,27.5,-0.4041232074,-0.242559505,-0.1096293935,-0.01841288078,17.97679122,nan,nan
jkt_a0.120,-4.5,28.5,-0.3849334363,-0.2226837489,-0.105971147,-0.01717188909,17.15973612,nan,nan
jkt_a0.120,-4.5,29.5,-0.366495097,-0.204437625,-0.1024244123,-0.01601330751,16.38693093,nan,nan
jkt_a0.120,-4,0.5,-0.7111270719,-1.673755198,-0.2194777917,-0.08172595214,60.29499263,nan,nan
jkt_a0.120,-4,1.5,-0.7121704027,-1.664247299,-0.2189989473,-0.081312724,60.04705454,nan,nan
jkt_a0.120,-4,2.5,-0.7141379421,-1.645416848,-0.2180461934,-0.08049519123,59.55524096,nan,nan
jkt_a0.120,-4,3.5,-0.7167917334,-1.617664045,-0.2166293377,-0.07929079782,58.8294592,nan,nan
jkt_a0.120,-4,4.5,-0.7197676491,-1.581617,-0.2147629286,-0.07772473165,57.88596281,nan,nan
jkt_a0.120,-4,5.5,-0.7227164331,-1.537922665,-0.2124660469,-0.07582883059,56.73847879,nan,nan
jkt_a0.120,-4,6.5,-0.7251828371,-1.487479618,-0.2097620064,-0.07364024839,55.40915293,nan,nan
jkt_a0.120,-4,7.5,-0.7267323229,-1.431251917,-0.2066779601,-0.0711999703,53.92090256,nan,nan
jkt_a0.120,-4,8.5,-0.7269601705,-1.370280735,-0.2032444072,-0.06855127359,52.29879743,nan,nan
jkt_a0.120,-4,9.5,-0.7255117054,-1.305608811,-0.1994946093,-0.06573822362,50.56666277,nan,nan
jkt_a0.120,-4,10.5,-0.7221142507,-1.238311625,-0.195463932,-0.06280428513,48.75062832,nan,nan
jkt_a0.120,-4,11.5,-0.7165761751,-1.169402751,-0.1911891358,-0.05979111137,46.87429963,nan,nan
jkt_a0.120,-4,12.5,-0.7088005574,-1.099845391,-0.1867076461,-0.0567375537,44.96081387,nan,nan
jkt_a0.120,-4,13.5,-0.6987796532,-1.03051823,-0.1820568333,-0.05367891327,43.03158336,nan,nan
jkt_a0.120,-4,14.5,-0.6865850987,-0.9621920789,-0.1772733365,-0.05064643719,41.10549587,nan,nan
jkt_a0.120,-4,15.5,-0.6723574124,-0.8955235219,-0.1723924545,-0.04766704532,39.19899002,nan,nan
jkt_a0.120,-4,16.5,-0.6562817952,-0.8312007526,-0.1674476268,-0.04476326135,37.33384641,nan,nan
jkt_a0.120,-4,17.5,-0.6386187682,-0.769344593,-0.1624700167,-0.04195331449,35.50590265,nan,nan
jkt_a0.120,-4,18.5,-0.6196051206,-0.7104868263,-0.1574882023,-0.03925137434,33.73553298,nan,nan
jkt_a0.120,-4,19.5,-0.5995107793,-0.6548154183,-0.1525279741,-0.03666788144,32.02837468,nan,nan
jkt_a0.120,-4,20.5,-0.5786035544,-0.6024640708,-0.1476122311,-0.03420993913,30.39000129,nan,nan
jkt_a0.120,-4,21.5,-0.5571389559,-0.5534885009,-0.1427609658,-0.03188173634,28.82410362,nan,nan
jkt_a0.120,-4,22.5,-0.5353511009,-0.507873202,-0.1379913236,-0.02968497683,27.33229777,nan,nan
jkt_a0.120,-4,23.5,-0.5134611881,-0.4655652026,-0.1333177208,-0.02761929587,25.91616,nan,nan
jkt_a0.120,-4,24.5,-0.4916578308,-0.4264588707,-0.1287520086,-0.02568265062,24.57518696,nan,nan
jkt_a0.120,-4,25.5,-0.4701054145,-0.3904213617,-0.1243036679,-0.02387167552,23.30827724,nan,nan
jkt_a0.120,-4,26.5,-0.4489424453,-0.3572983798,-0.1199800225,-0.02218199778,22.11365574,nan,nan
jkt_a0.120,-4,27.5,-0.428282672,-0.3269220253,-0.1157864623,-0.02060851123,20.98904871,nan,nan
jkt_a0.120,-4,28.5,-0.4082163778,-0.2991164713,-0.1117266653,-0.01914560912,19.9317659,nan,nan
jkt_a0.120,-4,29.5,-0.3888124809,-0.2737031461,-0.1078028149,-0.0177873782,18.93881981,nan,nan
jkt_a0.120,-3.5,0.5,-0.233435795,-2.311809821,-0.2418088706,-0.1028990055,78.17807154,nan,nan
jkt_a0.120,-3.5,1.5,-0.240181745,-2.299132367,-0.2412561695,-0.102325961,77.81122522,nan,nan
jkt_a0.120,-3.5,2.5,-0.2533477465,-2.273979829,-0.2401559521,-0.1011932975,77.08417962,nan,nan
jkt_a0.120,-3.5,3.5,-0.2722691172,-2.236800648,-0.238518605,-0.09952722105,76.01274566,nan,nan
jkt_a0.120,-3.5,4.5,-0.2959252044,-2.18831356,-0.2363597297,-0.09736547747,74.62264093,nan,nan
jkt_a0.120,-3.5,5.5,-0.3233167993,-2.129274704,-0.2337001129,-0.09475560851,72.9364039,nan,nan
jkt_a0.120,-3.5,6.5,-0.3531218563,-2.060764281,-0.230565608,-0.09175283175,70.98911428,nan,nan
jkt_a0.120,-3.5,7.5,-0.3840351436,-1.983979969,-0.2269868847,-0.08841769438,68.81713788,nan,nan
jkt_a0.120,-3.5,8.5,-0.4147825694,-1.900258455,-0.2229990165,-0.08481365768,66.45993166,nan,nan
jkt_a0.120,-3.5,9.5,-0.4442001407,-1.810978582,-0.2186408946,-0.08100476234,63.95508192,nan,nan
jkt_a0.120,-3.5,10.5,-0.4712774616,-1.717607746,-0.2139544787,-0.07705350467,61.34302981,nan,nan
jkt_a0.120,-3.5,11.5,-0.4952032887,-1.621566897,-0.208983919,-0.07301902379,58.66020895,nan,nan
jkt_a0.120,-3.5,12.5,-0.5153808426,-1.524240356,-0.2037745958,-0.06895566465,55.94173981,nan,nan
jkt_a0.120,-3.5,13.5,-0.5314301085,-1.426919002,-0.1983721332,-0.06491194512,53.21961211,nan,nan
jkt_a0.120,-3.5,14.5,-0.5431757748,-1.330757737,-0.1928214453,-0.06092992209,50.52155736,nan,nan
jkt_a0.120,-3.5,15.5,-0.5506246467,-1.236757161,-0.1871658644,-0.05704492447,47.87114951,nan,nan
jkt_a0.120,-3.5,16.5,-0.5538546114,-1.14596392,-0.181446392,-0.05328560121,45.29896288,nan,nan
jkt_a0.120,-3.5,17.5,-0.5533199364,-1.058611811,-0.1757010977,-0.04967422204,42.79814703,nan,nan
jkt_a0.120,-3.5,18.5,-0.5492501417,-0.975508768,-0.1699646783,-0.04622716446,40.396306,nan,nan
jkt_a0.120,-3.5,19.5,-0.54207309,-0.8969631822,-0.1642681761,-0.04295552397,38.0997661,nan,nan
jkt_a0.120,-3.5,20.5,-0.5322258284,-0.8231943858,-0.1586388448,-0.03986579091,35.9145229,nan,nan
jkt_a0.120,-3.5,21.5,-0.5201467223,-0.7542997083,-0.1531001449,-0.03696054728,33.8438113,nan,nan
jkt_a0.120,-3.5,22.5,-0.5062572428,-0.6902655552,-0.1476718462,-0.03423914711,31.88796631,nan,nan
jkt_a0.120,-3.5,23.5,-0.490960143,-0.6310166421,-0.1423702139,-0.0316983546,30.04709773,nan,nan
jkt_a0.120,-3.5,24.5,-0.4746171898,-0.5763971121,-0.1372082542,-0.02933292281,28.31861372,nan,nan
jkt_a0.120,-3.5,25.5,-0.4575523499,-0.5262081195,-0.1321959995,-0.02713610416,26.69916106,nan,nan
jkt_a0.120,-3.5,26.5,-0.4400486592,-0.4802177134,-0.1273408144,-0.02510008925,25.18458349,nan,nan
jkt_a0.120,-3.5,27.5,-0.4223485532,-0.4381733347,-0.1226477069,-0.02321637555,23.77018387,nan,nan
jkt_a0.120,-3.5,28.5,-0.4046553586,-0.3998109485,-0.1181196356,-0.02147607016,22.45085714,nan,nan
jkt_a0.120,-3.5,29.5,-0.3871360908,-0.3648631955,-0.1137578017,-0.01987013284,21.2212603,nan,nan
jkt_a0.120,-3,0.5,0.8515678634,-2.726879621,-0.2672994807,-0.1326948236,91.63846571,nan,nan
jkt_a0.120,-3,1.5,0.8338327359,-2.715370309,-0.2666777089,-0.1318782024,91.16051072,nan,nan
jkt_a0.120,-3,2.5,0.7990278843,-2.692329723,-0.2654382345,-0.1302656139,90.21380348,nan,nan
jkt_a0.120,-3,3.5,0.7485292719,-2.657770302,-0.2635894681,-0.1278973312,88.81982195,nan,nan
jkt_a0.120,-3,4.5,0.6844708876,-2.611781006,-0.2611446407,-0.1248312546,87.01307745,nan,nan
jkt_a0.120,-3,5.5,0.608971032,-2.554535293,-0.2581223746,-0.1211401083,84.82557593,nan,nan
jkt_a0.120,-3,6.5,0.5248790991,-2.486420473,-0.2545472017,-0.1169080306,82.3048627,nan,nan
jkt_a0.120,-3,7.5,0.4350769695,-2.408050028,-0.250449887,-0.1122268011,79.5007547,nan,nan
jkt_a0.120,-3,8.5,0.3424598695,-2.320310788,-0.2458674442,-0.107191968,76.46720474,nan,nan
jkt_a0.120,-3,9.5,0.249745215,-2.224296401,-0.2408427775,-0.1018991264,73.25580031,nan,nan
jkt_a0.120,-3,10.5,0.1594094583,-2.121384876,-0.2354239398,-0.09644057048,69.92151606,nan,nan
jkt_a0.120,-3,11.5,0.07353836662,-2.013080653,-0.2296630563,-0.09090248908,66.51383761,nan,nan
jkt_a0.120,-3,12.5,-0.006199522708,-1.901010803,-0.2236149991,-0.08536281128,63.07995106,nan,nan
jkt_a0.120,-3,13.5,-0.07858398892,-1.786828363,-0.2173359299,-0.07988974352,59.66231764,nan,nan
jkt_a0.120,-3,14.5,-0.1428386767,-1.672125995,-0.2108818266,-0.07454097831,56.29719864,nan,nan
jkt_a0.120,-3,15.5,-0.19859371,-1.558377301,-0.2043071043,-0.06936350645,53.01475238,nan,nan
jkt_a0.120,-3,16.5,-0.2456013951,-1.447136857,-0.197663414,-0.0643939314,49.85318294,nan,nan
jkt_a0.120,-3,17.5,-0.2846210243,-1.339017569,-0.1909986747,-0.05965916797,46.80296575,nan,nan
jkt_a0.120,-3,18.5,-0.3157771561,-1.235262925,-0.184356366,-0.05517740546,43.89711046,nan,nan
jkt_a0.120,-3,19.5,-0.339745075,-1.136506885,-0.1777750801,-0.05095922424,41.1415442,nan,nan
jkt_a0.120,-3,20.5,-0.3572428679,-1.043236239,-0.171288314,-0.04700877158,38.54146303,nan,nan
jkt_a0.120,-3,21.5,-0.3690291174,-0.955749547,-0.1649244685,-0.04332492254,36.09846344,nan,nan
jkt_a0.120,-3,22.5,-0.3758656986,-0.8741708743,-0.1587070135,-0.03990237197,33.81052421,nan,nan
jkt_a0.120,-3,23.5,-0.378491329,-0.7985150207,-0.1526547788,-0.03673262294,31.6752242,nan,nan
jkt_a0.120,-3,24.5,-0.3775960254,-0.7286665217,-0.1467823303,-0.0338048526,29.68701455,nan,nan
jkt_a0.120,-3,25.5,-0.3738108344,-0.6644320547,-0.1411003969,-0.03110664897,27.83953677,nan,nan
jkt_a0.120,-3,26.5,-0.3677010201,-0.6055573004,-0.1356163204,-0.02862462143,26.12563773,nan,nan
jkt_a0.120,-3,27.5,-0.3597638379,-0.5517468968,-0.1303345045,-0.02634489333,24.53771329,nan,nan
jkt_a0.120,-3,28.5,-0.3504296842,-0.5026796095,-0.1252568474,-0.02425348924,23.06788714,nan,nan
jkt_a0.120,-3,29.5,-0.3400655796,-0.4580217532,-0.1203831469,-0.02233663039,21.70822069,nan,nan
jkt_a0.120,-2.5,0.5,2.288300245,-2.241335302,-0.2950747249,-0.175762939,86.97654916,nan,nan
jkt_a0.120,-2.5,1.5,2.259361183,-2.24294957,-0.2944250763,-0.1745691821,86.50981836,nan,nan
jkt_a0.120,-2.5,2.5,2.202267121,-2.245412519,-0.293124728,-0.1722137006,85.5847598,nan,nan
jkt_a0.120,-2.5,3.5,2.118694348,-2.247238215,-0.2911725682,-0.1687589723,84.22087642,nan,nan
jkt_a0.120,-2.5,4.5,2.011347046,-2.246264474,-0.2885692288,-0.1642948429,82.44884071,nan,nan
jkt_a0.120,-2.5,5.5,1.882996787,-2.240489194,-0.285319383,-0.1589341488,80.30085736,nan,nan
jkt_a0.120,-2.5,6.5,1.737560843,-2.227519098,-0.2814341359,-0.1528073243,77.82106642,nan,nan
jkt_a0.120,-2.5,7.5,1.579227039,-2.205340215,-0.2769330998,-0.1460563583,75.05767327,nan,nan
jkt_a0.120,-2.5,8.5,1.412452358,-2.172423864,-0.2718458105,-0.1388285182,72.06391251,nan,nan
jkt_a0.120,-2.5,9.5,1.241657944,-2.12783462,-0.2662122651,-0.1312702737,68.8914385,nan,nan
jkt_a0.120,-2.5,10.5,1.071138457,-2.071383955,-0.2600825067,-0.1235218199,65.59629658,nan,nan
jkt_a0.120,-2.5,11.5,0.9047412067,-2.003535139,-0.253515331,-0.1157125221,62.22954378,nan,nan
jkt_a0.120,-2.5,12.5,0.7457767632,-1.92537655,-0.2465763013,-0.1079574916,58.8403277,nan,nan
jkt_a0.120,-2.5,13.5,0.596893123,-1.838471219,-0.2393353305,-0.1003553772,55.47310278,nan,nan
jkt_a0.120,-2.5,14.5,0.4600170426,-1.744686928,-0.2318641061,-0.09298733667,52.16588547,nan,nan
jkt_a0.120,-2.5,15.5,0.3363681951,-1.646038354,-0.22423361,-0.08591705338,48.95015266,nan,nan
jkt_a0.120,-2.5,16.5,0.2269532738,-1.544716232,-0.2165119282,-0.07919159948,45.86480764,nan,nan
jkt_a0.120,-2.5,17.5,0.1308591754,-1.442301116,-0.2087624792,-0.0728429161,42.90137668,nan,nan
jkt_a0.120,-2.5,18.5,0.04831952262,-1.340703118,-0.2010427189,-0.06688968268,40.0918518,nan,nan
jkt_a0.120,-2.5,19.5,-0.02151536958,-1.241331683,-0.1934033222,-0.06133937173,37.4414858,nan,nan
jkt_a0.120,-2.5,20.5,-0.07963014561,-1.145358509,-0.1858877988,-0.05619032296,34.95439495,nan,nan
jkt_a0.120,-2.5,21.5,-0.1271428075,-1.053673817,-0.1785324744,-0.05143371436,32.63086856,nan,nan
jkt_a0.120,-2.5,22.5,-0.1652336403,-0.9668938161,-0.1713667565,-0.04705534896,30.46745769,nan,nan
jkt_a0.120,-2.5,23.5,-0.195075717,-0.8854331222,-0.1644136052,-0.04303721251,28.46023218,nan,nan
jkt_a0.120,-2.5,24.5,-0.2177999659,-0.8094863826,-0.1576901339,-0.0393587856,26.60220525,nan,nan
jkt_a0.120,-2.5,25.5,-0.2344599998,-0.7390950147,-0.1512082808,-0.03599811456,24.88566638,nan,nan
jkt_a0.120,-2.5,26.5,-0.2460163682,-0.6741756337,-0.1449754999,-0.03293265884,23.30224514,nan,nan
jkt_a0.120,-2.5,27.5,-0.253327847,-0.6145518491,-0.1389954385,-0.03013994043,21.84327377,nan,nan
jkt_a0.120,-2.5,28.5,-0.2571501227,-0.5599800906,-0.1332685739,-0.02759802394,20.49997469,nan,nan
jkt_a0.120,-2.5,29.5,-0.2581388565,-0.5101725531,-0.1277927959,-0.02528585608,19.263672,nan,nan
jkt_a0.120,-2,0.5,3.092317604,-0.7342195276,-0.3214717123,-0.239323504,62.89079177,nan,nan
jkt_a0.120,-2,1.5,3.067047779,-0.7596898959,-0.3209362213,-0.2375527057,62.62200664,nan,nan
jkt_a0.120,-2,2.5,3.01636721,-0.8089764064,-0.3198483702,-0.2340590898,62.08621005,nan,nan
jkt_a0.120,-2,3.5,2.940184068,-0.8787195903,-0.3181772566,-0.2289366405,61.28803748,nan,nan
jkt_a0.120,-2,4.5,2.83875755,-0.9637533496,-0.3158831834,-0.2223213876,60.23340316,nan,nan
jkt_a0.120,-2,5.5,2.71265998,-1.059022937,-0.3129245069,-0.2143855153,58.9371911,nan,nan
jkt_a0.120,-2,6.5,2.563407683,-1.157910306,-0.3092650684,-0.2053297017,57.41305126,nan,nan
jkt_a0.120,-2,7.5,2.393424674,-1.254038908,-0.3048811271,-0.1953740413,55.68105083,nan,nan
jkt_a0.120,-2,8.5,2.206155739,-1.34146922,-0.2997668366,-0.1847481111,53.76686956,nan,nan
jkt_a0.120,-2,9.5,2.005838653,-1.415164731,-0.2939375914,-0.1736809007,51.69744653,nan,nan
jkt_a0.120,-2,10.5,1.797425261,-1.471345134,-0.2874309467,-0.1623913976,49.50653353,nan,nan
jkt_a0.120,-2,11.5,1.586071046,-1.507659613,-0.2803052091,-0.1510805515,47.22713578,nan,nan
jkt_a0.120,-2,12.5,1.376857288,-1.52323101,-0.2726361195,-0.1399251618,44.89395106,nan,nan
jkt_a0.120,-2,13.5,1.174414533,-1.518522708,-0.2645122617,-0.129073972,42.54064063,nan,nan
jkt_a0.120,-2,14.5,0.9826344096,-1.495095684,-0.2560298903,-0.1186459772,40.19785188,nan,nan
jkt_a0.120,-2,15.5,0.8045086496,-1.455307804,-0.2472878189,-0.108730714,37.89252139,nan,nan
jkt_a0.120,-2,16.5,0.6426817725,-1.401956385,-0.238382863,-0.09939013441,35.65743374,nan,nan
jkt_a0.120,-2,17.5,0.4970014136,-1.338246607,-0.2294061502,-0.09066159192,33.49260003,nan,nan
jkt_a0.120,-2,18.5,0.3686834005,-1.267004472,-0.220440436,-0.08256146922,31.42421545,nan,nan
jkt_a0.120,-2,19.5,0.2572685596,-1.1909933,-0.2115584153,-0.07508903642,29.46011581,nan,nan
jkt_a0.120,-2,20.5,0.1619258859,-1.112631236,-0.2028219199,-0.06823022028,27.60669244,nan,nan
jkt_a0.120,-2,21.5,0.08148046276,-1.033937578,-0.1942818393,-0.06196106368,25.86692703,nan,nan
jkt_a0.120,-2,22.5,0.01454126789,-0.9565126042,-0.1859785803,-0.05625074644,24.24039722,nan,nan
jkt_a0.120,-2,23.5,-0.04036414178,-0.8816009236,-0.1779428929,-0.05106411301,22.72605193,nan,nan
jkt_a0.120,-2,24.5,-0.08472441524,-0.810078444,-0.1701969112,-0.04636370706,21.31999311,nan,nan
jkt_a0.120,-2,25.5,-0.1199682599,-0.7425328138,-0.16275529,-0.04211134866,20.01749167,nan,nan
jkt_a0.120,-2,26.5,-0.147427068,-0.6793099218,-0.1556263487,-0.03826930971,18.81306728,nan,nan
jkt_a0.120,-2,27.5,-0.1683106144,-0.6205644258,-0.1488131615,-0.03480115097,17.7008145,nan,nan
jkt_a0.120,-2,28.5,-0.1836970007,-0.5663035271,-0.1423145567,-0.03167228429,16.67457774,nan,nan
jkt_a0.120,-2,29.5,-0.1945311584,-0.5164262196,-0.1361260048,-0.02885031881,15.72815319,nan,nan
jkt_a0.120,-1.5,0.5,2.60386183,0.8992200424,-0.3355606459,-0.333002763,33.9551319,nan,nan
jkt_a0.120,-1.5,1.5,2.60613737,0.86006106,-0.3355310831,-0.330429216,33.96239924,nan,nan
jkt_a0.120,-1.5,2.5,2.608645094,0.7826984511,-0.3354145677,-0.3253426646,33.97123673,nan,nan
jkt_a0.120,-1.5,3.5,2.607421612,0.6693463937,-0.3351029923,-0.3178638393,33.96907741,nan,nan
jkt_a0.120,-1.5,4.5,2.596805608,0.5240980081,-0.3344501184,-0.3081723218,33.93210749,nan,nan
jkt_a0.120,-1.5,5.5,2.571550295,0.3514508425,-0.3332885963,-0.2965031975,33.85197569,nan,nan
jkt_a0.120,-1.5,6.5,2.525711535,0.158488734,-0.3314493244,-0.283140654,33.70219941,nan,nan
jkt_a0.120,-1.5,7.5,2.454745804,-0.04660451962,-0.32878067,-0.2684078964,33.46266651,nan,nan
jkt_a0.120,-1.5,8.5,2.355985172,-0.254690989,-0.3251650591,-0.2526534959,33.11707633,nan,nan
jkt_a0.120,-1.5,9.5,2.229025465,-0.4564635066,-0.32053086,-0.2362351388,32.65221716,nan,nan
jkt_a0.120,-1.5,10.5,2.076009267,-0.6431902135,-0.3148583034,-0.2195024337,32.06354933,nan,nan
jkt_a0.120,-1.5,11.5,1.901204629,-0.8075666953,-0.3081792155,-0.2027807438,31.35133527,nan,nan
jkt_a0.120,-1.5,12.5,1.710538519,-0.9442760045,-0.3005713461,-0.1863578494,30.52311895,nan,nan
jkt_a0.120,-1.5,13.5,1.510817005,-1.05029366,-0.2921488096,-0.1704746998,29.59190043,nan,nan
jkt_a0.120,-1.5,14.5,1.308931358,-1.124876084,-0.283050492,-0.1553207564,28.57431861,nan,nan
jkt_a0.120,-1.5,15.5,1.111194479,-1.169275137,-0.273428204,-0.1410336931,27.48929432,nan,nan
jkt_a0.120,-1.5,16.5,0.9235512048,-1.185909588,-0.2634359822,-0.1277026669,26.36122929,nan,nan
jkt_a0.120,-1.5,17.5,0.748600523,-1.179495644,-0.2532214276,-0.1153740829,25.20412622,nan,nan
jkt_a0.120,-1.5,18.5,0.5899006121,-1.153627845,-0.2429194495,-0.1040587395,24.03903332,nan,nan
jkt_a0.120,-1.5,19.5,0.4487128456,-1.11272985,-0.2326483761,-0.09373938554,22.88121779,nan,nan
jkt_a0.120,-1.5,20.5,0.3253880517,-1.060896183,-0.2225081184,-0.08437795908,21.74446243,nan,nan
jkt_a0.120,-1.5,21.5,0.2194642293,-1.001758738,-0.2125799455,-0.07592204026,20.63973544,nan,nan
jkt_a0.120,-1.5,22.5,0.1298911491,-0.9383765332,-0.2029274034,-0.06831027983,19.57478617,nan,nan
jkt_a0.120,-1.5,23.5,0.05527503876,-0.8732520485,-0.1935979554,-0.06147674157,18.55629351,nan,nan
jkt_a0.120,-1.5,24.5,-0.005980185245,-0.8083062839,-0.1846250003,-0.05535421498,17.58778928,nan,nan
jkt_a0.120,-1.5,25.5,-0.0555190855,-0.7449686602,-0.1760300119,-0.04987662124,16.67134587,nan,nan
jkt_a0.120,-1.5,26.5,-0.09494587671,-0.6842459644,-0.1678246261,-0.04498066428,15.80765486,nan,nan
jkt_a0.120,-1.5,27.5,-0.1257626846,-0.6267998421,-0.1600125664,-0.04060688087,14.99633772,nan,nan
jkt_a0.120,-1.5,28.5,-0.1493353595,-0.5730181704,-0.1525913519,-0.03670023119,14.23614468,nan,nan
jkt_a0.120,-1.5,29.5,-0.1668769921,-0.5230801947,-0.1455537665,-0.03321035132,13.52519937,nan,nan
jkt_a0.120,-1,0.5,1.254358411,1.535912353,-0.3107190478,-0.4623033129,12.67422943,nan,nan
jkt_a0.120,-1,1.5,1.283804228,1.517416334,-0.3120511966,-0.4589868014,12.82509947,nan,nan
jkt_a0.120,-1,2.5,1.340997465,1.478618855,-0.314582356,-0.4523843453,13.12387588,nan,nan
jkt_a0.120,-1,3.5,1.422181351,1.416199829,-0.3180559387,-0.4425656103,13.56194487,nan,nan
jkt_a0.120,-1,4.5,1.520702587,1.326048964,-0.3221114625,-0.4296541873,14.11764176,nan,nan
jkt_a0.120,-1,5.5,1.629381587,1.204711821,-0.3263138116,-0.4138445816,14.78395638,nan,nan
jkt_a0.120,-1,6.5,1.737536413,1.049837124,-0.3301909178,-0.3954160877,15.52939914,nan,nan
jkt_a0.120,-1,7.5,1.83364536,0.8618511391,-0.333276792,-0.3747383149,16.32209296,nan,nan
jkt_a0.120,-1,8.5,1.906094582,0.6446908543,-0.3351549584,-0.352264602,17.12560961,nan,nan
jkt_a0.120,-1,9.5,1.944688719,0.4058821248,-0.3354962332,-0.328512304,17.89998778,nan,nan
jkt_a0.120,-1,10.5,1.942268673,0.1560960181,-0.3340851372,-0.3040322182,18.60721421,nan,nan
jkt_a0.120,-1,11.5,1.895704675,-0.09228765665,-0.3308312171,-0.279372196,19.2119967,nan,nan
jkt_a0.120,-1,12.5,1.806351702,-0.326794663,-0.3257646284,-0.2550413007,19.68643828,nan,nan
jkt_a0.120,-1,13.5,1.679596138,-0.5365405691,-0.3190184721,-0.2314803421,20.01158813,nan,nan
jkt_a0.120,-1,14.5,1.52376257,-0.7134966694,-0.3108025748,-0.2090426085,20.17811361,nan,nan
jkt_a0.120,-1,15.5,1.348699603,-0.8531069601,-0.3013741173,-0.1879859799,20.18610823,nan,nan
jkt_a0.120,-1,16.5,1.164985283,-0.9534498114,-0.2910098446,-0.1684752558,20.04284422,nan,nan
jkt_a0.120,-1,17.5,0.9805688699,-1.0182108,-0.2799830751,-0.1505920444,19.77143042,nan,nan
jkt_a0.120,-1,18.5,0.8034035083,-1.049928289,-0.2685469962,-0.1343490717,19.38407028,nan,nan
jkt_a0.120,-1,19.5,0.6387299081,-1.05386272,-0.2569243005,-0.1197060586,18.90228275,nan,nan
jkt_a0.120,-1,20.5,0.4899532831,-1.0355768,-0.2453022791,-0.106585029,18.34765702,nan,nan
jkt_a0.120,-1,21.5,0.3587771245,-1.00050098,-0.2338320661,-0.09488373348,17.74052897,nan,nan
jkt_a0.120,-1,22.5,0.2455402308,-0.9535420742,-0.2226306858,-0.08448658357,17.09861321,nan,nan
jkt_a0.120,-1,23.5,0.1496357574,-0.8989181686,-0.2117847312,-0.07527300954,16.43833109,nan,nan
jkt_a0.120,-1,24.5,0.06980172177,-0.8400381993,-0.20135478,-0.06712346802,15.77241688,nan,nan
jkt_a0.120,-1,25.5,0.004428362665,-0.7795585722,-0.191379927,-0.05992347863,15.11126316,nan,nan
jkt_a0.120,-1,26.5,-0.04824001965,-0.7194586917,-0.1818820501,-0.05356610803,14.46292091,nan,nan
jkt_a0.120,-1,27.5,-0.08995840997,-0.6611454663,-0.1728696041,-0.04795329334,13.83339204,nan,nan
jkt_a0.120,-1,28.5,-0.1223888511,-0.6055605525,-0.1643408612,-0.0429963398,13.22687226,nan,nan
jkt_a0.120,-1,29.5,-0.1470456465,-0.5532830956,-0.1562865947,-0.03861585958,12.64608553,nan,nan
jkt_a0.120,-0.5,0.5,0.3227863671,1.101649358,-0.2028871194,-0.6028612422,3.257060099,nan,nan
jkt_a0.120,-0.5,1.5,0.3429213616,1.110013765,-0.2065843673,-0.600014111,3.351739792,nan,nan
jkt_a0.120,-0.5,2.5,0.3842625645,1.125279282,-0.2138066812,-0.5942096843,3.54542801,nan,nan
jkt_a0.120,-0.5,3.5,0.4486883914,1.14417921,-0.2242052113,-0.5852493905,3.845533836,nan,nan
jkt_a0.120,-0.5,4.5,0.5379679214,1.160835703,-0.2372498468,-0.5728889275,4.257464082,nan,nan
jkt_a0.120,-0.5,5.5,0.6533588778,1.168659182,-0.2522324578,-0.5568990206,4.796267615,nan,nan
jkt_a0.120,-0.5,6.5,0.7937778444,1.157871045,-0.2682875302,-0.5371376828,5.466783549,nan,nan
jkt_a0.120,-0.5,7.5,0.954739312,1.118069234,-0.284438091,-0.5136224639,6.270739921,nan,nan
jkt_a0.120,-0.5,8.5,1.127316713,1.039589643,-0.2996690493,-0.4865870289,7.200908147,nan,nan
jkt_a0.120,-0.5,9.5,1.298215425,0.9157621009,-0.3130210083,-0.4565059424,8.238086493,nan,nan
jkt_a0.120,-0.5,10.5,1.451190419,0.7453670532,-0.3236883384,-0.4240769656,9.351305492,nan,nan
jkt_a0.120,-0.5,11.5,1.569705242,0.5338447938,-0.3311003035,-0.3901610296,10.49812066,nan,nan
jkt_a0.120,-0.5,12.5,1.640184744,0.2931601264,-0.3349666327,-0.3556924775,11.62932043,nan,nan
jkt_a0.120,-0.5,13.5,1.654733171,0.03983212316,-0.3352787272,-0.3215806419,12.6941578,nan,nan
jkt_a0.120,-0.5,14.5,1.612467514,-0.2081402723,-0.3322704067,-0.2886245754,13.64619434,nan,nan
jkt_a0.120,-0.5,15.5,1.519133887,-0.4344628302,-0.3263520855,-0.257456089,14.44837966,nan,nan
jkt_a0.120,-0.5,16.5,1.3855534,-0.6256062891,-0.3180359962,-0.2285160662,15.06940331,nan,nan
jkt_a0.120,-0.5,17.5,1.224909105,-0.7774710672,-0.3078676286,-0.2020599328,15.52136875,nan,nan
jkt_a0.120,-0.5,18.5,1.050203049,-0.8862083615,-0.2963726232,-0.1781830229,15.7902509,nan,nan
jkt_a0.120,-0.5,19.5,0.8730715806,-0.9541956997,-0.2840221046,-0.156855657,15.88968955,nan,nan
jkt_a0.120,-0.5,20.5,0.7026431734,-0.9863232469,-0.2712148753,-0.1379596614,15.83902159,nan,nan
jkt_a0.120,-0.5,21.5,0.5452358714,-0.9888982452,-0.2582725743,-0.1213210414,15.66134614,nan,nan
jkt_a0.120,-0.5,22.5,0.4045494552,-0.9685624895,-0.2454434101,-0.1067363101,15.38035744,nan,nan
jkt_a0.120,-0.5,23.5,0.2822073147,-0.9315879822,-0.2329106624,-0.09399198661,15.02011804,nan,nan
jkt_a0.120,-0.5,24.5,0.1782440947,-0.8834086263,-0.2208031361,-0.0828779387,14.60160374,nan,nan
jkt_a0.120,-0.5,25.5,0.09167099219,-0.8284795281,-0.2092057453,-0.07319574479,14.14324061,nan,nan
jkt_a0.120,-0.5,26.5,0.02089557752,-0.7702730831,-0.1981692006,-0.06476332785,13.66048238,nan,nan
jkt_a0.120,-0.5,27.5,-0.03595606794,-0.7113736539,-0.1877183346,-0.05741697434,13.16587171,nan,nan
jkt_a0.120,-0.5,28.5,-0.08081989906,-0.6536136818,-0.1778589511,-0.0510116293,12.66920178,nan,nan
jkt_a0.120,-0.5,29.5,-0.1155510287,-0.598222592,-0.1685832792,-0.04542013263,12.17788698,nan,nan
jkt_a0.120,0,0.5,0.1228115285,0.6238126388,-0.0006509100247,-0.6711403083,0.8974204999,nan,nan
jkt_a0.120,0,1.5,0.1274825282,0.6323656535,-0.005857749429,-0.671089809,0.9239386185,nan,nan
jkt_a0.120,0,2.5,0.1375738339,0.6496852723,-0.01626320497,-0.6707466151,0.979678584,nan,nan
jkt_a0.120,0,3.5,0.1547580322,0.6760724591,-0.03182275162,-0.6696286274,1.070333254,nan,nan
jkt_a0.120,0,4.5,0.1819959459,0.7112758531,-0.05240037671,-0.6670244496,1.204098946,nan,nan
jkt_a0.120,0,5.5,0.2228300296,0.7549253348,-0.07769026386,-0.662023779,1.394440199,nan,nan
jkt_a0.120,0,6.5,0.28250194,0.8046020483,-0.1071259469,-0.6535823748,1.657810595,nan,nan
jkt_a0.120,0,7.5,0.3667122914,0.8554334093,-0.1397978585,-0.6406345597,2.014727229,nan,nan
jkt_a0.120,0,8.5,0.4804213437,0.8989219789,-0.174411136,-0.6222554813,2.487578623,nan,nan
jkt_a0.120,0,9.5,0.6256056627,0.9226345514,-0.2093197327,-0.5978542659,3.096957196,nan,nan
jkt_a0.120,0,10.5,0.7984468281,0.9116109023,-0.2426608695,-0.5673532185,3.856754615,nan,nan
jkt_a0.120,0,11.5,0.9874142115,0.8515225902,-0.2725815371,-0.5312918172,4.767842196,nan,nan
jkt_a0.120,0,12.5,1.173540811,0.7333501537,-0.2975062511,-0.4908043926,5.813620994,nan,nan
jkt_a0.120,0,13.5,1.333765379,0.5574281114,-0.3163667696,-0.4474615209,6.958336238,nan,nan
jkt_a0.120,0,14.5,1.446460584,0.3348841933,-0.3287221588,-0.4030188389,8.149865939,nan,nan
jkt_a0.120,0,15.5,1.496927126,0.08550472655,-0.3347409033,-0.3591515614,9.326624636,nan,nan
jkt_a0.120,0,16.5,1.479865743,-0.1654416782,-0.3350699257,-0.3172487594,10.41418293,nan,nan
jkt_a0.120,0,17.5,1.403282288,-0.3988882803,-0.3306483395,-0.2783060326,11.39460184,nan,nan
jkt_a0.120,0,18.5,1.278330696,-0.5966883145,-0.322524837,-0.2429137392,12.20741081,nan,nan
jkt_a0.120,0,19.5,1.121486602,-0.7499456679,-0.3117166076,-0.2113114791,12.83425094,nan,nan
jkt_a0.120,0,20.5,0.9490342815,-0.8564541853,-0.2991220907,-0.1834734118,13.27128512,nan,nan
jkt_a0.120,0,21.5,0.7747860113,-0.9192953243,-0.2854816711,-0.1591965611,13.52819369,nan,nan
jkt_a0.120,0,22.5,0.6089317757,-0.9447609647,-0.2713724982,-0.1381761755,13.62335484,nan,nan
jkt_a0.120,0,23.5,0.4580451334,-0.9405109478,-0.2572232295,-0.1200623483,13.58132372,nan,nan
jkt_a0.120,0,24.5,0.3255144011,-0.9141887088,-0.2433376936,-0.1044983878,13.42732605,nan,nan
jkt_a0.120,0,25.5,0.2123735619,-0.8726341767,-0.2299203914,-0.09114429725,13.18594263,nan,nan
jkt_a0.120,0,26.5,0.118058755,-0.8215179948,-0.2170999919,-0.07968937688,12.87946112,nan,nan
jkt_a0.120,0,27.5,0.04105187356,-0.7652706582,-0.2049491912,-0.06985752466,12.52711737,nan,nan
jkt_a0.120,0,28.5,-0.02064211834,-0.7071788611,-0.1935005966,-0.06140800097,12.14478188,nan,nan
jkt_a0.120,0,29.5,-0.06916165596,-0.6495633204,-0.1827589532,-0.05413361144,11.74513555,nan,nan
jkt_a0.120,0.5,0.5,0.1189774438,0.4018553281,0.2019539016,-0.6035670403,0.4336031534,nan,nan
jkt_a0.120,0.5,1.5,0.1200084961,0.4059758334,0.1981856018,-0.6063656091,0.4403868499,nan,nan
jkt_a0.120,0.5,2.5,0.122213391,0.4144261123,0.1904804427,-0.611839797,0.4546301556,nan,nan
jkt_a0.120,0.5,3.5,0.1259392959,0.4276608097,0.1785093009,-0.6197217846,0.4778663172,nan,nan
jkt_a0.120,0.5,4.5,0.1320312557,0.446319266,0.1618033649,-0.6295555227,0.5127162998,nan,nan
jkt_a0.120,0.5,5.5,0.1413701329,0.4713279357,0.1397978585,-0.6406345597,0.5631634219,nan,nan
jkt_a0.120,0.5,6.5,0.1559303742,0.5037616982,0.1119132388,-0.6519293913,0.6355815515,nan,nan
jkt_a0.120,0.5,7.5,0.1787009322,0.5446606478,0.07769026386,-0.662023779,0.7395474147,nan,nan
jkt_a0.120,0.5,8.5,0.214276124,0.5944339185,0.03698886531,-0.669096127,0.8891192576,nan,nan
jkt_a0.120,0.5,9.5,0.2691951567,0.6516771766,-0.009761593611,-0.6709989294,1.103954475,nan,nan
jkt_a0.120,0.5,10.5,0.3514037374,0.7113971312,-0.06131599193,-0.6654915048,1.409574707,nan,nan
jkt_a0.120,0.5,11.5,0.4682815432,0.7629958388,-0.1154790003,-0.6506452874,1.83534854,nan,nan
jkt_a0.120,0.5,12.5,0.622580956,0.7897040494,-0.1692143644,-0.6253532144,2.409433371,nan,nan
jkt_a0.120,0.5,13.5,0.807621177,0.7712266072,-0.219071517,-0.5897656913,3.150561775,nan,nan
jkt_a0.120,0.5,14.5,1.004710522,0.690208395,-0.2618505118,-0.545431971,4.05896262,nan,nan
jkt_a0.120,0.5,15.5,1.185801513,0.5400243944,-0.2952646579,-0.4950268024,5.110127039,nan,nan
jkt_a0.120,0.5,16.5,1.319257046,0.3304261504,-0.3183283611,-0.4417523642,6.23864162,nan,nan
jkt_a0.120,0.5,17.5,1.388290819,0.08361818099,-0.3313427091,-0.3886698982,7.415474357,nan,nan
jkt_a0.120,0.5,18.5,1.38231929,-0.171268143,-0.3355600851,-0.3382104521,8.547363583,nan,nan
jkt_a0.120,0.5,19.5,1.307732155,-0.4067848349,-0.3327262111,-0.2919722058,9.571800019,nan,nan
jkt_a0.120,0.5,20.5,1.180433534,-0.6030361646,-0.3246769945,-0.2507625135,10.44032906,nan,nan
jkt_a0.120,0.5,21.5,1.02036819,-0.7500227988,-0.3130745772,-0.2147737426,11.12562122,nan,nan
jkt_a0.120,0.5,22.5,0.846515728,-0.846610263,-0.2992833668,-0.1837910029,11.62011911,nan,nan
jkt_a0.120,0.5,23.5,0.674082047,-0.8977736355,-0.284346243,-0.1573718327,11.93334466,nan,nan
jkt_a0.120,0.5,24.5,0.5134200846,-0.9116591386,-0.2690161535,-0.1349767278,12.08457675,nan,nan
jkt_a0.120,0.5,25.5,0.3704646537,-0.8972679139,-0.2538096427,-0.1160523487,12.09865489,nan,nan
jkt_a0.120,0.5,26.5,0.2476880804,-0.863003973,-0.2390626556,-0.1000782472,12.00187498,nan,nan
jkt_a0.120,0.5,27.5,0.1451810489,-0.8159540765,-0.2249794218,-0.08658894448,11.81928372,nan,nan
jkt_a0.120,0.5,28.5,0.06158368534,-0.7616740507,-0.211671524,-0.07518094212,11.57301892,nan,nan
jkt_a0.120,0.5,29.5,-0.005198884895,-0.7042726091,-0.1991874109,-0.0655113734,11.28170723,nan,nan
jkt_a0.120,1,0.5,0.1237054947,0.2943200696,0.3103789678,-0.4631339307,0.3279218939,nan,nan
jkt_a0.120,1,1.5,0.1241883775,0.2964996681,0.3089901775,-0.4664620677,0.3300779893,nan,nan
jkt_a0.120,1,2.5,0.1251861002,0.3009459011,0.3060738854,-0.4731434209,0.3345657695,nan,nan
jkt_a0.120,1,3.5,0.1267710857,0.3078588688,0.3013433182,-0.483217836,0.341799277,nan,nan
jkt_a0.120,1,4.5,0.1291899788,0.3175754991,0.2943457085,-0.4967168136,0.3525971441,nan,nan
jkt_a0.120,1,5.5,0.1325815044,0.3305163218,0.284438091,-0.5136224639,0.3678969783,nan,nan
jkt_a0.120,1,6.5,0.1374284146,0.3473500685,0.2707624698,-0.5338007025,0.3894947524,nan,nan
jkt_a0.120,1,7.5,0.1444384936,0.3689636052,0.2522324578,-0.5568990206,0.4200491575,nan,nan
jkt_a0.120,1,8.5,0.154810537,0.3965222319,0.2275545028,-0.5822007365,0.4637271914,nan,nan
jkt_a0.120,1,9.5,0.1706269174,0.4314406375,0.1953223721,-0.6084380405,0.5271355271,nan,nan
jkt_a0.120,1,10.5,0.1953779529,0.4751557972,0.1542383809,-0.6335940629,0.6207111642,nan,nan
jkt_a0.120,1,11.5,0.2347913486,0.5283155835,0.1035115362,-0.6547771459,0.760600854,nan,nan
jkt_a0.120,1,12.5,0.2973237014,0.58897901,0.04342764148,-0.6683189937,0.970484927,nan,nan
jkt_a0.120,1,13.5,0.3932606201,0.6495885503,-0.02405272059,-0.6702778149,1.281800753,nan,nan
jkt_a0.120,1,14.5,0.5307240547,0.6940591745,-0.09500178581,-0.6574123578,1.730185575,nan,nan
jkt_a0.120,1,15.5,0.7085324787,0.698366872,-0.1639367122,-0.6283712461,2.346868202,nan,nan
jkt_a0.120,1,16.5,0.9072297045,0.6367335905,-0.2250480305,-0.5844899832,3.131718595,nan,nan
jkt_a0.120,1,17.5,1.097894023,0.5001832714,-0.2737766498,-0.5296165629,4.094993423,nan,nan
jkt_a0.120,1,18.5,1.242593238,0.2939293315,-0.3079184139,-0.4689638377,5.180237985,nan,nan
jkt_a0.120,1,19.5,1.31422309,0.04428250212,-0.3277415599,-0.4076330128,6.320448521,nan,nan
jkt_a0.120,1,20.5,1.30339725,-0.2134173975,-0.3352793715,-0.3495448477,7.435793052,nan,nan
jkt_a0.120,1,21.5,1.218909981,-0.4467013405,-0.3333551274,-0.2970750258,8.452654687,nan,nan
jkt_a0.120,1,22.5,1.081105629,-0.6340829382,-0.3247996968,-0.2512336619,9.31629665,nan,nan
jkt_a0.120,1,23.5,0.913746087,-0.7668310068,-0.3120197748,-0.2120747194,9.99748082,nan,nan
jkt_a0.120,1,24.5,0.7377677627,-0.8464995635,-0.296858761,-0.1791018907,10.48947914,nan,nan
jkt_a0.120,1,25.5,0.5684964049,-0.8807747641,-0.2806275322,-0.1515712079,10.80310054,nan,nan
jkt_a0.120,1,26.5,0.4153244588,-0.8797900464,-0.2642043078,-0.1286801028,10.95990847,nan,nan
jkt_a0.120,1,27.5,0.2827483349,-0.8536275897,-0.2481451408,-0.1096688778,10.98628692,nan,nan
jkt_a0.120,1,28.5,0.1718056101,-0.8109956082,-0.2327794653,-0.09386556553,10.90894462,nan,nan
jkt_a0.120,1,29.5,0.08142944898,-0.7587581941,-0.2182837663,-0.08069846746,10.75229441,nan,nan
jkt_a0.120,1.5,0.5,0.1230759017,0.2313347625,0.3355649704,-0.3336493053,0.3066349569,nan,nan
jkt_a0.120,1.5,1.5,0.1234265966,0.2326650186,0.3355697856,-0.3362480997,0.3073832453,nan,nan
jkt_a0.120,1.5,2.5,0.1241412755,0.2353656902,0.3355179672,-0.3415062839,0.308937261,nan,nan
jkt_a0.120,1.5,3.5,0.1252428453,0.2395303632,0.3352793715,-0.3495448477,0.3114342632,nan,nan
jkt_a0.120,1.5,4.5,0.1268325149,0.245332969,0.3346399077,-0.3605439038,0.3152164826,nan,nan
jkt_a0.120,1.5,5.5,0.1289388773,0.2529529189,0.333276792,-0.3747383149,0.3205157066,nan,nan
jkt_a0.120,1.5,6.5,0.1317227297,0.2627141487,0.3307222738,-0.3924063545,0.3279526559,nan,nan
jkt_a0.120,1.5,7.5,0.1353908686,0.2750391214,0.3263138116,-0.4138445816,0.3383541614,nan,nan
jkt_a0.120,1.5,8.5,0.1402703294,0.2905083825,0.3191302224,-0.4393174763,0.3529693852,nan,nan
jkt_a0.120,1.5,9.5,0.1469170011,0.3099168634,0.3079184139,-0.4689638377,0.3737458123,nan,nan
jkt_a0.120,1.5,10.5,0.1562333478,0.3343422704,0.2910277026,-0.5026345789,0.4037296508,nan,nan
jkt_a0.120,1.5,11.5,0.1698113391,0.3651945973,0.266393998,-0.5396336414,0.4478639372,nan,nan
jkt_a0.120,1.5,12.5,0.1904455214,0.4041733593,0.2316585605,-0.5783498996,0.5142944534,nan,nan
jkt_a0.120,1.5,13.5,0.2230512276,0.4528108632,0.1845561145,-0.615832099,0.6164608783,nan,nan
jkt_a0.120,1.5,14.5,0.2758043136,0.5109742581,0.1237132899,-0.6475040558,0.7758599133,nan,nan
jkt_a0.120,1.5,15.5,0.3604706267,0.5735477558,0.04984215188,-0.6674187787,1.024477003,nan,nan
jkt_a0.120,1.5,16.5,0.4887421871,0.6231286804,-0.03311542366,-0.6695029614,1.395760568,nan,nan
jkt_a0.120,1.5,17.5,0.6618448966,0.6366185431,-0.1178440881,-0.649768355,1.93384231,nan,nan
jkt_a0.120,1.5,18.5,0.8636009272,0.582735752,-0.1953223721,-0.6084380405,2.657998505,nan,nan
jkt_a0.120,1.5,19.5,1.057526163,0.4446100156,-0.2578155981,-0.5503695796,3.562876937,nan,nan
jkt_a0.120,1.5,20.5,1.200194534,0.2305810735,-0.3013433182,-0.483217836,4.605615346,nan,nan
jkt_a0.120,1.5,21.5,1.260470084,-0.02680506978,-0.3261254551,-0.4146256895,5.712043518,nan,nan
jkt_a0.120,1.5,22.5,1.231116405,-0.2854564741,-0.3352504234,-0.3502229043,6.794895883,nan,nan
jkt_a0.120,1.5,23.5,1.12677201,-0.5098343529,-0.3328717532,-0.2930977005,7.775645724,nan,nan
jkt_a0.120,1.5,24.5,0.9734693408,-0.6797673769,-0.3229133573,-0.2442769659,8.598813632,nan,nan
jkt_a0.120,1.5,25.5,0.7980975192,-0.7903635209,-0.3084902179,-0.2035048585,9.237297284,nan,nan
jkt_a0.120,1.5,26.5,0.6220427386,-0.8472717043,-0.2918234213,-0.169900222,9.688990865,nan,nan
jkt_a0.120,1.5,27.5,0.4592319349,-0.8612435087,-0.2743809752,-0.1423798369,9.969285078,nan,nan
jkt_a0.120,1.5,28.5,0.3168845085,-0.8440625751,-0.2570737157,-0.1198840193,10.10274402,nan,nan
jkt_a0.120,1.5,29.5,0.1973863413,-0.8062352043,-0.2404303579,-0.1014747988,10.11655214,nan,nan
jkt_a0.120,2,0.5,0.1195050975,0.1896211975,0.3216046733,-0.2397687249,0.3121930255,nan,nan
jkt_a0.120,2,1.5,0.1197936793,0.1905153689,0.3221327765,-0.2415597551,0.312400883,nan,nan
jkt_a0.120,2,2.5,0.1203788809,0.1923255976,0.3231703604,-0.2451909457,0.3128399108,nan,nan
jkt_a0.120,2,3.5,0.1212713106,0.1951014241,0.3246769945,-0.2507625135,0.3135605504,nan,nan
jkt_a0.120,2,4.5,0.1225247367,0.1989415402,0.3265835708,-0.2584296149,0.3147440004,nan,nan
jkt_a0.120,2,5.5,0.1241485421,0.2039340209,0.32878067,-0.2684078964,0.3164321905,nan,nan
jkt_a0.120,2,6.5,0.1262180672,0.2102505788,0.3311003525,-0.2809802069,0.3188946917,nan,nan
jkt_a0.120,2,7.5,0.1288201933,0.2181072878,0.3332885963,-0.2965031975,0.3224467503,nan,nan
jkt_a0.120,2,8.5,0.13208114,0.2277957168,0.3349643818,-0.3154110272,0.3275443853,nan,nan
jkt_a0.120,2,9.5,0.1362052747,0.2397132858,0.3355600851,-0.3382104521,0.334884272,nan,nan
jkt_a0.120,2,10.5,0.1414869395,0.2543984497,0.3342370248,-0.3654561098,0.3454814771,nan,nan
jkt_a0.120,2,11.5,0.148417726,0.2725885855,0.3297715806,-0.3976852413,0.3609266801,nan,nan
jkt_a0.120,2,12.5,0.1578000298,0.295296916,0.320415915,-0.4352759442,0.383735118,nan,nan
jkt_a0.120,2,13.5,0.1710197613,0.3238964356,0.3037628298,-0.4781737077,0.4180351615,nan,nan
jkt_a0.120,2,14.5,0.1905586764,0.3601593293,0.2767031862,-0.5254201128,0.4708246752,nan,nan
jkt_a0.120,2,15.5,0.2209090209,0.4060916847,0.2356707295,-0.5744571531,0.5543142139,nan,nan
jkt_a0.120,2,16.5,0.2712327936,0.4616234323,0.1774897435,-0.6203597448,0.6885174315,nan,nan
jkt_a0.120,2,17.5,0.3524190614,0.5231190231,0.1010908634,-0.6555519967,0.9042769097,nan,nan
jkt_a0.120,2,18.5,0.4787405025,0.5746556754,0.009761593611,-0.6709989294,1.242234776,nan,nan
jkt_a0.120,2,19.5,0.6542292487,0.5868850462,-0.08762773,-0.6594978091,1.745192229,nan,nan
jkt_a0.120,2,20.5,0.8598623669,0.5252808449,-0.1785093009,-0.6197217846,2.441050306,nan,nan
jkt_a0.120,2,21.5,1.051668347,0.3715811267,-0.2515181592,-0.5577104162,3.323727558,nan,nan
jkt_a0.120,2,22.5,1.179781159,0.140316878,-0.3009293783,-0.4840596932,4.345007279,nan,nan
jkt_a0.120,2,23.5,1.213768778,-0.1263310491,-0.327397668,-0.4091796213,5.42280019,nan,nan
jkt_a0.120,2,24.5,1.153761781,-0.3801743074,-0.3355387519,-0.3401841655,6.463531707,nan,nan
jkt_a0.120,2,25.5,1.023105014,-0.586207453,-0.3310113379,-0.2804430323,7.387135713,nan,nan
jkt_a0.120,2,26.5,0.8534709947,-0.7293454773,-0.3187392944,-0.2306285696,8.14267189,nan,nan
jkt_a0.120,2,27.5,0.6731014332,-0.8109033027,-0.3023349025,-0.1899643335,8.711310333,nan,nan
jkt_a0.120,2,28.5,0.5015546422,-0.8413729641,-0.2841841579,-0.1571134593,9.099179901,nan,nan
jkt_a0.120,2,29.5,0.3496291,-0.8340551754,-0.2657475886,-0.1306662011,9.326466362,nan,nan
jkt_a0.120,2.5,0.5,0.114745732,0.1598514871,0.2952370707,-0.1760630647,0.3276748062,nan,nan
jkt_a0.120,2.5,1.5,0.1149920562,0.1604926523,0.2958861551,-0.1772703642,0.3276452116,nan,nan
jkt_a0.120,2.5,2.5,0.1154900612,0.1617882732,0.2971826538,-0.1797179417,0.3275964815,nan,nan
jkt_a0.120,2.5,3.5,0.1162461626,0.1637672537,0.2991220907,-0.1834734118,0.3275460794,nan,nan
jkt_a0.120,2.5,4.5,0.1172944795,0.1664913137,0.3016947002,-0.1886424326,0.3276105716,nan,nan
jkt_a0.120,2.5,5.5,0.1186387044,0.1700079842,0.3048811271,-0.1953740413,0.327766198,nan,nan
jkt_a0.120,2.5,6.5,0.1203235707,0.1744185195,0.3086454952,-0.2038681596,0.3281551014,nan,nan
jkt_a0.120,2.5,7.5,0.1223963284,0.1798455699,0.3129245069,-0.2143855153,0.3289153297,nan,nan
jkt_a0.120,2.5,8.5,0.1249214587,0.1864511366,0.3176104559,-0.2272600894,0.3302401314,nan,nan
jkt_a0.120,2.5,9.5,0.1279996049,0.1944526915,0.322524837,-0.2429137392,0.332429384,nan,nan
jkt_a0.120,2.5,10.5,0.1317603553,0.2041362984,0.3273774588,-0.2618714897,0.3358834718,nan,nan
jkt_a0.120,2.5,11.5,0.1364087692,0.2158883624,0.3317034744,-0.2847733709,0.3412206498,nan,nan
jkt_a0.120,2.5,12.5,0.1422475705,0.2302331932,0.3347677151,-0.3123731183,0.3493582466,nan,nan
jkt_a0.120,2.5,13.5,0.1497553346,0.247890524,0.3354234443,-0.3455029021,0.361721403,nan,nan
jkt_a0.120,2.5,14.5,0.1597203035,0.2698576515,0.3319156205,-0.3849623825,0.3806014834,nan,nan
jkt_a0.120,2.5,15.5,0.173447598,0.2975252998,0.321639282,-0.431255957,0.4097844988,nan,nan
jkt_a0.120,2.5,16.5,0.1940322863,0.3326922472,0.3009293783,-0.4840596932,0.4565876187,nan,nan
jkt_a0.120,2.5,17.5,0.2253576392,0.3773835373,0.2651137911,-0.5412941144,0.5318265024,nan,nan
jkt_a0.120,2.5,18.5,0.2763911579,0.4322296381,0.2093197327,-0.5978542659,0.6559954077,nan,nan
jkt_a0.120,2.5,19.5,0.3608096582,0.4925808357,0.1306713857,-0.6446538391,0.8617043833,nan,nan
jkt_a0.120,2.5,20.5,0.4938222569,0.5408126643,0.03182275162,-0.6696286274,1.193414855,nan,nan
jkt_a0.120,2.5,21.5,0.678414679,0.5422325904,-0.07644017107,-0.6623187528,1.696843637,nan,nan
jkt_a0.120,2.5,22.5,0.8880882675,0.4584287293,-0.1774897435,-0.6203597448,2.3990885,nan,nan
jkt_a0.120,2.5,23.5,1.068616702,0.2758910593,-0.2564416457,-0.5520080418,3.287824788,nan,nan
jkt_a0.120,2.5,24.5,1.166749352,0.02203256935,-0.3068204938,-0.4714701562,4.303700468,nan,nan
jkt_a0.120,2.5,25.5,1.159699969,-0.2494979076,-0.3308502191,-0.3916567668,5.353305446,nan,nan
jkt_a0.120,2.5,26.5,1.060443505,-0.4878697997,-0.33522451,-0.3203366894,6.337739466,nan,nan
jkt_a0.120,2.5,27.5,0.9024191336,-0.6639178386,-0.3270403751,-0.2603897992,7.182191151,nan,nan
jkt_a0.120,2.5,28.5,0.7207675752,-0.7717650182,-0.311868288,-0.2116926625,7.848828674,nan,nan
jkt_a0.120,2.5,29.5,0.5416755245,-0.8201457915,-0.2934499253,-0.1727986002,8.330025375,nan,nan
jkt_a0.120,3,0.5,0.1096452326,0.1375263776,0.2674551323,-0.1329000664,0.3468321558,nan,nan
jkt_a0.120,3,1.5,0.1098587151,0.1380076581,0.2680785643,-0.1337254214,0.3466911937,nan,nan
jkt_a0.120,3,2.5,0.1102894571,0.138978721,0.2693293237,-0.1353974057,0.3464134718,nan,nan
jkt_a0.120,3,3.5,0.1109419656,0.1404577474,0.2712148753,-0.1379596614,0.3460024643,nan,nan
jkt_a0.120,3,4.5,0.1118400887,0.1424868302,0.2737455232,-0.1414804682,0.3455455508,nan,nan
jkt_a0.120,3,5.5,0.1129855844,0.1450924135,0.2769330998,-0.1460563583,0.344991147,nan,nan
jkt_a0.120,3,6.5,0.1144085637,0.1483398557,0.2807887632,-0.1518173455,0.3444277586,nan,nan
jkt_a0.120,3,7.5,0.1161391626,0.1523047859,0.285319383,-0.1589341488,0.3439206063,nan,nan
jkt_a0.120,3,8.5,0.1182167594,0.1570854797,0.2905216639,-0.1676279111,0.3435589235,nan,nan
jkt_a0.120,3,9.5,0.1207013744,0.1628122082,0.2963726232,-0.1781830229,0.343490575,nan,nan
jkt_a0.120,3,10.5,0.1236640844,0.1696512885,0.3028141655,-0.1909636879,0.3438915809,nan,nan
jkt_a0.120,3,11.5,0.1272130562,0.1778234599,0.309728082,-0.2064346676,0.3450412387,nan,nan
jkt_a0.120,3,12.5,0.131495265,0.1876201435,0.3168955198,-0.2251858253,0.3473289719,nan,nan
jkt_a0.120,3,13.5,0.1367255583,0.1994323866,0.3239314243,-0.2479578418,0.3513341643,nan,nan
jkt_a0.120,3,14.5,0.1432292464,0.2137929835,0.3301793347,-0.2756609785,0.357942808,nan,nan
jkt_a0.120,3,15.5,0.1514921479,0.2314319294,0.3345457874,-0.3093663412,0.3684977709,nan,nan
jkt_a0.120,3,16.5,0.1626624378,0.2534390135,0.3352504234,-0.3502229043,0.3858362708,nan,nan
jkt_a0.120,3,17.5,0.1778447783,0.2812155943,0.3294819644,-0.3992036004,0.4132211071,nan,nan
jkt_a0.120,3,18.5,0.2000003809,0.3165658159,0.3130210083,-0.4565059424,0.4576478467,nan,nan
jkt_a0.120,3,19.5,0.2343784765,0.3615981296,0.280100448,-0.520371117,0.5316837206,nan,nan
jkt_a0.120,3,20.5,0.2907305021,0.4168260019,0.2242052113,-0.5852493905,0.6575308508,nan,nan
jkt_a0.120,3,21.5,0.3847670719,0.4757072728,0.1409261204,-0.6401149966,0.8713609828,nan,nan
jkt_a0.120,3,22.5,0.5324697929,0.5152275875,0.03311542366,-0.6695029614,1.221780235,nan,nan
jkt_a0.120,3,23.5,0.7309350829,0.4934544269,-0.08515426124,-0.6601568096,1.755442646,nan,nan
jkt_a0.120,3,24.5,0.9397109782,0.3719709989,-0.1924276484,-0.610487076,2.492951265,nan,nan
jkt_a0.120,3,25.5,1.093834539,0.1510138069,-0.2713723531,-0.5329649635,3.408715554,nan,nan
jkt_a0.120,3,26.5,1.143949933,-0.1232447269,-0.3169403003,-0.4458264731,4.424317711,nan,nan
jkt_a0.120,3,27.5,1.083849551,-0.3872483422,-0.3344191994,-0.3633434649,5.432297461,nan,nan
jkt_a0.120,3,28.5,0.9437057481,-0.5951213979,-0.332799388,-0.2925343503,6.340033311,nan,nan
jkt_a0.120,3,29.5,0.7641878079,-0.7303293288,-0.3201223814,-0.2349265374,7.086778193,nan,nan
jkt_a0.120,3.5,0.5,0.1045930653,0.1201789322,0.2419473156,-0.1030429732,0.3670332827,nan,nan
jkt_a0.120,3.5,1.5,0.1047798603,0.1205527073,0.2425021742,-0.1036216916,0.3668396377,nan,nan
jkt_a0.120,3.5,2.5,0.1051562791,0.1213058518,0.2436170608,-0.1047929408,0.3664531148,nan,nan
jkt_a0.120,3.5,3.5,0.1057257234,0.1224504666,0.2453022791,-0.106585029,0.3658707786,nan,nan
jkt_a0.120,3.5,4.5,0.1065057069,0.1240173238,0.2475731692,-0.10904218,0.3651651653,nan,nan
jkt_a0.120,3.5,5.5,0.107497518,0.1260209219,0.250449887,-0.1122268011,0.3642722896,nan,nan
jkt_a0.120,3.5,6.5,0.1087227367,0.1285064028,0.2539569514,-0.1162227845,0.3632544896,nan,nan
jkt_a0.120,3.5,7.5,0.1102025404,0.1315234796,0.2581223746,-0.1211401083,0.3621435437,nan,nan
jkt_a0.120,3.5,8.5,0.1119637125,0.1351359482,0.2629760662,-0.1271211263,0.3609818563,nan,nan
jkt_a0.120,3.5,9.5,0.1140464796,0.1394276233,0.2685469962,-0.1343490717,0.3598500924,nan,nan
jkt_a0.120,3.5,10.5,0.116495772,0.1445027685,0.2748582621,-0.1430594937,0.3588293795,nan,nan
jkt_a0.120,3.5,11.5,0.1193782027,0.1504977968,0.2819186195,-0.1535555469,0.3580600432,nan,nan
jkt_a0.120,3.5,12.5,0.1227789863,0.1575882237,0.2897080516,-0.166228257,0.3577250065,nan,nan
jkt_a0.120,3.5,13.5,0.1268155553,0.1660038994,0.2981532712,-0.1815829149,0.3580888915,nan,nan
jkt_a0.120,3.5,14.5,0.1316544459,0.1760501226,0.3070861994,-0.2002722571,0.3595432731,nan,nan
jkt_a0.120,3.5,15.5,0.1375244722,0.188132098,0.3161737398,-0.2231351264,0.3626364652,nan,nan
jkt_a0.120,3.5,16.5,0.1449714534,0.2028560958,0.3247996968,-0.2512336619,0.3686978208,nan,nan
jkt_a0.120,3.5,17.5,0.1543365398,0.2210239409,0.3318692238,-0.2858677688,0.378777614,nan,nan
jkt_a0.120,3.5,18.5,0.1667646303,0.2436414082,0.3354962332,-0.328512304,0.3953753002,nan,nan
jkt_a0.120,3.5,19.5,0.1840138816,0.2723005581,0.3325420196,-0.3805520816,0.4228934082,nan,nan
jkt_a0.120,3.5,20.5,0.2093529544,0.309018667,0.3180559387,-0.4425656103,0.4690571914,nan,nan
jkt_a0.120,3.5,21.5,0.2491834691,0.3558319886,0.2849650255,-0.5127779032,0.5483389949,nan,nan
jkt_a0.120,3.5,22.5,0.3154882942,0.4122017519,0.2250480305,-0.5844899832,0.686872833,nan,nan
jkt_a0.120,3.5,23.5,0.4265549544,0.4673470455,0.1329694807,-0.6436721696,0.9267760662,nan,nan
jkt_a0.120,3.5,24.5,0.5963935784,0.4887833212,0.01366345558,-0.6708626561,1.320606686,nan,nan
jkt_a0.120,3.5,25.5,0.8081098023,0.4274717962,-0.113104215,-0.6515055529,1.911422922,nan,nan
jkt_a0.120,3.5,26.5,1.002389174,0.2539435069,-0.2207973546,-0.5882680527,2.70831353,nan,nan
jkt_a0.120,3.5,27.5,1.10781519,-0.007138633139,-0.292469176,-0.5000980398,3.656653265,nan,nan
jkt_a0.120,3.5,28.5,1.092663739,-0.2874507,-0.3275706895,-0.4084057879,4.657249147,nan,nan
jkt_a0.120,3.5,29.5,0.9764781839,-0.5245588398,-0.3354507292,-0.3266067402,5.605275361,nan,nan
jkt_a0.120,4,0.5,0.09976189556,0.1063314441,0.2195977606,-0.08182972857,0.387091955,nan,nan
jkt_a0.120,4,1.5,0.09992659512,0.1066294939,0.2200786687,-0.08224672481,0.3868750814,nan,nan
jkt_a0.120,4,2.5,0.1002582492,0.1072292986,0.2210454553,-0.08308988262,0.3864400707,nan,nan
jkt_a0.120,4,3.5,0.1007595128,0.1081392525,0.2225081184,-0.08437795908,0.3857808438,nan,nan
jkt_a0.120,4,4.5,0.1014435797,0.1093832425,0.2244817918,-0.08614018829,0.3849618411,nan,nan
jkt_a0.120,4,5.5,0.102311833,0.1109684336,0.2269868847,-0.08841769438,0.3839134218,nan,nan
jkt_a0.120,4,6.5,0.1033803352,0.1129277068,0.2300492199,-0.09126554431,0.3826837353,nan,nan
jkt_a0.120,4,7.5,0.1046648691,0.1152954106,0.2337001129,-0.09475560851,0.3812879544,nan,nan
jkt_a0.120,4,8.5,0.106184911,0.1181151707,0.2379762868,-0.09898047189,0.3797454013,nan,nan
jkt_a0.120,4,9.5,0.1079694538,0.1214439679,0.2429194495,-0.1040587395,0.3781037541,nan,nan
jkt_a0.120,4,10.5,0.1100495682,0.1253511298,0.2485752295,-0.1101422207,0.3763995444,nan,nan
jkt_a0.120,4,11.5,0.1124705374,0.1299263975,0.2549909522,-0.1174256682,0.3747087974,nan,nan
jkt_a0.120,4,12.5,0.1152878773,0.1352827411,0.2622113594,-0.1261600039,0.3731225698,nan,nan
jkt_a0.120,4,13.5,0.1185749342,0.1415650482,0.2702707172,-0.1366702948,0.3717706918,nan,nan
jkt_a0.120,4,14.5,0.1224309245,0.1489613625,0.2791785978,-0.1493801083,0.3708421466,nan,nan
jkt_a0.120,4,15.5,0.1269839838,0.157712616,0.2888945643,-0.1648441657,0.3705761733,nan,nan
jkt_a0.120,4,16.5,0.1325545855,0.1681792569,0.2992833668,-0.1837910029,0.3717479095,nan,nan
jkt_a0.120,4,17.5,0.1392243607,0.1808392644,0.3100359353,-0.2071755361,0.3746027744,nan,nan
jkt_a0.120,4,18.5,0.1475811448,0.1962215753,0.32053086,-0.2362351388,0.3802220993,nan,nan
jkt_a0.120,4,19.5,0.1583303142,0.2152482981,0.3295949258,-0.272525049,0.3903731954,nan,nan
jkt_a0.120,4,20.5,0.1726912891,0.2391418479,0.3351029923,-0.3178638393,0.4078681814,nan,nan
jkt_a0.120,4,21.5,0.1928887011,0.2696193583,0.3333607721,-0.374017002,0.4378195823,nan,nan
jkt_a0.120,4,22.5,0.2231670543,0.3088579471,0.3183283611,-0.4417523642,0.4897385917,nan,nan
jkt_a0.120,4,23.5,0.2718644571,0.3585677929,0.281205322,-0.5186854802,0.5816567415,nan,nan
jkt_a0.120,4,24.5,0.3544009523,0.4156570162,0.2120227307,-0.5956741066,0.746335072,nan,nan
jkt_a0.120,4,25.5,0.4912008052,0.4605193427,0.1059233865,-0.6539849424,1.032899746,nan,nan
jkt_a0.120,4,26.5,0.6869155251,0.4481512815,-0.02664520509,-0.6700814162,1.495806055,nan,nan
jkt_a0.120,4,27.5,0.9019823184,0.327491069,-0.1574990637,-0.6318837924,2.171325719,nan,nan
jkt_a0.120,4,28.5,1.054803471,0.09388416987,-0.2571304375,-0.5511892962,3.031486035,nan,nan
jkt_a0.120,4,29.5,1.087551363,-0.1918807421,-0.3139660072,-0.4540309548,4.002333762,nan,nan
jkt_a0.125,-6,0.5,-0.7079142179,-0.5183056169,-0.15695205,-0.03896704063,29.43454333,nan,nan
jkt_a0.125,-6,1.5,-0.7062660544,-0.5159267496,-0.1566852392,-0.03882600732,29.35759773,nan,nan
jkt_a0.125,-6,2.5,-0.7029823283,-0.5112099923,-0.1561541305,-0.03854618167,29.20456627,nan,nan
jkt_a0.125,-6,3.5,-0.6980927797,-0.5042440586,-0.1553636967,-0.03813196867,28.97771823,nan,nan
jkt_a0.125,-6,4.5,-0.6916429037,-0.4951669759,-0.1543212666,-0.03758978776,28.68078864,nan,nan
jkt_a0.125,-6,5.5,-0.683683395,-0.4841220986,-0.1530363732,-0.0369278595,28.31677299,nan,nan
jkt_a0.125,-6,6.5,-0.6742855982,-0.4713071174,-0.1515205585,-0.03615594016,27.89083291,nan,nan
jkt_a0.125,-6,7.5,-0.6635318506,-0.4569348527,-0.1497871425,-0.03528501872,27.4083835,nan,nan
jkt_a0.125,-6,8.5,-0.6515185559,-0.4412362712,-0.1478509627,-0.03432699181,26.87556078,nan,nan
jkt_a0.125,-6,9.5,-0.6383450985,-0.4244427166,-0.1457280922,-0.03329433221,26.29810264,nan,nan
jkt_a0.125,-6,10.5,-0.624129099,-0.4067968367,-0.1434355466,-0.0321997656,25.68282639,nan,nan
jkt_a0.125,-6,11.5,-0.6089880834,-0.3885293264,-0.1409909875,-0.03105596824,25.03589853,nan,nan
jkt_a0.125,-6,12.5,-0.5930481575,-0.3698643242,-0.1384124304,-0.02987529594,24.36372671,nan,nan
jkt_a0.125,-6,13.5,-0.5764384847,-0.3510116445,-0.1357179674,-0.02866955169,23.67253085,nan,nan
jkt_a0.125,-6,14.5,-0.559287135,-0.3321614066,-0.1329255085,-0.02744979638,22.96806167,nan,nan
jkt_a0.125,-6,15.5,-0.5417203336,-0.3134827663,-0.1300525494,-0.02622620432,22.25564997,nan,nan
jkt_a0.125,-6,16.5,-0.5238805279,-0.2951578441,-0.1271159683,-0.02500796271,21.54264853,nan,nan
jkt_a0.125,-6,17.5,-0.5058450682,-0.2772401378,-0.1241318549,-0.02380321238,20.82847346,nan,nan
jkt_a0.125,-6,18.5,-0.4877515307,-0.2598827719,-0.1211153732,-0.02261902535,20.12051815,nan,nan
jkt_a0.125,-6,19.5,-0.4696979604,-0.2431605709,-0.1180806566,-0.02146141432,19.42171273,nan,nan
jkt_a0.125,-6,20.5,-0.4517786645,-0.2271372986,-0.1150407353,-0.02033536796,18.73514257,nan,nan
jkt_a0.125,-6,21.5,-0.4340769796,-0.2118579115,-0.1120074923,-0.01924490672,18.06331605,nan,nan
jkt_a0.125,-6,22.5,-0.4166634414,-0.1973492374,-0.108991647,-0.01819315321,17.40804148,nan,nan
jkt_a0.125,-6,23.5,-0.3996052859,-0.1836289079,-0.1060027603,-0.01718241252,16.77132944,nan,nan
jkt_a0.125,-6,24.5,-0.382954435,-0.1706985474,-0.1030492603,-0.0162142578,16.15431445,nan,nan
jkt_a0.125,-6,25.5,-0.3667547913,-0.1585507597,-0.1001384838,-0.01528961763,15.55792055,nan,nan
jkt_a0.125,-6,26.5,-0.3510414933,-0.1471699813,-0.09727672897,-0.01440886219,14.98277976,nan,nan
jkt_a0.125,-6,27.5,-0.3358416351,-0.1365342248,-0.09446931864,-0.01357188589,14.42927587,nan,nan
jkt_a0.125,-6,28.5,-0.3211746735,-0.1266163754,-0.0917206687,-0.01277818499,13.8975502,nan,nan
jkt_a0.125,-6,29.5,-0.3070531806,-0.1173855415,-0.08903436056,-0.01202692892,13.38753412,nan,nan
jkt_a0.125,-5.5,0.5,-0.7914797967,-0.7158215318,-0.1693481936,-0.04586591423,36.99637786,nan,nan
jkt_a0.125,-5.5,1.5,-0.7897040602,-0.7123129939,-0.1690414722,-0.04568683649,36.88640673,nan,nan
jkt_a0.125,-5.5,2.5,-0.7861610547,-0.7053599301,-0.1684310498,-0.04533173763,36.6678407,nan,nan
jkt_a0.125,-5.5,3.5,-0.7808728198,-0.695100303,-0.1675229031,-0.04480661867,36.34420468,nan,nan
jkt_a0.125,-5.5,4.5,-0.7738731829,-0.6817489209,-0.1663258391,-0.0441202074,35.92130278,nan,nan
jkt_a0.125,-5.5,5.5,-0.7652023425,-0.6655280782,-0.1648513103,-0.04328364883,35.40387168,nan,nan
jkt_a0.125,-5.5,6.5,-0.7549187693,-0.6467439598,-0.1631131772,-0.04231012195,34.79990786,nan,nan
jkt_a0.125,-5.5,7.5,-0.7430941897,-0.625724841,-0.1611274253,-0.04121440479,34.11777093,nan,nan
jkt_a0.125,-5.5,8.5,-0.7298174816,-0.6028252671,-0.1589118444,-0.04001241137,33.36683355,nan,nan
jkt_a0.125,-5.5,9.5,-0.715183421,-0.5783994583,-0.1564856818,-0.03872072396,32.55593974,nan,nan
jkt_a0.125,-5.5,10.5,-0.6993109333,-0.5528157392,-0.1538692792,-0.03735614231,31.69532641,nan,nan
jkt_a0.125,-5.5,11.5,-0.6823228793,-0.5264225906,-0.1510837056,-0.03593526809,30.79428899,nan,nan
jkt_a0.125,-5.5,12.5,-0.6643561736,-0.499555552,-0.148150396,-0.03447413909,29.86232842,nan,nan
jkt_a0.125,-5.5,13.5,-0.6455554069,-0.4725257781,-0.1450908076,-0.0329879228,28.90856066,nan,nan
jkt_a0.125,-5.5,14.5,-0.6260677553,-0.4456122419,-0.1419261018,-0.03149067464,27.94133042,nan,nan
jkt_a0.125,-5.5,15.5,-0.6060415652,-0.4190599254,-0.1386768594,-0.02999516177,26.96826341,nan,nan
jkt_a0.125,-5.5,16.5,-0.5856456548,-0.3931307096,-0.1353628343,-0.02851274998,25.9997214,nan,nan
jkt_a0.125,-5.5,17.5,-0.5649786961,-0.367892653,-0.1320027497,-0.02705334827,25.03473621,nan,nan
jkt_a0.125,-5.5,18.5,-0.5442063889,-0.3435612999,-0.128614137,-0.02562540373,24.08354216,nan,nan
jkt_a0.125,-5.5,19.5,-0.5234511014,-0.3202343563,-0.1252132173,-0.02423593845,23.14996541,nan,nan
jkt_a0.125,-5.5,20.5,-0.502830737,-0.2979925135,-0.1218148241,-0.02289061944,22.23797616,nan,nan
jkt_a0.125,-5.5,21.5,-0.482450127,-0.276888609,-0.1184323625,-0.02159385328,21.35070013,nan,nan
jkt_a0.125,-5.5,22.5,-0.4623985907,-0.2569491834,-0.1150778013,-0.02034889716,20.49028272,nan,nan
jkt_a0.125,-5.5,23.5,-0.4427606225,-0.2381871398,-0.1117616942,-0.01915797965,19.65903658,nan,nan
jkt_a0.125,-5.5,24.5,-0.423601969,-0.2205931033,-0.1084932234,-0.01802242514,18.85811238,nan,nan
jkt_a0.125,-5.5,25.5,-0.4049779649,-0.2041453026,-0.1052802624,-0.01694277712,18.0883487,nan,nan
jkt_a0.125,-5.5,26.5,-0.3869326982,-0.1888110788,-0.1021294517,-0.01591891687,17.35018415,nan,nan
jkt_a0.125,-5.5,27.5,-0.3694999083,-0.1745495266,-0.09904628514,-0.01495017475,16.64372532,nan,nan
jkt_a0.125,-5.5,28.5,-0.3527035599,-0.161313453,-0.09603520147,-0.01403543239,15.9687655,nan,nan
jkt_a0.125,-5.5,29.5,-0.3365588328,-0.1490513509,-0.09309967909,-0.01317321492,15.32483523,nan,nan
jkt_a0.125,-5,0.5,-0.8531963712,-1.015441796,-0.1836433701,-0.05470991216,47.90737854,nan,nan
jkt_a0.125,-5,1.5,-0.8516156666,-1.010156021,-0.1832886967,-0.05447832498,47.7444929,nan,nan
jkt_a0.125,-5,2.5,-0.8484460226,-0.9996854799,-0.1825829739,-0.05401941255,47.42101274,nan,nan
jkt_a0.125,-5,3.5,-0.8436760172,-0.984247163,-0.1815333754,-0.05334153111,46.94263889,nan,nan
jkt_a0.125,-5,4.5,-0.8372883671,-0.9641792622,-0.180150476,-0.05245680679,46.31874114,nan,nan
jkt_a0.125,-5,5.5,-0.8292736957,-0.9398308371,-0.1784480349,-0.05138067573,45.55711841,nan,nan
jkt_a0.125,-5,6.5,-0.8196259501,-0.9116824649,-0.1764427118,-0.05013131752,44.67063738,nan,nan
jkt_a0.125,-5,7.5,-0.8083546656,-0.8802479505,-0.1741537275,-0.04872901637,43.67270265,nan,nan
jkt_a0.125,-5,8.5,-0.7954900972,-0.8460802839,-0.1716024747,-0.04719548669,42.57818045,nan,nan
jkt_a0.125,-5,9.5,-0.7810751234,-0.8097310339,-0.1688120931,-0.04555319889,41.40118944,nan,nan
jkt_a0.125,-5,10.5,-0.7651874028,-0.7717697687,-0.165807021,-0.04382473808,40.15766391,nan,nan
jkt_a0.125,-5,11.5,-0.7479197124,-0.7327332806,-0.1626125384,-0.04203222265,38.86209228,nan,nan
jkt_a0.125,-5,12.5,-0.7293917014,-0.6931344606,-0.1592543159,-0.04019680294,37.5290288,nan,nan
jkt_a0.125,-5,13.5,-0.7097430173,-0.6534449694,-0.1557579838,-0.03833825302,36.17225236,nan,nan
jkt_a0.125,-5,14.5,-0.6891270601,-0.6140835702,-0.1521487344,-0.03647466102,34.80422083,nan,nan
jkt_a0.125,-5,15.5,-0.6677081752,-0.5754134381,-0.1484509668,-0.03462221733,33.43612826,nan,nan
jkt_a0.125,-5,16.5,-0.6456773616,-0.5378199572,-0.1446879828,-0.0327950946,32.08293374,nan,nan
jkt_a0.125,-5,17.5,-0.6231672874,-0.5013906666,-0.140881738,-0.03100540927,30.74295178,nan,nan
jkt_a0.125,-5,18.5,-0.6003736366,-0.4664358895,-0.1370526498,-0.02926325246,29.43064192,nan,nan
jkt_a0.125,-5,19.5,-0.5774542018,-0.4330850874,-0.1332194615,-0.02757677622,28.15100307,nan,nan
jkt_a0.125,-5,20.5,-0.5545622529,-0.4014410612,-0.1293991597,-0.02595232165,26.90912952,nan,nan
jkt_a0.125,-5,21.5,-0.5318365968,-0.3715644785,-0.1256069393,-0.02439457581,25.70884579,nan,nan
jkt_a0.125,-5,22.5,-0.5093979014,-0.3434770252,-0.1218562101,-0.02290674587,24.55256671,nan,nan
jkt_a0.125,-5,23.5,-0.4873600625,-0.3171798513,-0.1181586394,-0.02149074086,23.44279833,nan,nan
jkt_a0.125,-5,24.5,-0.4658140429,-0.2926424564,-0.1145242224,-0.02014735288,22.38047222,nan,nan
jkt_a0.125,-5,25.5,-0.4448370135,-0.269817039,-0.1109613741,-0.01887643188,21.36606087,nan,nan
jkt_a0.125,-5,26.5,-0.4244913158,-0.2486411127,-0.1074770374,-0.01767704957,20.39948838,nan,nan
jkt_a0.125,-5,27.5,-0.4048254961,-0.2290415736,-0.1040768002,-0.01654764953,19.48023792,nan,nan
jkt_a0.125,-5,28.5,-0.385875065,-0.2109377021,-0.1007650183,-0.015486182,18.60739317,nan,nan
jkt_a0.125,-5,29.5,-0.3676637793,-0.1942440903,-0.09754493894,-0.01449022268,17.77971693,nan,nan
jkt_a0.125,-4.5,0.5,-0.8256941544,-1.465713819,-0.2002145394,-0.06627197666,63.62917011,nan,nan
jkt_a0.125,-4.5,1.5,-0.8252601862,-1.457728214,-0.1998026125,-0.06596621125,63.38060871,nan,nan
jkt_a0.125,-4.5,2.5,-0.8243337797,-1.44191247,-0.198983058,-0.06536076822,62.88742258,nan,nan
jkt_a0.125,-4.5,3.5,-0.8228010066,-1.418600399,-0.1977643951,-0.06446756639,62.15914176,nan,nan
jkt_a0.125,-4.5,4.5,-0.8204876482,-1.388313526,-0.1961592038,-0.06330385975,61.21136237,nan,nan
jkt_a0.125,-4.5,5.5,-0.8172294638,-1.351589978,-0.1941838869,-0.06189153697,60.05736464,nan,nan
jkt_a0.125,-4.5,6.5,-0.8128162401,-1.309172173,-0.1918583529,-0.06025626273,58.71849412,nan,nan
jkt_a0.125,-4.5,7.5,-0.807054903,-1.261854446,-0.1892056267,-0.05842651621,57.21691905,nan,nan
jkt_a0.125,-4.5,8.5,-0.7997767128,-1.210492,-0.186251393,-0.05643258487,55.57695399,nan,nan
jkt_a0.125,-4.5,9.5,-0.7908416836,-1.155939107,-0.1830234857,-0.05430556998,53.82177968,nan,nan
jkt_a0.125,-4.5,10.5,-0.7801660764,-1.099075912,-0.1795513389,-0.05207645414,51.97692939,nan,nan
jkt_a0.125,-4.5,11.5,-0.7677108221,-1.040731617,-0.1758654167,-0.04977527144,50.06558905,nan,nan
jkt_a0.125,-4.5,12.5,-0.7534949409,-0.9816957026,-0.1719966445,-0.04743040925,48.11062867,nan,nan
jkt_a0.125,-4.5,13.5,-0.737589519,-0.9226909607,-0.167975859,-0.04506805848,46.13336945,nan,nan
jkt_a0.125,-4.5,14.5,-0.7201100935,-0.8643552895,-0.1638332994,-0.04271181754,44.15279757,nan,nan
jkt_a0.125,-4.5,15.5,-0.7012107025,-0.8072371075,-0.1595981519,-0.04038244477,42.18563347,nan,nan
jkt_a0.125,-4.5,16.5,-0.6810818926,-0.7519145183,-0.1552981621,-0.03809774661,40.25381125,nan,nan
jkt_a0.125,-4.5,17.5,-0.65991731,-0.6985055026,-0.1509593218,-0.03587258297,38.35428252,nan,nan
jkt_a0.125,-4.5,18.5,-0.6379363405,-0.647466563,-0.1466056315,-0.03371896823,36.50769565,nan,nan
jkt_a0.125,-4.5,19.5,-0.615353583,-0.5989746962,-0.1422589405,-0.0316462456,34.72044631,nan,nan
jkt_a0.125,-4.5,20.5,-0.5923812989,-0.5531644446,-0.1379388558,-0.02966131291,32.99889984,nan,nan
jkt_a0.125,-4.5,21.5,-0.5692188269,-0.5101055169,-0.1336627166,-0.02776888049,31.3474787,nan,nan
jkt_a0.125,-4.5,22.5,-0.5460461457,-0.4698086772,-0.1294456225,-0.02597174401,29.76854436,nan,nan
jkt_a0.125,-4.5,23.5,-0.5230341025,-0.4322531395,-0.1253005066,-0.02427105887,28.26440753,nan,nan
jkt_a0.125,-4.5,24.5,-0.5003257517,-0.3973721265,-0.1212382442,-0.0226666054,26.8352222,nan,nan
jkt_a0.125,-4.5,25.5,-0.4780452636,-0.3650741292,-0.1172677868,-0.02115703756,25.48048258,nan,nan
jkt_a0.125,-4.5,26.5,-0.4562963797,-0.3352473913,-0.1133963139,-0.01974010997,24.19894458,nan,nan
jkt_a0.125,-4.5,27.5,-0.4351633742,-0.3077662635,-0.1096293935,-0.01841288078,22.98879711,nan,nan
jkt_a0.125,-4.5,28.5,-0.4147119606,-0.2824958705,-0.105971147,-0.01717188909,21.84774135,nan,nan
jkt_a0.125,-4.5,29.5,-0.3949909088,-0.259296531,-0.1024244123,-0.01601330751,20.77311251,nan,nan
jkt_a0.125,-4,0.5,-0.547218336,-2.086381242,-0.2194777917,-0.08172595214,84.82161866,nan,nan
jkt_a0.125,-4,1.5,-0.5503363621,-2.074908906,-0.2189989473,-0.081312724,84.4405907,nan,nan
jkt_a0.125,-4,2.5,-0.5563837033,-2.052174637,-0.2180461934,-0.08049519123,83.68531602,nan,nan
jkt_a0.125,-4,3.5,-0.5649785884,-2.018633737,-0.2166293377,-0.07929079782,82.57179651,nan,nan
jkt_a0.125,-4,4.5,-0.5755358016,-1.975003129,-0.2147629286,-0.07772473165,81.12603678,nan,nan
jkt_a0.125,-4,5.5,-0.5874825599,-1.922027403,-0.2124660469,-0.07582883059,79.37079269,nan,nan
jkt_a0.125,-4,6.5,-0.6000665881,-1.860744655,-0.2097620064,-0.07364024839,77.34155565,nan,nan
jkt_a0.125,-4,7.5,-0.6125502789,-1.792278486,-0.2066779601,-0.0711999703,75.07510468,nan,nan
jkt_a0.125,-4,8.5,-0.6242215561,-1.717852929,-0.2032444072,-0.06855127359,72.61134447,nan,nan
jkt_a0.125,-4,9.5,-0.634434045,-1.638704765,-0.1994946093,-0.06573822362,69.98837121,nan,nan
jkt_a0.125,-4,10.5,-0.6426423862,-1.55612201,-0.195463932,-0.06280428513,67.24720079,nan,nan
jkt_a0.125,-4,11.5,-0.6484184853,-1.471330725,-0.1911891358,-0.05979111137,64.42493304,nan,nan
jkt_a0.125,-4,12.5,-0.6514664462,-1.385507899,-0.1867076461,-0.0567375537,61.55747594,nan,nan
jkt_a0.125,-4,13.5,-0.6516214413,-1.299738511,-0.1820568333,-0.05367891327,58.6777293,nan,nan
jkt_a0.125,-4,14.5,-0.6488408747,-1.214985215,-0.1772733365,-0.05064643719,55.81445908,nan,nan
jkt_a0.125,-4,15.5,-0.6431914466,-1.132078098,-0.1723924545,-0.04766704532,52.99239981,nan,nan
jkt_a0.125,-4,16.5,-0.6347937415,-1.051888895,-0.1674476268,-0.04476326135,50.2433382,nan,nan
jkt_a0.125,-4,17.5,-0.6239596177,-0.9746027484,-0.1624700167,-0.04195331449,47.56173488,nan,nan
jkt_a0.125,-4,18.5,-0.6109034505,-0.900901361,-0.1574882023,-0.03925137434,44.97654411,nan,nan
jkt_a0.125,-4,19.5,-0.595939188,-0.8310468383,-0.1525279741,-0.03666788144,42.49538451,nan,nan
jkt_a0.125,-4,20.5,-0.5793868665,-0.7652331659,-0.1476122311,-0.03420993913,40.12558146,nan,nan
jkt_a0.125,-4,21.5,-0.5615636428,-0.7035541545,-0.1427609658,-0.03188173634,37.87152072,nan,nan
jkt_a0.125,-4,22.5,-0.5427709895,-0.6460133773,-0.1379913236,-0.02968497683,35.73461134,nan,nan
jkt_a0.125,-4,23.5,-0.5232987848,-0.5925645698,-0.1333177208,-0.02761929587,33.71598761,nan,nan
jkt_a0.125,-4,24.5,-0.5034041395,-0.5430929559,-0.1287520086,-0.02568265062,31.8138842,nan,nan
jkt_a0.125,-4,25.5,-0.4833170682,-0.4974467478,-0.1243036679,-0.02387167552,30.02564674,nan,nan
jkt_a0.125,-4,26.5,-0.4632376612,-0.4554447236,-0.1199800225,-0.02218199778,28.3476879,nan,nan
jkt_a0.125,-4,27.5,-0.4433363452,-0.4168862162,-0.1157864623,-0.02060851123,26.77575444,nan,nan
jkt_a0.125,-4,28.5,-0.4237547345,-0.3815584655,-0.1117266653,-0.01914560912,25.30506363,nan,nan
jkt_a0.125,-4,29.5,-0.4046075596,-0.3492434167,-0.1078028149,-0.0177873782,23.93048458,nan,nan
jkt_a0.125,-3.5,0.5,0.2537420489,-2.707147794,-0.2418088706,-0.1028990055,107.0527447,nan,nan
jkt_a0.125,-3.5,1.5,0.2424129453,-2.693585681,-0.2412561695,-0.102325961,106.5038628,nan,nan
jkt_a0.125,-3.5,2.5,0.2202139616,-2.666626129,-0.2401559521,-0.1011932975,105.4169596,nan,nan
jkt_a0.125,-3.5,3.5,0.1880873333,-2.62664635,-0.238518605,-0.09952722105,103.8170789,nan,nan
jkt_a0.125,-3.5,4.5,0.1474837929,-2.574265152,-0.2363597297,-0.09736547747,101.7445109,nan,nan
jkt_a0.125,-3.5,5.5,0.09984276947,-2.510153102,-0.2337001129,-0.09475560851,99.23578705,nan,nan
jkt_a0.125,-3.5,6.5,0.04707789525,-2.435297412,-0.230565608,-0.09175283175,96.34586372,nan,nan
jkt_a0.125,-3.5,7.5,-0.008891119132,-2.350835106,-0.2269868847,-0.08841769438,93.13172136,nan,nan
jkt_a0.125,-3.5,8.5,-0.06615469006,-2.258082304,-0.2229990165,-0.08481365768,89.65460623,nan,nan
jkt_a0.125,-3.5,9.5,-0.1229339768,-2.158439316,-0.2186408946,-0.08100476234,85.97296792,nan,nan
jkt_a0.125,-3.5,10.5,-0.1776282857,-2.053449947,-0.2139544787,-0.07705350467,82.14851068,nan,nan
jkt_a0.125,-3.5,11.5,-0.2289009488,-1.944653656,-0.208983919,-0.07301902379,78.23672785,nan,nan
jkt_a0.125,-3.5,12.5,-0.2756976288,-1.833595291,-0.2037745958,-0.06895566465,74.29035054,nan,nan
jkt_a0.125,-3.5,13.5,-0.3172614057,-1.721756106,-0.1983721332,-0.06491194512,70.3568093,nan,nan
jkt_a0.125,-3.5,14.5,-0.3531260911,-1.610498578,-0.1928214453,-0.06092992209,66.47672248,nan,nan
jkt_a0.125,-3.5,15.5,-0.3830911088,-1.501037085,-0.1871658644,-0.05704492447,62.68406897,nan,nan
jkt_a0.125,-3.5,16.5,-0.4070418766,-1.394651885,-0.181446392,-0.05328560121,59.021537,nan,nan
jkt_a0.125,-3.5,17.5,-0.4255023927,-1.291725966,-0.1757010977,-0.04967422204,55.47980808,nan,nan
jkt_a0.125,-3.5,18.5,-0.4386034526,-1.193276176,-0.1699646783,-0.04622716446,52.09618086,nan,nan
jkt_a0.125,-3.5,19.5,-0.4468270512,-1.099757684,-0.1642681761,-0.04295552397,48.87825027,nan,nan
jkt_a0.125,-3.5,20.5,-0.4506850207,-1.011517552,-0.1586388448,-0.03986579091,45.83288656,nan,nan
jkt_a0.125,-3.5,21.5,-0.4507163404,-0.9287517289,-0.1531001449,-0.03696054728,42.96284437,nan,nan
jkt_a0.125,-3.5,22.5,-0.4474604919,-0.8515186751,-0.1476718462,-0.03423914711,40.26690164,nan,nan
jkt_a0.125,-3.5,23.5,-0.4414445783,-0.7797950215,-0.1423702139,-0.0316983546,37.74331085,nan,nan
jkt_a0.125,-3.5,24.5,-0.433159848,-0.7134525528,-0.1372082542,-0.02933292281,35.38674223,nan,nan
jkt_a0.125,-3.5,25.5,-0.4230574477,-0.6523027933,-0.1321959995,-0.02713610416,33.19083817,nan,nan
jkt_a0.125,-3.5,26.5,-0.41154254,-0.5961094647,-0.1273408144,-0.02510008925,31.14823572,nan,nan
jkt_a0.125,-3.5,27.5,-0.3989723508,-0.544603998,-0.1226477069,-0.02321637555,29.25094621,nan,nan
jkt_a0.125,-3.5,28.5,-0.3856563654,-0.4974972196,-0.1181196356,-0.02147607016,27.49055697,nan,nan
jkt_a0.125,-3.5,29.5,-0.3718583468,-0.4544900085,-0.1137578017,-0.01987013284,25.85847326,nan,nan
jkt_a0.125,-3,0.5,1.648682621,-2.752999926,-0.2672994807,-0.1326948236,115.6245016,nan,nan
jkt_a0.125,-3,1.5,1.624905111,-2.745031651,-0.2666777089,-0.1318782024,114.9660645,nan,nan
jkt_a0.125,-3,2.5,1.578133264,-2.728860954,-0.2654382345,-0.1302656139,113.6632127,nan,nan
jkt_a0.125,-3,3.5,1.509997393,-2.70407219,-0.2635894681,-0.1278973312,111.7476548,nan,nan
jkt_a0.125,-3,4.5,1.423042493,-2.67011134,-0.2611446407,-0.1248312546,109.2696806,nan,nan
jkt_a0.125,-3,5.5,1.319830012,-2.626523698,-0.2581223746,-0.1211401083,106.2774451,nan,nan
jkt_a0.125,-3,6.5,1.203835356,-2.5728952,-0.2545472017,-0.1169080306,102.8400167,nan,nan
jkt_a0.125,-3,7.5,1.078636291,-2.509074317,-0.250449887,-0.1122268011,99.02960835,nan,nan
jkt_a0.125,-3,8.5,0.9478974651,-2.435236121,-0.2458674442,-0.107191968,94.92351146,nan,nan
jkt_a0.125,-3,9.5,0.8151293985,-2.351865507,-0.2408427775,-0.1018991264,90.59551542,nan,nan
jkt_a0.125,-3,10.5,0.6836238251,-2.259859186,-0.2354239398,-0.09644057048,86.12261953,nan,nan
jkt_a0.125,-3,11.5,0.5562402549,-2.160388711,-0.2296630563,-0.09090248908,81.57375176,nan,nan
jkt_a0.125,-3,12.5,0.4353672934,-2.054895779,-0.2236149991,-0.08536281128,77.0135203,nan,nan
jkt_a0.125,-3,13.5,0.3228607202,-1.94498516,-0.2173359299,-0.07988974352,72.4991364,nan,nan
jkt_a0.125,-3,14.5,0.2200274046,-1.832318956,-0.2108818266,-0.07454097831,68.07865003,nan,nan
jkt_a0.125,-3,15.5,0.1276547878,-1.71853287,-0.2043071043,-0.06936350645,63.79118029,nan,nan
jkt_a0.125,-3,16.5,0.0463891773,-1.605386405,-0.197663414,-0.0643939314,59.68469297,nan,nan
jkt_a0.125,-3,17.5,-0.02452984495,-1.493814583,-0.1909986747,-0.05965916797,55.74675036,nan,nan
jkt_a0.125,-3,18.5,-0.08498595272,-1.385303594,-0.184356366,-0.05517740546,52.01712695,nan,nan
jkt_a0.125,-3,19.5,-0.1356555515,-1.280773416,-0.1777750801,-0.05095922424,48.50126085,nan,nan
jkt_a0.125,-3,20.5,-0.1773019251,-1.180978194,-0.171288314,-0.04700877158,45.20340941,nan,nan
jkt_a0.125,-3,21.5,-0.2107822654,-1.08645641,-0.1649244685,-0.04332492254,42.12302685,nan,nan
jkt_a0.125,-3,22.5,-0.2369958349,-0.9975418435,-0.1587070135,-0.03990237197,39.25512414,nan,nan
jkt_a0.125,-3,23.5,-0.2568384134,-0.9144286477,-0.1526547788,-0.03673262294,36.59409589,nan,nan
jkt_a0.125,-3,24.5,-0.2711749495,-0.8371463224,-0.1467823303,-0.0338048526,34.13063926,nan,nan
jkt_a0.125,-3,25.5,-0.2808153795,-0.7656164671,-0.1411003969,-0.03110664897,31.8545569,nan,nan
jkt_a0.125,-3,26.5,-0.2865021991,-0.6996724569,-0.1356163204,-0.02862462143,29.75485063,nan,nan
jkt_a0.125,-3,27.5,-0.2889034397,-0.6390828653,-0.1303345045,-0.02634489333,27.82016344,nan,nan
jkt_a0.125,-3,28.5,-0.2886107668,-0.5835701152,-0.1252568474,-0.02425348924,26.03901123,nan,nan
jkt_a0.125,-3,29.5,-0.2861408167,-0.5328274915,-0.1203831469,-0.02233663039,24.40004278,nan,nan
jkt_a0.125,-2.5,0.5,2.950635378,-1.702223484,-0.2950747249,-0.175762939,98.36933116,nan,nan
jkt_a0.125,-2.5,1.5,2.919647844,-1.712708091,-0.2944250763,-0.1745691821,97.79499149,nan,nan
jkt_a0.125,-2.5,2.5,2.858311049,-1.732564352,-0.293124728,-0.1722137006,96.65819073,nan,nan
jkt_a0.125,-2.5,3.5,2.768030746,-1.759589637,-0.2911725682,-0.1687589723,94.98542883,nan,nan
jkt_a0.125,-2.5,4.5,2.651151373,-1.790512829,-0.2885692288,-0.1642948429,92.81766865,nan,nan
jkt_a0.125,-2.5,5.5,2.510151113,-1.822203774,-0.285319383,-0.1589341488,90.19908601,nan,nan
jkt_a0.125,-2.5,6.5,2.348665101,-1.850771412,-0.2814341359,-0.1528073243,87.18795453,nan,nan
jkt_a0.125,-2.5,7.5,2.170751453,-1.872679689,-0.2769330998,-0.1460563583,83.84739881,nan,nan
jkt_a0.125,-2.5,8.5,1.980915384,-1.884878105,-0.2718458105,-0.1388285182,80.2458967,nan,nan
jkt_a0.125,-2.5,9.5,1.783806943,-1.885018058,-0.2662122651,-0.1312702737,76.44943176,nan,nan
jkt_a0.125,-2.5,10.5,1.584143319,-1.871651656,-0.2600825067,-0.1235218199,72.5277451,nan,nan
jkt_a0.125,-2.5,11.5,1.386332413,-1.844218952,-0.253515331,-0.1157125221,68.54367097,nan,nan
jkt_a0.125,-2.5,12.5,1.194350056,-1.803037284,-0.2465763013,-0.1079574916,64.55641936,nan,nan
jkt_a0.125,-2.5,13.5,1.011554413,-1.749162508,-0.2393353305,-0.1003553772,60.61847173,nan,nan
jkt_a0.125,-2.5,14.5,0.8405717868,-1.684207221,-0.2318641061,-0.09298733667,56.77376488,nan,nan
jkt_a0.125,-2.5,15.5,0.6832666052,-1.610151114,-0.22423361,-0.08591705338,53.05774837,nan,nan
jkt_a0.125,-2.5,16.5,0.5412808927,-1.52923607,-0.2165119282,-0.07919159948,49.51290909,nan,nan
jkt_a0.125,-2.5,17.5,0.4139952593,-1.44352241,-0.2087624792,-0.0728429161,46.12901604,nan,nan
jkt_a0.125,-2.5,18.5,0.3020901481,-1.355135105,-0.2010427189,-0.06688968268,42.93932644,nan,nan
jkt_a0.125,-2.5,19.5,0.2049273624,-1.26591279,-0.1934033222,-0.06133937173,39.94743098,nan,nan
jkt_a0.125,-2.5,20.5,0.1216537926,-1.177452867,-0.1858877988,-0.05619032296,37.15551519,nan,nan
jkt_a0.125,-2.5,21.5,0.05119434687,-1.091060166,-0.1785324744,-0.05143371436,34.56136529,nan,nan
jkt_a0.125,-2.5,22.5,-0.00765834608,-1.00774042,-0.1713667565,-0.04705534896,32.15879059,nan,nan
jkt_a0.125,-2.5,23.5,-0.05615180857,-0.9282602601,-0.1644136052,-0.04303721251,29.94111207,nan,nan
jkt_a0.125,-2.5,24.5,-0.0955331087,-0.8531239697,-0.1576901339,-0.0393587856,27.89850185,nan,nan
jkt_a0.125,-2.5,25.5,-0.1269947668,-0.7826384572,-0.1512082808,-0.03599811456,26.02051367,nan,nan
jkt_a0.125,-2.5,26.5,-0.1516490954,-0.7169435909,-0.1449754999,-0.03293265884,24.29619453,nan,nan
jkt_a0.125,-2.5,27.5,-0.1705111131,-0.656047167,-0.1389954385,-0.03013994043,22.71448312,nan,nan
jkt_a0.125,-2.5,28.5,-0.184491208,-0.5998548473,-0.1332685739,-0.02759802394,21.26440785,nan,nan
jkt_a0.125,-2.5,29.5,-0.1943936056,-0.5481976963,-0.1277927959,-0.02528585608,19.93530632,nan,nan
jkt_a0.125,-2,0.5,3.241396758,0.04180932658,-0.3214717123,-0.239323504,65.42406897,nan,nan
jkt_a0.125,-2,1.5,3.222244672,0.007730129131,-0.3209362213,-0.2375527057,65.1247119,nan,nan
jkt_a0.125,-2,2.5,3.183275121,-0.05866806403,-0.3198483702,-0.2340590898,64.52924704,nan,nan
jkt_a0.125,-2,3.5,3.123350903,-0.1537626795,-0.3181772566,-0.2289366405,63.64492842,nan,nan
jkt_a0.125,-2,4.5,3.041183816,-0.2718804509,-0.3158831834,-0.2223213876,62.48094231,nan,nan
jkt_a0.125,-2,5.5,2.93585103,-0.4073418114,-0.3129245069,-0.2143855153,61.0576299,nan,nan
jkt_a0.125,-2,6.5,2.807026376,-0.5525325151,-0.3092650684,-0.2053297017,59.39319492,nan,nan
jkt_a0.125,-2,7.5,2.655465485,-0.6998411838,-0.3048811271,-0.1953740413,57.51275408,nan,nan
jkt_a0.125,-2,8.5,2.483190851,-0.8418609719,-0.2997668366,-0.1847481111,55.44684769,nan,nan
jkt_a0.125,-2,9.5,2.293386682,-0.9719646175,-0.2939375914,-0.1736809007,53.2267113,nan,nan
jkt_a0.125,-2,10.5,2.090386907,-1.084729326,-0.2874309467,-0.1623913976,50.88982096,nan,nan
jkt_a0.125,-2,11.5,1.87917289,-1.176264117,-0.2803052091,-0.1510805515,48.4720441,nan,nan
jkt_a0.125,-2,12.5,1.665055987,-1.244339049,-0.2726361195,-0.1399251618,46.01015764,nan,nan
jkt_a0.125,-2,13.5,1.453217918,-1.288337241,-0.2645122617,-0.129073972,43.53911258,nan,nan
jkt_a0.125,-2,14.5,1.248319525,-1.309057405,-0.2560298903,-0.1186459772,41.09014207,nan,nan
jkt_a0.125,-2,15.5,1.05423378,-1.30841731,-0.2472878189,-0.108730714,38.69020333,nan,nan
jkt_a0.125,-2,16.5,0.8745250489,-1.288936541,-0.238382863,-0.09939013441,36.37147396,nan,nan
jkt_a0.125,-2,17.5,0.7098556945,-1.254212103,-0.2294061502,-0.09066159192,34.13402704,nan,nan
jkt_a0.125,-2,18.5,0.5621905454,-1.207150785,-0.220440436,-0.08256146922,32.00250858,nan,nan
jkt_a0.125,-2,19.5,0.4316702448,-1.150958002,-0.2115584153,-0.07508903642,29.98380264,nan,nan
jkt_a0.125,-2,20.5,0.3179312755,-1.088537908,-0.2028219199,-0.06823022028,28.0833427,nan,nan
jkt_a0.125,-2,21.5,0.2201283723,-1.022422312,-0.1942818393,-0.06196106368,26.3030957,nan,nan
jkt_a0.125,-2,22.5,0.1370821216,-0.9547186068,-0.1859785803,-0.05625074644,24.64173341,nan,nan
jkt_a0.125,-2,23.5,0.06743729476,-0.8871462499,-0.1779428929,-0.05106411301,23.09740744,nan,nan
jkt_a0.125,-2,24.5,0.009741477083,-0.8210121405,-0.1701969112,-0.04636370706,21.66548476,nan,nan
jkt_a0.125,-2,25.5,-0.03745439335,-0.7572821168,-0.16275529,-0.04211134866,20.34059205,nan,nan
jkt_a0.125,-2,26.5,-0.07554186882,-0.6966265696,-0.1556263487,-0.03826930971,19.11669641,nan,nan
jkt_a0.125,-2,27.5,-0.1058166223,-0.6394730175,-0.1488131615,-0.03480115097,17.98742571,nan,nan
jkt_a0.125,-2,28.5,-0.1294574697,-0.5860540974,-0.1423145567,-0.03167228429,16.94622879,nan,nan
jkt_a0.125,-2,29.5,-0.1475162524,-0.5364521947,-0.1361260048,-0.02885031881,15.98656798,nan,nan
jkt_a0.125,-1.5,0.5,2.283755187,1.482660824,-0.3355606459,-0.333002763,33.17267701,nan,nan
jkt_a0.125,-1.5,1.5,2.297381305,1.443146119,-0.3355310831,-0.330429216,33.19119656,nan,nan
jkt_a0.125,-1.5,2.5,2.322152338,1.364505189,-0.3354145677,-0.3253426646,33.22299027,nan,nan
jkt_a0.125,-1.5,3.5,2.35315793,1.247875881,-0.3351029923,-0.3178638393,33.25598232,nan,nan
jkt_a0.125,-1.5,4.5,2.383147848,1.095890058,-0.3344501184,-0.3081723218,33.26628842,nan,nan
jkt_a0.125,-1.5,5.5,2.40514116,0.9117644351,-0.3332885963,-0.2965031975,33.2470863,nan,nan
jkt_a0.125,-1.5,6.5,2.410739018,0.7012831663,-0.3314493244,-0.283140654,33.1713454,nan,nan
jkt_a0.125,-1.5,7.5,2.392748856,0.4718495178,-0.32878067,-0.2684078964,33.01823384,nan,nan
jkt_a0.125,-1.5,8.5,2.345770435,0.2324493952,-0.3251650591,-0.2526534959,32.76994343,nan,nan
jkt_a0.125,-1.5,9.5,2.266852704,-0.007083650077,-0.32053086,-0.2362351388,32.41101373,nan,nan
jkt_a0.125,-1.5,10.5,2.155998278,-0.2368356509,-0.3148583034,-0.2195024337,31.93397556,nan,nan
jkt_a0.125,-1.5,11.5,2.015948877,-0.4478530745,-0.3081792155,-0.2027807438,31.33575228,nan,nan
jkt_a0.125,-1.5,12.5,1.851807939,-0.6329090712,-0.3005713461,-0.1863578494,30.6204013,nan,nan
jkt_a0.125,-1.5,13.5,1.670257644,-0.7870563235,-0.2921488096,-0.1704746998,29.79758994,nan,nan
jkt_a0.125,-1.5,14.5,1.478671142,-0.9078285604,-0.283050492,-0.1553207564,28.88104241,nan,nan
jkt_a0.125,-1.5,15.5,1.284293161,-0.9951024057,-0.273428204,-0.1410336931,27.8873801,nan,nan
jkt_a0.125,-1.5,16.5,1.094228538,-1.050193607,-0.2634359822,-0.1277026669,26.83860653,nan,nan
jkt_a0.125,-1.5,17.5,0.9125059667,-1.077598701,-0.2532214276,-0.1153740829,25.75006636,nan,nan
jkt_a0.125,-1.5,18.5,0.7438547249,-1.080534472,-0.2429194495,-0.1040587395,24.64092073,nan,nan
jkt_a0.125,-1.5,19.5,0.5906884755,-1.063589562,-0.2326483761,-0.09373938554,23.52695271,nan,nan
jkt_a0.125,-1.5,20.5,0.4543216436,-1.031203138,-0.2225081184,-0.08437795908,22.4227303,nan,nan
jkt_a0.125,-1.5,21.5,0.3350492177,-0.9874818645,-0.2125799455,-0.07592204026,21.34023041,nan,nan
jkt_a0.125,-1.5,22.5,0.2323835683,-0.9360214245,-0.2029274034,-0.06831027983,20.28839533,nan,nan
jkt_a0.125,-1.5,23.5,0.145323483,-0.8798678814,-0.1935979554,-0.06147674157,19.2752041,nan,nan
jkt_a0.125,-1.5,24.5,0.07251786619,-0.8214601283,-0.1846250003,-0.05535421498,18.30543202,nan,nan
jkt_a0.125,-1.5,25.5,0.01245477485,-0.7626959448,-0.1760300119,-0.04987662124,17.38232692,nan,nan
jkt_a0.125,-1.5,26.5,-0.03642112747,-0.7049911835,-0.1678246261,-0.04498066428,16.50765328,nan,nan
jkt_a0.125,-1.5,27.5,-0.07562228801,-0.6493547555,-0.1600125664,-0.04060688087,15.68198976,nan,nan
jkt_a0.125,-1.5,28.5,-0.106564307,-0.5964624002,-0.1525913519,-0.03670023119,14.9049139,nan,nan
jkt_a0.125,-1.5,29.5,-0.1305336298,-0.5467271726,-0.1455537665,-0.03321035132,14.17524746,nan,nan
jkt_a0.125,-1,0.5,0.8030730643,1.698597326,-0.3107190478,-0.4623033129,11.37767585,nan,nan
jkt_a0.125,-1,1.5,0.8377452631,1.688913629,-0.3120511966,-0.4589868014,11.53808144,nan,nan
jkt_a0.125,-1,2.5,0.9058989981,1.667120833,-0.314582356,-0.4523843453,11.85699264,nan,nan
jkt_a0.125,-1,3.5,1.004684583,1.628570899,-0.3180559387,-0.4425656103,12.32774296,nan,nan
jkt_a0.125,-1,4.5,1.128499778,1.566940644,-0.3221114625,-0.4296541873,12.93117607,nan,nan
jkt_a0.125,-1,5.5,1.270907972,1.47638162,-0.3263138116,-0.4138445816,13.66313779,nan,nan
jkt_a0.125,-1,6.5,1.421507772,1.351254719,-0.3301909178,-0.3954160877,14.49459173,nan,nan
jkt_a0.125,-1,7.5,1.568146431,1.188637016,-0.333276792,-0.3747383149,15.3952562,nan,nan
jkt_a0.125,-1,8.5,1.697540069,0.9893531589,-0.3351549584,-0.352264602,16.3288854,nan,nan
jkt_a0.125,-1,9.5,1.796879809,0.7585206623,-0.3354962332,-0.328512304,17.25401025,nan,nan
jkt_a0.125,-1,10.5,1.855720649,0.5055056246,-0.3340851372,-0.3040322182,18.12919787,nan,nan
jkt_a0.125,-1,11.5,1.867478302,0.2426702778,-0.3308312171,-0.279372196,18.91413155,nan,nan
jkt_a0.125,-1,12.5,1.830385023,-0.01628104015,-0.3257646284,-0.2550413007,19.57469574,nan,nan
jkt_a0.125,-1,13.5,1.747470269,-0.2582710954,-0.3190184721,-0.2314803421,20.08520828,nan,nan
jkt_a0.125,-1,14.5,1.625714234,-0.4725398343,-0.3108025748,-0.2090426085,20.42979956,nan,nan
jkt_a0.125,-1,15.5,1.474663393,-0.651712348,-0.3013741173,-0.1879859799,20.60285588,nan,nan
jkt_a0.125,-1,16.5,1.305358306,-0.7911924213,-0.2910098446,-0.1684752558,20.60610716,nan,nan
jkt_a0.125,-1,17.5,1.127292692,-0.892943169,-0.2799830751,-0.1505920444,20.46272182,nan,nan
jkt_a0.125,-1,18.5,0.9497484479,-0.9579506997,-0.2685469962,-0.1343490717,20.18131227,nan,nan
jkt_a0.125,-1,19.5,0.7796520568,-0.9907288043,-0.2569243005,-0.1197060586,19.78352105,nan,nan
jkt_a0.125,-1,20.5,0.6219756308,-0.996577084,-0.2453022791,-0.106585029,19.29191348,nan,nan
jkt_a0.125,-1,21.5,0.479771383,-0.9810500809,-0.2338320661,-0.09488373348,18.72853542,nan,nan
jkt_a0.125,-1,22.5,0.3544637867,-0.9494324853,-0.2226306858,-0.08448658357,18.11328142,nan,nan
jkt_a0.125,-1,23.5,0.2462671042,-0.9064576309,-0.2117847312,-0.07527300954,17.46504177,nan,nan
jkt_a0.125,-1,24.5,0.1544937968,-0.856104046,-0.20135478,-0.06712346802,16.79898126,nan,nan
jkt_a0.125,-1,25.5,0.07790690837,-0.8015885364,-0.191379927,-0.05992347863,16.12780812,nan,nan
jkt_a0.125,-1,26.5,0.01496590857,-0.7454057355,-0.1818820501,-0.05356610803,15.46167954,nan,nan
jkt_a0.125,-1,27.5,-0.03598575063,-0.6894141186,-0.1728696041,-0.04795329334,14.80845807,nan,nan
jkt_a0.125,-1,28.5,-0.07659373303,-0.6349368738,-0.1643408612,-0.0429963398,14.17392827,nan,nan
jkt_a0.125,-1,29.5,-0.1084094511,-0.5828661295,-0.1562865947,-0.03861585958,13.56213357,nan,nan
jkt_a0.125,-0.5,0.5,0.06779849398,1.024053016,-0.2028871194,-0.6028612422,2.603234212,nan,nan
jkt_a0.125,-0.5,1.5,0.08435930806,1.037825596,-0.2065843673,-0.600014111,2.692362858,nan,nan
jkt_a0.125,-0.5,2.5,0.1190363758,1.064257623,-0.2138066812,-0.5942096843,2.875673059,nan,nan
jkt_a0.125,-0.5,3.5,0.1747745403,1.100688402,-0.2242052113,-0.5852493905,3.162192166,nan,nan
jkt_a0.125,-0.5,4.5,0.2552039697,1.141826816,-0.2372498468,-0.5728889275,3.560301554,nan,nan
jkt_a0.125,-0.5,5.5,0.3636853682,1.181382121,-0.2522324578,-0.5568990206,4.088024491,nan,nan
jkt_a0.125,-0.5,6.5,0.502091417,1.209159521,-0.2682875302,-0.5371376828,4.755023274,nan,nan
jkt_a0.125,-0.5,7.5,0.6689444192,1.213247419,-0.284438091,-0.5136224639,5.568271535,nan,nan
jkt_a0.125,-0.5,8.5,0.8579014875,1.1811753,-0.2996690493,-0.4865870289,6.525951557,nan,nan
jkt_a0.125,-0.5,9.5,1.057141895,1.102331571,-0.3130210083,-0.4565059424,7.613699308,nan,nan
jkt_a0.125,-0.5,10.5,1.250165739,0.9709700034,-0.3236883384,-0.4240769656,8.803799815,nan,nan
jkt_a0.125,-0.5,11.5,1.418258353,0.7882973385,-0.3311003035,-0.3901610296,10.05475991,nan,nan
jkt_a0.125,-0.5,12.5,1.544012224,0.5632511678,-0.3349666327,-0.3556924775,11.31546614,nan,nan
jkt_a0.125,-0.5,13.5,1.614798812,0.3111682939,-0.3352787272,-0.3215806419,12.53047239,nan,nan
jkt_a0.125,-0.5,14.5,1.62506192,0.05086216978,-0.3322704067,-0.2886245754,13.64639747,nan,nan
jkt_a0.125,-0.5,15.5,1.576789353,-0.1989110684,-0.3263520855,-0.257456089,14.61797671,nan,nan
jkt_a0.125,-0.5,16.5,1.478231457,-0.4211048412,-0.3180359962,-0.2285160662,15.40426184,nan,nan
jkt_a0.125,-0.5,17.5,1.342332799,-0.6080327557,-0.3078676286,-0.2020599328,16.01320016,nan,nan
jkt_a0.125,-0.5,18.5,1.182202006,-0.7525445033,-0.2963726232,-0.1781830229,16.4227092,nan,nan
jkt_a0.125,-0.5,19.5,1.010887056,-0.8544727758,-0.2840221046,-0.156855657,16.64271747,nan,nan
jkt_a0.125,-0.5,20.5,0.8393358547,-0.9170065362,-0.2712148753,-0.1379596614,16.69056459,nan,nan
jkt_a0.125,-0.5,21.5,0.6757662677,-0.9455582996,-0.2582725743,-0.1213210414,16.58907137,nan,nan
jkt_a0.125,-0.5,22.5,0.5256174624,-0.9465142018,-0.2454434101,-0.1067363101,16.36296632,nan,nan
jkt_a0.125,-0.5,23.5,0.3919625919,-0.9263330171,-0.2329106624,-0.09399198661,16.03832494,nan,nan
jkt_a0.125,-0.5,24.5,0.2759466184,-0.8909070173,-0.2208031361,-0.0828779387,15.63859063,nan,nan
jkt_a0.125,-0.5,25.5,0.1773737071,-0.8452747148,-0.2092057453,-0.07319574479,15.18485342,nan,nan
jkt_a0.125,-0.5,26.5,0.09517486716,-0.7935192254,-0.1981692006,-0.06476332785,14.69518701,nan,nan
jkt_a0.125,-0.5,27.5,0.02778742779,-0.7388022963,-0.1877183346,-0.05741697434,14.18457627,nan,nan
jkt_a0.125,-0.5,28.5,-0.02657055093,-0.6834677595,-0.1778589511,-0.0510116293,13.66498045,nan,nan
jkt_a0.125,-0.5,29.5,-0.06970879799,-0.6291772014,-0.1685832792,-0.04542013263,13.14566105,nan,nan
jkt_a0.125,0,0.5,0.02259662101,0.5497285622,-0.0006509100247,-0.6711403083,0.672051764,nan,nan
jkt_a0.125,0,1.5,0.02451458131,0.5585542937,-0.005857749429,-0.671089809,0.6940203094,nan,nan
jkt_a0.125,0,2.5,0.02899116428,0.5766527248,-0.01626320497,-0.6707466151,0.7405472935,nan,nan
jkt_a0.125,0,3.5,0.03752053609,0.6048469571,-0.03182275162,-0.6696286274,0.8171678292,nan,nan
jkt_a0.125,0,4.5,0.05297784067,0.6438314446,-0.05240037671,-0.6670244496,0.932222373,nan,nan
jkt_a0.125,0,5.5,0.07894280638,0.6943633896,-0.07769026386,-0.662023779,1.099167467,nan,nan
jkt_a0.125,0,6.5,0.1212404571,0.7556866955,-0.1071259469,-0.6535823748,1.335386116,nan,nan
jkt_a0.125,0,7.5,0.1869413713,0.8247053008,-0.1397978585,-0.6406345597,1.66316036,nan,nan
jkt_a0.125,0,8.5,0.2834601334,0.8944161167,-0.174411136,-0.6222554813,2.107962881,nan,nan
jkt_a0.125,0,9.5,0.4163166216,0.9529076761,-0.2093197327,-0.5978542659,2.694996789,nan,nan
jkt_a0.125,0,10.5,0.5858213488,0.9839838749,-0.2426608695,-0.5673532185,3.444066598,nan,nan
jkt_a0.125,0,11.5,0.7841337071,0.9699087758,-0.2725815371,-0.5312918172,4.362625386,nan,nan
jkt_a0.125,0,12.5,0.9942251357,0.8963704402,-0.2975062511,-0.4908043926,5.440101565,nan,nan
jkt_a0.125,0,13.5,1.192243221,0.7576688755,-0.3163667696,-0.4474615209,6.644826054,nan,nan
jkt_a0.125,0,14.5,1.352921775,0.5597658204,-0.3287221588,-0.4030188389,7.925597998,nan,nan
jkt_a0.125,0,15.5,1.455958948,0.3195430293,-0.3347409033,-0.3591515614,9.218022197,nan,nan
jkt_a0.125,0,16.5,1.489657406,0.06211281842,-0.3350699257,-0.3172487594,10.4403132,nan,nan
jkt_a0.125,0,17.5,1.457562137,-0.1905903411,-0.3306483395,-0.2783060326,11.56859569,nan,nan
jkt_a0.125,0,18.5,1.367230364,-0.4167669262,-0.322524837,-0.2429137392,12.53156854,nan,nan
jkt_a0.125,0,19.5,1.233995094,-0.6031409097,-0.3117166076,-0.2113114791,13.30225436,nan,nan
jkt_a0.125,0,20.5,1.07465095,-0.7436324749,-0.2991220907,-0.1834734118,13.86967854,nan,nan
jkt_a0.125,0,21.5,0.9046144591,-0.8384399855,-0.2854816711,-0.1591965611,14.23868888,nan,nan
jkt_a0.125,0,22.5,0.7361655187,-0.8920670553,-0.2713724982,-0.1381761755,14.4251186,nan,nan
jkt_a0.125,0,23.5,0.5779879111,-0.9113391069,-0.2572232295,-0.1200623483,14.4530523,nan,nan
jkt_a0.125,0,24.5,0.4353114441,-0.903783492,-0.2433376936,-0.1044983878,14.34871682,nan,nan
jkt_a0.125,0,25.5,0.3106254779,-0.8765752878,-0.2299203914,-0.09114429725,14.13867843,nan,nan
jkt_a0.125,0,26.5,0.2044245134,-0.8359578759,-0.2170999919,-0.07968937688,13.84772126,nan,nan
jkt_a0.125,0,27.5,0.1158994257,-0.787019402,-0.2049491912,-0.06985752466,13.49775857,nan,nan
jkt_a0.125,0,28.5,0.04348479109,-0.7336920389,-0.1935005966,-0.06140800097,13.10725704,nan,nan
jkt_a0.125,0,29.5,-0.01473354233,-0.6788756768,-0.1827589532,-0.05413361144,12.69124638,nan,nan
jkt_a0.125,0.5,0.5,0.0688406953,0.3618630542,0.2019539016,-0.6035670403,0.3349570376,nan,nan
jkt_a0.125,0.5,1.5,0.06888787803,0.3656296995,0.1981856018,-0.6063656091,0.3401604841,nan,nan
jkt_a0.125,0.5,2.5,0.06904889057,0.3733919093,0.1904804427,-0.611839797,0.351140951,nan,nan
jkt_a0.125,0.5,3.5,0.06950631023,0.3856585343,0.1785093009,-0.6197217846,0.3692137628,nan,nan
jkt_a0.125,0.5,4.5,0.07082996403,0.4032333366,0.1618033649,-0.6295555227,0.3967003105,nan,nan
jkt_a0.125,0.5,5.5,0.07356515108,0.4272461504,0.1397978585,-0.6406345597,0.4371402407,nan,nan
jkt_a0.125,0.5,6.5,0.07922080702,0.4592592004,0.1119132388,-0.6519293913,0.4964041795,nan,nan
jkt_a0.125,0.5,7.5,0.09030803199,0.5011261096,0.07769026386,-0.662023779,0.5835614378,nan,nan
jkt_a0.125,0.5,8.5,0.1111028058,0.5545714227,0.03698886531,-0.669096127,0.7123655215,nan,nan
jkt_a0.125,0.5,9.5,0.1483456354,0.6200989833,-0.009761593611,-0.6709989294,0.9027264376,nan,nan
jkt_a0.125,0.5,10.5,0.2112474185,0.6950312565,-0.06131599193,-0.6654915048,1.181478552,nan,nan
jkt_a0.125,0.5,11.5,0.310040755,0.7708641535,-0.1154790003,-0.6506452874,1.580940754,nan,nan
jkt_a0.125,0.5,12.5,0.4519753096,0.8315255374,-0.1692143644,-0.6253532144,2.134181779,nan,nan
jkt_a0.125,0.5,13.5,0.6356150312,0.8547716515,-0.219071517,-0.5897656913,2.866587834,nan,nan
jkt_a0.125,0.5,14.5,0.846403096,0.8181785574,-0.2618505118,-0.545431971,3.785739552,nan,nan
jkt_a0.125,0.5,15.5,1.057325417,0.7079420805,-0.2952646579,-0.4950268024,4.873447941,nan,nan
jkt_a0.125,0.5,16.5,1.233571776,0.5264030982,-0.3183283611,-0.4417523642,6.06722577,nan,nan
jkt_a0.125,0.5,17.5,1.352303871,0.292214931,-0.3313427091,-0.3886698982,7.337928276,nan,nan
jkt_a0.125,0.5,18.5,1.395727714,0.03318485389,-0.3355600851,-0.3382104521,8.58709138,nan,nan
jkt_a0.125,0.5,19.5,1.364069995,-0.2206121608,-0.3327262111,-0.2919722058,9.743877646,nan,nan
jkt_a0.125,0.5,20.5,1.26941243,-0.4446986975,-0.3246769945,-0.2507625135,10.74983492,nan,nan
jkt_a0.125,0.5,21.5,1.130480589,-0.624080853,-0.3130745772,-0.2147737426,11.56808206,nan,nan
jkt_a0.125,0.5,22.5,0.9670740715,-0.7533753224,-0.2992833668,-0.1837910029,12.18330524,nan,nan
jkt_a0.125,0.5,23.5,0.7963945328,-0.8345885842,-0.284346243,-0.1573718327,12.59987685,nan,nan
jkt_a0.125,0.5,24.5,0.6311821373,-0.8742230419,-0.2690161535,-0.1349767278,12.83449885,nan,nan
jkt_a0.125,0.5,25.5,0.4796228013,-0.8806895038,-0.2538096427,-0.1160523487,12.91160021,nan,nan
jkt_a0.125,0.5,26.5,0.3460391672,-0.8625115966,-0.2390626556,-0.1000782472,12.85861195,nan,nan
jkt_a0.125,0.5,27.5,0.2318964512,-0.8272972597,-0.2249794218,-0.08658894448,12.70269685,nan,nan
jkt_a0.125,0.5,28.5,0.1367663509,-0.7812948176,-0.211671524,-0.07518094212,12.4685678,nan,nan
jkt_a0.125,0.5,29.5,0.05912754686,-0.7293255196,-0.1991874109,-0.0655113734,12.17748173,nan,nan
jkt_a0.125,1,0.5,0.09096940314,0.2720977117,0.3103789678,-0.4631339307,0.2648170679,nan,nan
jkt_a0.125,1,1.5,0.09104317529,0.2740653637,0.3089901775,-0.4664620677,0.2664032658,nan,nan
jkt_a0.125,1,2.5,0.09119728875,0.2780841471,0.3060738854,-0.4731434209,0.2697176468,nan,nan
jkt_a0.125,1,3.5,0.09144836294,0.2843475685,0.3013433182,-0.483217836,0.2750981873,nan,nan
jkt_a0.125,1,4.5,0.09193453528,0.2932002945,0.2943457085,-0.4967168136,0.2832265178,nan,nan
jkt_a0.125,1,5.5,0.09266973728,0.3050603759,0.284438091,-0.5136224639,0.2948815235,nan,nan
jkt_a0.125,1,6.5,0.09391620737,0.320637793,0.2707624698,-0.5338007025,0.3115900433,nan,nan
jkt_a0.125,1,7.5,0.09607981345,0.3409153015,0.2522324578,-0.5568990206,0.3356574664,nan,nan
jkt_a0.125,1,8.5,0.09994365177,0.3672774765,0.2275545028,-0.5822007365,0.3707886114,nan,nan
jkt_a0.125,1,9.5,0.107052629,0.4015987637,0.1953223721,-0.6084380405,0.4230263611,nan,nan
jkt_a0.125,1,10.5,0.1203077515,0.4461931832,0.1542383809,-0.6335940629,0.5022266829,nan,nan
jkt_a0.125,1,11.5,0.1450257863,0.5032441554,0.1035115362,-0.6547771459,0.6241633035,nan,nan
jkt_a0.125,1,12.5,0.189969184,0.573136239,0.04342764148,-0.6683189937,0.8128071022,nan,nan
jkt_a0.125,1,13.5,0.267280439,0.6511200267,-0.02405272059,-0.6702778149,1.101245194,nan,nan
jkt_a0.125,1,14.5,0.3891890282,0.7232390392,-0.09500178581,-0.6574123578,1.52882551,nan,nan
jkt_a0.125,1,15.5,0.5605084908,0.7650348698,-0.1639367122,-0.6283712461,2.132780116,nan,nan
jkt_a0.125,1,16.5,0.7678157737,0.7458365909,-0.2250480305,-0.5844899832,2.920942771,nan,nan
jkt_a0.125,1,17.5,0.9839203112,0.6493523146,-0.2737766498,-0.5296165629,3.909883074,nan,nan
jkt_a0.125,1,18.5,1.168820439,0.4721557128,-0.3079184139,-0.4689638377,5.048827733,nan,nan
jkt_a0.125,1,19.5,1.288609845,0.2349754625,-0.3277415599,-0.4076330128,6.271415296,nan,nan
jkt_a0.125,1,20.5,1.325566488,-0.0278605948,-0.3352793715,-0.3495448477,7.493387705,nan,nan
jkt_a0.125,1,21.5,1.281548884,-0.2807305691,-0.3333551274,-0.2970750258,8.6326813,nan,nan
jkt_a0.125,1,22.5,1.17302318,-0.4967648354,-0.3247996968,-0.2512336619,9.624149964,nan,nan
jkt_a0.125,1,23.5,1.022984027,-0.6616871593,-0.3120197748,-0.2120747194,10.42861719,nan,nan
jkt_a0.125,1,24.5,0.8537930104,-0.7726967883,-0.296858761,-0.1791018907,11.03156427,nan,nan
jkt_a0.125,1,25.5,0.6832454277,-0.8347459158,-0.2806275322,-0.1515712079,11.43885677,nan,nan
jkt_a0.125,1,26.5,0.5233630417,-0.8566959886,-0.2642043078,-0.1286801028,11.66984587,nan,nan
jkt_a0.125,1,27.5,0.3809255645,-0.8484120017,-0.2481451408,-0.1096688778,11.75093399,nan,nan
jkt_a0.125,1,28.5,0.2587091229,-0.819015761,-0.2327794653,-0.09386556553,11.71035046,nan,nan
jkt_a0.125,1,29.5,0.1568413343,-0.7760746983,-0.2182837663,-0.08069846746,11.57478983,nan,nan
jkt_a0.125,1.5,0.5,0.0988883332,0.2179924696,0.3355649704,-0.3336493053,0.2558867389,nan,nan
jkt_a0.125,1.5,1.5,0.09902440059,0.2192089615,0.3355697856,-0.3362480997,0.2563851429,nan,nan
jkt_a0.125,1.5,2.5,0.09929990211,0.2216792521,0.3355179672,-0.3415062839,0.2574278267,nan,nan
jkt_a0.125,1.5,3.5,0.09971650521,0.2254906178,0.3352793715,-0.3495448477,0.2591261374,nan,nan
jkt_a0.125,1.5,4.5,0.1003316631,0.2308112758,0.3346399077,-0.3605439038,0.2617629299,nan,nan
jkt_a0.125,1.5,5.5,0.1011289986,0.2378087816,0.333276792,-0.3747383149,0.2655248518,nan,nan
jkt_a0.125,1.5,6.5,0.1021844378,0.2467989954,0.3307222738,-0.3924063545,0.2709272924,nan,nan
jkt_a0.125,1.5,7.5,0.1035886245,0.2581999549,0.3263138116,-0.4138445816,0.2786619824,nan,nan
jkt_a0.125,1.5,8.5,0.105500783,0.2726022744,0.3191302224,-0.4393174763,0.2897886052,nan,nan
jkt_a0.125,1.5,9.5,0.1082322239,0.2908473615,0.3079184139,-0.4689638377,0.3059863627,nan,nan
jkt_a0.125,1.5,10.5,0.1123382081,0.3141358858,0.2910277026,-0.5026345789,0.3299391573,nan,nan
jkt_a0.125,1.5,11.5,0.1189271008,0.3441668153,0.266393998,-0.5396336414,0.3661108545,nan,nan
jkt_a0.125,1.5,12.5,0.1301771748,0.3832539116,0.2316585605,-0.5783498996,0.4220735405,nan,nan
jkt_a0.125,1.5,13.5,0.1503757939,0.4341378915,0.1845561145,-0.615832099,0.5107268637,nan,nan
jkt_a0.125,1.5,14.5,0.1874878801,0.4988017305,0.1237132899,-0.6475040558,0.6534210168,nan,nan
jkt_a0.125,1.5,15.5,0.2543983034,0.5751751277,0.04984215188,-0.6674187787,0.8830466807,nan,nan
jkt_a0.125,1.5,16.5,0.3668801625,0.6488644631,-0.03311542366,-0.6695029614,1.236563546,nan,nan
jkt_a0.125,1.5,17.5,0.5318912211,0.696919633,-0.1178440881,-0.649768355,1.762507835,nan,nan
jkt_a0.125,1.5,18.5,0.7402931454,0.6840766711,-0.1953223721,-0.6084380405,2.488063205,nan,nan
jkt_a0.125,1.5,19.5,0.9589496234,0.5848887164,-0.2578155981,-0.5503695796,3.415708397,nan,nan
jkt_a0.125,1.5,20.5,1.141740834,0.3981235393,-0.3013433182,-0.483217836,4.508300028,nan,nan
jkt_a0.125,1.5,21.5,1.249631526,0.1502194032,-0.3261254551,-0.4146256895,5.692787115,nan,nan
jkt_a0.125,1.5,22.5,1.266015054,-0.1171099569,-0.3352504234,-0.3502229043,6.877329181,nan,nan
jkt_a0.125,1.5,23.5,1.19839418,-0.3639949058,-0.3328717532,-0.2930977005,7.974388536,nan,nan
jkt_a0.125,1.5,24.5,1.069550182,-0.5639751652,-0.3229133573,-0.2442769659,8.917698423,nan,nan
jkt_a0.125,1.5,25.5,0.906546996,-0.7063541174,-0.3084902179,-0.2035048585,9.670224934,nan,nan
jkt_a0.125,1.5,26.5,0.7329836441,-0.7926999595,-0.2918234213,-0.169900222,10.22247628,nan,nan
jkt_a0.125,1.5,27.5,0.565698498,-0.8315749522,-0.2743809752,-0.1423798369,10.58564368,nan,nan
jkt_a0.125,1.5,28.5,0.4146384747,-0.8340639551,-0.2570737157,-0.1198840193,10.78296965,nan,nan
jkt_a0.125,1.5,29.5,0.2843333446,-0.8108981055,-0.2404303579,-0.1014747988,10.84227595,nan,nan
jkt_a0.125,2,0.5,0.1005148236,0.1811573932,0.3216046733,-0.2397687249,0.2667263382,nan,nan
jkt_a0.125,2,1.5,0.1006725833,0.1819874292,0.3221327765,-0.2415597551,0.2668037404,nan,nan
jkt_a0.125,2,2.5,0.1009914336,0.1836678178,0.3231703604,-0.2451909457,0.2669771263,nan,nan
jkt_a0.125,2,3.5,0.1014721883,0.1862445566,0.3246769945,-0.2507625135,0.267287253,nan,nan
jkt_a0.125,2,4.5,0.1021478846,0.1898119494,0.3265835708,-0.2584296149,0.2678854049,nan,nan
jkt_a0.125,2,5.5,0.1030085168,0.1944509782,0.32878067,-0.2684078964,0.2688024004,nan,nan
jkt_a0.125,2,6.5,0.1040916597,0.2003253698,0.3311003525,-0.2809802069,0.2702622319,nan,nan
jkt_a0.125,2,7.5,0.1054344612,0.207641812,0.3332885963,-0.2965031975,0.2725265925,nan,nan
jkt_a0.125,2,8.5,0.1070930167,0.2166826554,0.3349643818,-0.3154110272,0.2759771241,nan,nan
jkt_a0.125,2,9.5,0.1091704927,0.227839914,0.3355600851,-0.3382104521,0.2812022559,nan,nan
jkt_a0.125,2,10.5,0.1118174908,0.2416562932,0.3342370248,-0.3654561098,0.2890699072,nan,nan
jkt_a0.125,2,11.5,0.1153153224,0.2589001893,0.3297715806,-0.3976852413,0.3009594415,nan,nan
jkt_a0.125,2,12.5,0.1201614333,0.2806744896,0.320415915,-0.4352759442,0.3190923855,nan,nan
jkt_a0.125,2,13.5,0.1273040728,0.3085713634,0.3037628298,-0.4781737077,0.3471953626,nan,nan
jkt_a0.125,2,14.5,0.1386284018,0.3448558892,0.2767031862,-0.5254201128,0.3917506923,nan,nan
jkt_a0.125,2,15.5,0.1579208821,0.3925607064,0.2356707295,-0.5744571531,0.4643931044,nan,nan
jkt_a0.125,2,16.5,0.1939957985,0.4538242668,0.1774897435,-0.6203597448,0.585064307,nan,nan
jkt_a0.125,2,17.5,0.2585730507,0.5277866303,0.1010908634,-0.6555519967,0.7851000982,nan,nan
jkt_a0.125,2,18.5,0.3695145697,0.6019593103,0.009761593611,-0.6709989294,1.107833485,nan,nan
jkt_a0.125,2,19.5,0.5375898115,0.6478419122,-0.08762773,-0.6594978091,1.601166659,nan,nan
jkt_a0.125,2,20.5,0.751292396,0.6263762925,-0.1785093009,-0.6197217846,2.300408742,nan,nan
jkt_a0.125,2,21.5,0.9700637956,0.509498117,-0.2515181592,-0.5577104162,3.207600172,nan,nan
jkt_a0.125,2,22.5,1.140058655,0.3013144992,-0.3009293783,-0.4840596932,4.280217985,nan,nan
jkt_a0.125,2,23.5,1.221277126,0.0384956434,-0.327397668,-0.4091796213,5.436657853,nan,nan
jkt_a0.125,2,24.5,1.203800355,-0.2294636928,-0.3355387519,-0.3401841655,6.577805969,nan,nan
jkt_a0.125,2,25.5,1.10449732,-0.4616400193,-0.3310113379,-0.2804430323,7.613697795,nan,nan
jkt_a0.125,2,26.5,0.9531440389,-0.6359478224,-0.3187392944,-0.2306285696,8.482213019,nan,nan
jkt_a0.125,2,27.5,0.7794527474,-0.7481003142,-0.3023349025,-0.1899643335,9.15502905,nan,nan
jkt_a0.125,2,28.5,0.6059920385,-0.8052545161,-0.2841841579,-0.1571134593,9.632116656,nan,nan
jkt_a0.125,2,29.5,0.4466966428,-0.8193514998,-0.2657475886,-0.1306662011,9.930673716,nan,nan
jkt_a0.125,2.5,0.5,0.09928555773,0.1542963311,0.2952370707,-0.1760630647,0.2849025712,nan,nan
jkt_a0.125,2.5,1.5,0.09944438321,0.154899276,0.2958861551,-0.1772703642,0.284794512,nan,nan
jkt_a0.125,2.5,2.5,0.0997648351,0.1561176086,0.2971826538,-0.1797179417,0.2845867099,nan,nan
jkt_a0.125,2.5,3.5,0.1002481166,0.1579782817,0.2991220907,-0.1834734118,0.2842927747,nan,nan
jkt_a0.125,2.5,4.5,0.1009170437,0.1605403069,0.3016947002,-0.1886424326,0.284011315,nan,nan
jkt_a0.125,2.5,5.5,0.1017656665,0.16384741,0.3048811271,-0.1953740413,0.2837189339,nan,nan
jkt_a0.125,2.5,6.5,0.1028191873,0.1679958627,0.3086454952,-0.2038681596,0.2835344611,nan,nan
jkt_a0.125,2.5,7.5,0.1041001563,0.1731021477,0.3129245069,-0.2143855153,0.2835722462,nan,nan
jkt_a0.125,2.5,8.5,0.1056392543,0.1793210135,0.3176104559,-0.2272600894,0.2839933763,nan,nan
jkt_a0.125,2.5,9.5,0.1074895998,0.1868622659,0.322524837,-0.2429137392,0.2850500172,nan,nan
jkt_a0.125,2.5,10.5,0.1097156675,0.1960044231,0.3273774588,-0.2618714897,0.2870810404,nan,nan
jkt_a0.125,2.5,11.5,0.1124292636,0.2071299946,0.3317034744,-0.2847733709,0.2906147052,nan,nan
jkt_a0.125,2.5,12.5,0.1157997744,0.2207685582,0.3347677151,-0.3123731183,0.2964436669,nan,nan
jkt_a0.125,2.5,13.5,0.1201113747,0.2376681999,0.3354234443,-0.3455029021,0.3058157937,nan,nan
jkt_a0.125,2.5,14.5,0.1258663019,0.2589076991,0.3319156205,-0.3849623825,0.3207703773,nan,nan
jkt_a0.125,2.5,15.5,0.1339536183,0.2860703967,0.321639282,-0.431255957,0.3447418285,nan,nan
jkt_a0.125,2.5,16.5,0.1468437674,0.321513024,0.3009293783,-0.4840596932,0.384562566,nan,nan
jkt_a0.125,2.5,17.5,0.1677836842,0.3681672822,0.2651137911,-0.5412941144,0.4506067533,nan,nan
jkt_a0.125,2.5,18.5,0.2052916,0.4287406739,0.2093197327,-0.5978542659,0.5631559344,nan,nan
jkt_a0.125,2.5,19.5,0.2739232717,0.5018434359,0.1306713857,-0.6446538391,0.7555254494,nan,nan
jkt_a0.125,2.5,20.5,0.3928072078,0.5733477289,0.03182275162,-0.6696286274,1.074785934,nan,nan
jkt_a0.125,2.5,21.5,0.5725249258,0.6091017949,-0.07644017107,-0.6623187528,1.572047867,nan,nan
jkt_a0.125,2.5,22.5,0.7945059455,0.5647155906,-0.1774897435,-0.6203597448,2.282084986,nan,nan
jkt_a0.125,2.5,23.5,1.006631507,0.4152222235,-0.2564416457,-0.5520080418,3.200528668,nan,nan
jkt_a0.125,2.5,24.5,1.149142967,0.1775922806,-0.3068204938,-0.4714701562,4.272979217,nan,nan
jkt_a0.125,2.5,25.5,1.187919202,-0.09801892205,-0.3308502191,-0.3916567668,5.405069413,nan,nan
jkt_a0.125,2.5,26.5,1.126071259,-0.3568852377,-0.33522451,-0.3203366894,6.490518766,nan,nan
jkt_a0.125,2.5,27.5,0.992273955,-0.5622992418,-0.3270403751,-0.2603897992,7.443356783,nan,nan
jkt_a0.125,2.5,28.5,0.8218029458,-0.7012757015,-0.311868288,-0.2116926625,8.214975611,nan,nan
jkt_a0.125,2.5,29.5,0.6436387107,-0.7778664542,-0.2934499253,-0.1727986002,8.789579565,nan,nan
jkt_a0.125,3,0.5,0.09674197899,0.1338136659,0.2674551323,-0.1329000664,0.3056808888,nan,nan
jkt_a0.125,3,1.5,0.09689323103,0.1342711315,0.2680785643,-0.1337254214,0.3054870321,nan,nan
jkt_a0.125,3,2.5,0.0971979841,0.1351940999,0.2693293237,-0.1353974057,0.3051025241,nan,nan
jkt_a0.125,3,3.5,0.097657681,0.1365996424,0.2712148753,-0.1379596614,0.3045293252,nan,nan
jkt_a0.125,3,4.5,0.09828934714,0.1385281538,0.2737455232,-0.1414804682,0.3038423594,nan,nan
jkt_a0.125,3,5.5,0.09908941238,0.1410040951,0.2769330998,-0.1460563583,0.3029946219,nan,nan
jkt_a0.125,3,6.5,0.1000767051,0.1440898044,0.2807887632,-0.1518173455,0.3020607138,nan,nan
jkt_a0.125,3,7.5,0.1012675639,0.1478572386,0.285319383,-0.1589341488,0.3010942287,nan,nan
jkt_a0.125,3,8.5,0.1026829573,0.1524001669,0.2905216639,-0.1676279111,0.3001690145,nan,nan
jkt_a0.125,3,9.5,0.1043575995,0.1578436692,0.2963726232,-0.1781830229,0.2994092622,nan,nan
jkt_a0.125,3,10.5,0.1063291333,0.164347987,0.3028141655,-0.1909636879,0.2989628934,nan,nan
jkt_a0.125,3,11.5,0.108659188,0.1721278048,0.309728082,-0.2064346676,0.2990672699,nan,nan
jkt_a0.125,3,12.5,0.1114304711,0.1814693523,0.3168955198,-0.2251858253,0.3000558971,nan,nan
jkt_a0.125,3,13.5,0.1147668342,0.1927622527,0.3239314243,-0.2479578418,0.3024295613,nan,nan
jkt_a0.125,3,14.5,0.1188622708,0.2065479356,0.3301793347,-0.2756609785,0.3069623103,nan,nan
jkt_a0.125,3,15.5,0.1240126691,0.223586763,0.3345457874,-0.3093663412,0.3148421766,nan,nan
jkt_a0.125,3,16.5,0.1310502543,0.24509066,0.3352504234,-0.3502229043,0.3286277502,nan,nan
jkt_a0.125,3,17.5,0.1406937062,0.2726364753,0.3294819644,-0.3992036004,0.3513164615,nan,nan
jkt_a0.125,3,18.5,0.1553092478,0.3085698566,0.3130210083,-0.4565059424,0.3895044917,nan,nan
jkt_a0.125,3,19.5,0.1794399049,0.3561137436,0.280100448,-0.520371117,0.4553161239,nan,nan
jkt_a0.125,3,20.5,0.2224705383,0.4179928747,0.2242052113,-0.5852493905,0.5708244538,nan,nan
jkt_a0.125,3,21.5,0.3013795471,0.4912601518,0.1409261204,-0.6401149966,0.7731854326,nan,nan
jkt_a0.125,3,22.5,0.4371034415,0.5563830088,0.03311542366,-0.6695029614,1.114148906,nan,nan
jkt_a0.125,3,23.5,0.6354765844,0.5705880092,-0.08515426124,-0.6601568096,1.646287247,nan,nan
jkt_a0.125,3,24.5,0.8634418531,0.4868742863,-0.1924276484,-0.610487076,2.398153671,nan,nan
jkt_a0.125,3,25.5,1.055132716,0.2925554391,-0.2713723531,-0.5329649635,3.351724378,nan,nan
jkt_a0.125,3,26.5,1.151302295,0.02487111648,-0.3169403003,-0.4458264731,4.432020713,nan,nan
jkt_a0.125,3,27.5,1.133223264,-0.2525191945,-0.3344191994,-0.3633434649,5.52772225,nan,nan
jkt_a0.125,3,28.5,1.022967239,-0.4867227428,-0.332799388,-0.2925343503,6.536695224,nan,nan
jkt_a0.125,3,29.5,0.8593033169,-0.6529039267,-0.3201223814,-0.2349265374,7.386912326,nan,nan
jkt_a0.125,3.5,0.5,0.09362193609,0.1176867958,0.2419473156,-0.1030429732,0.3270161923,nan,nan
jkt_a0.125,3.5,1.5,0.09376249804,0.1180452267,0.2425021742,-0.1036216916,0.3267835241,nan,nan
jkt_a0.125,3.5,2.5,0.09404547262,0.1187674272,0.2436170608,-0.1047929408,0.326318512,nan,nan
jkt_a0.125,3.5,3.5,0.09447232498,0.1198648441,0.2453022791,-0.106585029,0.3256177331,nan,nan
jkt_a0.125,3.5,4.5,0.09505613853,0.1213671196,0.2475731692,-0.10904218,0.3247441892,nan,nan
jkt_a0.125,3.5,5.5,0.09579501802,0.1232877655,0.250449887,-0.1122268011,0.3236399142,nan,nan
jkt_a0.125,3.5,6.5,0.09670348566,0.1256700396,0.2539569514,-0.1162227845,0.3223579561,nan,nan
jkt_a0.125,3.5,7.5,0.09779431164,0.1285614647,0.2581223746,-0.1211401083,0.3209238388,nan,nan
jkt_a0.125,3.5,8.5,0.09908328722,0.1320231097,0.2629760662,-0.1271211263,0.3193719579,nan,nan
jkt_a0.125,3.5,9.5,0.1005957845,0.1361355762,0.2685469962,-0.1343490717,0.3177698649,nan,nan
jkt_a0.125,3.5,10.5,0.102357701,0.1409991918,0.2748582621,-0.1430594937,0.3161847335,nan,nan
jkt_a0.125,3.5,11.5,0.1044097884,0.1467460248,0.2819186195,-0.1535555469,0.3147352378,nan,nan
jkt_a0.125,3.5,12.5,0.1068027053,0.153546844,0.2897080516,-0.166228257,0.3135769042,nan,nan
jkt_a0.125,3.5,13.5,0.109606534,0.1616270034,0.2981532712,-0.1815829149,0.3129366661,nan,nan
jkt_a0.125,3.5,14.5,0.1129217075,0.1712889895,0.3070861994,-0.2002722571,0.313153372,nan,nan
jkt_a0.125,3.5,15.5,0.1168847496,0.1829393867,0.3161737398,-0.2231351264,0.3147061977,nan,nan
jkt_a0.125,3.5,16.5,0.1218868748,0.1972141271,0.3247996968,-0.2512336619,0.3187758935,nan,nan
jkt_a0.125,3.5,17.5,0.1280869432,0.2149336589,0.3318692238,-0.2858677688,0.3262980189,nan,nan
jkt_a0.125,3.5,18.5,0.1363251689,0.2372407816,0.3354962332,-0.328512304,0.3395700296,nan,nan
jkt_a0.125,3.5,19.5,0.1479080571,0.2659915519,0.3325420196,-0.3805520816,0.3626735267,nan,nan
jkt_a0.125,3.5,20.5,0.1654926714,0.3038112589,0.3180559387,-0.4425656103,0.4029611943,nan,nan
jkt_a0.125,3.5,21.5,0.1947858177,0.3540816664,0.2849650255,-0.5127779032,0.474552154,nan,nan
jkt_a0.125,3.5,22.5,0.2476419181,0.4189151426,0.2250480305,-0.5844899832,0.603699756,nan,nan
jkt_a0.125,3.5,23.5,0.3445344912,0.4915203427,0.1329694807,-0.6436721696,0.8340292731,nan,nan
jkt_a0.125,3.5,24.5,0.5061900457,0.5422267619,0.01366345558,-0.6708626561,1.222090611,nan,nan
jkt_a0.125,3.5,25.5,0.7253497268,0.5182815407,-0.113104215,-0.6515055529,1.817596929,nan,nan
jkt_a0.125,3.5,26.5,0.9477897247,0.3783815063,-0.2207973546,-0.5882680527,2.637916683,nan,nan
jkt_a0.125,3.5,27.5,1.09639802,0.1338819041,-0.292469176,-0.5000980398,3.634925955,nan,nan
jkt_a0.125,3.5,28.5,1.125970914,-0.1517255596,-0.3275706895,-0.4084057879,4.709380875,nan,nan
jkt_a0.125,3.5,29.5,1.044735842,-0.41099336,-0.3354507292,-0.3266067402,5.749969811,nan,nan
jkt_a0.125,4,0.5,0.09029616435,0.1046757891,0.2195977606,-0.08182972857,0.3479728393,nan,nan
jkt_a0.125,4,1.5,0.09042537385,0.1049637092,0.2200786687,-0.08224672481,0.3477251102,nan,nan
jkt_a0.125,4,2.5,0.09068538712,0.1055431214,0.2210454553,-0.08308988262,0.3472282312,nan,nan
jkt_a0.125,4,3.5,0.09107756827,0.106422024,0.2225081184,-0.08437795908,0.3464761244,nan,nan
jkt_a0.125,4,4.5,0.09161207497,0.1076234836,0.2244817918,-0.08614018829,0.3455254103,nan,nan
jkt_a0.125,4,5.5,0.09228827109,0.1091542577,0.2269868847,-0.08841769438,0.3443128423,nan,nan
jkt_a0.125,4,6.5,0.09311753342,0.1110459946,0.2300492199,-0.09126554431,0.3428797942,nan,nan
jkt_a0.125,4,7.5,0.09411018128,0.113331708,0.2337001129,-0.09475560851,0.3412377997,nan,nan
jkt_a0.125,4,8.5,0.09527866144,0.1160533539,0.2379762868,-0.09898047189,0.3394017197,nan,nan
jkt_a0.125,4,9.5,0.09664258474,0.1192659368,0.2429194495,-0.1040587395,0.3374112347,nan,nan
jkt_a0.125,4,10.5,0.09822129934,0.1230363212,0.2485752295,-0.1101422207,0.3352954582,nan,nan
jkt_a0.125,4,11.5,0.1000444549,0.1274514475,0.2549909522,-0.1174256682,0.33311813,nan,nan
jkt_a0.125,4,12.5,0.1021472435,0.1326210328,0.2622113594,-0.1261600039,0.3309557011,nan,nan
jkt_a0.125,4,13.5,0.1045759356,0.1386864014,0.2702707172,-0.1366702948,0.3289183359,nan,nan
jkt_a0.125,4,14.5,0.1073930897,0.1458320742,0.2791785978,-0.1493801083,0.3271680696,nan,nan
jkt_a0.125,4,15.5,0.1106774619,0.1542961772,0.2888945643,-0.1648441657,0.325911736,nan,nan
jkt_a0.125,4,16.5,0.1146669363,0.1644477177,0.2992833668,-0.1837910029,0.3258343482,nan,nan
jkt_a0.125,4,17.5,0.1193554634,0.1767537877,0.3100359353,-0.2071755361,0.3271456038,nan,nan
jkt_a0.125,4,18.5,0.125177535,0.1917865759,0.32053086,-0.2362351388,0.3308260756,nan,nan
jkt_a0.125,4,19.5,0.1326124814,0.2105275306,0.3295949258,-0.272525049,0.3384745303,nan,nan
jkt_a0.125,4,20.5,0.1425506382,0.2343527153,0.3351029923,-0.3178638393,0.3526994479,nan,nan
jkt_a0.125,4,21.5,0.1567221235,0.2653336088,0.3333607721,-0.374017002,0.3783143111,nan,nan
jkt_a0.125,4,22.5,0.1787099307,0.3064540676,0.3183283611,-0.4417523642,0.4244877994,nan,nan
jkt_a0.125,4,23.5,0.2162428596,0.361169991,0.281205322,-0.5186854802,0.5090465567,nan,nan
jkt_a0.125,4,24.5,0.2851850569,0.4296933252,0.2120227307,-0.5956741066,0.6652809524,nan,nan
jkt_a0.125,4,25.5,0.4099191053,0.4966168853,0.1059233865,-0.6539849424,0.9447409954,nan,nan
jkt_a0.125,4,26.5,0.6039508296,0.5176419585,-0.02664520509,-0.6700814162,1.40690009,nan,nan
jkt_a0.125,4,27.5,0.8370832846,0.4337027305,-0.1574990637,-0.6318837924,2.095831032,nan,nan
jkt_a0.125,4,28.5,1.027605329,0.2249057155,-0.2571304375,-0.5511892962,2.991290646,nan,nan
jkt_a0.125,4,29.5,1.105670123,-0.05770418135,-0.3139660072,-0.4540309548,4.022844501,nan,nan
jkt_qc10,-6,0.5,-0.6416767199,-0.425210284,-0.15695205,-0.03896704063,22.65770393,nan,nan
jkt_qc10,-6,1.5,-0.6401749305,-0.423270906,-0.1566852392,-0.03882600732,22.60298035,nan,nan
jkt_qc10,-6,2.5,-0.6371882811,-0.419430738,-0.1561541305,-0.03854618167,22.49450467,nan,nan
jkt_qc10,-6,3.5,-0.6327485673,-0.4137640614,-0.1553636967,-0.03813196867,22.33405427,nan,nan
jkt_qc10,-6,4.5,-0.6268907688,-0.4063753815,-0.1543212666,-0.03758978776,22.12351279,nan,nan
jkt_qc10,-6,5.5,-0.6196742039,-0.3973893576,-0.1530363732,-0.0369278595,21.86567262,nan,nan
jkt_qc10,-6,6.5,-0.6111641172,-0.3869647389,-0.1515205585,-0.03615594016,21.56387843,nan,nan
jkt_qc10,-6,7.5,-0.6014176206,-0.3752534345,-0.1497871425,-0.03528501872,21.22011794,nan,nan
jkt_qc10,-6,8.5,-0.5905483794,-0.3624660353,-0.1478509627,-0.03432699181,20.84051631,nan,nan
jkt_qc10,-6,9.5,-0.5786568946,-0.348797072,-0.1457280922,-0.03329433221,20.42959632,nan,nan
jkt_qc10,-6,10.5,-0.565828056,-0.3344208459,-0.1434355466,-0.0321997656,19.99014706,nan,nan
jkt_qc10,-6,11.5,-0.552181637,-0.3195358197,-0.1409909875,-0.03105596824,19.52737293,nan,nan
jkt_qc10,-6,12.5,-0.5378300941,-0.3043217257,-0.1384124304,-0.02987529594,19.04552364,nan,nan
jkt_qc10,-6,13.5,-0.5228831404,-0.288942893,-0.1357179674,-0.02866955169,18.54836166,nan,nan
jkt_qc10,-6,14.5,-0.5074720077,-0.2735672886,-0.1329255085,-0.02744979638,18.04117867,nan,nan
jkt_qc10,-6,15.5,-0.4916981377,-0.2583227163,-0.1300525494,-0.02622620432,17.52680426,nan,nan
jkt_qc10,-6,16.5,-0.4756990467,-0.243368485,-0.1271159683,-0.02500796271,17.01144274,nan,nan
jkt_qc10,-6,17.5,-0.4595238318,-0.228727552,-0.1241318549,-0.02380321238,16.49285302,nan,nan
jkt_qc10,-6,18.5,-0.4433165376,-0.2145460281,-0.1211153732,-0.02261902535,15.97830697,nan,nan
jkt_qc10,-6,19.5,-0.4271427932,-0.2008690789,-0.1180806566,-0.02146141432,15.46827392,nan,nan
jkt_qc10,-6,20.5,-0.4110979126,-0.1877583679,-0.1150407353,-0.02033536796,14.96601888,nan,nan
jkt_qc10,-6,21.5,-0.3952491622,-0.1752471479,-0.1120074923,-0.01924490672,14.47296493,nan,nan
jkt_qc10,-6,22.5,-0.3796620589,-0.1633605944,-0.108991647,-0.01819315321,13.99079321,nan,nan
jkt_qc10,-6,23.5,-0.3643921199,-0.1521116832,-0.1060027603,-0.01718241252,13.52081238,nan,nan
jkt_qc10,-6,24.5,-0.3494838003,-0.1415021169,-0.1030492603,-0.0162142578,13.06387554,nan,nan
jkt_qc10,-6,25.5,-0.3349770082,-0.1315277221,-0.1001384838,-0.01528961763,12.62089215,nan,nan
jkt_qc10,-6,26.5,-0.3209052108,-0.122178188,-0.09727672897,-0.01440886219,12.19266428,nan,nan
jkt_qc10,-6,27.5,-0.3072898324,-0.1134349511,-0.09446931864,-0.01357188589,11.77941296,nan,nan
jkt_qc10,-6,28.5,-0.2941404337,-0.1052726878,-0.0917206687,-0.01277818499,11.38075486,nan,nan
jkt_qc10,-6,29.5,-0.2814719303,-0.09766912796,-0.08903436056,-0.01202692892,10.99706358,nan,nan
jkt_qc10,-5.5,0.5,-0.7222805485,-0.5786500086,-0.1693481936,-0.04586591423,27.82507023,nan,nan
jkt_qc10,-5.5,1.5,-0.7206031503,-0.5758225199,-0.1690414722,-0.04568683649,27.7487435,nan,nan
jkt_qc10,-5.5,2.5,-0.7172641477,-0.5702267728,-0.1684310498,-0.04533173763,27.59751657,nan,nan
jkt_qc10,-5.5,3.5,-0.7122929693,-0.561976932,-0.1675229031,-0.04480661867,27.37401889,nan,nan
jkt_qc10,-5.5,4.5,-0.7057190077,-0.5512355838,-0.1663258391,-0.0441202074,27.08126391,nan,nan
jkt_qc10,-5.5,5.5,-0.6976001348,-0.5381929598,-0.1648513103,-0.04328364883,26.72333479,nan,nan
jkt_qc10,-5.5,6.5,-0.687997978,-0.5230932737,-0.1631131772,-0.04231012195,26.3053368,nan,nan
jkt_qc10,-5.5,7.5,-0.67696563,-0.5061712047,-0.1611274253,-0.04121440479,25.83059775,nan,nan
jkt_qc10,-5.5,8.5,-0.6646221783,-0.4877445082,-0.1589118444,-0.04001241137,25.30789347,nan,nan
jkt_qc10,-5.5,9.5,-0.6510735327,-0.4681073083,-0.1564856818,-0.03872072396,24.74389644,nan,nan
jkt_qc10,-5.5,10.5,-0.6364099999,-0.4475237487,-0.1538692792,-0.03735614231,24.14301324,nan,nan
jkt_qc10,-5.5,11.5,-0.6207648112,-0.4262893999,-0.1510837056,-0.03593526809,23.51274205,nan,nan
jkt_qc10,-5.5,12.5,-0.6042655983,-0.4046705025,-0.148150396,-0.03447413909,22.85927257,nan,nan
jkt_qc10,-5.5,13.5,-0.5870394996,-0.3829084116,-0.1450908076,-0.0329879228,22.18808989,nan,nan
jkt_qc10,-5.5,14.5,-0.5692409143,-0.3612455634,-0.1419261018,-0.03149067464,21.50652647,nan,nan
jkt_qc10,-5.5,15.5,-0.5509917126,-0.3398651148,-0.1386768594,-0.02999516177,20.81866564,nan,nan
jkt_qc10,-5.5,16.5,-0.5324570869,-0.3189929605,-0.1353628343,-0.02851274998,20.1330253,nan,nan
jkt_qc10,-5.5,17.5,-0.5137006498,-0.2986542403,-0.1320027497,-0.02705334827,19.44651127,nan,nan
jkt_qc10,-5.5,18.5,-0.4948963728,-0.2790518606,-0.128614137,-0.02562540373,18.76889912,nan,nan
jkt_qc10,-5.5,19.5,-0.476127404,-0.2602425198,-0.1252132173,-0.02423593845,18.10084545,nan,nan
jkt_qc10,-5.5,20.5,-0.4575109017,-0.2423038305,-0.1218148241,-0.02289061944,17.44648215,nan,nan
jkt_qc10,-5.5,21.5,-0.4391309498,-0.2252733956,-0.1184323625,-0.02159385328,16.8075746,nan,nan
jkt_qc10,-5.5,22.5,-0.4210687353,-0.2091766173,-0.1150778013,-0.02034889716,16.18613853,nan,nan
jkt_qc10,-5.5,23.5,-0.4033929124,-0.194021683,-0.1117616942,-0.01915797965,15.58367248,nan,nan
jkt_qc10,-5.5,24.5,-0.3861583551,-0.1798012691,-0.1084932234,-0.01802242514,15.00107159,nan,nan
jkt_qc10,-5.5,25.5,-0.369413659,-0.1665000314,-0.1052802624,-0.01694277712,14.43926099,nan,nan
jkt_qc10,-5.5,26.5,-0.3531989993,-0.1540945375,-0.1021294517,-0.01591891687,13.89900108,nan,nan
jkt_qc10,-5.5,27.5,-0.3375398293,-0.1425508159,-0.09904628514,-0.01495017475,13.38032979,nan,nan
jkt_qc10,-5.5,28.5,-0.322447278,-0.131826597,-0.09603520147,-0.01403543239,12.88255595,nan,nan
jkt_qc10,-5.5,29.5,-0.3079378548,-0.1218840648,-0.09309967909,-0.01317321492,12.40588254,nan,nan
jkt_qc10,-5,0.5,-0.7968604648,-0.8097782837,-0.1836433701,-0.05470991216,35.15238561,nan,nan
jkt_qc10,-5,1.5,-0.79518596,-0.8055526506,-0.1832886967,-0.05447832498,35.0422176,nan,nan
jkt_qc10,-5,2.5,-0.7918432008,-0.7971940065,-0.1825829739,-0.05401941255,34.82406564,nan,nan
jkt_qc10,-5,3.5,-0.7868428997,-0.7848810867,-0.1815333754,-0.05334153111,34.50198119,nan,nan
jkt_qc10,-5,4.5,-0.7801839435,-0.7688710766,-0.180150476,-0.05245680679,34.08091703,nan,nan
jkt_qc10,-5,5.5,-0.7718982061,-0.7494601104,-0.1784480349,-0.05138067573,33.5671096,nan,nan
jkt_qc10,-5,6.5,-0.762011281,-0.7270310427,-0.1764427118,-0.05013131752,32.96862565,nan,nan
jkt_qc10,-5,7.5,-0.7505411891,-0.7019531786,-0.1741537275,-0.04872901637,32.29113013,nan,nan
jkt_qc10,-5,8.5,-0.7375804808,-0.674716616,-0.1716024747,-0.04719548669,31.54768911,nan,nan
jkt_qc10,-5,9.5,-0.7232121177,-0.6457758728,-0.1688120931,-0.04555319889,30.74850459,nan,nan
jkt_qc10,-5,10.5,-0.7075078503,-0.6155399651,-0.165807021,-0.04382473808,29.90070676,nan,nan
jkt_qc10,-5,11.5,-0.6905942683,-0.5844595124,-0.1626125384,-0.04203222265,29.0154752,nan,nan
jkt_qc10,-5,12.5,-0.6725995028,-0.5529383473,-0.1592543159,-0.04019680294,28.10211183,nan,nan
jkt_qc10,-5,13.5,-0.6536585702,-0.5213395461,-0.1557579838,-0.03833825302,27.16884434,nan,nan
jkt_qc10,-5,14.5,-0.6339441506,-0.4900217268,-0.1521487344,-0.03647466102,26.22614239,nan,nan
jkt_qc10,-5,15.5,-0.613598111,-0.459253699,-0.1484509668,-0.03462221733,25.28003127,nan,nan
jkt_qc10,-5,16.5,-0.5928141939,-0.4293634077,-0.1446879828,-0.0327950946,24.34250001,nan,nan
jkt_qc10,-5,17.5,-0.5716810156,-0.4003762329,-0.140881738,-0.03100540927,23.40911735,nan,nan
jkt_qc10,-5,18.5,-0.5504067645,-0.372580314,-0.1370526498,-0.02926325246,22.49332706,nan,nan
jkt_qc10,-5,19.5,-0.5291013107,-0.3460467676,-0.1332194615,-0.02757677622,21.59599342,nan,nan
jkt_qc10,-5,20.5,-0.507913174,-0.3208736464,-0.1293991597,-0.02595232165,20.72239178,nan,nan
jkt_qc10,-5,21.5,-0.4869526675,-0.2971012402,-0.1256069393,-0.02439457581,19.87467027,nan,nan
jkt_qc10,-5,22.5,-0.4663258009,-0.2747511637,-0.1218562101,-0.02290674587,19.0551925,nan,nan
jkt_qc10,-5,23.5,-0.446122883,-0.2538202607,-0.1181586394,-0.02149074086,18.26558825,nan,nan
jkt_qc10,-5,24.5,-0.426416882,-0.2342836474,-0.1145242224,-0.02014735288,17.50667084,nan,nan
jkt_qc10,-5,25.5,-0.4072719032,-0.2161053981,-0.1109613741,-0.01887643188,16.779241,nan,nan
jkt_qc10,-5,26.5,-0.3887407368,-0.1992388717,-0.1074770374,-0.01767704957,16.08385362,nan,nan
jkt_qc10,-5,27.5,-0.3708577701,-0.1836238815,-0.1040768002,-0.01654764953,15.42015321,nan,nan
jkt_qc10,-5,28.5,-0.3536396442,-0.1691900996,-0.1007650183,-0.015486182,14.78689639,nan,nan
jkt_qc10,-5,29.5,-0.3371077938,-0.1558740097,-0.09754493894,-0.01449022268,14.18392098,nan,nan
jkt_qc10,-4.5,0.5,-0.8268405875,-1.160805357,-0.2002145394,-0.06627197666,45.66621455,nan,nan
jkt_qc10,-4.5,1.5,-0.825743571,-1.15439965,-0.1998026125,-0.06596621125,45.50195517,nan,nan
jkt_qc10,-4.5,2.5,-0.8235228281,-1.141732738,-0.198983058,-0.06536076822,45.176914,nan,nan
jkt_qc10,-4.5,3.5,-0.8201248804,-1.123083759,-0.1977643951,-0.06446756639,44.69757222,nan,nan
jkt_qc10,-4.5,4.5,-0.8154494898,-1.098857734,-0.1961592038,-0.06330385975,44.07227039,nan,nan
jkt_qc10,-4.5,5.5,-0.809433406,-1.069516179,-0.1941838869,-0.06189153697,43.31093719,nan,nan
jkt_qc10,-4.5,6.5,-0.8019754695,-1.035659656,-0.1918583529,-0.06025626273,42.42672368,nan,nan
jkt_qc10,-4.5,7.5,-0.7929718746,-0.9978699151,-0.1892056267,-0.05842651621,41.4294367,nan,nan
jkt_qc10,-4.5,8.5,-0.7823956496,-0.9569088579,-0.186251393,-0.05643258487,40.33924908,nan,nan
jkt_qc10,-4.5,9.5,-0.7702239586,-0.9134851496,-0.1830234857,-0.05430556998,39.17228192,nan,nan
jkt_qc10,-4.5,10.5,-0.7564394752,-0.8682385259,-0.1795513389,-0.05207645414,37.94032967,nan,nan
jkt_qc10,-4.5,11.5,-0.7410994864,-0.8218659606,-0.1758654167,-0.04977527144,36.66059842,nan,nan
jkt_qc10,-4.5,12.5,-0.7242846118,-0.774990194,-0.1719966445,-0.04743040925,35.34747109,nan,nan
jkt_qc10,-4.5,13.5,-0.7061033515,-0.7281677929,-0.167975859,-0.04506805848,34.01360887,nan,nan
jkt_qc10,-4.5,14.5,-0.6867232978,-0.6819407803,-0.1638332994,-0.04271181754,32.67437287,nan,nan
jkt_qc10,-4.5,15.5,-0.6662965632,-0.6367129424,-0.1595981519,-0.04038244477,31.33882023,nan,nan
jkt_qc10,-4.5,16.5,-0.6450364762,-0.5929714941,-0.1552981621,-0.03809774661,30.02419046,nan,nan
jkt_qc10,-4.5,17.5,-0.6230805455,-0.5507400356,-0.1509593218,-0.03587258297,28.72390012,nan,nan
jkt_qc10,-4.5,18.5,-0.6006710951,-0.510437339,-0.1466056315,-0.03371896823,27.4567874,nan,nan
jkt_qc10,-4.5,19.5,-0.577963615,-0.4721538485,-0.1422589405,-0.0316462456,26.22387167,nan,nan
jkt_qc10,-4.5,20.5,-0.555156301,-0.436015028,-0.1379388558,-0.02966131291,25.03187774,nan,nan
jkt_qc10,-4.5,21.5,-0.5324057004,-0.4020609362,-0.1336627166,-0.02776888049,23.88328731,nan,nan
jkt_qc10,-4.5,22.5,-0.5098625365,-0.3703025499,-0.1294456225,-0.02597174401,22.78071271,nan,nan
jkt_qc10,-4.5,23.5,-0.4876579778,-0.3407143977,-0.1253005066,-0.02427105887,21.7257081,nan,nan
jkt_qc10,-4.5,24.5,-0.4659010756,-0.3132399023,-0.1212382442,-0.0226666054,20.7187064,nan,nan
jkt_qc10,-4.5,25.5,-0.4446878327,-0.287807029,-0.1172677868,-0.02115703756,19.76006466,nan,nan
jkt_qc10,-4.5,26.5,-0.424098331,-0.2643293713,-0.1133963139,-0.01974010997,18.84978466,nan,nan
jkt_qc10,-4.5,27.5,-0.4041888119,-0.2427029351,-0.1096293935,-0.01841288078,17.98671466,nan,nan
jkt_qc10,-4.5,28.5,-0.3849925874,-0.2228113729,-0.105971147,-0.01717188909,17.16862116,nan,nan
jkt_qc10,-4.5,29.5,-0.3665455581,-0.2045490662,-0.1024244123,-0.01601330751,16.39461368,nan,nan
jkt_qc10,-4,0.5,-0.7106375345,-1.67493936,-0.2194777917,-0.08172595214,60.354599,nan,nan
jkt_qc10,-4,1.5,-0.7116866798,-1.665406661,-0.2189989473,-0.081312724,60.10517052,nan,nan
jkt_qc10,-4,2.5,-0.7136653773,-1.646552876,-0.2180461934,-0.08049519123,59.61197613,nan,nan
jkt_qc10,-4,3.5,-0.7163396113,-1.618787211,-0.2166293377,-0.07929079782,58.88559194,nan,nan
jkt_qc10,-4,4.5,-0.7193350281,-1.58270713,-0.2147629286,-0.07772473165,57.94015588,nan,nan
jkt_qc10,-4,5.5,-0.7223150245,-1.538994529,-0.2124660469,-0.07582883059,56.79188599,nan,nan
jkt_qc10,-4,6.5,-0.7248180202,-1.48854364,-0.2097620064,-0.07364024839,55.46252019,nan,nan
jkt_qc10,-4,7.5,-0.7263946991,-1.432226953,-0.2066779601,-0.0711999703,53.96906353,nan,nan
jkt_qc10,-4,8.5,-0.7266541273,-1.371190339,-0.2032444072,-0.06855127359,52.34332889,nan,nan
jkt_qc10,-4,9.5,-0.7252490708,-1.306507477,-0.1994946093,-0.06573822362,50.61123256,nan,nan
jkt_qc10,-4,10.5,-0.7218861384,-1.239155632,-0.195463932,-0.06280428513,48.79242153,nan,nan
jkt_qc10,-4,11.5,-0.7163830655,-1.170199062,-0.1911891358,-0.05979111137,46.91383123,nan,nan
jkt_qc10,-4,12.5,-0.7086399377,-1.100592497,-0.1867076461,-0.0567375537,44.99800746,nan,nan
jkt_qc10,-4,13.5,-0.6986401563,-1.03119053,-0.1820568333,-0.05367891327,43.06464689,nan,nan
jkt_qc10,-4,14.5,-0.686474031,-0.9628202366,-0.1772733365,-0.05064643719,41.13658386,nan,nan
jkt_qc10,-4,15.5,-0.6722684356,-0.8960990049,-0.1723924545,-0.04766704532,39.22747925,nan,nan
jkt_qc10,-4,16.5,-0.6562197253,-0.8317635919,-0.1674476268,-0.04476326135,37.36228998,nan,nan
jkt_qc10,-4,17.5,-0.6385699029,-0.7698441432,-0.1624700167,-0.04195331449,35.53099418,nan,nan
jkt_qc10,-4,18.5,-0.6195814106,-0.7109624248,-0.1574882023,-0.03925137434,33.76008041,nan,nan
jkt_qc10,-4,19.5,-0.5994965901,-0.6552433241,-0.1525279741,-0.03666788144,32.05046261,nan,nan
jkt_qc10,-4,20.5,-0.5786014888,-0.6028563326,-0.1476122311,-0.03420993913,30.41048984,nan,nan
jkt_qc10,-4,21.5,-0.5571437204,-0.5538424947,-0.1427609658,-0.03188173634,28.8426714,nan,nan
jkt_qc10,-4,22.5,-0.5353639911,-0.5081965185,-0.1379913236,-0.02968497683,27.34947978,nan,nan
jkt_qc10,-4,23.5,-0.5134790744,-0.4658580127,-0.1333177208,-0.02761929587,25.93186411,nan,nan
jkt_qc10,-4,24.5,-0.4916769898,-0.4267206755,-0.1287520086,-0.02568265062,24.58923875,nan,nan
jkt_qc10,-4,25.5,-0.4701252633,-0.390655608,-0.1243036679,-0.02387167552,23.32086219,nan,nan
jkt_qc10,-4,26.5,-0.4489674204,-0.3575138536,-0.1199800225,-0.02218199778,22.12550808,nan,nan
jkt_qc10,-4,27.5,-0.4283143243,-0.327122944,-0.1157864623,-0.02060851123,21.00050996,nan,nan
jkt_qc10,-4,28.5,-0.4082451817,-0.299295044,-0.1117266653,-0.01914560912,19.94191246,nan,nan
jkt_qc10,-4,29.5,-0.3888355107,-0.2738589958,-0.1078028149,-0.0177873782,18.94746849,nan,nan
jkt_qc10,-3.5,0.5,-0.2319477402,-2.31304667,-0.2418088706,-0.1028990055,78.25087418,nan,nan
jkt_qc10,-3.5,1.5,-0.2387172026,-2.300340291,-0.2412561695,-0.102325961,77.88191228,nan,nan
jkt_qc10,-3.5,2.5,-0.2519161016,-2.275165467,-0.2401559521,-0.1011932975,77.15294621,nan,nan
jkt_qc10,-3.5,3.5,-0.2708818693,-2.237982979,-0.238518605,-0.09952722105,76.08067095,nan,nan
jkt_qc10,-3.5,4.5,-0.2945918843,-2.189468034,-0.2363597297,-0.09736547747,74.68793475,nan,nan
jkt_qc10,-3.5,5.5,-0.3220506362,-2.130425244,-0.2337001129,-0.09475560851,73.0006205,nan,nan
jkt_qc10,-3.5,6.5,-0.3519274318,-2.061927521,-0.230565608,-0.09175283175,71.05331711,nan,nan
jkt_qc10,-3.5,7.5,-0.3829366032,-1.985044074,-0.2269868847,-0.08841769438,68.87411242,nan,nan
jkt_qc10,-3.5,8.5,-0.4137756893,-1.901256413,-0.2229990165,-0.08481365768,66.51192383,nan,nan
jkt_qc10,-3.5,9.5,-0.4432781985,-1.811986351,-0.2186408946,-0.08100476234,64.00719042,nan,nan
jkt_qc10,-3.5,10.5,-0.4704462427,-1.718563162,-0.2139544787,-0.07705350467,61.39137663,nan,nan
jkt_qc10,-3.5,11.5,-0.4944596557,-1.622478377,-0.208983919,-0.07301902379,58.70552861,nan,nan
jkt_qc10,-3.5,12.5,-0.5147205922,-1.525104109,-0.2037745958,-0.06895566465,55.98395674,nan,nan
jkt_qc10,-3.5,13.5,-0.5308458094,-1.427697172,-0.1983721332,-0.06491194512,53.25635461,nan,nan
jkt_qc10,-3.5,14.5,-0.5426640496,-1.331491635,-0.1928214453,-0.06092992209,50.5557486,nan,nan
jkt_qc10,-3.5,15.5,-0.5501781727,-1.237432929,-0.1871658644,-0.05704492447,47.90198386,nan,nan
jkt_qc10,-3.5,16.5,-0.5534638073,-1.146636875,-0.181446392,-0.05328560121,45.33000331,nan,nan
jkt_qc10,-3.5,17.5,-0.5529828372,-1.059208226,-0.1757010977,-0.04967422204,42.82484797,nan,nan
jkt_qc10,-3.5,18.5,-0.5489674844,-0.976082611,-0.1699646783,-0.04622716446,40.42239752,nan,nan
jkt_qc10,-3.5,19.5,-0.541830274,-0.8974798356,-0.1642681761,-0.04295552397,38.12279538,nan,nan
jkt_qc10,-3.5,20.5,-0.5320208448,-0.8236695972,-0.1586388448,-0.03986579091,35.93561965,nan,nan
jkt_qc10,-3.5,21.5,-0.5199719823,-0.7547288357,-0.1531001449,-0.03696054728,33.86258982,nan,nan
jkt_qc10,-3.5,22.5,-0.5061108441,-0.6906583234,-0.1476718462,-0.03423914711,31.90511974,nan,nan
jkt_qc10,-3.5,23.5,-0.4908367992,-0.6313725582,-0.1423702139,-0.0316983546,30.06252524,nan,nan
jkt_qc10,-3.5,24.5,-0.4745111868,-0.5767148994,-0.1372082542,-0.02933292281,28.33211706,nan,nan
jkt_qc10,-3.5,25.5,-0.457461051,-0.5264920428,-0.1321959995,-0.02713610416,26.71098538,nan,nan
jkt_qc10,-3.5,26.5,-0.439974492,-0.4804793954,-0.1273408144,-0.02510008925,25.1956325,nan,nan
jkt_qc10,-3.5,27.5,-0.4222916165,-0.4384181253,-0.1226477069,-0.02321637555,23.78086903,nan,nan
jkt_qc10,-3.5,28.5,-0.4046050865,-0.400027934,-0.1181196356,-0.02147607016,22.46007561,nan,nan
jkt_qc10,-3.5,29.5,-0.3870883935,-0.3650516403,-0.1137578017,-0.01987013284,21.2288055,nan,nan
jkt_qc10,-3,0.5,0.8542888407,-2.727034816,-0.2672994807,-0.1326948236,91.70008938,nan,nan
jkt_qc10,-3,1.5,0.8365042089,-2.715510886,-0.2666777089,-0.1318782024,91.21955246,nan,nan
jkt_qc10,-3,2.5,0.8016413448,-2.692476645,-0.2654382345,-0.1302656139,90.27070187,nan,nan
jkt_qc10,-3,3.5,0.7510779805,-2.657959524,-0.2635894681,-0.1278973312,88.876067,nan,nan
jkt_qc10,-3,4.5,0.6869297216,-2.611994018,-0.2611446407,-0.1248312546,87.06660819,nan,nan
jkt_qc10,-3,5.5,0.6113312345,-2.554812218,-0.2581223746,-0.1211401083,84.8784044,nan,nan
jkt_qc10,-3,6.5,0.5271422599,-2.486787235,-0.2545472017,-0.1169080306,82.35845408,nan,nan
jkt_qc10,-3,7.5,0.4371500105,-2.408382348,-0.250449887,-0.1122268011,79.54601172,nan,nan
jkt_qc10,-3,8.5,0.3443660463,-2.320646827,-0.2458674442,-0.107191968,76.50708122,nan,nan
jkt_qc10,-3,9.5,0.2515315432,-2.224725021,-0.2408427775,-0.1018991264,73.29677762,nan,nan
jkt_qc10,-3,10.5,0.1610365097,-2.121829871,-0.2354239398,-0.09644057048,69.95874408,nan,nan
jkt_qc10,-3,11.5,0.07501479718,-2.013547864,-0.2296630563,-0.09090248908,66.54826915,nan,nan
jkt_qc10,-3,12.5,-0.004869059031,-1.901490207,-0.2236149991,-0.08536281128,63.11151313,nan,nan
jkt_qc10,-3,13.5,-0.07740538375,-1.78726703,-0.2173359299,-0.07988974352,59.68812999,nan,nan
jkt_qc10,-3,14.5,-0.1417876745,-1.672569077,-0.2108818266,-0.07454097831,56.32084227,nan,nan
jkt_qc10,-3,15.5,-0.1976651017,-1.558801363,-0.2043071043,-0.06936350645,53.03524332,nan,nan
jkt_qc10,-3,16.5,-0.2447567554,-1.447605505,-0.197663414,-0.0643939314,49.87498986,nan,nan
jkt_qc10,-3,17.5,-0.2838889677,-1.339433191,-0.1909986747,-0.05965916797,46.82037448,nan,nan
jkt_qc10,-3,18.5,-0.3151349748,-1.235688723,-0.184356366,-0.05517740546,43.91458099,nan,nan
jkt_qc10,-3,19.5,-0.3391855745,-1.136893998,-0.1777750801,-0.05095922424,41.15616962,nan,nan
jkt_qc10,-3,20.5,-0.3567559575,-1.043600676,-0.171288314,-0.04700877158,38.55454938,nan,nan
jkt_qc10,-3,21.5,-0.3686052366,-0.9560816322,-0.1649244685,-0.04332492254,36.10954506,nan,nan
jkt_qc10,-3,22.5,-0.3754976996,-0.8744798799,-0.1587070135,-0.03990237197,33.82037637,nan,nan
jkt_qc10,-3,23.5,-0.3781714718,-0.7987974564,-0.1526547788,-0.03673262294,31.68370658,nan,nan
jkt_qc10,-3,24.5,-0.3773163989,-0.728918259,-0.1467823303,-0.0338048526,29.69388321,nan,nan
jkt_qc10,-3,25.5,-0.373565778,-0.6646564317,-0.1411003969,-0.03110664897,27.84504847,nan,nan
jkt_qc10,-3,26.5,-0.3674890911,-0.6057673772,-0.1356163204,-0.02862462143,26.13077345,nan,nan
jkt_qc10,-3,27.5,-0.3595828177,-0.5519478768,-0.1303345045,-0.02634489333,24.54289419,nan,nan
jkt_qc10,-3,28.5,-0.350269151,-0.5028560931,-0.1252568474,-0.02425348924,23.07187885,nan,nan
jkt_qc10,-3,29.5,-0.3399201612,-0.4581715866,-0.1203831469,-0.02233663039,21.71078182,nan,nan
jkt_qc10,-2.5,0.5,2.290865111,-2.239228748,-0.2950747249,-0.175762939,86.99610121,nan,nan
jkt_qc10,-2.5,1.5,2.261868819,-2.24087039,-0.2944250763,-0.1745691821,86.52701639,nan,nan
jkt_qc10,-2.5,2.5,2.204730836,-2.24339712,-0.293124728,-0.1722137006,85.60042733,nan,nan
jkt_qc10,-2.5,3.5,2.121133644,-2.245338912,-0.2911725682,-0.1687589723,84.2368522,nan,nan
jkt_qc10,-2.5,4.5,2.013731329,-2.244483335,-0.2885692288,-0.1642948429,82.46333562,nan,nan
jkt_qc10,-2.5,5.5,1.885338415,-2.238883508,-0.285319383,-0.1589341488,80.31615327,nan,nan
jkt_qc10,-2.5,6.5,1.739877951,-2.226120608,-0.2814341359,-0.1528073243,77.83890296,nan,nan
jkt_qc10,-2.5,7.5,1.581340776,-2.204070548,-0.2769330998,-0.1460563583,75.06871263,nan,nan
jkt_qc10,-2.5,8.5,1.414410221,-2.17130914,-0.2718458105,-0.1388285182,72.07134539,nan,nan
jkt_qc10,-2.5,9.5,1.243558917,-2.126943935,-0.2662122651,-0.1312702737,68.9020475,nan,nan
jkt_qc10,-2.5,10.5,1.072892377,-2.070651468,-0.2600825067,-0.1235218199,65.60505979,nan,nan
jkt_qc10,-2.5,11.5,0.9063576086,-2.002957445,-0.253515331,-0.1157125221,62.23743638,nan,nan
jkt_qc10,-2.5,12.5,0.7472530187,-1.924933983,-0.2465763013,-0.1079574916,58.84722954,nan,nan
jkt_qc10,-2.5,13.5,0.598195625,-1.838101408,-0.2393353305,-0.1003553772,55.47602724,nan,nan
jkt_qc10,-2.5,14.5,0.4611919516,-1.744421733,-0.2318641061,-0.09298733667,52.16840183,nan,nan
jkt_qc10,-2.5,15.5,0.3374095194,-1.645843101,-0.22423361,-0.08591705338,48.95117363,nan,nan
jkt_qc10,-2.5,16.5,0.2279339764,-1.544642451,-0.2165119282,-0.07919159948,45.86891264,nan,nan
jkt_qc10,-2.5,17.5,0.1316991347,-1.442244008,-0.2087624792,-0.0728429161,42.90251824,nan,nan
jkt_qc10,-2.5,18.5,0.04906975816,-1.340718741,-0.2010427189,-0.06688968268,40.0944125,nan,nan
jkt_qc10,-2.5,19.5,-0.02086502308,-1.241359387,-0.1934033222,-0.06133937173,37.442487,nan,nan
jkt_qc10,-2.5,20.5,-0.07906268493,-1.145408436,-0.1858877988,-0.05619032296,34.95503979,nan,nan
jkt_qc10,-2.5,21.5,-0.1266506059,-1.053728899,-0.1785324744,-0.05143371436,32.63061251,nan,nan
jkt_qc10,-2.5,22.5,-0.1648057933,-0.9669589767,-0.1713667565,-0.04705534896,30.46697653,nan,nan
jkt_qc10,-2.5,23.5,-0.1947046221,-0.8854997429,-0.1644136052,-0.04303721251,28.45930902,nan,nan
jkt_qc10,-2.5,24.5,-0.2174778375,-0.8095456977,-0.1576901339,-0.0393587856,26.60053264,nan,nan
jkt_qc10,-2.5,25.5,-0.2341795548,-0.7391473174,-0.1512082808,-0.03599811456,24.88342664,nan,nan
jkt_qc10,-2.5,26.5,-0.2457727318,-0.6742328393,-0.1449754999,-0.03293265884,23.30031408,nan,nan
jkt_qc10,-2.5,27.5,-0.2531175215,-0.6146173673,-0.1389954385,-0.03013994043,21.84198915,nan,nan
jkt_qc10,-2.5,28.5,-0.2569652854,-0.5600340963,-0.1332685739,-0.02759802394,20.49810987,nan,nan
jkt_qc10,-2.5,29.5,-0.2579740913,-0.510210659,-0.1277927959,-0.02528585608,19.26095227,nan,nan
jkt_qc10,-2,0.5,3.092698125,-0.7307476239,-0.3214717123,-0.239323504,62.87377831,nan,nan
jkt_qc10,-2,1.5,3.067409657,-0.7562831668,-0.3209362213,-0.2375527057,62.60353737,nan,nan
jkt_qc10,-2,2.5,3.016763606,-0.8056574528,-0.3198483702,-0.2340590898,62.06731993,nan,nan
jkt_qc10,-2,3.5,2.940678738,-0.8755288104,-0.3181772566,-0.2289366405,61.27054088,nan,nan
jkt_qc10,-2,4.5,2.839336684,-0.960709971,-0.3158831834,-0.2223213876,60.21618909,nan,nan
jkt_qc10,-2,5.5,2.71337366,-1.056185179,-0.3129245069,-0.2143855153,58.9223874,nan,nan
jkt_qc10,-2,6.5,2.56429492,-1.155302967,-0.3092650684,-0.2053297017,57.40229807,nan,nan
jkt_qc10,-2,7.5,2.394262195,-1.251696097,-0.3048811271,-0.1953740413,55.66686059,nan,nan
jkt_qc10,-2,8.5,2.206998552,-1.339388276,-0.2997668366,-0.1847481111,53.75187467,nan,nan
jkt_qc10,-2,9.5,2.006813316,-1.413361622,-0.2939375914,-0.1736809007,51.68724479,nan,nan
jkt_qc10,-2,10.5,1.798395005,-1.469803197,-0.2874309467,-0.1623913976,49.49691737,nan,nan
jkt_qc10,-2,11.5,1.587032285,-1.506368071,-0.2803052091,-0.1510805515,47.21882552,nan,nan
jkt_qc10,-2,12.5,1.377786811,-1.522166823,-0.2726361195,-0.1399251618,44.88670611,nan,nan
jkt_qc10,-2,13.5,1.175240572,-1.517631266,-0.2645122617,-0.129073972,42.53180218,nan,nan
jkt_qc10,-2,14.5,0.983409166,-1.494383759,-0.2560298903,-0.1186459772,40.19025306,nan,nan
jkt_qc10,-2,15.5,0.8052046282,-1.45473614,-0.2472878189,-0.108730714,37.88507705,nan,nan
jkt_qc10,-2,16.5,0.6433945901,-1.401547178,-0.238382863,-0.09939013441,35.6539786,nan,nan
jkt_qc10,-2,17.5,0.4975948691,-1.337915917,-0.2294061502,-0.09066159192,33.48775616,nan,nan
jkt_qc10,-2,18.5,0.3692276205,-1.266787834,-0.220440436,-0.08256146922,31.42155655,nan,nan
jkt_qc10,-2,19.5,0.2577310087,-1.190826911,-0.2115584153,-0.07508903642,29.45697764,nan,nan
jkt_qc10,-2,20.5,0.1623254249,-1.11251733,-0.2028219199,-0.06823022028,27.60398659,nan,nan
jkt_qc10,-2,21.5,0.08181894795,-1.033853565,-0.1942818393,-0.06196106368,25.86407866,nan,nan
jkt_qc10,-2,22.5,0.01482994273,-0.9564587964,-0.1859785803,-0.05625074644,24.23789527,nan,nan
jkt_qc10,-2,23.5,-0.04012050599,-0.8815649081,-0.1779428929,-0.05106411301,22.72362685,nan,nan
jkt_qc10,-2,24.5,-0.08452037147,-0.8100481645,-0.1701969112,-0.04636370706,21.31730676,nan,nan
jkt_qc10,-2,25.5,-0.1197969227,-0.7425061978,-0.16275529,-0.04211134866,20.01463962,nan,nan
jkt_qc10,-2,26.5,-0.1472821563,-0.6792976497,-0.1556263487,-0.03826930971,18.81075535,nan,nan
jkt_qc10,-2,27.5,-0.1681890157,-0.6205687483,-0.1488131615,-0.03480115097,17.6992923,nan,nan
jkt_qc10,-2,28.5,-0.1835943344,-0.5663023641,-0.1423145567,-0.03167228429,16.6727418,nan,nan
jkt_qc10,-2,29.5,-0.1944430209,-0.5164139693,-0.1361260048,-0.02885031881,15.72572915,nan,nan
jkt_qc10,-1.5,0.5,2.601727105,0.9017452462,-0.3355606459,-0.333002763,33.92575858,nan,nan
jkt_qc10,-1.5,1.5,2.604043819,0.8625424959,-0.3355310831,-0.330429216,33.93248804,nan,nan
jkt_qc10,-1.5,2.5,2.606660976,0.7851743239,-0.3354145677,-0.3253426646,33.94162416,nan,nan
jkt_qc10,-1.5,3.5,2.605637852,0.6718341178,-0.3351029923,-0.3178638393,33.94112862,nan,nan
jkt_qc10,-1.5,4.5,2.595235324,0.5265876338,-0.3344501184,-0.3081723218,33.90533554,nan,nan
jkt_qc10,-1.5,5.5,2.570286284,0.3539144357,-0.3332885963,-0.2965031975,33.82804748,nan,nan
jkt_qc10,-1.5,6.5,2.524812801,0.1609196924,-0.3314493244,-0.283140654,33.68239905,nan,nan
jkt_qc10,-1.5,7.5,2.454039413,-0.04437669803,-0.32878067,-0.2684078964,33.44229223,nan,nan
jkt_qc10,-1.5,8.5,2.355512438,-0.2526481558,-0.3251650591,-0.2526534959,33.097829,nan,nan
jkt_qc10,-1.5,9.5,2.228903844,-0.454574387,-0.32053086,-0.2362351388,32.6379423,nan,nan
jkt_qc10,-1.5,10.5,2.076089835,-0.641528544,-0.3148583034,-0.2195024337,32.05132907,nan,nan
jkt_qc10,-1.5,11.5,1.901462114,-0.8061387481,-0.3081792155,-0.2027807438,31.34159822,nan,nan
jkt_qc10,-1.5,12.5,1.710921204,-0.9430801685,-0.3005713461,-0.1863578494,30.51554231,nan,nan
jkt_qc10,-1.5,13.5,1.511212531,-1.049310469,-0.2921488096,-0.1704746998,29.58430494,nan,nan
jkt_qc10,-1.5,14.5,1.309377875,-1.124094352,-0.283050492,-0.1553207564,28.56866857,nan,nan
jkt_qc10,-1.5,15.5,1.111635395,-1.16866458,-0.273428204,-0.1410336931,27.48456799,nan,nan
jkt_qc10,-1.5,16.5,0.924089297,-1.185459325,-0.2634359822,-0.1277026669,26.36037126,nan,nan
jkt_qc10,-1.5,17.5,0.749048268,-1.179164545,-0.2532214276,-0.1153740829,25.20270065,nan,nan
jkt_qc10,-1.5,18.5,0.5903360962,-1.153427631,-0.2429194495,-0.1040587395,24.0397789,nan,nan
jkt_qc10,-1.5,19.5,0.4490801056,-1.112598545,-0.2326483761,-0.09373938554,22.88181429,nan,nan
jkt_qc10,-1.5,20.5,0.3257050814,-1.060828622,-0.2225081184,-0.08437795908,21.74557617,nan,nan
jkt_qc10,-1.5,21.5,0.2197264663,-1.001728015,-0.2125799455,-0.07592204026,20.64078774,nan,nan
jkt_qc10,-1.5,22.5,0.1301097077,-0.9383792856,-0.2029274034,-0.06831027983,19.57613833,nan,nan
jkt_qc10,-1.5,23.5,0.05545230786,-0.8732730848,-0.1935979554,-0.06147674157,18.55765971,nan,nan
jkt_qc10,-1.5,24.5,-0.005840271518,-0.8083311915,-0.1846250003,-0.05535421498,17.58882864,nan,nan
jkt_qc10,-1.5,25.5,-0.05540934139,-0.7449940944,-0.1760300119,-0.04987662124,16.67211429,nan,nan
jkt_qc10,-1.5,26.5,-0.09485837433,-0.6842827494,-0.1678246261,-0.04498066428,15.80877228,nan,nan
jkt_qc10,-1.5,27.5,-0.1256942018,-0.6268503081,-0.1600125664,-0.04060688087,14.99802731,nan,nan
jkt_qc10,-1.5,28.5,-0.149283363,-0.5730586111,-0.1525913519,-0.03670023119,14.23739599,nan,nan
jkt_qc10,-1.5,29.5,-0.1668372412,-0.5231046928,-0.1455537665,-0.03321035132,13.52575409,nan,nan
jkt_qc10,-1,0.5,1.25174439,1.535846044,-0.3107190478,-0.4623033129,12.65245911,nan,nan
jkt_qc10,-1,1.5,1.281219409,1.51736967,-0.3120511966,-0.4589868014,12.80311651,nan,nan
jkt_qc10,-1,2.5,1.338440793,1.478681051,-0.314582356,-0.4523843453,13.10191865,nan,nan
jkt_qc10,-1,3.5,1.419695132,1.41645641,-0.3180559387,-0.4425656103,13.54060409,nan,nan
jkt_qc10,-1,4.5,1.51829683,1.326528234,-0.3221114625,-0.4296541873,14.09669632,nan,nan
jkt_qc10,-1,5.5,1.627158106,1.205462474,-0.3263138116,-0.4138445816,14.76440034,nan,nan
jkt_qc10,-1,6.5,1.735568725,1.050900732,-0.3301909178,-0.3954160877,15.51206691,nan,nan
jkt_qc10,-1,7.5,1.831920742,0.8630021772,-0.333276792,-0.3747383149,16.30485125,nan,nan
jkt_qc10,-1,8.5,1.904663633,0.6459498848,-0.3351549584,-0.352264602,17.10941785,nan,nan
jkt_qc10,-1,9.5,1.943667549,0.4073106747,-0.3354962332,-0.328512304,17.88724734,nan,nan
jkt_qc10,-1,10.5,1.941587833,0.1575197633,-0.3340851372,-0.3040322182,18.59644337,nan,nan
jkt_qc10,-1,11.5,1.895355322,-0.09092414934,-0.3308312171,-0.279372196,19.20360073,nan,nan
jkt_qc10,-1,12.5,1.806283729,-0.3255498448,-0.3257646284,-0.2550413007,19.6802595,nan,nan
jkt_qc10,-1,13.5,1.679681004,-0.5354728532,-0.3190184721,-0.2314803421,20.00605554,nan,nan
jkt_qc10,-1,14.5,1.524019771,-0.7126028799,-0.3108025748,-0.2090426085,20.17461574,nan,nan
jkt_qc10,-1,15.5,1.34904316,-0.8523923093,-0.3013741173,-0.1879859799,20.18379374,nan,nan
jkt_qc10,-1,16.5,1.165514472,-0.9528731756,-0.2910098446,-0.1684752558,20.04402949,nan,nan
jkt_qc10,-1,17.5,0.9810471017,-1.017804266,-0.2799830751,-0.1505920444,19.77252274,nan,nan
jkt_qc10,-1,18.5,0.8039074831,-1.049679037,-0.2685469962,-0.1343490717,19.38725007,nan,nan
jkt_qc10,-1,19.5,0.6391723738,-1.053715507,-0.2569243005,-0.1197060586,18.90545882,nan,nan
jkt_qc10,-1,20.5,0.4903481984,-1.035517451,-0.2453022791,-0.106585029,18.35135066,nan,nan
jkt_qc10,-1,21.5,0.3591103591,-1.000496475,-0.2338320661,-0.09488373348,17.74414406,nan,nan
jkt_qc10,-1,22.5,0.2458224548,-0.9535833139,-0.2226306858,-0.08448658357,17.10244591,nan,nan
jkt_qc10,-1,23.5,0.1498666542,-0.8989849693,-0.2117847312,-0.07527300954,16.44207733,nan,nan
jkt_qc10,-1,24.5,0.06998410593,-0.8401115969,-0.20135478,-0.06712346802,15.77572024,nan,nan
jkt_qc10,-1,25.5,0.004570958214,-0.7796325035,-0.191379927,-0.05992347863,15.11416134,nan,nan
jkt_qc10,-1,26.5,-0.04812592929,-0.7195437745,-0.1818820501,-0.05356610803,14.46602073,nan,nan
jkt_qc10,-1,27.5,-0.08986831058,-0.6612436375,-0.1728696041,-0.04795329334,13.83692237,nan,nan
jkt_qc10,-1,28.5,-0.122321375,-0.6056446369,-0.1643408612,-0.0429963398,13.22982935,nan,nan
jkt_qc10,-1,29.5,-0.1469956721,-0.5533461471,-0.1562865947,-0.03861585958,12.6482108,nan,nan
jkt_qc10,-0.5,0.5,0.3218513774,1.100489181,-0.2028871194,-0.6028612422,3.24925594,nan,nan
jkt_qc10,-0.5,1.5,0.3419714384,1.108854802,-0.2065843673,-0.600014111,3.343738228,nan,nan
jkt_qc10,-0.5,2.5,0.3832319723,1.124149783,-0.2138066812,-0.5942096843,3.537073664,nan,nan
jkt_qc10,-0.5,3.5,0.4475396577,1.143135582,-0.2242052113,-0.5852493905,3.836835348,nan,nan
jkt_qc10,-0.5,4.5,0.536662243,1.159905693,-0.2372498468,-0.5728889275,4.248201312,nan,nan
jkt_qc10,-0.5,5.5,0.651915172,1.167938112,-0.2522324578,-0.5568990206,4.786717899,nan,nan
jkt_qc10,-0.5,6.5,0.7922062172,1.157459184,-0.2682875302,-0.5371376828,5.457224004,nan,nan
jkt_qc10,-0.5,7.5,0.9531352326,1.117854463,-0.284438091,-0.5136224639,6.26046879,nan,nan
jkt_qc10,-0.5,8.5,1.125727459,1.039651763,-0.2996690493,-0.4865870289,7.190339159,nan,nan
jkt_qc10,-0.5,9.5,1.296741571,0.9162470153,-0.3130210083,-0.4565059424,8.228502896,nan,nan
jkt_qc10,-0.5,10.5,1.449920265,0.746127229,-0.3236883384,-0.4240769656,9.342342313,nan,nan
jkt_qc10,-0.5,11.5,1.568717167,0.5348304276,-0.3311003035,-0.3901610296,10.49030073,nan,nan
jkt_qc10,-0.5,12.5,1.639513374,0.2942749727,-0.3349666327,-0.3556924775,11.62284006,nan,nan
jkt_qc10,-0.5,13.5,1.654319461,0.04092865149,-0.3352787272,-0.3215806419,12.6882251,nan,nan
jkt_qc10,-0.5,14.5,1.612346626,-0.2070885219,-0.3322704067,-0.2886245754,13.6419273,nan,nan
jkt_qc10,-0.5,15.5,1.519223526,-0.433532142,-0.3263520855,-0.257456089,14.44528064,nan,nan
jkt_qc10,-0.5,16.5,1.385944211,-0.6247322421,-0.3180359962,-0.2285160662,15.06933992,nan,nan
jkt_qc10,-0.5,17.5,1.225343391,-0.7768153257,-0.3078676286,-0.2020599328,15.52169985,nan,nan
jkt_qc10,-0.5,18.5,1.050742329,-0.885738231,-0.2963726232,-0.1781830229,15.79275916,nan,nan
jkt_qc10,-0.5,19.5,0.8735848221,-0.9538823583,-0.2840221046,-0.156855657,15.89252578,nan,nan
jkt_qc10,-0.5,20.5,0.703130969,-0.9861435846,-0.2712148753,-0.1379596614,15.84260028,nan,nan
jkt_qc10,-0.5,21.5,0.5456647414,-0.9888139291,-0.2582725743,-0.1213210414,15.6650441,nan,nan
jkt_qc10,-0.5,22.5,0.404924907,-0.9685555023,-0.2454434101,-0.1067363101,15.38441109,nan,nan
jkt_qc10,-0.5,23.5,0.2825217837,-0.9316303114,-0.2329106624,-0.09399198661,15.02418353,nan,nan
jkt_qc10,-0.5,24.5,0.1784963726,-0.8834734469,-0.2208031361,-0.0828779387,14.6052808,nan,nan
jkt_qc10,-0.5,25.5,0.09187066694,-0.8285550491,-0.2092057453,-0.07319574479,14.14653406,nan,nan
jkt_qc10,-0.5,26.5,0.02105831589,-0.7703677088,-0.1981692006,-0.06476332785,13.6639935,nan,nan
jkt_qc10,-0.5,27.5,-0.03582423918,-0.711487509,-0.1877183346,-0.05741697434,13.16983014,nan,nan
jkt_qc10,-0.5,28.5,-0.08072006781,-0.6537139691,-0.1778589511,-0.0510116293,12.67256028,nan,nan
jkt_qc10,-0.5,29.5,-0.1154770483,-0.5983000247,-0.1685832792,-0.04542013263,12.18036566,nan,nan
jkt_qc10,0,0.5,0.1227352995,0.6231812298,-0.0006509100247,-0.6711403083,0.8956309178,nan,nan
jkt_qc10,0,1.5,0.1274109613,0.6317183486,-0.005857749429,-0.671089809,0.9220813861,nan,nan
jkt_qc10,0,2.5,0.1374735828,0.6490029101,-0.01626320497,-0.6707466151,0.9776487761,nan,nan
jkt_qc10,0,3.5,0.1546022639,0.6753572056,-0.03182275162,-0.6696286274,1.068075201,nan,nan
jkt_qc10,0,4.5,0.1817454658,0.7105119677,-0.05240037671,-0.6670244496,1.201469331,nan,nan
jkt_qc10,0,5.5,0.2224580227,0.7541501471,-0.07769026386,-0.662023779,1.391434497,nan,nan
jkt_qc10,0,6.5,0.2819468566,0.8038594731,-0.1071259469,-0.6535823748,1.65437338,nan,nan
jkt_qc10,0,7.5,0.3660262605,0.8546798863,-0.1397978585,-0.6406345597,2.01056101,nan,nan
jkt_qc10,0,8.5,0.4795589205,0.8982396635,-0.174411136,-0.6222554813,2.482659953,nan,nan
jkt_qc10,0,9.5,0.6245273601,0.9222055228,-0.2093197327,-0.5978542659,3.091625009,nan,nan
jkt_qc10,0,10.5,0.7972526345,0.9114382165,-0.2426608695,-0.5673532185,3.850923364,nan,nan
jkt_qc10,0,11.5,0.9861919014,0.8516774659,-0.2725815371,-0.5312918172,4.761816552,nan,nan
jkt_qc10,0,12.5,1.172403468,0.7338333486,-0.2975062511,-0.4908043926,5.807673169,nan,nan
jkt_qc10,0,13.5,1.332792963,0.5581198187,-0.3163667696,-0.4474615209,6.952271261,nan,nan
jkt_qc10,0,14.5,1.445759242,0.3357780758,-0.3287221588,-0.4030188389,8.144583002,nan,nan
jkt_qc10,0,15.5,1.496504004,0.08646764548,-0.3347409033,-0.3591515614,9.322056985,nan,nan
jkt_qc10,0,16.5,1.47981666,-0.1643237445,-0.3350699257,-0.3172487594,10.4117692,nan,nan
jkt_qc10,0,17.5,1.403435748,-0.3979543255,-0.3306483395,-0.2783060326,11.39292343,nan,nan
jkt_qc10,0,18.5,1.278726625,-0.5959109044,-0.322524837,-0.2429137392,12.20793387,nan,nan
jkt_qc10,0,19.5,1.121953675,-0.7493684961,-0.3117166076,-0.2113114791,12.8355377,nan,nan
jkt_qc10,0,20.5,0.9495456455,-0.8560587169,-0.2991220907,-0.1834734118,13.27366963,nan,nan
jkt_qc10,0,21.5,0.7752738034,-0.9190506167,-0.2854816711,-0.1591965611,13.53106003,nan,nan
jkt_qc10,0,22.5,0.6093852471,-0.9446411257,-0.2713724982,-0.1381761755,13.62687072,nan,nan
jkt_qc10,0,23.5,0.4584396043,-0.9404803228,-0.2572232295,-0.1200623483,13.58509545,nan,nan
jkt_qc10,0,24.5,0.3258375483,-0.9142102432,-0.2433376936,-0.1044983878,13.43088865,nan,nan
jkt_qc10,0,25.5,0.2126326033,-0.8726867912,-0.2299203914,-0.09114429725,13.18924362,nan,nan
jkt_qc10,0,26.5,0.1182736598,-0.8216047968,-0.2170999919,-0.07968937688,12.88307752,nan,nan
jkt_qc10,0,27.5,0.04122957876,-0.7653882532,-0.2049491912,-0.06985752466,12.53126844,nan,nan
jkt_qc10,0,28.5,-0.02050762031,-0.707286935,-0.1935005966,-0.06140800097,12.14835674,nan,nan
jkt_qc10,0,29.5,-0.06906347587,-0.6496487689,-0.1827589532,-0.05413361144,11.74781767,nan,nan
jkt_qc10,0.5,0.5,0.1189879823,0.4015745578,0.2019539016,-0.6035670403,0.4330524664,nan,nan
jkt_qc10,0.5,1.5,0.1200301843,0.4056898682,0.1981856018,-0.6063656091,0.4398292917,nan,nan
jkt_qc10,0.5,2.5,0.1222356726,0.4141183942,0.1904804427,-0.611839797,0.4540225259,nan,nan
jkt_qc10,0.5,3.5,0.1259567348,0.4273312926,0.1785093009,-0.6197217846,0.4771995031,nan,nan
jkt_qc10,0.5,4.5,0.1320257579,0.4459460476,0.1618033649,-0.6295555227,0.5119247132,nan,nan
jkt_qc10,0.5,5.5,0.1413351042,0.4709270835,0.1397978585,-0.6406345597,0.5622619162,nan,nan
jkt_qc10,0.5,6.5,0.1558275262,0.5033290603,0.1119132388,-0.6519293913,0.6345124536,nan,nan
jkt_qc10,0.5,7.5,0.1785805084,0.5441536023,0.07769026386,-0.662023779,0.7382080302,nan,nan
jkt_qc10,0.5,8.5,0.214085086,0.5938607715,0.03698886531,-0.669096127,0.8874203653,nan,nan
jkt_qc10,0.5,9.5,0.2688277472,0.6511054149,-0.009761593611,-0.6709989294,1.101861463,nan,nan
jkt_qc10,0.5,10.5,0.350870332,0.7108375495,-0.06131599193,-0.6654915048,1.406954124,nan,nan
jkt_qc10,0.5,11.5,0.4675474345,0.7625317841,-0.1154790003,-0.6506452874,1.832154106,nan,nan
jkt_qc10,0.5,12.5,0.6216626537,0.7894249122,-0.1692143644,-0.6253532144,2.405660712,nan,nan
jkt_qc10,0.5,13.5,0.8065969544,0.7711519064,-0.219071517,-0.5897656913,3.146093699,nan,nan
jkt_qc10,0.5,14.5,1.00368047,0.6904603542,-0.2618505118,-0.545431971,4.054261574,nan,nan
jkt_qc10,0.5,15.5,1.184883535,0.5405538652,-0.2952646579,-0.4950268024,5.105298787,nan,nan
jkt_qc10,0.5,16.5,1.318557235,0.3313981575,-0.3183283611,-0.4417523642,6.234585086,nan,nan
jkt_qc10,0.5,17.5,1.387903331,0.08461096651,-0.3313427091,-0.3886698982,7.411990672,nan,nan
jkt_qc10,0.5,18.5,1.382306712,-0.1702565703,-0.3355600851,-0.3382104521,8.545688367,nan,nan
jkt_qc10,0.5,19.5,1.307949722,-0.4059275119,-0.3327262111,-0.2919722058,9.571148486,nan,nan
jkt_qc10,0.5,20.5,1.180830285,-0.6023587462,-0.3246769945,-0.2507625135,10.44104374,nan,nan
jkt_qc10,0.5,21.5,1.020835176,-0.7495402213,-0.3130745772,-0.2147737426,11.12721379,nan,nan
jkt_qc10,0.5,22.5,0.8470106439,-0.8463047442,-0.2992833668,-0.1837910029,11.62272095,nan,nan
jkt_qc10,0.5,23.5,0.6745472426,-0.8976122875,-0.284346243,-0.1573718327,11.93654196,nan,nan
jkt_qc10,0.5,24.5,0.5138184802,-0.9115968852,-0.2690161535,-0.1349767278,12.08784145,nan,nan
jkt_qc10,0.5,25.5,0.3707931066,-0.8972712102,-0.2538096427,-0.1160523487,12.10185673,nan,nan
jkt_qc10,0.5,26.5,0.2479684716,-0.8630661313,-0.2390626556,-0.1000782472,12.00554149,nan,nan
jkt_qc10,0.5,27.5,0.1454192947,-0.816065884,-0.2249794218,-0.08658894448,11.82361502,nan,nan
jkt_qc10,0.5,28.5,0.06176467689,-0.7617856266,-0.211671524,-0.07518094212,11.57683021,nan,nan
jkt_qc10,0.5,29.5,-0.005068334711,-0.7043648017,-0.1991874109,-0.0655113734,11.28463044,nan,nan
jkt_qc10,1,0.5,0.1237064488,0.2941686903,0.3103789678,-0.4631339307,0.327636048,nan,nan
jkt_qc10,1,1.5,0.1241977659,0.29634853,0.3089901775,-0.4664620677,0.3297992264,nan,nan
jkt_qc10,1,2.5,0.1252004814,0.3007828497,0.3060738854,-0.4731434209,0.3342681373,nan,nan
jkt_qc10,1,3.5,0.1267892938,0.3076885572,0.3013433182,-0.483217836,0.3414902552,nan,nan
jkt_qc10,1,4.5,0.1292018304,0.3173774257,0.2943457085,-0.4967168136,0.3522290665,nan,nan
jkt_qc10,1,5.5,0.1325837518,0.330309571,0.284438091,-0.5136224639,0.3675023592,nan,nan
jkt_qc10,1,6.5,0.1374025884,0.347125289,0.2707624698,-0.5338007025,0.389039207,nan,nan
jkt_qc10,1,7.5,0.1444363835,0.3687016801,0.2522324578,-0.5568990206,0.4195305792,nan,nan
jkt_qc10,1,8.5,0.1548084961,0.3962173182,0.2275545028,-0.5822007365,0.4631069584,nan,nan
jkt_qc10,1,9.5,0.1705571098,0.4311032675,0.1953223721,-0.6084380405,0.526364582,nan,nan
jkt_qc10,1,10.5,0.1952572816,0.4747693424,0.1542383809,-0.6335940629,0.6197370073,nan,nan
jkt_qc10,1,11.5,0.2345758673,0.5278849102,0.1035115362,-0.6547771459,0.7593355906,nan,nan
jkt_qc10,1,12.5,0.2969705751,0.5885223656,0.04342764148,-0.6683189937,0.9688182606,nan,nan
jkt_qc10,1,13.5,0.3927561764,0.6491146034,-0.02405272059,-0.6702778149,1.27955108,nan,nan
jkt_qc10,1,14.5,0.5300168172,0.6937025551,-0.09500178581,-0.6574123578,1.727363607,nan,nan
jkt_qc10,1,15.5,0.7076638649,0.6981970263,-0.1639367122,-0.6283712461,2.343388859,nan,nan
jkt_qc10,1,16.5,0.9061726351,0.637028472,-0.2250480305,-0.5844899832,3.127789508,nan,nan
jkt_qc10,1,17.5,1.096989404,0.5007455567,-0.2737766498,-0.5296165629,4.090990787,nan,nan
jkt_qc10,1,18.5,1.24198489,0.2948138556,-0.3079184139,-0.4689638377,5.177090217,nan,nan
jkt_qc10,1,19.5,1.313943472,0.04523484979,-0.3277415599,-0.4076330128,6.31807396,nan,nan
jkt_qc10,1,20.5,1.303444743,-0.2124992631,-0.3352793715,-0.3495448477,7.434653891,nan,nan
jkt_qc10,1,21.5,1.219184428,-0.4459377856,-0.3333551274,-0.2970750258,8.452592239,nan,nan
jkt_qc10,1,22.5,1.081537088,-0.6335095133,-0.3247996968,-0.2512336619,9.317519707,nan,nan
jkt_qc10,1,23.5,0.9142324385,-0.7664539827,-0.3120197748,-0.2120747194,9.999665533,nan,nan
jkt_qc10,1,24.5,0.7382272001,-0.8462844058,-0.296858761,-0.1791018907,10.49209066,nan,nan
jkt_qc10,1,25.5,0.5688989836,-0.8806782691,-0.2806275322,-0.1515712079,10.80593089,nan,nan
jkt_qc10,1,26.5,0.4156859356,-0.8797911122,-0.2642043078,-0.1286801028,10.96340844,nan,nan
jkt_qc10,1,27.5,0.2830684674,-0.853708892,-0.2481451408,-0.1096688778,10.99063383,nan,nan
jkt_qc10,1,28.5,0.1720523855,-0.8110961243,-0.2327794653,-0.09386556553,10.91287976,nan,nan
jkt_qc10,1,29.5,0.08160708726,-0.75884925,-0.2182837663,-0.08069846746,10.75538061,nan,nan
jkt_qc10,1.5,0.5,0.1230686349,0.2312395149,0.3355649704,-0.3336493053,0.3064302115,nan,nan
jkt_qc10,1.5,1.5,0.1234244922,0.2325720453,0.3355697856,-0.3362480997,0.3071892713,nan,nan
jkt_qc10,1.5,2.5,0.1241449465,0.2352654648,0.3355179672,-0.3415062839,0.3087354374,nan,nan
jkt_qc10,1.5,3.5,0.1252505078,0.2394297352,0.3352793715,-0.3495448477,0.3112369974,nan,nan
jkt_qc10,1.5,4.5,0.1268398443,0.2452123225,0.3346399077,-0.3605439038,0.3149795859,nan,nan
jkt_qc10,1.5,5.5,0.1289385533,0.2528301465,0.333276792,-0.3747383149,0.3202684731,nan,nan
jkt_qc10,1.5,6.5,0.1317058405,0.2625808469,0.3307222738,-0.3924063545,0.3276698799,nan,nan
jkt_qc10,1.5,7.5,0.1353979517,0.2748919625,0.3263138116,-0.4138445816,0.3380696977,nan,nan
jkt_qc10,1.5,8.5,0.1402882615,0.2903431067,0.3191302224,-0.4393174763,0.3526608504,nan,nan
jkt_qc10,1.5,9.5,0.1469026289,0.3097323466,0.3079184139,-0.4689638377,0.373369126,nan,nan
jkt_qc10,1.5,10.5,0.1562097355,0.334131681,0.2910277026,-0.5026345789,0.4032904747,nan,nan
jkt_qc10,1.5,11.5,0.1697629381,0.3649507239,0.266393998,-0.5396336414,0.4473269004,nan,nan
jkt_qc10,1.5,12.5,0.1903587734,0.4038865622,0.2316585605,-0.5783498996,0.5136122935,nan,nan
jkt_qc10,1.5,13.5,0.2229316547,0.4524519924,0.1845561145,-0.615832099,0.6155458273,nan,nan
jkt_qc10,1.5,14.5,0.2755766852,0.5105730285,0.1237132899,-0.6475040558,0.7746279155,nan,nan
jkt_qc10,1.5,15.5,0.3601031943,0.5731081431,0.04984215188,-0.6674187787,1.022760567,nan,nan
jkt_qc10,1.5,16.5,0.4880142126,0.6228106419,-0.03311542366,-0.6695029614,1.393296214,nan,nan
jkt_qc10,1.5,17.5,0.6609830506,0.6364913716,-0.1178440881,-0.649768355,1.930856713,nan,nan
jkt_qc10,1.5,18.5,0.8626727653,0.5830140527,-0.1953223721,-0.6084380405,2.654869229,nan,nan
jkt_qc10,1.5,19.5,1.056737344,0.4452056248,-0.2578155981,-0.5503695796,3.55979663,nan,nan
jkt_qc10,1.5,20.5,1.19968748,0.2314314806,-0.3013433182,-0.483217836,4.603074632,nan,nan
jkt_qc10,1.5,21.5,1.260296203,-0.02589324698,-0.3261254551,-0.4146256895,5.710295723,nan,nan
jkt_qc10,1.5,22.5,1.231261478,-0.2846118275,-0.3352504234,-0.3502229043,6.794367136,nan,nan
jkt_qc10,1.5,23.5,1.127130271,-0.5091683603,-0.3328717532,-0.2930977005,7.776300689,nan,nan
jkt_qc10,1.5,24.5,0.9739098821,-0.6793113872,-0.3229133573,-0.2442769659,8.600266412,nan,nan
jkt_qc10,1.5,25.5,0.7985411006,-0.7900899999,-0.3084902179,-0.2035048585,9.239317719,nan,nan
jkt_qc10,1.5,26.5,0.6224812769,-0.8471477943,-0.2918234213,-0.169900222,9.691935922,nan,nan
jkt_qc10,1.5,27.5,0.4596481139,-0.8612453262,-0.2743809752,-0.1423798369,9.973319836,nan,nan
jkt_qc10,1.5,28.5,0.3172150498,-0.844120288,-0.2570737157,-0.1198840193,10.10655995,nan,nan
jkt_qc10,1.5,29.5,0.1976260341,-0.8063062469,-0.2404303579,-0.1014747988,10.11962451,nan,nan
jkt_qc10,2,0.5,0.1194945041,0.1895552294,0.3216046733,-0.2397687249,0.3120218497,nan,nan
jkt_qc10,2,1.5,0.1197854291,0.1904514708,0.3221327765,-0.2415597551,0.3122385371,nan,nan
jkt_qc10,2,2.5,0.1203764936,0.1922575409,0.3231703604,-0.2451909457,0.3126773647,nan,nan
jkt_qc10,2,3.5,0.1212712196,0.1950361238,0.3246769945,-0.2507625135,0.3134090433,nan,nan
jkt_qc10,2,4.5,0.1225274575,0.1988615847,0.3265835708,-0.2584296149,0.314564461,nan,nan
jkt_qc10,2,5.5,0.1241441396,0.2038527638,0.32878067,-0.2684078964,0.3162421783,nan,nan
jkt_qc10,2,6.5,0.1262025715,0.2101621862,0.3311003525,-0.2809802069,0.3186768882,nan,nan
jkt_qc10,2,7.5,0.1288228668,0.2180148236,0.3332885963,-0.2965031975,0.3222475654,nan,nan
jkt_qc10,2,8.5,0.1320932768,0.2276959956,0.3349643818,-0.3154110272,0.3273449575,nan,nan
jkt_qc10,2,9.5,0.1361976179,0.2396014982,0.3355600851,-0.3382104521,0.3346390278,nan,nan
jkt_qc10,2,10.5,0.14147779,0.254274571,0.3342370248,-0.3654561098,0.3452140084,nan,nan
jkt_qc10,2,11.5,0.1484003768,0.2724484054,0.3297715806,-0.3976852413,0.3606211275,nan,nan
jkt_qc10,2,12.5,0.157772634,0.2951349083,0.320415915,-0.4352759442,0.3833780875,nan,nan
jkt_qc10,2,13.5,0.1710040069,0.3236956305,0.3037628298,-0.4781737077,0.4176131642,nan,nan
jkt_qc10,2,14.5,0.1905138755,0.3599212116,0.2767031862,-0.5254201128,0.4702900191,nan,nan
jkt_qc10,2,15.5,0.2208424016,0.4057936924,0.2356707295,-0.5744571531,0.5536103608,nan,nan
jkt_qc10,2,16.5,0.2709615522,0.4612552692,0.1774897435,-0.6203597448,0.6873481347,nan,nan
jkt_qc10,2,17.5,0.3520221217,0.5227313032,0.1010908634,-0.6555519967,0.9027197101,nan,nan
jkt_qc10,2,18.5,0.4781004825,0.5744017689,0.009761593611,-0.6709989294,1.240227047,nan,nan
jkt_qc10,2,19.5,0.6534279439,0.5868484383,-0.08762773,-0.6594978091,1.74272779,nan,nan
jkt_qc10,2,20.5,0.8590129367,0.5255918873,-0.1785093009,-0.6197217846,2.438325751,nan,nan
jkt_qc10,2,21.5,1.050971965,0.3722129735,-0.2515181592,-0.5577104162,3.321071213,nan,nan
jkt_qc10,2,22.5,1.179397158,0.1411765153,-0.3009293783,-0.4840596932,4.34296357,nan,nan
jkt_qc10,2,23.5,1.213740197,-0.1254497924,-0.327397668,-0.4091796213,5.42173957,nan,nan
jkt_qc10,2,24.5,1.153994894,-0.379442124,-0.3355387519,-0.3401841655,6.463451942,nan,nan
jkt_qc10,2,25.5,1.023479167,-0.5856827994,-0.3310113379,-0.2804430323,7.387937449,nan,nan
jkt_qc10,2,26.5,0.853932925,-0.7290130516,-0.3187392944,-0.2306285696,8.144635305,nan,nan
jkt_qc10,2,27.5,0.6736017672,-0.8107487679,-0.3023349025,-0.1899643335,8.714629734,nan,nan
jkt_qc10,2,28.5,0.5019766595,-0.8413343708,-0.2841841579,-0.1571134593,9.102580398,nan,nan
jkt_qc10,2,29.5,0.3499422445,-0.8340744105,-0.2657475886,-0.1306662011,9.329330292,nan,nan
jkt_qc10,2.5,0.5,0.1147341435,0.1598030254,0.2952370707,-0.1760630647,0.327521202,nan,nan
jkt_qc10,2.5,1.5,0.1149816689,0.1604450382,0.2958861551,-0.1772703642,0.3274966912,nan,nan
jkt_qc10,2.5,2.5,0.1154848711,0.1617388162,0.2971826538,-0.1797179417,0.3274538848,nan,nan
jkt_qc10,2.5,3.5,0.1162412764,0.1637215038,0.2991220907,-0.1834734118,0.3274151795,nan,nan
jkt_qc10,2.5,4.5,0.1172936209,0.1664349648,0.3016947002,-0.1886424326,0.3274608037,nan,nan
jkt_qc10,2.5,5.5,0.1186320035,0.1699499414,0.3048811271,-0.1953740413,0.3276035878,nan,nan
jkt_qc10,2.5,6.5,0.1203089845,0.1743553025,0.3086454952,-0.2038681596,0.3279683047,nan,nan
jkt_qc10,2.5,7.5,0.1223949126,0.1797820438,0.3129245069,-0.2143855153,0.3287541409,nan,nan
jkt_qc10,2.5,8.5,0.1249270275,0.1863848047,0.3176104559,-0.2272600894,0.3300871086,nan,nan
jkt_qc10,2.5,9.5,0.1279917449,0.194378048,0.322524837,-0.2429137392,0.3322390147,nan,nan
jkt_qc10,2.5,10.5,0.1317524401,0.2040555908,0.3273774588,-0.2618714897,0.335684158,nan,nan
jkt_qc10,2.5,11.5,0.1363968964,0.2157991175,0.3317034744,-0.2847733709,0.3410021263,nan,nan
jkt_qc10,2.5,12.5,0.1422320341,0.2301330485,0.3347677151,-0.3123731183,0.349117255,nan,nan
jkt_qc10,2.5,13.5,0.1497563335,0.24777394,0.3354234443,-0.3455029021,0.3614734855,nan,nan
jkt_qc10,2.5,14.5,0.1597127507,0.2697222146,0.3319156205,-0.3849623825,0.3803092925,nan,nan
jkt_qc10,2.5,15.5,0.1734496569,0.2973650704,0.321639282,-0.431255957,0.4094576373,nan,nan
jkt_qc10,2.5,16.5,0.1939434218,0.3324619176,0.3009293783,-0.4840596932,0.4560099087,nan,nan
jkt_qc10,2.5,17.5,0.2252375398,0.3771041767,0.2651137911,-0.5412941144,0.5310973487,nan,nan
jkt_qc10,2.5,18.5,0.276134406,0.431928429,0.2093197327,-0.5978542659,0.6549931404,nan,nan
jkt_qc10,2.5,19.5,0.3604048789,0.4922742528,0.1306713857,-0.6446538391,0.8603317552,nan,nan
jkt_qc10,2.5,20.5,0.4932101175,0.5406074701,0.03182275162,-0.6696286274,1.191576683,nan,nan
jkt_qc10,2.5,21.5,0.6776464082,0.5422570994,-0.07644017107,-0.6623187528,1.694559675,nan,nan
jkt_qc10,2.5,22.5,0.8873027153,0.4588174945,-0.1774897435,-0.6203597448,2.396595232,nan,nan
jkt_qc10,2.5,23.5,1.06804238,0.2766075097,-0.2564416457,-0.5520080418,3.285580931,nan,nan
jkt_qc10,2.5,24.5,1.166522416,0.02287207264,-0.3068204938,-0.4714701562,4.302146203,nan,nan
jkt_qc10,2.5,25.5,1.159794396,-0.2487389569,-0.3308502191,-0.3916567668,5.352700121,nan,nan
jkt_qc10,2.5,26.5,1.060783633,-0.4872659757,-0.33522451,-0.3203366894,6.338356598,nan,nan
jkt_qc10,2.5,27.5,0.9029267771,-0.6635078011,-0.3270403751,-0.2603897992,7.184320823,nan,nan
jkt_qc10,2.5,28.5,0.7212571745,-0.771547215,-0.311868288,-0.2116926625,7.851432048,nan,nan
jkt_qc10,2.5,29.5,0.5420614219,-0.8200617442,-0.2934499253,-0.1727986002,8.332442819,nan,nan
jkt_qc10,3,0.5,0.1096338109,0.1374891263,0.2674551323,-0.1329000664,0.3466892187,nan,nan
jkt_qc10,3,1.5,0.1098484716,0.1379705871,0.2680785643,-0.1337254214,0.3465521232,nan,nan
jkt_qc10,3,2.5,0.1102833322,0.138941186,0.2693293237,-0.1353974057,0.3462838072,nan,nan
jkt_qc10,3,3.5,0.1109346625,0.1404235698,0.2712148753,-0.1379596614,0.345881283,nan,nan
jkt_qc10,3,4.5,0.1118369851,0.1424448645,0.2737455232,-0.1414804682,0.3454123108,nan,nan
jkt_qc10,3,5.5,0.1129781032,0.1450486736,0.2769330998,-0.1460563583,0.3448444365,nan,nan
jkt_qc10,3,6.5,0.1143952176,0.1482922293,0.2807887632,-0.1518173455,0.3442591353,nan,nan
jkt_qc10,3,7.5,0.1161354984,0.1522582005,0.285319383,-0.1589341488,0.3437796137,nan,nan
jkt_qc10,3,8.5,0.1182181851,0.1570379633,0.2905216639,-0.1676279111,0.3434292465,nan,nan
jkt_qc10,3,9.5,0.1206931399,0.1627587039,0.2963726232,-0.1781830229,0.3433282884,nan,nan
jkt_qc10,3,10.5,0.1236560605,0.169594523,0.3028141655,-0.1909636879,0.3437258401,nan,nan
jkt_qc10,3,11.5,0.1272026413,0.1777618143,0.309728082,-0.2064346676,0.3448638978,nan,nan
jkt_qc10,3,12.5,0.1314830382,0.1875526216,0.3168955198,-0.2251858253,0.3471400784,nan,nan
jkt_qc10,3,13.5,0.136726932,0.1993586765,0.3239314243,-0.2479578418,0.351159785,nan,nan
jkt_qc10,3,14.5,0.1432274011,0.2137097333,0.3301793347,-0.2756609785,0.3577475818,nan,nan
jkt_qc10,3,15.5,0.151500819,0.2313410766,0.3345457874,-0.3093663412,0.3683079272,nan,nan
jkt_qc10,3,16.5,0.162622261,0.2533033308,0.3352504234,-0.3502229043,0.3854881515,nan,nan
jkt_qc10,3,17.5,0.1778027737,0.2810481458,0.3294819644,-0.3992036004,0.4128139397,nan,nan
jkt_qc10,3,18.5,0.199898895,0.3163691966,0.3130210083,-0.4565059424,0.4571091972,nan,nan
jkt_qc10,3,19.5,0.2342279741,0.3613600732,0.280100448,-0.520371117,0.5309889846,nan,nan
jkt_qc10,3,20.5,0.2904736276,0.4165564238,0.2242052113,-0.5852493905,0.656578782,nan,nan
jkt_qc10,3,21.5,0.3843598872,0.475444361,0.1409261204,-0.6401149966,0.8700499119,nan,nan
jkt_qc10,3,22.5,0.531857611,0.5150855994,0.03311542366,-0.6695029614,1.220004585,nan,nan
jkt_qc10,3,23.5,0.7301770172,0.4935867003,-0.08515426124,-0.6601568096,1.753237383,nan,nan
jkt_qc10,3,24.5,0.9390154068,0.3724626322,-0.1924276484,-0.610487076,2.490655079,nan,nan
jkt_qc10,3,25.5,1.093446437,0.1517502827,-0.2713723531,-0.5329649635,3.406965708,nan,nan
jkt_qc10,3,26.5,1.143931504,-0.1224507395,-0.3169403003,-0.4458264731,4.42352482,nan,nan
jkt_qc10,3,27.5,1.084164791,-0.3865282502,-0.3344191994,-0.3633434649,5.432815201,nan,nan
jkt_qc10,3,28.5,0.9441591311,-0.5946263043,-0.332799388,-0.2925343503,6.34139269,nan,nan
jkt_qc10,3,29.5,0.7646113985,-0.7300697021,-0.3201223814,-0.2349265374,7.088480663,nan,nan
jkt_qc10,3.5,0.5,0.1045824503,0.1201495709,0.2419473156,-0.1030429732,0.3668991411,nan,nan
jkt_qc10,3.5,1.5,0.1047704464,0.120523441,0.2425021742,-0.1036216916,0.3667098208,nan,nan
jkt_qc10,3.5,2.5,0.105149989,0.1212767773,0.2436170608,-0.1047929408,0.3663340231,nan,nan
jkt_qc10,3.5,3.5,0.1057175482,0.1224238302,0.2453022791,-0.106585029,0.3657554319,nan,nan
jkt_qc10,3.5,4.5,0.1065014808,0.1239848377,0.2475731692,-0.10904218,0.3650427756,nan,nan
jkt_qc10,3.5,5.5,0.1074900038,0.1259869154,0.250449887,-0.1122268011,0.3641370618,nan,nan
jkt_qc10,3.5,6.5,0.1087106848,0.128469407,0.2539569514,-0.1162227845,0.3630990123,nan,nan
jkt_qc10,3.5,7.5,0.1101978048,0.1314879532,0.2581223746,-0.1211401083,0.3620157785,nan,nan
jkt_qc10,3.5,8.5,0.1119627599,0.1351003333,0.2629760662,-0.1271211263,0.3608665471,nan,nan
jkt_qc10,3.5,9.5,0.1140382511,0.1393875995,0.2685469962,-0.1343490717,0.3597055158,nan,nan
jkt_qc10,3.5,10.5,0.1164877717,0.1444609513,0.2748582621,-0.1430594937,0.358684112,nan,nan
jkt_qc10,3.5,11.5,0.1193685731,0.1504530573,0.2819186195,-0.1535555469,0.3579070856,nan,nan
jkt_qc10,3.5,12.5,0.1227682667,0.1575401597,0.2897080516,-0.166228257,0.3575656473,nan,nan
jkt_qc10,3.5,13.5,0.1268151017,0.1659540873,0.2981532712,-0.1815829149,0.3579522635,nan,nan
jkt_qc10,3.5,14.5,0.131652462,0.1759953582,0.3070861994,-0.2002722571,0.3593959492,nan,nan
jkt_qc10,3.5,15.5,0.1375308806,0.1880763018,0.3161737398,-0.2231351264,0.3625080666,nan,nan
jkt_qc10,3.5,16.5,0.1449421503,0.2027732296,0.3247996968,-0.2512336619,0.3684480875,nan,nan
jkt_qc10,3.5,17.5,0.1543140905,0.2209177542,0.3318692238,-0.2858677688,0.3784968991,nan,nan
jkt_qc10,3.5,18.5,0.1667109081,0.2435163157,0.3354962332,-0.328512304,0.3950176463,nan,nan
jkt_qc10,3.5,19.5,0.1839463882,0.2721510458,0.3325420196,-0.3805520816,0.4224774513,nan,nan
jkt_qc10,3.5,20.5,0.2092470209,0.3088382382,0.3180559387,-0.4425656103,0.4685325771,nan,nan
jkt_qc10,3.5,21.5,0.2490217013,0.3556156969,0.2849650255,-0.5127779032,0.5476576748,nan,nan
jkt_qc10,3.5,22.5,0.3152127267,0.4119641146,0.2250480305,-0.5844899832,0.6859305014,nan,nan
jkt_qc10,3.5,23.5,0.4261197113,0.4671376041,0.1329694807,-0.6436721696,0.9254639194,nan,nan
jkt_qc10,3.5,24.5,0.5957626532,0.4887069687,0.01366345558,-0.6708626561,1.318770356,nan,nan
jkt_qc10,3.5,25.5,0.8074004334,0.427745451,-0.113104215,-0.6515055529,1.909337264,nan,nan
jkt_qc10,3.5,26.5,1.00189496,0.2545783131,-0.2207973546,-0.5882680527,2.70662226,nan,nan
jkt_qc10,3.5,27.5,1.107653683,-0.006287738053,-0.292469176,-0.5000980398,3.65555315,nan,nan
jkt_qc10,3.5,28.5,1.092838109,-0.2866541421,-0.3275706895,-0.4084057879,4.656971068,nan,nan
jkt_qc10,3.5,29.5,0.9768351791,-0.5240479553,-0.3354507292,-0.3266067402,5.606012621,nan,nan
jkt_qc10,4,0.5,0.09975199616,0.1063079186,0.2195977606,-0.08182972857,0.3869649044,nan,nan
jkt_qc10,4,1.5,0.09991775678,0.1066060605,0.2200786687,-0.08224672481,0.3867525588,nan,nan
jkt_qc10,4,2.5,0.100251772,0.1072063332,0.2210454553,-0.08308988262,0.3863284717,nan,nan
jkt_qc10,4,3.5,0.1007511821,0.1081179161,0.2225081184,-0.08437795908,0.3856697204,nan,nan
jkt_qc10,4,4.5,0.1014386766,0.1093572561,0.2244817918,-0.08614018829,0.3848463111,nan,nan
jkt_qc10,4,5.5,0.1023043134,0.1109412076,0.2269868847,-0.08841769438,0.383785679,nan,nan
jkt_qc10,4,6.5,0.1033691679,0.1128981308,0.2300492199,-0.09126554431,0.3825369995,nan,nan
jkt_qc10,4,7.5,0.1046593619,0.115267379,0.2337001129,-0.09475560851,0.3811681981,nan,nan
jkt_qc10,4,8.5,0.1061822587,0.1180874556,0.2379762868,-0.09898047189,0.3796383764,nan,nan
jkt_qc10,4,9.5,0.1079610826,0.1214129694,0.2429194495,-0.1040587395,0.3779700764,nan,nan
jkt_qc10,4,10.5,0.1100413604,0.1253191949,0.2485752295,-0.1101422207,0.3762668133,nan,nan
jkt_qc10,4,11.5,0.1124611077,0.1298927107,0.2549909522,-0.1174256682,0.3745708248,nan,nan
jkt_qc10,4,12.5,0.1152776879,0.1352471769,0.2622113594,-0.1261600039,0.3729811934,nan,nan
jkt_qc10,4,13.5,0.1185724826,0.14152969,0.2702707172,-0.1366702948,0.371655226,nan,nan
jkt_qc10,4,14.5,0.1224275867,0.1489234758,0.2791785978,-0.1493801083,0.3707214229,nan,nan
jkt_qc10,4,15.5,0.1269871374,0.157676968,0.2888945643,-0.1648441657,0.3704817885,nan,nan
jkt_qc10,4,16.5,0.1325250054,0.1681251675,0.2992833668,-0.1837910029,0.3715368704,nan,nan
jkt_qc10,4,17.5,0.1392072003,0.1807662462,0.3100359353,-0.2071755361,0.3743785163,nan,nan
jkt_qc10,4,18.5,0.1475445849,0.1961366278,0.32053086,-0.2362351388,0.3799438248,nan,nan
jkt_qc10,4,19.5,0.1582894073,0.2151505962,0.3295949258,-0.272525049,0.3900724743,nan,nan
jkt_qc10,4,20.5,0.172633958,0.2390263604,0.3351029923,-0.3178638393,0.4075165205,nan,nan
jkt_qc10,4,21.5,0.1928124468,0.2694810374,0.3333607721,-0.374017002,0.4374053484,nan,nan
jkt_qc10,4,22.5,0.2230472969,0.3086903883,0.3183283611,-0.4417523642,0.4892093347,nan,nan
jkt_qc10,4,23.5,0.271673751,0.3583728863,0.281205322,-0.5186854802,0.5809575607,nan,nan
jkt_qc10,4,24.5,0.354114649,0.4154433985,0.2120227307,-0.5956741066,0.7453835815,nan,nan
jkt_qc10,4,25.5,0.4907170896,0.4603483459,0.1059233865,-0.6539849424,1.031458846,nan,nan
jkt_qc10,4,26.5,0.6862697553,0.4482969655,-0.02664520509,-0.6700814162,1.494124642,nan,nan
jkt_qc10,4,27.5,0.9013813523,0.3279859312,-0.1574990637,-0.6318837924,2.169535056,nan,nan
jkt_qc10,4,28.5,1.054390245,0.09467583574,-0.2571304375,-0.5511892962,3.029533486,nan,nan
jkt_qc10,4,29.5,1.087613094,-0.1911057829,-0.3139660072,-0.4540309548,4.001800404,nan,nan
jkt_qc20,-6,0.5,-0.6416367246,-0.425147386,-0.15695205,-0.03896704063,22.65369618,nan,nan
jkt_qc20,-6,1.5,-0.6401365322,-0.4232099948,-0.1566852392,-0.03882600732,22.599115,nan,nan
jkt_qc20,-6,2.5,-0.6371515913,-0.419371909,-0.1561541305,-0.03854618167,22.49078989,nan,nan
jkt_qc20,-6,3.5,-0.6327112765,-0.413705362,-0.1553636967,-0.03813196867,22.33031238,nan,nan
jkt_qc20,-6,4.5,-0.6268554724,-0.4063192325,-0.1543212666,-0.03758978776,22.1199499,nan,nan
jkt_qc20,-6,5.5,-0.6196377577,-0.3973331552,-0.1530363732,-0.0369278595,21.86204793,nan,nan
jkt_qc20,-6,6.5,-0.6111251829,-0.386907271,-0.1515205585,-0.03615594016,21.56008453,nan,nan
jkt_qc20,-6,7.5,-0.6013850668,-0.3752036096,-0.1497871425,-0.03528501872,21.21688554,nan,nan
jkt_qc20,-6,8.5,-0.5905182185,-0.362419909,-0.1478509627,-0.03432699181,20.83751876,nan,nan
jkt_qc20,-6,9.5,-0.5786235656,-0.348749436,-0.1457280922,-0.03329433221,20.42638312,nan,nan
jkt_qc20,-6,10.5,-0.5657958387,-0.3343758435,-0.1434355466,-0.0321997656,19.98706731,nan,nan
jkt_qc20,-6,11.5,-0.5521500887,-0.3194930231,-0.1409909875,-0.03105596824,19.52438928,nan,nan
jkt_qc20,-6,12.5,-0.537799593,-0.3042814306,-0.1384124304,-0.02987529594,19.04266428,nan,nan
jkt_qc20,-6,13.5,-0.5228571133,-0.2889079207,-0.1357179674,-0.02866955169,18.54589683,nan,nan
jkt_qc20,-6,14.5,-0.5074460896,-0.2735338957,-0.1329255085,-0.02744979638,18.03875915,nan,nan
jkt_qc20,-6,15.5,-0.4916736131,-0.2582918977,-0.1300525494,-0.02622620432,17.52452956,nan,nan
jkt_qc20,-6,16.5,-0.4756736073,-0.2433377929,-0.1271159683,-0.02500796271,17.00911072,nan,nan
jkt_qc20,-6,17.5,-0.4595007084,-0.228700056,-0.1241318549,-0.02380321238,16.49073548,nan,nan
jkt_qc20,-6,18.5,-0.4432914033,-0.2145183296,-0.1211153732,-0.02261902535,15.97605615,nan,nan
jkt_qc20,-6,19.5,-0.4271203944,-0.2008445799,-0.1180806566,-0.02146141432,15.4662622,nan,nan
jkt_qc20,-6,20.5,-0.411076081,-0.1877353971,-0.1150407353,-0.02033536796,14.9640717,nan,nan
jkt_qc20,-6,21.5,-0.3952286568,-0.1752261249,-0.1120074923,-0.01924490672,14.47113952,nan,nan
jkt_qc20,-6,22.5,-0.3796428594,-0.1633414074,-0.108991647,-0.01819315321,13.98908589,nan,nan
jkt_qc20,-6,23.5,-0.3643739733,-0.1520940687,-0.1060027603,-0.01718241252,13.51920092,nan,nan
jkt_qc20,-6,24.5,-0.349467429,-0.1414864189,-0.1030492603,-0.0162142578,13.06241579,nan,nan
jkt_qc20,-6,25.5,-0.3349622697,-0.1315137401,-0.1001384838,-0.01528961763,12.61957151,nan,nan
jkt_qc20,-6,26.5,-0.320890424,-0.1221648679,-0.09727672897,-0.01440886219,12.19134635,nan,nan
jkt_qc20,-6,27.5,-0.3072741926,-0.1134218211,-0.09446931864,-0.01357188589,11.77803072,nan,nan
jkt_qc20,-6,28.5,-0.2941267309,-0.1052611928,-0.0917206687,-0.01277818499,11.37953273,nan,nan
jkt_qc20,-6,29.5,-0.2814609426,-0.09765957162,-0.08903436056,-0.01202692892,10.99606604,nan,nan
jkt_qc20,-5.5,0.5,-0.7222389433,-0.5785564424,-0.1693481936,-0.04586591423,27.8196004,nan,nan
jkt_qc20,-5.5,1.5,-0.7205633088,-0.5757318416,-0.1690414722,-0.04568683649,27.74346539,nan,nan
jkt_qc20,-5.5,2.5,-0.7172261652,-0.570139119,-0.1684310498,-0.04533173763,27.59244022,nan,nan
jkt_qc20,-5.5,3.5,-0.7122541503,-0.5618896127,-0.1675229031,-0.04480661867,27.36891657,nan,nan
jkt_qc20,-5.5,4.5,-0.7056822902,-0.5511520015,-0.1663258391,-0.0441202074,27.07640207,nan,nan
jkt_qc20,-5.5,5.5,-0.697561869,-0.5381095351,-0.1648513103,-0.04328364883,26.71840605,nan,nan
jkt_qc20,-5.5,6.5,-0.6879565988,-0.5230083235,-0.1631131772,-0.04231012195,26.3002022,nan,nan
jkt_qc20,-5.5,7.5,-0.6769313058,-0.5060973209,-0.1611274253,-0.04121440479,25.82621384,nan,nan
jkt_qc20,-5.5,8.5,-0.6645903285,-0.487676128,-0.1589118444,-0.04001241137,25.30383319,nan,nan
jkt_qc20,-5.5,9.5,-0.6510377504,-0.4680371437,-0.1564856818,-0.03872072396,24.73957595,nan,nan
jkt_qc20,-5.5,10.5,-0.63637522,-0.4474576227,-0.1538692792,-0.03735614231,24.13888704,nan,nan
jkt_qc20,-5.5,11.5,-0.6207305363,-0.4262267091,-0.1510837056,-0.03593526809,23.50876168,nan,nan
jkt_qc20,-5.5,12.5,-0.6042322837,-0.4046116453,-0.148150396,-0.03447413909,22.85547378,nan,nan
jkt_qc20,-5.5,13.5,-0.5870111296,-0.3828572558,-0.1450908076,-0.0329879228,22.18481605,nan,nan
jkt_qc20,-5.5,14.5,-0.569212464,-0.3611969328,-0.1419261018,-0.03149067464,21.50333162,nan,nan
jkt_qc20,-5.5,15.5,-0.5509646948,-0.3398203529,-0.1386768594,-0.02999516177,20.8156754,nan,nan
jkt_qc20,-5.5,16.5,-0.5324287901,-0.3189486349,-0.1353628343,-0.02851274998,20.12997295,nan,nan
jkt_qc20,-5.5,17.5,-0.5136749061,-0.2986145876,-0.1320027497,-0.02705334827,19.4437502,nan,nan
jkt_qc20,-5.5,18.5,-0.494868183,-0.2790122555,-0.128614137,-0.02562540373,18.76599164,nan,nan
jkt_qc20,-5.5,19.5,-0.4761022748,-0.2602075238,-0.1252132173,-0.02423593845,18.09825458,nan,nan
jkt_qc20,-5.5,20.5,-0.4574863443,-0.2422711661,-0.1218148241,-0.02289061944,17.44398923,nan,nan
jkt_qc20,-5.5,21.5,-0.4391078552,-0.2252435926,-0.1184323625,-0.02159385328,16.80524862,nan,nan
jkt_qc20,-5.5,22.5,-0.4210470929,-0.2091494982,-0.1150778013,-0.02034889716,16.18397333,nan,nan
jkt_qc20,-5.5,23.5,-0.4033724416,-0.1939968704,-0.1117616942,-0.01915797965,15.58163923,nan,nan
jkt_qc20,-5.5,24.5,-0.386139893,-0.1797791853,-0.1084932234,-0.01802242514,14.99923628,nan,nan
jkt_qc20,-5.5,25.5,-0.3693970458,-0.1664803831,-0.1052802624,-0.01694277712,14.43760621,nan,nan
jkt_qc20,-5.5,26.5,-0.3531823176,-0.1540759307,-0.1021294517,-0.01591891687,13.89736144,nan,nan
jkt_qc20,-5.5,27.5,-0.3375221724,-0.1425326277,-0.09904628514,-0.01495017475,13.37862506,nan,nan
jkt_qc20,-5.5,28.5,-0.3224318261,-0.1318106676,-0.09603520147,-0.01403543239,12.88105228,nan,nan
jkt_qc20,-5.5,29.5,-0.3079254871,-0.1218707576,-0.09309967909,-0.01317321492,12.40465413,nan,nan
jkt_qc20,-5,0.5,-0.7968279109,-0.8096364163,-0.1836433701,-0.05470991216,35.14471574,nan,nan
jkt_qc20,-5,1.5,-0.7951551265,-0.8054150809,-0.1832886967,-0.05447832498,35.03481506,nan,nan
jkt_qc20,-5,2.5,-0.7918141157,-0.7970609293,-0.1825829739,-0.05401941255,34.81694324,nan,nan
jkt_qc20,-5,3.5,-0.7868124619,-0.784748693,-0.1815333754,-0.05334153111,34.49483845,nan,nan
jkt_qc20,-5,4.5,-0.7801553005,-0.768744273,-0.180150476,-0.05245680679,34.07410943,nan,nan
jkt_qc20,-5,5.5,-0.7718671961,-0.749333844,-0.1784480349,-0.05138067573,33.56023331,nan,nan
jkt_qc20,-5,6.5,-0.761976109,-0.7269029124,-0.1764427118,-0.05013131752,32.96149552,nan,nan
jkt_qc20,-5,7.5,-0.7505129536,-0.7018414516,-0.1741537275,-0.04872901637,32.28503838,nan,nan
jkt_qc20,-5,8.5,-0.7375541548,-0.6746132393,-0.1716024747,-0.04719548669,31.54205929,nan,nan
jkt_qc20,-5,9.5,-0.7231805903,-0.6456703792,-0.1688120931,-0.04555319889,30.74255678,nan,nan
jkt_qc20,-5,10.5,-0.7074765918,-0.6154407553,-0.165807021,-0.04382473808,29.89505082,nan,nan
jkt_qc20,-5,11.5,-0.6905627574,-0.584365714,-0.1626125384,-0.04203222265,29.010046,nan,nan
jkt_qc20,-5,12.5,-0.6725682972,-0.5528505118,-0.1592543159,-0.04019680294,28.09695557,nan,nan
jkt_qc20,-5,13.5,-0.6536322253,-0.5212631147,-0.1557579838,-0.03833825302,27.1644088,nan,nan
jkt_qc20,-5,14.5,-0.6339170526,-0.4899493551,-0.1521487344,-0.03647466102,26.22184173,nan,nan
jkt_qc20,-5,15.5,-0.6135720384,-0.4591872471,-0.1484509668,-0.03462221733,25.27602774,nan,nan
jkt_qc20,-5,16.5,-0.5927860877,-0.4292979468,-0.1446879828,-0.0327950946,24.33843227,nan,nan
jkt_qc20,-5,17.5,-0.5716553344,-0.4003177527,-0.140881738,-0.03100540927,23.4054561,nan,nan
jkt_qc20,-5,18.5,-0.5503778471,-0.3725223594,-0.1370526498,-0.02926325246,22.48950756,nan,nan
jkt_qc20,-5,19.5,-0.5290754955,-0.3459956079,-0.1332194615,-0.02757677622,21.59260452,nan,nan
jkt_qc20,-5,20.5,-0.5078876693,-0.320826097,-0.1293991597,-0.02595232165,20.71915254,nan,nan
jkt_qc20,-5,21.5,-0.4869285378,-0.2970579815,-0.1256069393,-0.02439457581,19.87166505,nan,nan
jkt_qc20,-5,22.5,-0.4663030749,-0.2747119113,-0.1218562101,-0.02290674587,19.05241095,nan,nan
jkt_qc20,-5,23.5,-0.4461012761,-0.2537844604,-0.1181586394,-0.02149074086,18.26299171,nan,nan
jkt_qc20,-5,24.5,-0.4263973807,-0.2342518236,-0.1145242224,-0.02014735288,17.50433818,nan,nan
jkt_qc20,-5,25.5,-0.4072543496,-0.2160771129,-0.1109613741,-0.01887643188,16.77714749,nan,nan
jkt_qc20,-5,26.5,-0.3887229686,-0.1992122344,-0.1074770374,-0.01767704957,16.0817946,nan,nan
jkt_qc20,-5,27.5,-0.3708387806,-0.1835980483,-0.1040768002,-0.01654764953,15.41803082,nan,nan
jkt_qc20,-5,28.5,-0.3536230634,-0.1691674648,-0.1007650183,-0.015486182,14.78503121,nan,nan
jkt_qc20,-5,29.5,-0.337094626,-0.1558550128,-0.09754493894,-0.01449022268,14.18239917,nan,nan
jkt_qc20,-4.5,0.5,-0.8268475319,-1.160591229,-0.2002145394,-0.06627197666,45.65529696,nan,nan
jkt_qc20,-4.5,1.5,-0.8257515373,-1.154191975,-0.1998026125,-0.06596621125,45.49142312,nan,nan
jkt_qc20,-4.5,2.5,-0.8235316461,-1.141531756,-0.198983058,-0.06536076822,45.16678385,nan,nan
jkt_qc20,-4.5,3.5,-0.8201311346,-1.122883915,-0.1977643951,-0.06446756639,44.68743546,nan,nan
jkt_qc20,-4.5,4.5,-0.8154560399,-1.098666218,-0.1961592038,-0.06330385975,44.06261591,nan,nan
jkt_qc20,-4.5,5.5,-0.8094357491,-1.069325667,-0.1941838869,-0.06189153697,43.30121882,nan,nan
jkt_qc20,-4.5,6.5,-0.8019716599,-1.035466629,-0.1918583529,-0.06025626273,42.41668684,nan,nan
jkt_qc20,-4.5,7.5,-0.7929724023,-0.9977014009,-0.1892056267,-0.05842651621,41.42088213,nan,nan
jkt_qc20,-4.5,8.5,-0.7823956818,-0.956752957,-0.186251393,-0.05643258487,40.33137324,nan,nan
jkt_qc20,-4.5,9.5,-0.7702164007,-0.9133265078,-0.1830234857,-0.05430556998,39.1640109,nan,nan
jkt_qc20,-4.5,10.5,-0.756429745,-0.8680895265,-0.1795513389,-0.05207645414,37.93250628,nan,nan
jkt_qc20,-4.5,11.5,-0.7410871457,-0.8217253279,-0.1758654167,-0.04977527144,36.65313173,nan,nan
jkt_qc20,-4.5,12.5,-0.7242703619,-0.7748587237,-0.1719966445,-0.04743040925,35.34042166,nan,nan
jkt_qc20,-4.5,13.5,-0.7060921486,-0.7280533327,-0.167975859,-0.04506805848,34.00757522,nan,nan
jkt_qc20,-4.5,14.5,-0.6867093827,-0.6818326886,-0.1638332994,-0.04271181754,32.66856368,nan,nan
jkt_qc20,-4.5,15.5,-0.6662819991,-0.6366138706,-0.1595981519,-0.04038244477,31.33344952,nan,nan
jkt_qc20,-4.5,16.5,-0.6450181731,-0.5928742335,-0.1552981621,-0.03809774661,30.01875621,nan,nan
jkt_qc20,-4.5,17.5,-0.623063422,-0.5506532527,-0.1509593218,-0.03587258297,28.71904372,nan,nan
jkt_qc20,-4.5,18.5,-0.6006491022,-0.5103518282,-0.1466056315,-0.03371896823,27.45176273,nan,nan
jkt_qc20,-4.5,19.5,-0.5779438481,-0.4720784429,-0.1422589405,-0.0316462456,26.21944356,nan,nan
jkt_qc20,-4.5,20.5,-0.555135829,-0.4359451801,-0.1379388558,-0.02966131291,25.02767647,nan,nan
jkt_qc20,-4.5,21.5,-0.5323858316,-0.4019975458,-0.1336627166,-0.02776888049,23.87941725,nan,nan
jkt_qc20,-4.5,22.5,-0.5098434176,-0.3702451682,-0.1294456225,-0.02597174401,22.77715637,nan,nan
jkt_qc20,-4.5,23.5,-0.4876393962,-0.3406622021,-0.1253005066,-0.02427105887,21.72241223,nan,nan
jkt_qc20,-4.5,24.5,-0.4658842267,-0.3131935598,-0.1212382442,-0.0226666054,20.71576605,nan,nan
jkt_qc20,-4.5,25.5,-0.4446726209,-0.287765881,-0.1172677868,-0.02115703756,19.75744395,nan,nan
jkt_qc20,-4.5,26.5,-0.4240824035,-0.264290796,-0.1133963139,-0.01974010997,18.84722578,nan,nan
jkt_qc20,-4.5,27.5,-0.4041711013,-0.242665765,-0.1096293935,-0.01841288078,17.98409621,nan,nan
jkt_qc20,-4.5,28.5,-0.3849772135,-0.2227787984,-0.105971147,-0.01717188909,17.16633458,nan,nan
jkt_qc20,-4.5,29.5,-0.3665336884,-0.2045216284,-0.1024244123,-0.01601330751,16.39275966,nan,nan
jkt_qc20,-4,0.5,-0.7107592667,-1.674639201,-0.2194777917,-0.08172595214,60.33942345,nan,nan
jkt_qc20,-4,1.5,-0.7118070134,-1.66511585,-0.2189989473,-0.081312724,60.09056131,nan,nan
jkt_qc20,-4,2.5,-0.7137836633,-1.646271502,-0.2180461934,-0.08049519123,59.5979514,nan,nan
jkt_qc20,-4,3.5,-0.7164525624,-1.618506939,-0.2166293377,-0.07929079782,58.87158303,nan,nan
jkt_qc20,-4,4.5,-0.7194438225,-1.582438325,-0.2147629286,-0.07772473165,57.92684643,nan,nan
jkt_qc20,-4,5.5,-0.722415502,-1.538726372,-0.2124660469,-0.07582883059,56.77852134,nan,nan
jkt_qc20,-4,6.5,-0.7249084091,-1.488270851,-0.2097620064,-0.07364024839,55.44874113,nan,nan
jkt_qc20,-4,7.5,-0.7264803412,-1.431989425,-0.2066779601,-0.0711999703,53.95743016,nan,nan
jkt_qc20,-4,8.5,-0.7267323074,-1.370970492,-0.2032444072,-0.06855127359,52.33269516,nan,nan
jkt_qc20,-4,9.5,-0.7253149384,-1.306282739,-0.1994946093,-0.06573822362,50.60008905,nan,nan
jkt_qc20,-4,10.5,-0.7219432452,-1.238944325,-0.195463932,-0.06280428513,48.78195455,nan,nan
jkt_qc20,-4,11.5,-0.716431347,-1.169999377,-0.1911891358,-0.05979111137,46.90390989,nan,nan
jkt_qc20,-4,12.5,-0.708680299,-1.10040567,-0.1867076461,-0.0567375537,44.98871095,nan,nan
jkt_qc20,-4,13.5,-0.6986772667,-1.031028063,-0.1820568333,-0.05367891327,43.0567863,nan,nan
jkt_qc20,-4,14.5,-0.6865033934,-0.9626666882,-0.1772733365,-0.05064643719,41.12907181,nan,nan
jkt_qc20,-4,15.5,-0.6722923358,-0.8959582847,-0.1723924545,-0.04766704532,39.22060103,nan,nan
jkt_qc20,-4,16.5,-0.6562360274,-0.831625178,-0.1674476268,-0.04476326135,37.35533848,nan,nan
jkt_qc20,-4,17.5,-0.6385832768,-0.7697207604,-0.1624700167,-0.04195331449,35.5248544,nan,nan
jkt_qc20,-4,18.5,-0.6195863861,-0.7108408777,-0.1574882023,-0.03925137434,33.75375428,nan,nan
jkt_qc20,-4,19.5,-0.599500509,-0.6551362906,-0.1525279741,-0.03666788144,32.0449543,nan,nan
jkt_qc20,-4,20.5,-0.5786018202,-0.6027573106,-0.1476122311,-0.03420993913,30.4053069,nan,nan
jkt_qc20,-4,21.5,-0.5571421357,-0.5537527526,-0.1427609658,-0.03188173634,28.83794349,nan,nan
jkt_qc20,-4,22.5,-0.5353609466,-0.5081154067,-0.1379913236,-0.02968497683,27.34517844,nan,nan
jkt_qc20,-4,23.5,-0.5134746278,-0.4657843503,-0.1333177208,-0.02761929587,25.92791548,nan,nan
jkt_qc20,-4,24.5,-0.4916726489,-0.4266553646,-0.1287520086,-0.02568265062,24.5857576,nan,nan
jkt_qc20,-4,25.5,-0.470121154,-0.3905976915,-0.1243036679,-0.02387167552,23.31779682,nan,nan
jkt_qc20,-4,26.5,-0.4489612204,-0.3574596736,-0.1199800225,-0.02218199778,22.12253208,nan,nan
jkt_qc20,-4,27.5,-0.4283050354,-0.3270708877,-0.1157864623,-0.02060851123,20.99747249,nan,nan
jkt_qc20,-4,28.5,-0.4082373782,-0.2992494613,-0.1117266653,-0.01914560912,19.93929329,nan,nan
jkt_qc20,-4,29.5,-0.3888305839,-0.2738205842,-0.1078028149,-0.0177873782,18.94538531,nan,nan
jkt_qc20,-3.5,0.5,-0.232320635,-2.312731757,-0.2418088706,-0.1028990055,78.23228743,nan,nan
jkt_qc20,-3.5,1.5,-0.2390827309,-2.300036917,-0.2412561695,-0.102325961,77.86413315,nan,nan
jkt_qc20,-3.5,2.5,-0.2522728851,-2.274872692,-0.2401559521,-0.1011932975,77.13598014,nan,nan
jkt_qc20,-3.5,3.5,-0.2712282688,-2.237688146,-0.238518605,-0.09952722105,76.06372721,nan,nan
jkt_qc20,-3.5,4.5,-0.2949243892,-2.189184611,-0.2363597297,-0.09736547747,74.67194302,nan,nan
jkt_qc20,-3.5,5.5,-0.3223674399,-2.13013739,-0.2337001129,-0.09475560851,72.98454569,nan,nan
jkt_qc20,-3.5,6.5,-0.3522279463,-2.06162732,-0.230565608,-0.09175283175,71.03665092,nan,nan
jkt_qc20,-3.5,7.5,-0.3832102438,-1.984786791,-0.2269868847,-0.08841769438,68.86043344,nan,nan
jkt_qc20,-3.5,8.5,-0.4140265173,-1.901017537,-0.2229990165,-0.08481365768,66.49961513,nan,nan
jkt_qc20,-3.5,9.5,-0.4435090375,-1.811734355,-0.2186408946,-0.08100476234,63.99415901,nan,nan
jkt_qc20,-3.5,10.5,-0.4706543034,-1.718323921,-0.2139544787,-0.07705350467,61.37926304,nan,nan
jkt_qc20,-3.5,11.5,-0.4946458431,-1.622249692,-0.208983919,-0.07301902379,58.69414506,nan,nan
jkt_qc20,-3.5,12.5,-0.5148860063,-1.524888137,-0.2037745958,-0.06895566465,55.97340332,nan,nan
jkt_qc20,-3.5,13.5,-0.5309928944,-1.427510559,-0.1983721332,-0.06491194512,53.24770916,nan,nan
jkt_qc20,-3.5,14.5,-0.542792937,-1.331313102,-0.1928214453,-0.06092992209,50.54754428,nan,nan
jkt_qc20,-3.5,15.5,-0.5502909974,-1.237268438,-0.1871658644,-0.05704492447,47.8945944,nan,nan
jkt_qc20,-3.5,16.5,-0.5535616967,-1.146471911,-0.181446392,-0.05328560121,45.32245585,nan,nan
jkt_qc20,-3.5,17.5,-0.5530681935,-1.059061235,-0.1757010977,-0.04967422204,42.81834018,nan,nan
jkt_qc20,-3.5,18.5,-0.5490377881,-0.9759354332,-0.1699646783,-0.04622716446,40.41562556,nan,nan
jkt_qc20,-3.5,19.5,-0.5418915245,-0.8973505854,-0.1642681761,-0.04295552397,38.11705108,nan,nan
jkt_qc20,-3.5,20.5,-0.532072176,-0.8235494493,-0.1586388448,-0.03986579091,35.93026417,nan,nan
jkt_qc20,-3.5,21.5,-0.5200155591,-0.7546198077,-0.1531001449,-0.03696054728,33.85778279,nan,nan
jkt_qc20,-3.5,22.5,-0.5061477847,-0.6905597238,-0.1476718462,-0.03423914711,31.90082047,nan,nan
jkt_qc20,-3.5,23.5,-0.4908678234,-0.6312829265,-0.1423702139,-0.0316983546,30.05863706,nan,nan
jkt_qc20,-3.5,24.5,-0.4745382447,-0.5766356281,-0.1372082542,-0.02933292281,28.3287773,nan,nan
jkt_qc20,-3.5,25.5,-0.4574848031,-0.526421929,-0.1321959995,-0.02713610416,26.7081251,nan,nan
jkt_qc20,-3.5,26.5,-0.4399931872,-0.4804135302,-0.1273408144,-0.02510008925,25.19285207,nan,nan
jkt_qc20,-3.5,27.5,-0.4223046123,-0.4383544222,-0.1226477069,-0.02321637555,23.77798888,nan,nan
jkt_qc20,-3.5,28.5,-0.404617153,-0.3999723927,-0.1181196356,-0.02147607016,22.45767033,nan,nan
jkt_qc20,-3.5,29.5,-0.3871012183,-0.365005255,-0.1137578017,-0.01987013284,21.22701069,nan,nan
jkt_qc20,-3,0.5,0.8536045255,-2.726989404,-0.2672994807,-0.1326948236,91.68418477,nan,nan
jkt_qc20,-3,1.5,0.8358368764,-2.715473627,-0.2666777089,-0.1318782024,91.20465727,nan,nan
jkt_qc20,-3,2.5,0.800991783,-2.692443682,-0.2654382345,-0.1302656139,90.2567643,nan,nan
jkt_qc20,-3,3.5,0.7504419742,-2.657912936,-0.2635894681,-0.1278973312,88.8620564,nan,nan
jkt_qc20,-3,4.5,0.6863190337,-2.611946599,-0.2611446407,-0.1248312546,87.05364151,nan,nan
jkt_qc20,-3,5.5,0.6107407607,-2.554742802,-0.2581223746,-0.1211401083,84.8651663,nan,nan
jkt_qc20,-3,6.5,0.5265689005,-2.486684903,-0.2545472017,-0.1169080306,82.34426756,nan,nan
jkt_qc20,-3,7.5,0.4366376847,-2.408309502,-0.250449887,-0.1122268011,79.53540975,nan,nan
jkt_qc20,-3,8.5,0.3438961177,-2.320575411,-0.2458674442,-0.107191968,76.49797804,nan,nan
jkt_qc20,-3,9.5,0.2510844339,-2.224617929,-0.2408427775,-0.1018991264,73.28652431,nan,nan
jkt_qc20,-3,10.5,0.1606292167,-2.121718253,-0.2354239398,-0.09644057048,69.94940203,nan,nan
jkt_qc20,-3,11.5,0.07464491095,-2.013430174,-0.2296630563,-0.09090248908,66.53959342,nan,nan
jkt_qc20,-3,12.5,-0.00520222019,-1.901370445,-0.2236149991,-0.08536281128,63.10362207,nan,nan
jkt_qc20,-3,13.5,-0.07769797515,-1.787167383,-0.2173359299,-0.07988974352,59.68233333,nan,nan
jkt_qc20,-3,14.5,-0.1420496727,-1.672464639,-0.2108818266,-0.07454097831,56.3153456,nan,nan
jkt_qc20,-3,15.5,-0.1978971461,-1.558701115,-0.2043071043,-0.06936350645,53.03050168,nan,nan
jkt_qc20,-3,16.5,-0.2449666573,-1.447492474,-0.197663414,-0.0643939314,49.86979652,nan,nan
jkt_qc20,-3,17.5,-0.2840726643,-1.339332079,-0.1909986747,-0.05965916797,46.81621553,nan,nan
jkt_qc20,-3,18.5,-0.3152965628,-1.235577602,-0.184356366,-0.05517740546,43.90991637,nan,nan
jkt_qc20,-3,19.5,-0.3393262814,-1.136797186,-0.1777750801,-0.05095922424,41.152525,nan,nan
jkt_qc20,-3,20.5,-0.3568783607,-1.043507901,-0.171288314,-0.04700877158,38.55118068,nan,nan
jkt_qc20,-3,21.5,-0.3687117609,-0.955996417,-0.1649244685,-0.04332492254,36.10664257,nan,nan
jkt_qc20,-3,22.5,-0.3755903456,-0.874402149,-0.1587070135,-0.03990237197,33.81789853,nan,nan
jkt_qc20,-3,23.5,-0.3782519592,-0.7987260449,-0.1526547788,-0.03673262294,31.68154865,nan,nan
jkt_qc20,-3,24.5,-0.3773870126,-0.7288555815,-0.1467823303,-0.0338048526,29.69220489,nan,nan
jkt_qc20,-3,25.5,-0.3736279854,-0.6646014763,-0.1411003969,-0.03110664897,27.84377583,nan,nan
jkt_qc20,-3,26.5,-0.3675424498,-0.6057143059,-0.1356163204,-0.02862462143,26.12946824,nan,nan
jkt_qc20,-3,27.5,-0.3596273384,-0.5518944371,-0.1303345045,-0.02634489333,24.54136888,nan,nan
jkt_qc20,-3,28.5,-0.3503090892,-0.5028103259,-0.1252568474,-0.02425348924,23.07077016,nan,nan
jkt_qc20,-3,29.5,-0.3399574403,-0.4581350612,-0.1203831469,-0.02233663039,21.71023995,nan,nan
jkt_qc20,-2.5,0.5,2.290215458,-2.239750264,-0.2950747249,-0.175762939,86.99067357,nan,nan
jkt_qc20,-2.5,1.5,2.261241737,-2.241386759,-0.2944250763,-0.1745691821,86.52256216,nan,nan
jkt_qc20,-2.5,2.5,2.204121662,-2.243902058,-0.293124728,-0.1722137006,85.59679389,nan,nan
jkt_qc20,-2.5,3.5,2.120525756,-2.245813482,-0.2911725682,-0.1687589723,84.23290476,nan,nan
jkt_qc20,-2.5,4.5,2.013143167,-2.244932084,-0.2885692288,-0.1642948429,82.46012668,nan,nan
jkt_qc20,-2.5,5.5,1.884752337,-2.239284785,-0.285319383,-0.1589341488,80.31228531,nan,nan
jkt_qc20,-2.5,6.5,1.739283755,-2.226463012,-0.2814341359,-0.1528073243,77.83361098,nan,nan
jkt_qc20,-2.5,7.5,1.58082482,-2.204395563,-0.2769330998,-0.1460563583,75.06668538,nan,nan
jkt_qc20,-2.5,8.5,1.413935111,-2.171597807,-0.2718458105,-0.1388285182,72.07037816,nan,nan
jkt_qc20,-2.5,9.5,1.243082957,-2.127166892,-0.2662122651,-0.1312702737,68.89937943,nan,nan
jkt_qc20,-2.5,10.5,1.072453025,-2.070834406,-0.2600825067,-0.1235218199,65.60282908,nan,nan
jkt_qc20,-2.5,11.5,0.9059520726,-2.003101249,-0.253515331,-0.1157125221,62.23539069,nan,nan
jkt_qc20,-2.5,12.5,0.7468832016,-1.925044988,-0.2465763013,-0.1079574916,58.8455017,nan,nan
jkt_qc20,-2.5,13.5,0.5978766146,-1.83820399,-0.2393353305,-0.1003553772,55.47596134,nan,nan
jkt_qc20,-2.5,14.5,0.4609015709,-1.744494706,-0.2318641061,-0.09298733667,52.16819098,nan,nan
jkt_qc20,-2.5,15.5,0.3371513433,-1.645898249,-0.22423361,-0.08591705338,48.95130157,nan,nan
jkt_qc20,-2.5,16.5,0.2276921895,-1.544664936,-0.2165119282,-0.07919159948,45.86814684,nan,nan
jkt_qc20,-2.5,17.5,0.1314891426,-1.442261559,-0.2087624792,-0.0728429161,42.90242331,nan,nan
jkt_qc20,-2.5,18.5,0.04887907723,-1.340710039,-0.2010427189,-0.06688968268,40.0934767,nan,nan
jkt_qc20,-2.5,19.5,-0.02102881422,-1.241352667,-0.1934033222,-0.06133937173,37.44224842,nan,nan
jkt_qc20,-2.5,20.5,-0.07920608355,-1.145394313,-0.1858877988,-0.05619032296,34.95478371,nan,nan
jkt_qc20,-2.5,21.5,-0.1267751903,-1.053712865,-0.1785324744,-0.05143371436,32.63054825,nan,nan
jkt_qc20,-2.5,22.5,-0.1649138277,-0.9669423095,-0.1713667565,-0.04705534896,30.46708382,nan,nan
jkt_qc20,-2.5,23.5,-0.194798399,-0.8854823233,-0.1644136052,-0.04303721251,28.45950555,nan,nan
jkt_qc20,-2.5,24.5,-0.2175592654,-0.8095312853,-0.1576901339,-0.0393587856,26.60099031,nan,nan
jkt_qc20,-2.5,25.5,-0.2342505832,-0.7391356463,-0.1512082808,-0.03599811456,24.88408968,nan,nan
jkt_qc20,-2.5,26.5,-0.2458343373,-0.6742179973,-0.1449754999,-0.03293265884,23.30077882,nan,nan
jkt_qc20,-2.5,27.5,-0.253170169,-0.6145974112,-0.1389954385,-0.03013994043,21.84209418,nan,nan
jkt_qc20,-2.5,28.5,-0.257011774,-0.5600187771,-0.1332685739,-0.02759802394,20.49847353,nan,nan
jkt_qc20,-2.5,29.5,-0.2580162018,-0.5102022552,-0.1277927959,-0.02528585608,19.26172734,nan,nan
jkt_qc20,-2,0.5,3.092591279,-0.7316154034,-0.3214717123,-0.239323504,62.87756448,nan,nan
jkt_qc20,-2,1.5,3.067316493,-0.757130384,-0.3209362213,-0.2375527057,62.60799479,nan,nan
jkt_qc20,-2,2.5,3.016671009,-0.8064832017,-0.3198483702,-0.2340590898,62.07223789,nan,nan
jkt_qc20,-2,3.5,2.940556543,-0.8763246811,-0.3181772566,-0.2289366405,61.27493785,nan,nan
jkt_qc20,-2,4.5,2.839200881,-0.961469018,-0.3158831834,-0.2223213876,60.22079915,nan,nan
jkt_qc20,-2,5.5,2.713194109,-1.056894855,-0.3129245069,-0.2143855153,58.92603799,nan,nan
jkt_qc20,-2,6.5,2.564053975,-1.155956756,-0.3092650684,-0.2053297017,57.40429676,nan,nan
jkt_qc20,-2,7.5,2.394069102,-1.252282067,-0.3048811271,-0.1953740413,55.67099915,nan,nan
jkt_qc20,-2,8.5,2.206807266,-1.339910529,-0.2997668366,-0.1847481111,53.75635052,nan,nan
jkt_qc20,-2,9.5,2.006568779,-1.413813213,-0.2939375914,-0.1736809007,51.68977822,nan,nan
jkt_qc20,-2,10.5,1.79815141,-1.470189042,-0.2874309467,-0.1623913976,49.49928719,nan,nan
jkt_qc20,-2,11.5,1.586790018,-1.506691169,-0.2803052091,-0.1510805515,47.22084335,nan,nan
jkt_qc20,-2,12.5,1.377553567,-1.522433825,-0.2726361195,-0.1399251618,44.888519,nan,nan
jkt_qc20,-2,13.5,1.175044787,-1.517862032,-0.2645122617,-0.129073972,42.53457655,nan,nan
jkt_qc20,-2,14.5,0.9832212509,-1.494567587,-0.2560298903,-0.1186459772,40.19251222,nan,nan
jkt_qc20,-2,15.5,0.8050347687,-1.454885174,-0.2472878189,-0.108730714,37.88727123,nan,nan
jkt_qc20,-2,16.5,0.6432216906,-1.401652332,-0.238382863,-0.09939013441,35.65506265,nan,nan
jkt_qc20,-2,17.5,0.4974471811,-1.338002221,-0.2294061502,-0.09066159192,33.4891365,nan,nan
jkt_qc20,-2,18.5,0.369086471,-1.266838155,-0.220440436,-0.08256146922,31.42197672,nan,nan
jkt_qc20,-2,19.5,0.2576138467,-1.19086927,-0.2115584153,-0.07508903642,29.45778145,nan,nan
jkt_qc20,-2,20.5,0.162223186,-1.112544673,-0.2028219199,-0.06823022028,27.60459061,nan,nan
jkt_qc20,-2,21.5,0.08173184965,-1.033872743,-0.1942818393,-0.06196106368,25.8646897,nan,nan
jkt_qc20,-2,22.5,0.01475628227,-0.9564722429,-0.1859785803,-0.05625074644,24.23851889,nan,nan
jkt_qc20,-2,23.5,-0.04018288679,-0.8815734597,-0.1779428929,-0.05106411301,22.72421298,nan,nan
jkt_qc20,-2,24.5,-0.08457247961,-0.8100564581,-0.1701969112,-0.04636370706,21.31802173,nan,nan
jkt_qc20,-2,25.5,-0.1198406854,-0.7425145728,-0.16275529,-0.04211134866,20.01545073,nan,nan
jkt_qc20,-2,26.5,-0.147319396,-0.6793003634,-0.1556263487,-0.03826930971,18.81132604,nan,nan
jkt_qc20,-2,27.5,-0.1682201973,-0.6205640755,-0.1488131615,-0.03480115097,17.69949311,nan,nan
jkt_qc20,-2,28.5,-0.1836207143,-0.5663008927,-0.1423145567,-0.03167228429,16.67311913,nan,nan
jkt_qc20,-2,29.5,-0.1944660104,-0.5164183602,-0.1361260048,-0.02885031881,15.72642512,nan,nan
jkt_qc20,-1.5,0.5,2.60224985,0.9011069425,-0.3355606459,-0.333002763,33.93278159,nan,nan
jkt_qc20,-1.5,1.5,2.604560599,0.8619247625,-0.3355310831,-0.330429216,33.93982213,nan,nan
jkt_qc20,-1.5,2.5,2.607158641,0.7845624424,-0.3354145677,-0.3253426646,33.94910864,nan,nan
jkt_qc20,-1.5,3.5,2.606083476,0.671214588,-0.3351029923,-0.3178638393,33.94811498,nan,nan
jkt_qc20,-1.5,4.5,2.595633481,0.5259713739,-0.3344501184,-0.3081723218,33.91219214,nan,nan
jkt_qc20,-1.5,5.5,2.570601134,0.353297271,-0.3332885963,-0.2965031975,33.83398805,nan,nan
jkt_qc20,-1.5,6.5,2.525021666,0.1602989557,-0.3314493244,-0.283140654,33.6869002,nan,nan
jkt_qc20,-1.5,7.5,2.454230557,-0.04492524895,-0.32878067,-0.2684078964,33.44777228,nan,nan
jkt_qc20,-1.5,8.5,2.355649374,-0.2531508576,-0.3251650591,-0.2526534959,33.10313309,nan,nan
jkt_qc20,-1.5,9.5,2.228933777,-0.4550482787,-0.32053086,-0.2362351388,32.64150275,nan,nan
jkt_qc20,-1.5,10.5,2.076068792,-0.6419451129,-0.3148583034,-0.2195024337,32.05436526,nan,nan
jkt_qc20,-1.5,11.5,1.901395974,-0.8064971387,-0.3081792155,-0.2027807438,31.34399681,nan,nan
jkt_qc20,-1.5,12.5,1.710825131,-0.9433809073,-0.3005713461,-0.1863578494,30.51744996,nan,nan
jkt_qc20,-1.5,13.5,1.511127523,-1.049560733,-0.2921488096,-0.1704746998,29.5866504,nan,nan
jkt_qc20,-1.5,14.5,1.30927423,-1.124294287,-0.283050492,-0.1553207564,28.57037729,nan,nan
jkt_qc20,-1.5,15.5,1.111531332,-1.168822921,-0.273428204,-0.1410336931,27.48603408,nan,nan
jkt_qc20,-1.5,16.5,0.9239615975,-1.185572959,-0.2634359822,-0.1277026669,26.36076138,nan,nan
jkt_qc20,-1.5,17.5,0.7489379118,-1.179251488,-0.2532214276,-0.1153740829,25.20321383,nan,nan
jkt_qc20,-1.5,18.5,0.590220679,-1.153475393,-0.2429194495,-0.1040587395,24.03940553,nan,nan
jkt_qc20,-1.5,19.5,0.4489866753,-1.112633013,-0.2326483761,-0.09373938554,22.88169972,nan,nan
jkt_qc20,-1.5,20.5,0.3256229296,-1.060845199,-0.2225081184,-0.08437795908,21.74525238,nan,nan
jkt_qc20,-1.5,21.5,0.2196577458,-1.001734585,-0.2125799455,-0.07592204026,20.64045347,nan,nan
jkt_qc20,-1.5,22.5,0.13005333,-0.938379187,-0.2029274034,-0.06831027983,19.57581437,nan,nan
jkt_qc20,-1.5,23.5,0.05540621371,-0.8732678763,-0.1935979554,-0.06147674157,18.55731538,nan,nan
jkt_qc20,-1.5,24.5,-0.005876446613,-0.8083261737,-0.1846250003,-0.05535421498,17.58862169,nan,nan
jkt_qc20,-1.5,25.5,-0.05543767422,-0.7449899477,-0.1760300119,-0.04987662124,16.67202354,nan,nan
jkt_qc20,-1.5,26.5,-0.09488146935,-0.6842734997,-0.1678246261,-0.04498066428,15.80849811,nan,nan
jkt_qc20,-1.5,27.5,-0.1257125787,-0.6268341109,-0.1600125664,-0.04060688087,14.99745174,nan,nan
jkt_qc20,-1.5,28.5,-0.1492973579,-0.5730468461,-0.1525913519,-0.03670023119,14.2370182,nan,nan
jkt_qc20,-1.5,29.5,-0.1668481735,-0.5231002091,-0.1455537665,-0.03321035132,13.5257073,nan,nan
jkt_qc20,-1,0.5,1.252393676,1.535850508,-0.3107190478,-0.4623033129,12.65774358,nan,nan
jkt_qc20,-1,1.5,1.281858284,1.517378174,-0.3120511966,-0.4589868014,12.80851603,nan,nan
jkt_qc20,-1,2.5,1.339076715,1.478669743,-0.314582356,-0.4523843453,13.1074166,nan,nan
jkt_qc20,-1,3.5,1.420314978,1.41639338,-0.3180559387,-0.4425656103,13.54592964,nan,nan
jkt_qc20,-1,4.5,1.518899124,1.326414294,-0.3221114625,-0.4296541873,14.10199185,nan,nan
jkt_qc20,-1,5.5,1.627713986,1.205272675,-0.3263138116,-0.4138445816,14.76926722,nan,nan
jkt_qc20,-1,6.5,1.736055517,1.050615879,-0.3301909178,-0.3954160877,15.51617926,nan,nan
jkt_qc20,-1,7.5,1.832359311,0.8627285579,-0.333276792,-0.3747383149,16.30936352,nan,nan
jkt_qc20,-1,8.5,1.905033302,0.6456512246,-0.3351549584,-0.352264602,17.11374311,nan,nan
jkt_qc20,-1,9.5,1.943923465,0.406951599,-0.3354962332,-0.328512304,17.89043366,nan,nan
jkt_qc20,-1,10.5,1.94175797,0.1571623325,-0.3340851372,-0.3040322182,18.5991301,nan,nan
jkt_qc20,-1,11.5,1.895441886,-0.09126723934,-0.3308312171,-0.279372196,19.20568424,nan,nan
jkt_qc20,-1,12.5,1.806301507,-0.3258631991,-0.3257646284,-0.2550413007,19.68182724,nan,nan
jkt_qc20,-1,13.5,1.679676122,-0.5357392283,-0.3190184721,-0.2314803421,20.00778669,nan,nan
jkt_qc20,-1,14.5,1.523965873,-0.7128284733,-0.3108025748,-0.2090426085,20.17573684,nan,nan
jkt_qc20,-1,15.5,1.348966151,-0.8525755881,-0.3013741173,-0.1879859799,20.18462371,nan,nan
jkt_qc20,-1,16.5,1.165390279,-0.9530157491,-0.2910098446,-0.1684752558,20.0438725,nan,nan
jkt_qc20,-1,17.5,0.9809307489,-1.017910529,-0.2799830751,-0.1505920444,19.7724044,nan,nan
jkt_qc20,-1,18.5,0.8037737781,-1.049741039,-0.2685469962,-0.1343490717,19.38630973,nan,nan
jkt_qc20,-1,19.5,0.6390605454,-1.053755011,-0.2569243005,-0.1197060586,18.90471586,nan,nan
jkt_qc20,-1,20.5,0.4902462866,-1.035532968,-0.2453022791,-0.106585029,18.3504029,nan,nan
jkt_qc20,-1,21.5,0.3590233476,-1.000497346,-0.2338320661,-0.09488373348,17.74319018,nan,nan
jkt_qc20,-1,22.5,0.2457501338,-0.9535743176,-0.2226306858,-0.08448658357,17.10151635,nan,nan
jkt_qc20,-1,23.5,0.1498070098,-0.8989689133,-0.2117847312,-0.07527300954,16.44115209,nan,nan
jkt_qc20,-1,24.5,0.06993740434,-0.8400950647,-0.20135478,-0.06712346802,15.77495858,nan,nan
jkt_qc20,-1,25.5,0.004534642006,-0.7796168871,-0.191379927,-0.05992347863,15.11354765,nan,nan
jkt_qc20,-1,26.5,-0.04815577786,-0.7195227841,-0.1818820501,-0.05356610803,14.46526044,nan,nan
jkt_qc20,-1,27.5,-0.08989254783,-0.6612153458,-0.1728696041,-0.04795329334,13.83589521,nan,nan
jkt_qc20,-1,28.5,-0.1223394712,-0.6056219906,-0.1643408612,-0.0429963398,13.22903218,nan,nan
jkt_qc20,-1,29.5,-0.1470091114,-0.5533324451,-0.1562865947,-0.03861585958,12.64777817,nan,nan
jkt_qc20,-0.5,0.5,0.3220885513,1.100769635,-0.2028871194,-0.6028612422,3.251159226,nan,nan
jkt_qc20,-0.5,1.5,0.3422064885,1.109138406,-0.2065843673,-0.600014111,3.345699637,nan,nan
jkt_qc20,-0.5,2.5,0.383487156,1.124432371,-0.2138066812,-0.5942096843,3.539157614,nan,nan
jkt_qc20,-0.5,3.5,0.4478255775,1.14339618,-0.2242052113,-0.5852493905,3.83900414,nan,nan
jkt_qc20,-0.5,4.5,0.536988316,1.160141613,-0.2372498468,-0.5728889275,4.250535407,nan,nan
jkt_qc20,-0.5,5.5,0.6522776196,1.16811689,-0.2522324578,-0.5568990206,4.789100022,nan,nan
jkt_qc20,-0.5,6.5,0.7926047473,1.15754684,-0.2682875302,-0.5371376828,5.459538929,nan,nan
jkt_qc20,-0.5,7.5,0.9535350505,1.11792142,-0.284438091,-0.5136224639,6.263114528,nan,nan
jkt_qc20,-0.5,8.5,1.126126248,1.039653919,-0.2996690493,-0.4865870289,7.193102741,nan,nan
jkt_qc20,-0.5,9.5,1.297111738,0.9161244284,-0.3130210083,-0.4565059424,8.23090362,nan,nan
jkt_qc20,-0.5,10.5,1.450238401,0.7459359984,-0.3236883384,-0.4240769656,9.344581535,nan,nan
jkt_qc20,-0.5,11.5,1.56896461,0.5345817992,-0.3311003035,-0.3901610296,10.49225034,nan,nan
jkt_qc20,-0.5,12.5,1.639683286,0.2939947563,-0.3349666327,-0.3556924775,11.62448354,nan,nan
jkt_qc20,-0.5,13.5,1.654439215,0.04066239203,-0.3352787272,-0.3215806419,12.68996034,nan,nan
jkt_qc20,-0.5,14.5,1.612388878,-0.2073492193,-0.3322704067,-0.2886245754,13.64318844,nan,nan
jkt_qc20,-0.5,15.5,1.519212963,-0.4337664389,-0.3263520855,-0.257456089,14.44627092,nan,nan
jkt_qc20,-0.5,16.5,1.385854803,-0.6249450758,-0.3180359962,-0.2285160662,15.06945828,nan,nan
jkt_qc20,-0.5,17.5,1.225240535,-0.776983553,-0.3078676286,-0.2020599328,15.52176868,nan,nan
jkt_qc20,-0.5,18.5,1.050599103,-0.8858583082,-0.2963726232,-0.1781830229,15.79202129,nan,nan
jkt_qc20,-0.5,19.5,0.8734563826,-0.9539644528,-0.2840221046,-0.156855657,15.89188207,nan,nan
jkt_qc20,-0.5,20.5,0.7030058654,-0.9861904156,-0.2712148753,-0.1379596614,15.84169796,nan,nan
jkt_qc20,-0.5,21.5,0.5455534071,-0.9888358993,-0.2582725743,-0.1213210414,15.66408565,nan,nan
jkt_qc20,-0.5,22.5,0.4048295358,-0.9685593928,-0.2454434101,-0.1067363101,15.38343823,nan,nan
jkt_qc20,-0.5,23.5,0.2824412805,-0.9316210613,-0.2329106624,-0.09399198661,15.02318932,nan,nan
jkt_qc20,-0.5,24.5,0.1784325547,-0.883459731,-0.2208031361,-0.0828779387,14.60443558,nan,nan
jkt_qc20,-0.5,25.5,0.09182062986,-0.8285397643,-0.2092057453,-0.07319574479,14.14583136,nan,nan
jkt_qc20,-0.5,26.5,0.02101628806,-0.7703446807,-0.1981692006,-0.06476332785,13.66313654,nan,nan
jkt_qc20,-0.5,27.5,-0.03585953104,-0.7114549998,-0.1877183346,-0.05741697434,13.16869535,nan,nan
jkt_qc20,-0.5,28.5,-0.08074652225,-0.6536872301,-0.1778589511,-0.0510116293,12.67166394,nan,nan
jkt_qc20,-0.5,29.5,-0.1154962939,-0.598283204,-0.1685832792,-0.04542013263,12.17985121,nan,nan
jkt_qc20,0,0.5,0.1227593612,0.6233346364,-0.0006509100247,-0.6711403083,0.8960685683,nan,nan
jkt_qc20,0,1.5,0.1274295383,0.6318758707,-0.005857749429,-0.671089809,0.9225338286,nan,nan
jkt_qc20,0,2.5,0.1374980757,0.6491734342,-0.01626320497,-0.6707466151,0.9781554902,nan,nan
jkt_qc20,0,3.5,0.1546407929,0.6755355573,-0.03182275162,-0.6696286274,1.068637818,nan,nan
jkt_qc20,0,4.5,0.1818079592,0.7107058466,-0.05240037671,-0.6670244496,1.202135593,nan,nan
jkt_qc20,0,5.5,0.2225527,0.754343864,-0.07769026386,-0.662023779,1.392187017,nan,nan
jkt_qc20,0,6.5,0.2820946721,0.8040376978,-0.1071259469,-0.6535823748,1.655216751,nan,nan
jkt_qc20,0,7.5,0.3661926152,0.8548762393,-0.1397978585,-0.6406345597,2.011625037,nan,nan
jkt_qc20,0,8.5,0.4797688918,0.8984226051,-0.174411136,-0.6222554813,2.483929323,nan,nan
jkt_qc20,0,9.5,0.624799073,0.922312554,-0.2093197327,-0.5978542659,3.092963044,nan,nan
jkt_qc20,0,10.5,0.7975520591,0.9114805671,-0.2426608695,-0.5673532185,3.8523802,nan,nan
jkt_qc20,0,11.5,0.9864987961,0.8516370895,-0.2725815371,-0.5312918172,4.763321535,nan,nan
jkt_qc20,0,12.5,1.172690333,0.7337124563,-0.2975062511,-0.4908043926,5.809176844,nan,nan
jkt_qc20,0,13.5,1.333047136,0.5579620196,-0.3163667696,-0.4474615209,6.953941097,nan,nan
jkt_qc20,0,14.5,1.44594512,0.3355626628,-0.3287221588,-0.4030188389,8.146035549,nan,nan
jkt_qc20,0,15.5,1.49662293,0.08623079673,-0.3347409033,-0.3591515614,9.323364049,nan,nan
jkt_qc20,0,16.5,1.47983453,-0.1645927097,-0.3350699257,-0.3172487594,10.41243311,nan,nan
jkt_qc20,0,17.5,1.403406039,-0.3981899519,-0.3306483395,-0.2783060326,11.39348133,nan,nan
jkt_qc20,0,18.5,1.278619996,-0.596111592,-0.322524837,-0.2429137392,12.20772862,nan,nan
jkt_qc20,0,19.5,1.121838769,-0.7495170971,-0.3117166076,-0.2113114791,12.83529028,nan,nan
jkt_qc20,0,20.5,0.9494152576,-0.8561608785,-0.2991220907,-0.1834734118,13.2730794,nan,nan
jkt_qc20,0,21.5,0.7751476616,-0.9191141884,-0.2854816711,-0.1591965611,13.53032327,nan,nan
jkt_qc20,0,22.5,0.6092710234,-0.9446740229,-0.2713724982,-0.1381761755,13.62603991,nan,nan
jkt_qc20,0,23.5,0.4583393763,-0.9404900107,-0.2572232295,-0.1200623483,13.58418126,nan,nan
jkt_qc20,0,24.5,0.3257567007,-0.9142079301,-0.2433376936,-0.1044983878,13.4300772,nan,nan
jkt_qc20,0,25.5,0.2125686693,-0.8726778555,-0.2299203914,-0.09114429725,13.18854425,nan,nan
jkt_qc20,0,26.5,0.1182186518,-0.8215840096,-0.2170999919,-0.07968937688,12.88219563,nan,nan
jkt_qc20,0,27.5,0.04118191743,-0.765354389,-0.2049491912,-0.06985752466,12.53007901,nan,nan
jkt_qc20,0,28.5,-0.02054311038,-0.7072580953,-0.1935005966,-0.06140800097,12.14740224,nan,nan
jkt_qc20,0,29.5,-0.0690884148,-0.6496303846,-0.1827589532,-0.05413361144,11.74725505,nan,nan
jkt_qc20,0.5,0.5,0.1189893974,0.4016428591,0.2019539016,-0.6035670403,0.4331887302,nan,nan
jkt_qc20,0.5,1.5,0.1200260758,0.4057585274,0.1981856018,-0.6063656091,0.4399637707,nan,nan
jkt_qc20,0.5,2.5,0.1222298924,0.4141956767,0.1904804427,-0.611839797,0.4541749771,nan,nan
jkt_qc20,0.5,3.5,0.125952203,0.4274134344,0.1785093009,-0.6197217846,0.4773655652,nan,nan
jkt_qc20,0.5,4.5,0.1320264512,0.4460421231,0.1618033649,-0.6295555227,0.5121279727,nan,nan
jkt_qc20,0.5,5.5,0.1413448343,0.4710278152,0.1397978585,-0.6406345597,0.5624889982,nan,nan
jkt_qc20,0.5,6.5,0.1558607393,0.5034348424,0.1119132388,-0.6519293913,0.6347795166,nan,nan
jkt_qc20,0.5,7.5,0.1786055852,0.5442845197,0.07769026386,-0.662023779,0.7385489009,nan,nan
jkt_qc20,0.5,8.5,0.2141259804,0.5940107451,0.03698886531,-0.669096127,0.8878560795,nan,nan
jkt_qc20,0.5,9.5,0.2689213366,0.6512492035,-0.009761593611,-0.6709989294,1.102389052,nan,nan
jkt_qc20,0.5,10.5,0.3510048172,0.7109770106,-0.06131599193,-0.6654915048,1.407609419,nan,nan
jkt_qc20,0.5,11.5,0.4677327483,0.7626470098,-0.1154790003,-0.6506452874,1.832953465,nan,nan
jkt_qc20,0.5,12.5,0.6218941461,0.7894957392,-0.1692143644,-0.6253532144,2.406613068,nan,nan
jkt_qc20,0.5,13.5,0.8068548184,0.771187551,-0.219071517,-0.5897656913,3.147283715,nan,nan
jkt_qc20,0.5,14.5,1.003942927,0.6904091768,-0.2618505118,-0.545431971,4.055507931,nan,nan
jkt_qc20,0.5,15.5,1.185123271,0.5404316417,-0.2952646579,-0.4950268024,5.106611283,nan,nan
jkt_qc20,0.5,16.5,1.318731465,0.3311681865,-0.3183283611,-0.4417523642,6.235620991,nan,nan
jkt_qc20,0.5,17.5,1.388010545,0.08436537324,-0.3313427091,-0.3886698982,7.412972521,nan,nan
jkt_qc20,0.5,18.5,1.382305617,-0.1705194208,-0.3355600851,-0.3382104521,8.546069653,nan,nan
jkt_qc20,0.5,19.5,1.307899806,-0.4061452946,-0.3327262111,-0.2919722058,9.571384674,nan,nan
jkt_qc20,0.5,20.5,1.180729884,-0.6025326171,-0.3246769945,-0.2507625135,10.4408797,nan,nan
jkt_qc20,0.5,21.5,1.020714704,-0.7496651296,-0.3130745772,-0.2147737426,11.12680665,nan,nan
jkt_qc20,0.5,22.5,0.8468870288,-0.8463846405,-0.2992833668,-0.1837910029,11.6221198,nan,nan
jkt_qc20,0.5,23.5,0.6744297381,-0.8976552977,-0.284346243,-0.1573718327,11.93577225,nan,nan
jkt_qc20,0.5,24.5,0.5137197073,-0.9116158471,-0.2690161535,-0.1349767278,12.08710271,nan,nan
jkt_qc20,0.5,25.5,0.3707130582,-0.8972749246,-0.2538096427,-0.1160523487,12.10118023,nan,nan
jkt_qc20,0.5,26.5,0.2478970389,-0.8630516809,-0.2390626556,-0.1000782472,12.00464277,nan,nan
jkt_qc20,0.5,27.5,0.1453549967,-0.8160329664,-0.2249794218,-0.08658894448,11.82236882,nan,nan
jkt_qc20,0.5,28.5,0.06171685899,-0.7617556261,-0.211671524,-0.07518094212,11.57580733,nan,nan
jkt_qc20,0.5,29.5,-0.005100956105,-0.7043450637,-0.1991874109,-0.0655113734,11.28400558,nan,nan
jkt_qc20,1,0.5,0.1237094031,0.2942057948,0.3103789678,-0.4631339307,0.3277086355,nan,nan
jkt_qc20,1,1.5,0.1241970437,0.2963843118,0.3089901775,-0.4664620677,0.3298664005,nan,nan
jkt_qc20,1,2.5,0.1251966852,0.3008240583,0.3060738854,-0.4731434209,0.3343432156,nan,nan
jkt_qc20,1,3.5,0.1267846299,0.3077309473,0.3013433182,-0.483217836,0.3415670498,nan,nan
jkt_qc20,1,4.5,0.1291976336,0.3174291958,0.2943457085,-0.4967168136,0.3523243954,nan,nan
jkt_qc20,1,5.5,0.132583719,0.3303617572,0.284438091,-0.5136224639,0.3676023534,nan,nan
jkt_qc20,1,6.5,0.1374144802,0.347181296,0.2707624698,-0.5338007025,0.3891568719,nan,nan
jkt_qc20,1,7.5,0.1444326519,0.3687692877,0.2522324578,-0.5568990206,0.4196610935,nan,nan
jkt_qc20,1,8.5,0.1548029364,0.396296887,0.2275545028,-0.5822007365,0.463263938,nan,nan
jkt_qc20,1,9.5,0.1705754568,0.4311888747,0.1953223721,-0.6084380405,0.5265606826,nan,nan
jkt_qc20,1,10.5,0.1952885809,0.4748660496,0.1542383809,-0.6335940629,0.6199817224,nan,nan
jkt_qc20,1,11.5,0.2346314126,0.5279926737,0.1035115362,-0.6547771459,0.7596538248,nan,nan
jkt_qc20,1,12.5,0.2970599312,0.5886378763,0.04342764148,-0.6683189937,0.9692397534,nan,nan
jkt_qc20,1,13.5,0.3928774935,0.6492456528,-0.02405272059,-0.6702778149,1.280141187,nan,nan
jkt_qc20,1,14.5,0.5301925328,0.6938022488,-0.09500178581,-0.6574123578,1.728099347,nan,nan
jkt_qc20,1,15.5,0.7078844607,0.6982522647,-0.1639367122,-0.6283712461,2.344312212,nan,nan
jkt_qc20,1,16.5,0.9064297007,0.6369650611,-0.2250480305,-0.5844899832,3.128771402,nan,nan
jkt_qc20,1,17.5,1.097223541,0.5006136128,-0.2737766498,-0.5296165629,4.092064429,nan,nan
jkt_qc20,1,18.5,1.242138726,0.2945820283,-0.3079184139,-0.4689638377,5.177870256,nan,nan
jkt_qc20,1,19.5,1.314019791,0.04499622231,-0.3277415599,-0.4076330128,6.318728362,nan,nan
jkt_qc20,1,20.5,1.303433846,-0.2127340345,-0.3352793715,-0.3495448477,7.434958356,nan,nan
jkt_qc20,1,21.5,1.2191137,-0.4461352407,-0.3333551274,-0.2970750258,8.452610729,nan,nan
jkt_qc20,1,22.5,1.0814306,-0.6336568622,-0.3247996968,-0.2512336619,9.317261037,nan,nan
jkt_qc20,1,23.5,0.9141101535,-0.7665517991,-0.3120197748,-0.2120747194,9.999148251,nan,nan
jkt_qc20,1,24.5,0.7381140991,-0.8463418242,-0.296858761,-0.1791018907,10.49151007,nan,nan
jkt_qc20,1,25.5,0.5688017916,-0.8807070063,-0.2806275322,-0.1515712079,10.80534148,nan,nan
jkt_qc20,1,26.5,0.4155938264,-0.8797923214,-0.2642043078,-0.1286801028,10.96254648,nan,nan
jkt_qc20,1,27.5,0.282981154,-0.8536835007,-0.2481451408,-0.1096688778,10.98937333,nan,nan
jkt_qc20,1,28.5,0.1719867468,-0.8110687782,-0.2327794653,-0.09386556553,10.91181713,nan,nan
jkt_qc20,1,29.5,0.08156301081,-0.7588301625,-0.2182837663,-0.08069846746,10.75471295,nan,nan
jkt_qc20,1.5,0.5,0.1230729731,0.2312632776,0.3355649704,-0.3336493053,0.3064840603,nan,nan
jkt_qc20,1.5,1.5,0.12342688,0.2325940451,0.3355697856,-0.3362480997,0.3072372305,nan,nan
jkt_qc20,1.5,2.5,0.1241438607,0.2352909661,0.3355179672,-0.3415062839,0.3087866166,nan,nan
jkt_qc20,1.5,3.5,0.1252485576,0.239454724,0.3352793715,-0.3495448477,0.3112859254,nan,nan
jkt_qc20,1.5,4.5,0.1268365144,0.2452440938,0.3346399077,-0.3605439038,0.3150404916,nan,nan
jkt_qc20,1.5,5.5,0.1289389943,0.2528612976,0.333276792,-0.3747383149,0.3203315603,nan,nan
jkt_qc20,1.5,6.5,0.1317138469,0.2626148909,0.3307222738,-0.3924063545,0.3277457791,nan,nan
jkt_qc20,1.5,7.5,0.1353928094,0.2749296656,0.3263138116,-0.4138445816,0.3381393201,nan,nan
jkt_qc20,1.5,8.5,0.1402789402,0.2903858026,0.3191302224,-0.4393174763,0.3527360748,nan,nan
jkt_qc20,1.5,9.5,0.1469065099,0.30977961,0.3079184139,-0.4689638377,0.3734657786,nan,nan
jkt_qc20,1.5,10.5,0.1562165501,0.3341847956,0.2910277026,-0.5026345789,0.4034020139,nan,nan
jkt_qc20,1.5,11.5,0.1697763032,0.3650122982,0.266393998,-0.5396336414,0.4474635349,nan,nan
jkt_qc20,1.5,12.5,0.1903810262,0.4039595293,0.2316585605,-0.5783498996,0.5137859841,nan,nan
jkt_qc20,1.5,13.5,0.222955067,0.4525492214,0.1845561145,-0.615832099,0.6157839815,nan,nan
jkt_qc20,1.5,14.5,0.2756299428,0.510680289,0.1237132899,-0.6475040558,0.7749475355,nan,nan
jkt_qc20,1.5,15.5,0.3601929151,0.5732281257,0.04984215188,-0.6674187787,1.023211899,nan,nan
jkt_qc20,1.5,16.5,0.4881867287,0.6228952476,-0.03311542366,-0.6695029614,1.393905574,nan,nan
jkt_qc20,1.5,17.5,0.66119976,0.6365343183,-0.1178440881,-0.649768355,1.931639131,nan,nan
jkt_qc20,1.5,18.5,0.8629113972,0.5829379302,-0.1953223721,-0.6084380405,2.655660281,nan,nan
jkt_qc20,1.5,19.5,1.056940255,0.4450602404,-0.2578155981,-0.5503695796,3.560607343,nan,nan
jkt_qc20,1.5,20.5,1.199818349,0.2312144355,-0.3013433182,-0.483217836,4.603733284,nan,nan
jkt_qc20,1.5,21.5,1.260341616,-0.02612934832,-0.3261254551,-0.4146256895,5.710751216,nan,nan
jkt_qc20,1.5,22.5,1.231228755,-0.2848271553,-0.3352504234,-0.3502229043,6.794545981,nan,nan
jkt_qc20,1.5,23.5,1.127041401,-0.5093397421,-0.3328717532,-0.2930977005,7.776169659,nan,nan
jkt_qc20,1.5,24.5,0.9738028761,-0.6794293272,-0.3229133573,-0.2442769659,8.59997261,nan,nan
jkt_qc20,1.5,25.5,0.7984354683,-0.7901628905,-0.3084902179,-0.2035048585,9.238925959,nan,nan
jkt_qc20,1.5,26.5,0.6223694065,-0.8471814492,-0.2918234213,-0.169900222,9.691214694,nan,nan
jkt_qc20,1.5,27.5,0.4595331538,-0.8612411097,-0.2743809752,-0.1423798369,9.972138008,nan,nan
jkt_qc20,1.5,28.5,0.3171263865,-0.8441043668,-0.2570737157,-0.1198840193,10.10552686,nan,nan
jkt_qc20,1.5,29.5,0.1975668038,-0.8062928582,-0.2404303579,-0.1014747988,10.11896379,nan,nan
jkt_qc20,2,0.5,0.1194990752,0.1895720654,0.3216046733,-0.2397687249,0.3120683046,nan,nan
jkt_qc20,2,1.5,0.1197893472,0.1904670127,0.3221327765,-0.2415597551,0.3122808442,nan,nan
jkt_qc20,2,2.5,0.1203769607,0.1922750517,0.3231703604,-0.2451909457,0.3127189666,nan,nan
jkt_qc20,2,3.5,0.1212712917,0.1950522857,0.3246769945,-0.2507625135,0.3134466083,nan,nan
jkt_qc20,2,4.5,0.122525263,0.198882621,0.3265835708,-0.2584296149,0.3146096015,nan,nan
jkt_qc20,2,5.5,0.1241454721,0.2038735621,0.32878067,-0.2684078964,0.3162910899,nan,nan
jkt_qc20,2,6.5,0.1262090279,0.2101852982,0.3311003525,-0.2809802069,0.3187370479,nan,nan
jkt_qc20,2,7.5,0.1288196692,0.2180382789,0.3332885963,-0.2965031975,0.3222948224,nan,nan
jkt_qc20,2,8.5,0.1320866445,0.2277213648,0.3349643818,-0.3154110272,0.3273912594,nan,nan
jkt_qc20,2,9.5,0.136199544,0.239630379,0.3355600851,-0.3382104521,0.3347023146,nan,nan
jkt_qc20,2,10.5,0.1414807038,0.2543062489,0.3342370248,-0.3654561098,0.3452830551,nan,nan
jkt_qc20,2,11.5,0.1484055734,0.2724843252,0.3297715806,-0.3976852413,0.3607002433,nan,nan
jkt_qc20,2,12.5,0.1577797815,0.2951766108,0.320415915,-0.4352759442,0.3834700764,nan,nan
jkt_qc20,2,13.5,0.1710018976,0.3237499634,0.3037628298,-0.4781737077,0.4177205305,nan,nan
jkt_qc20,2,14.5,0.1905211988,0.3599850275,0.2767031862,-0.5254201128,0.4704282143,nan,nan
jkt_qc20,2,15.5,0.2208554101,0.4058745122,0.2356707295,-0.5744571531,0.5537954114,nan,nan
jkt_qc20,2,16.5,0.2710204596,0.4613486614,0.1774897435,-0.6203597448,0.6876317687,nan,nan
jkt_qc20,2,17.5,0.352117185,0.5228362366,0.1010908634,-0.6555519967,0.9031212231,nan,nan
jkt_qc20,2,18.5,0.4782668913,0.5744640241,0.009761593611,-0.6709989294,1.240739267,nan,nan
jkt_qc20,2,19.5,0.6536303962,0.5868633037,-0.08762773,-0.6594978091,1.743365058,nan,nan
jkt_qc20,2,20.5,0.8592314773,0.5255133856,-0.1785093009,-0.6197217846,2.439030194,nan,nan
jkt_qc20,2,21.5,1.05115347,0.3720495463,-0.2515181592,-0.5577104162,3.321765603,nan,nan
jkt_qc20,2,22.5,1.179499797,0.1409592046,-0.3009293783,-0.4840596932,4.343520103,nan,nan
jkt_qc20,2,23.5,1.213751267,-0.1256755312,-0.327397668,-0.4091796213,5.422043858,nan,nan
jkt_qc20,2,24.5,1.153942122,-0.3796288698,-0.3355387519,-0.3401841655,6.463539368,nan,nan
jkt_qc20,2,25.5,1.023393476,-0.5858175927,-0.3310113379,-0.2804430323,7.387844537,nan,nan
jkt_qc20,2,26.5,0.8538155283,-0.7291012005,-0.3187392944,-0.2306285696,8.144170446,nan,nan
jkt_qc20,2,27.5,0.673461729,-0.8107876664,-0.3023349025,-0.1899643335,8.713644854,nan,nan
jkt_qc20,2,28.5,0.5018627561,-0.8413448798,-0.2841841579,-0.1571134593,9.101663738,nan,nan
jkt_qc20,2,29.5,0.3498655012,-0.8340751128,-0.2657475886,-0.1306662011,9.328731243,nan,nan
jkt_qc20,2.5,0.5,0.1147384932,0.1598157005,0.2952370707,-0.1760630647,0.3275639341,nan,nan
jkt_qc20,2.5,1.5,0.1149857629,0.1604571864,0.2958861551,-0.1772703642,0.3275373718,nan,nan
jkt_qc20,2.5,2.5,0.115485982,0.1617517741,0.2971826538,-0.1797179417,0.3274907648,nan,nan
jkt_qc20,2.5,3.5,0.1162426947,0.1637328363,0.2991220907,-0.1834734118,0.3274479936,nan,nan
jkt_qc20,2.5,4.5,0.1172924158,0.166449684,0.3016947002,-0.1886424326,0.3274972722,nan,nan
jkt_qc20,2.5,5.5,0.118633735,0.1699649728,0.3048811271,-0.1953740413,0.3276456871,nan,nan
jkt_qc20,2.5,6.5,0.1203143459,0.1743721667,0.3086454952,-0.2038681596,0.3280207154,nan,nan
jkt_qc20,2.5,7.5,0.1223933105,0.1797980937,0.3129245069,-0.2143855153,0.3287915257,nan,nan
jkt_qc20,2.5,8.5,0.1249229209,0.1864015257,0.3176104559,-0.2272600894,0.3301212498,nan,nan
jkt_qc20,2.5,9.5,0.12799354,0.1943975407,0.322524837,-0.2429137392,0.3322883174,nan,nan
jkt_qc20,2.5,10.5,0.1317547094,0.2040766113,0.3273774588,-0.2618714897,0.335736374,nan,nan
jkt_qc20,2.5,11.5,0.136400311,0.2158224497,0.3317034744,-0.2847733709,0.3410596922,nan,nan
jkt_qc20,2.5,12.5,0.1422359589,0.2301592911,0.3347677151,-0.3123731183,0.349180198,nan,nan
jkt_qc20,2.5,13.5,0.1497511215,0.2478052541,0.3354234443,-0.3455029021,0.3615336784,nan,nan
jkt_qc20,2.5,14.5,0.1597111901,0.2697587653,0.3319156205,-0.3849623825,0.3803836834,nan,nan
jkt_qc20,2.5,15.5,0.1734457644,0.2974092103,0.321639282,-0.431255957,0.4095436776,nan,nan
jkt_qc20,2.5,16.5,0.1939580102,0.3325185637,0.3009293783,-0.4840596932,0.4561432762,nan,nan
jkt_qc20,2.5,17.5,0.2252622442,0.3771779447,0.2651137911,-0.5412941144,0.5312811473,nan,nan
jkt_qc20,2.5,18.5,0.276202458,0.4320048378,0.2093197327,-0.5978542659,0.6552513364,nan,nan
jkt_qc20,2.5,19.5,0.3605049499,0.4923555581,0.1306713857,-0.6446538391,0.8606835327,nan,nan
jkt_qc20,2.5,20.5,0.4933673536,0.5406619512,0.03182275162,-0.6696286274,1.192052933,nan,nan
jkt_qc20,2.5,21.5,0.6778467135,0.5422523332,-0.07644017107,-0.6623187528,1.69515886,nan,nan
jkt_qc20,2.5,22.5,0.8875069908,0.4587228226,-0.1774897435,-0.6203597448,2.397257381,nan,nan
jkt_qc20,2.5,23.5,1.06819404,0.2764257375,-0.2564416457,-0.5520080418,3.286184094,nan,nan
jkt_qc20,2.5,24.5,1.166587771,0.02266076981,-0.3068204938,-0.4714701562,4.302597681,nan,nan
jkt_qc20,2.5,25.5,1.159781574,-0.2489294531,-0.3308502191,-0.3916567668,5.352947637,nan,nan
jkt_qc20,2.5,26.5,1.060699467,-0.4874249374,-0.33522451,-0.3203366894,6.338246749,nan,nan
jkt_qc20,2.5,27.5,0.9027827193,-0.6636186193,-0.3270403751,-0.2603897992,7.183673891,nan,nan
jkt_qc20,2.5,28.5,0.7211249882,-0.7716072693,-0.311868288,-0.2116926625,7.850742344,nan,nan
jkt_qc20,2.5,29.5,0.541968543,-0.820089494,-0.2934499253,-0.1727986002,8.331967104,nan,nan
jkt_qc20,3,0.5,0.1096376856,0.1374991307,0.2674551323,-0.1329000664,0.3467295879,nan,nan
jkt_qc20,3,1.5,0.1098519785,0.1379804305,0.2680785643,-0.1337254214,0.3465909734,nan,nan
jkt_qc20,3,2.5,0.1102845036,0.1389511832,0.2693293237,-0.1353974057,0.3463172228,nan,nan
jkt_qc20,3,3.5,0.1109367677,0.1404322022,0.2712148753,-0.1379596614,0.3459125124,nan,nan
jkt_qc20,3,4.5,0.1118364487,0.1424556659,0.2737455232,-0.1414804682,0.3454434562,nan,nan
jkt_qc20,3,5.5,0.1129797883,0.1450600775,0.2769330998,-0.1460563583,0.3448820712,nan,nan
jkt_qc20,3,6.5,0.1143995832,0.1483050818,0.2807887632,-0.1518173455,0.3443063511,nan,nan
jkt_qc20,3,7.5,0.1161347281,0.1522699365,0.285319383,-0.1589341488,0.343811442,nan,nan
jkt_qc20,3,8.5,0.1182155883,0.1570498728,0.2905216639,-0.1676279111,0.3434570383,nan,nan
jkt_qc20,3,9.5,0.1206947961,0.1627727976,0.2963726232,-0.1781830229,0.3433699967,nan,nan
jkt_qc20,3,10.5,0.1236579759,0.1696095419,0.3028141655,-0.1909636879,0.343769286,nan,nan
jkt_qc20,3,11.5,0.1272052504,0.1777782319,0.309728082,-0.2064346676,0.3449108198,nan,nan
jkt_qc20,3,12.5,0.1314858005,0.187570646,0.3168955198,-0.2251858253,0.3471896231,nan,nan
jkt_qc20,3,13.5,0.1367226226,0.1993783008,0.3239314243,-0.2479578418,0.3511997243,nan,nan
jkt_qc20,3,14.5,0.1432249078,0.2137323258,0.3301793347,-0.2756609785,0.3577959191,nan,nan
jkt_qc20,3,15.5,0.1514957581,0.2313666858,0.3345457874,-0.3093663412,0.3683576129,nan,nan
jkt_qc20,3,16.5,0.1626260645,0.2533350907,0.3352504234,-0.3502229043,0.3855618717,nan,nan
jkt_qc20,3,17.5,0.1778085847,0.2810915067,0.3294819644,-0.3992036004,0.4129126303,nan,nan
jkt_qc20,3,18.5,0.1999261018,0.3164198403,0.3130210083,-0.4565059424,0.4572493001,nan,nan
jkt_qc20,3,19.5,0.2342633471,0.3614223775,0.280100448,-0.520371117,0.531165379,nan,nan
jkt_qc20,3,20.5,0.290538785,0.4166274699,0.2242052113,-0.5852493905,0.6568258682,nan,nan
jkt_qc20,3,21.5,0.3844653117,0.4755148684,0.1409261204,-0.6401149966,0.8703946514,nan,nan
jkt_qc20,3,22.5,0.5320146437,0.5151280322,0.03311542366,-0.6695029614,1.220473677,nan,nan
jkt_qc20,3,23.5,0.7303749648,0.493557549,-0.08515426124,-0.6601568096,1.753824973,nan,nan
jkt_qc20,3,24.5,0.9391992736,0.3723438729,-0.1924276484,-0.610487076,2.49128206,nan,nan
jkt_qc20,3,25.5,1.093555334,0.1515709571,-0.2713723531,-0.5329649635,3.407479458,nan,nan
jkt_qc20,3,26.5,1.143943299,-0.122657754,-0.3169403003,-0.4458264731,4.423784588,nan,nan
jkt_qc20,3,27.5,1.084072923,-0.3867277512,-0.3344191994,-0.3633434649,5.432630973,nan,nan
jkt_qc20,3,28.5,0.9440378801,-0.5947625002,-0.332799388,-0.2925343503,6.341051656,nan,nan
jkt_qc20,3,29.5,0.7645125271,-0.7301412639,-0.3201223814,-0.2349265374,7.088184528,nan,nan
jkt_qc20,3.5,0.5,0.1045857299,0.1201575752,0.2419473156,-0.1030429732,0.3669368742,nan,nan
jkt_qc20,3.5,1.5,0.1047732772,0.1205313172,0.2425021742,-0.1036216916,0.3667456504,nan,nan
jkt_qc20,3.5,2.5,0.1051510483,0.1212845202,0.2436170608,-0.1047929408,0.3663638949,nan,nan
jkt_qc20,3.5,3.5,0.1057198011,0.1224307553,0.2453022791,-0.106585029,0.3657857953,nan,nan
jkt_qc20,3.5,4.5,0.1065013659,0.123992963,0.2475731692,-0.10904218,0.3650699735,nan,nan
jkt_qc20,3.5,5.5,0.1074915123,0.1259956705,0.250449887,-0.1122268011,0.3641706573,nan,nan
jkt_qc20,3.5,6.5,0.108714246,0.1284793123,0.2539569514,-0.1162227845,0.3631415688,nan,nan
jkt_qc20,3.5,7.5,0.1101974549,0.1314967405,0.2581223746,-0.1211401083,0.362043254,nan,nan
jkt_qc20,3.5,8.5,0.1119610386,0.1351090876,0.2629760662,-0.1271211263,0.3608897557,nan,nan
jkt_qc20,3.5,9.5,0.1140397161,0.1393980751,0.2685469962,-0.1343490717,0.3597416109,nan,nan
jkt_qc20,3.5,10.5,0.1164893824,0.1444720179,0.2748582621,-0.1430594937,0.3587213233,nan,nan
jkt_qc20,3.5,11.5,0.1193706425,0.1504650262,0.2819186195,-0.1535555469,0.3579468275,nan,nan
jkt_qc20,3.5,12.5,0.1227703745,0.157553081,0.2897080516,-0.166228257,0.357606781,nan,nan
jkt_qc20,3.5,13.5,0.1268119727,0.1659671845,0.2981532712,-0.1815829149,0.3579814231,nan,nan
jkt_qc20,3.5,14.5,0.1316504201,0.1760102318,0.3070861994,-0.2002722571,0.3594309012,nan,nan
jkt_qc20,3.5,15.5,0.1375268187,0.1880924252,0.3161737398,-0.2231351264,0.3625411062,nan,nan
jkt_qc20,3.5,16.5,0.1449443108,0.2027912442,0.3247996968,-0.2512336619,0.3684951324,nan,nan
jkt_qc20,3.5,17.5,0.1543158254,0.2209444654,0.3318692238,-0.2858677688,0.3785612077,nan,nan
jkt_qc20,3.5,18.5,0.1667248839,0.2435487047,0.3354962332,-0.328512304,0.3951103337,nan,nan
jkt_qc20,3.5,19.5,0.1839608652,0.2721898852,0.3325420196,-0.3805520816,0.4225810833,nan,nan
jkt_qc20,3.5,20.5,0.2092727972,0.3088858893,0.3180559387,-0.4425656103,0.4686679977,nan,nan
jkt_qc20,3.5,21.5,0.2490624597,0.3556736076,0.2849650255,-0.5127779032,0.5478363557,nan,nan
jkt_qc20,3.5,22.5,0.3152808497,0.4120295247,0.2250480305,-0.5844899832,0.6861773909,nan,nan
jkt_qc20,3.5,23.5,0.426231338,0.4671972722,0.1329694807,-0.6436721696,0.9258132179,nan,nan
jkt_qc20,3.5,24.5,0.5959258641,0.4887361059,0.01366345558,-0.6708626561,1.319265592,nan,nan
jkt_qc20,3.5,25.5,0.8075865222,0.4276879194,-0.113104215,-0.6515055529,1.909912027,nan,nan
jkt_qc20,3.5,26.5,1.002031984,0.2544172812,-0.2207973546,-0.5882680527,2.707110142,nan,nan
jkt_qc20,3.5,27.5,1.1076956,-0.006527428875,-0.292469176,-0.5000980398,3.655838971,nan,nan
jkt_qc20,3.5,28.5,1.092794378,-0.2868722663,-0.3275706895,-0.4084057879,4.657078764,nan,nan
jkt_qc20,3.5,29.5,0.9767558892,-0.5241799864,-0.3354507292,-0.3266067402,5.60593734,nan,nan
jkt_qc20,4,0.5,0.09975486484,0.106314351,0.2195977606,-0.08182972857,0.3870002289,nan,nan
jkt_qc20,4,1.5,0.09992021418,0.1066123409,0.2200786687,-0.08224672481,0.3867857149,nan,nan
jkt_qc20,4,2.5,0.100252876,0.1072123789,0.2210454553,-0.08308988262,0.3863556867,nan,nan
jkt_qc20,4,3.5,0.1007533752,0.1081236174,0.2225081184,-0.08437795908,0.3856992944,nan,nan
jkt_qc20,4,4.5,0.1014389683,0.1093635193,0.2244817918,-0.08614018829,0.3848710305,nan,nan
jkt_qc20,4,5.5,0.1023058252,0.1109480169,0.2269868847,-0.08841769438,0.3838163534,nan,nan
jkt_qc20,4,6.5,0.1033723042,0.1129058626,0.2300492199,-0.09126554431,0.3825760884,nan,nan
jkt_qc20,4,7.5,0.1046594316,0.1152740866,0.2337001129,-0.09475560851,0.3811927436,nan,nan
jkt_qc20,4,8.5,0.1061812698,0.118094044,0.2379762868,-0.09898047189,0.3796586392,nan,nan
jkt_qc20,4,9.5,0.1079625684,0.1214209232,0.2429194495,-0.1040587395,0.378002326,nan,nan
jkt_qc20,4,10.5,0.1100429335,0.1253275366,0.2485752295,-0.1101422207,0.3762997812,nan,nan
jkt_qc20,4,11.5,0.1124630082,0.1299016571,0.2549909522,-0.1174256682,0.3746057408,nan,nan
jkt_qc20,4,12.5,0.1152795901,0.1352567131,0.2622113594,-0.1261600039,0.3730168391,nan,nan
jkt_qc20,4,13.5,0.1185704693,0.1415388539,0.2702707172,-0.1366702948,0.3716783011,nan,nan
jkt_qc20,4,14.5,0.1224263185,0.1489337596,0.2791785978,-0.1493801083,0.3707488787,nan,nan
jkt_qc20,4,15.5,0.1269843491,0.1576876567,0.2888945643,-0.1648441657,0.3705058562,nan,nan
jkt_qc20,4,16.5,0.1325279754,0.168135779,0.2992833668,-0.1837910029,0.3715721801,nan,nan
jkt_qc20,4,17.5,0.1392083958,0.1807838943,0.3100359353,-0.2071755361,0.3744267994,nan,nan
jkt_qc20,4,18.5,0.147553665,0.1961584322,0.32053086,-0.2362351388,0.3800146759,nan,nan
jkt_qc20,4,19.5,0.1582974702,0.2151756249,0.3295949258,-0.272525049,0.3901453167,nan,nan
jkt_qc20,4,20.5,0.1726471041,0.2390567627,0.3351029923,-0.3178638393,0.4076059305,nan,nan
jkt_qc20,4,21.5,0.1928307332,0.2695180888,0.3333607721,-0.374017002,0.4375130007,nan,nan
jkt_qc20,4,22.5,0.2230750873,0.3087359254,0.3183283611,-0.4417523642,0.4893459846,nan,nan
jkt_qc20,4,23.5,0.2717205696,0.3584268691,0.281205322,-0.5186854802,0.5811418002,nan,nan
jkt_qc20,4,24.5,0.3541846419,0.4155058606,0.2120227307,-0.5956741066,0.7456374172,nan,nan
jkt_qc20,4,25.5,0.4908394769,0.4604046362,0.1059233865,-0.6539849424,1.031850628,nan,nan
jkt_qc20,4,26.5,0.6864427695,0.4482682012,-0.02664520509,-0.6700814162,1.494595402,nan,nan
jkt_qc20,4,27.5,0.9015513341,0.3278442223,-0.1574990637,-0.6318837924,2.170038563,nan,nan
jkt_qc20,4,28.5,1.054508643,0.09445947452,-0.2571304375,-0.5511892962,3.030097838,nan,nan
jkt_qc20,4,29.5,1.087608686,-0.1913019844,-0.3139660072,-0.4540309548,4.002015156,nan,nan
jkt_qc100,-6,0.5,-0.6413313105,-0.4246595043,-0.15695205,-0.03896704063,22.62285991,nan,nan
jkt_qc100,-6,1.5,-0.6398337086,-0.4227267608,-0.1566852392,-0.03882600732,22.56855245,nan,nan
jkt_qc100,-6,2.5,-0.6368516244,-0.4188952883,-0.1561541305,-0.03854618167,22.46057355,nan,nan
jkt_qc100,-6,3.5,-0.6324135495,-0.4132377886,-0.1553636967,-0.03813196867,22.30048585,nan,nan
jkt_qc100,-6,4.5,-0.6265612972,-0.4058601667,-0.1543212666,-0.03758978776,22.09055531,nan,nan
jkt_qc100,-6,5.5,-0.6193459761,-0.3968851472,-0.1530363732,-0.0369278595,21.83310447,nan,nan
jkt_qc100,-6,6.5,-0.6108348712,-0.3864704774,-0.1515205585,-0.03615594016,21.53154404,nan,nan
jkt_qc100,-6,7.5,-0.6011056137,-0.3747882993,-0.1497871425,-0.03528501872,21.18954239,nan,nan
jkt_qc100,-6,8.5,-0.5902474675,-0.3620245416,-0.1478509627,-0.03432699181,20.81120968,nan,nan
jkt_qc100,-6,9.5,-0.5783552646,-0.3483685272,-0.1457280922,-0.03329433221,20.40060769,nan,nan
jkt_qc100,-6,10.5,-0.5655355576,-0.3340149148,-0.1434355466,-0.0321997656,19.96227826,nan,nan
jkt_qc100,-6,11.5,-0.5518973564,-0.3191516137,-0.1409909875,-0.03105596824,19.50054101,nan,nan
jkt_qc100,-6,12.5,-0.5375550564,-0.3039598844,-0.1384124304,-0.02987529594,19.01979501,nan,nan
jkt_qc100,-6,13.5,-0.5226249628,-0.2886093848,-0.1357179674,-0.02866955169,18.52432248,nan,nan
jkt_qc100,-6,14.5,-0.5072223801,-0.2732545158,-0.1329255085,-0.02744979638,18.01814583,nan,nan
jkt_qc100,-6,15.5,-0.491460156,-0.2580326538,-0.1300525494,-0.02622620432,17.50500218,nan,nan
jkt_qc100,-6,16.5,-0.4754579421,-0.2430813559,-0.1271159683,-0.02500796271,16.98945721,nan,nan
jkt_qc100,-6,17.5,-0.4593033267,-0.2284730627,-0.1241318549,-0.02380321238,16.47288729,nan,nan
jkt_qc100,-6,18.5,-0.4431003157,-0.2143061545,-0.1211153732,-0.02261902535,15.95890498,nan,nan
jkt_qc100,-6,19.5,-0.4269402308,-0.2006498487,-0.1180806566,-0.02146141432,15.4501514,nan,nan
jkt_qc100,-6,20.5,-0.4109049915,-0.1875558986,-0.1150407353,-0.02033536796,14.94883151,nan,nan
jkt_qc100,-6,21.5,-0.3950675258,-0.1750616215,-0.1120074923,-0.01924490672,14.45681898,nan,nan
jkt_qc100,-6,22.5,-0.3794904246,-0.1631902528,-0.108991647,-0.01819315321,13.97556641,nan,nan
jkt_qc100,-6,23.5,-0.3642305658,-0.1519557141,-0.1060027603,-0.01718241252,13.50649226,nan,nan
jkt_qc100,-6,24.5,-0.3493334916,-0.1413603836,-0.1030492603,-0.0162142578,13.05053896,nan,nan
jkt_qc100,-6,25.5,-0.334837184,-0.1313989237,-0.1001384838,-0.01528961763,12.60846503,nan,nan
jkt_qc100,-6,26.5,-0.3207721952,-0.1220594608,-0.09727672897,-0.01440886219,12.18083943,nan,nan
jkt_qc100,-6,27.5,-0.3071617199,-0.1133246464,-0.09446931864,-0.01357188589,11.7680247,nan,nan
jkt_qc100,-6,28.5,-0.2940224902,-0.1051730275,-0.0917206687,-0.01277818499,11.37022042,nan,nan
jkt_qc100,-6,29.5,-0.2813653452,-0.09758006873,-0.08903436056,-0.01202692892,10.98747723,nan,nan
jkt_qc100,-5.5,0.5,-0.7219225498,-0.577829698,-0.1693481936,-0.04586591423,27.77745565,nan,nan
jkt_qc100,-5.5,1.5,-0.7202494378,-0.5750121031,-0.1690414722,-0.04568683649,27.70170519,nan,nan
jkt_qc100,-5.5,2.5,-0.7169147212,-0.5694295305,-0.1684310498,-0.04533173763,27.55118069,nan,nan
jkt_qc100,-5.5,3.5,-0.7119438831,-0.561194259,-0.1675229031,-0.04480661867,27.32825281,nan,nan
jkt_qc100,-5.5,4.5,-0.7053747812,-0.5504697495,-0.1663258391,-0.0441202074,27.03636623,nan,nan
jkt_qc100,-5.5,5.5,-0.6972552583,-0.5374447567,-0.1648513103,-0.04328364883,26.67907064,nan,nan
jkt_qc100,-5.5,6.5,-0.6876496304,-0.5223614698,-0.1631131772,-0.04231012195,26.26151834,nan,nan
jkt_qc100,-5.5,7.5,-0.6766346264,-0.5054830797,-0.1611274253,-0.04121440479,25.78923248,nan,nan
jkt_qc100,-5.5,8.5,-0.6643014058,-0.4870924467,-0.1589118444,-0.04001241137,25.26834863,nan,nan
jkt_qc100,-5.5,9.5,-0.6507493816,-0.4674764219,-0.1564856818,-0.03872072396,24.70494496,nan,nan
jkt_qc100,-5.5,10.5,-0.6360938772,-0.4469276368,-0.1538692792,-0.03735614231,24.10570114,nan,nan
jkt_qc100,-5.5,11.5,-0.6204557799,-0.4257267916,-0.1510837056,-0.03593526809,23.4769621,nan,nan
jkt_qc100,-5.5,12.5,-0.6039650021,-0.4041421982,-0.148150396,-0.03447413909,22.82510701,nan,nan
jkt_qc100,-5.5,13.5,-0.5867563354,-0.3824224964,-0.1450908076,-0.0329879228,22.15627971,nan,nan
jkt_qc100,-5.5,14.5,-0.5689657774,-0.3607913964,-0.1419261018,-0.03149067464,21.47619301,nan,nan
jkt_qc100,-5.5,15.5,-0.550728407,-0.339445222,-0.1386768594,-0.02999516177,20.79008648,nan,nan
jkt_qc100,-5.5,16.5,-0.5321884645,-0.3185787329,-0.1353628343,-0.02851274998,20.10427921,nan,nan
jkt_qc100,-5.5,17.5,-0.5134546789,-0.298288289,-0.1320027497,-0.02705334827,19.42056468,nan,nan
jkt_qc100,-5.5,18.5,-0.494654274,-0.2787084992,-0.128614137,-0.02562540373,18.74383364,nan,nan
jkt_qc100,-5.5,19.5,-0.4759001868,-0.2599296247,-0.1252132173,-0.02423593845,18.07754024,nan,nan
jkt_qc100,-5.5,20.5,-0.457294075,-0.2420159011,-0.1218148241,-0.02289061944,17.42449375,nan,nan
jkt_qc100,-5.5,21.5,-0.4389265412,-0.2250104002,-0.1184323625,-0.02159385328,16.78701881,nan,nan
jkt_qc100,-5.5,22.5,-0.4208753786,-0.2089359575,-0.1150778013,-0.02034889716,16.16685033,nan,nan
jkt_qc100,-5.5,23.5,-0.4032107924,-0.1938020321,-0.1117616942,-0.01915797965,15.56562226,nan,nan
jkt_qc100,-5.5,24.5,-0.3859888832,-0.1796021978,-0.1084932234,-0.01802242514,14.98433787,nan,nan
jkt_qc100,-5.5,25.5,-0.3692560155,-0.1663195978,-0.1052802624,-0.01694277712,14.42373919,nan,nan
jkt_qc100,-5.5,26.5,-0.3530490255,-0.1539288024,-0.1021294517,-0.01591891687,13.88430889,nan,nan
jkt_qc100,-5.5,27.5,-0.3373953984,-0.1423974642,-0.09904628514,-0.01495017475,13.36625929,nan,nan
jkt_qc100,-5.5,28.5,-0.3223144097,-0.1316883045,-0.09603520147,-0.01403543239,12.86959272,nan,nan
jkt_qc100,-5.5,29.5,-0.3078179006,-0.1217605916,-0.09309967909,-0.01317321492,12.39412538,nan,nan
jkt_qc100,-5,0.5,-0.7965848044,-0.8085332616,-0.1836433701,-0.05470991216,35.08554975,nan,nan
jkt_qc100,-5,1.5,-0.7949134671,-0.8043226652,-0.1832886967,-0.05447832498,34.97620993,nan,nan
jkt_qc100,-5,2.5,-0.7915726461,-0.7959842902,-0.1825829739,-0.05401941255,34.75908928,nan,nan
jkt_qc100,-5,3.5,-0.7865681727,-0.7836946387,-0.1815333754,-0.05334153111,34.43792219,nan,nan
jkt_qc100,-5,4.5,-0.7799103099,-0.7677105936,-0.180150476,-0.05245680679,34.01814146,nan,nan
jkt_qc100,-5,5.5,-0.7716177793,-0.7483279542,-0.1784480349,-0.05138067573,33.50538261,nan,nan
jkt_qc100,-5,6.5,-0.7617203029,-0.7259257789,-0.1764427118,-0.05013131752,32.90771729,nan,nan
jkt_qc100,-5,7.5,-0.7502620027,-0.7009146216,-0.1741537275,-0.04872901637,32.23376834,nan,nan
jkt_qc100,-5,8.5,-0.7373050818,-0.6737339114,-0.1716024747,-0.04719548669,31.49303022,nan,nan
jkt_qc100,-5,9.5,-0.7229253588,-0.6448277471,-0.1688120931,-0.04555319889,30.69491588,nan,nan
jkt_qc100,-5,10.5,-0.7072224777,-0.6146460672,-0.165807021,-0.04382473808,29.84959305,nan,nan
jkt_qc100,-5,11.5,-0.6903095143,-0.5836179877,-0.1626125384,-0.04203222265,28.96669086,nan,nan
jkt_qc100,-5,12.5,-0.6723172738,-0.5521502202,-0.1592543159,-0.04019680294,28.05575785,nan,nan
jkt_qc100,-5,13.5,-0.6533895061,-0.5206160561,-0.1557579838,-0.03833825302,27.12587861,nan,nan
jkt_qc100,-5,14.5,-0.63367817,-0.4893475857,-0.1521487344,-0.03647466102,26.18539848,nan,nan
jkt_qc100,-5,15.5,-0.6133400834,-0.4586321986,-0.1484509668,-0.03462221733,25.24185621,nan,nan
jkt_qc100,-5,16.5,-0.5925456872,-0.428752195,-0.1446879828,-0.0327950946,24.30420999,nan,nan
jkt_qc100,-5,17.5,-0.5714333571,-0.3998379124,-0.140881738,-0.03100540927,23.37481134,nan,nan
jkt_qc100,-5,18.5,-0.550159554,-0.3720773609,-0.1370526498,-0.02926325246,22.46040409,nan,nan
jkt_qc100,-5,19.5,-0.5288675953,-0.3455897039,-0.1332194615,-0.02757677622,21.56555316,nan,nan
jkt_qc100,-5,20.5,-0.5076882834,-0.3204544768,-0.1293991597,-0.02595232165,20.69384465,nan,nan
jkt_qc100,-5,21.5,-0.4867393286,-0.2967195162,-0.1256069393,-0.02439457581,19.84813736,nan,nan
jkt_qc100,-5,22.5,-0.4661228134,-0.2744029602,-0.1218562101,-0.02290674587,19.03044284,nan,nan
jkt_qc100,-5,23.5,-0.4459307774,-0.2535034069,-0.1181586394,-0.02149074086,18.24256193,nan,nan
jkt_qc100,-5,24.5,-0.4262375446,-0.2339971963,-0.1145242224,-0.02014735288,17.48544185,nan,nan
jkt_qc100,-5,25.5,-0.4071046302,-0.2158463947,-0.1109613741,-0.01887643188,16.75965736,nan,nan
jkt_qc100,-5,26.5,-0.3885809897,-0.1990017539,-0.1074770374,-0.01767704957,16.0654274,nan,nan
jkt_qc100,-5,27.5,-0.3707033093,-0.1834053139,-0.1040768002,-0.01654764953,15.40261618,nan,nan
jkt_qc100,-5,28.5,-0.3534974506,-0.1689933342,-0.1007650183,-0.015486182,14.77081956,nan,nan
jkt_qc100,-5,29.5,-0.3369795048,-0.155698463,-0.09754493894,-0.01449022268,14.1694044,nan,nan
jkt_qc100,-4.5,0.5,-0.8269177156,-1.15892519,-0.2002145394,-0.06627197666,45.57102268,nan,nan
jkt_qc100,-4.5,1.5,-0.8258193002,-1.152542199,-0.1998026125,-0.06596621125,45.40799279,nan,nan
jkt_qc100,-4.5,2.5,-0.8235924743,-1.139905963,-0.198983058,-0.06536076822,45.08451215,nan,nan
jkt_qc100,-4.5,3.5,-0.8201773365,-1.121292973,-0.1977643951,-0.06446756639,44.6066676,nan,nan
jkt_qc100,-4.5,4.5,-0.8154909651,-1.097105946,-0.1961592038,-0.06330385975,43.98331786,nan,nan
jkt_qc100,-4.5,5.5,-0.8094507878,-1.067808167,-0.1941838869,-0.06189153697,43.2237293,nan,nan
jkt_qc100,-4.5,6.5,-0.8019632206,-1.033993599,-0.1918583529,-0.06025626273,42.34097272,nan,nan
jkt_qc100,-4.5,7.5,-0.7929499865,-0.9963049689,-0.1892056267,-0.05842651621,41.34896503,nan,nan
jkt_qc100,-4.5,8.5,-0.7823558159,-0.9554291868,-0.186251393,-0.05643258487,40.26289209,nan,nan
jkt_qc100,-4.5,9.5,-0.7701509016,-0.9120597173,-0.1830234857,-0.05430556998,39.09779709,nan,nan
jkt_qc100,-4.5,10.5,-0.756346064,-0.8668963919,-0.1795513389,-0.05207645414,37.86965587,nan,nan
jkt_qc100,-4.5,11.5,-0.740985665,-0.8206044713,-0.1758654167,-0.04977527144,36.59352553,nan,nan
jkt_qc100,-4.5,12.5,-0.7241534044,-0.7738108128,-0.1719966445,-0.04743040925,35.28411844,nan,nan
jkt_qc100,-4.5,13.5,-0.7059672574,-0.7270866523,-0.167975859,-0.04506805848,33.95523918,nan,nan
jkt_qc100,-4.5,14.5,-0.6865731279,-0.6809355797,-0.1638332994,-0.04271181754,32.61938748,nan,nan
jkt_qc100,-4.5,15.5,-0.6661389805,-0.6357881972,-0.1595981519,-0.04038244477,31.28765455,nan,nan
jkt_qc100,-4.5,16.5,-0.6448558526,-0.5920635148,-0.1552981621,-0.03809774661,29.97299665,nan,nan
jkt_qc100,-4.5,17.5,-0.6229072786,-0.5499426707,-0.1509593218,-0.03587258297,28.67847919,nan,nan
jkt_qc100,-4.5,18.5,-0.6004865058,-0.5096947927,-0.1466056315,-0.03371896823,27.41351703,nan,nan
jkt_qc100,-4.5,19.5,-0.5777833275,-0.4714806018,-0.1422589405,-0.0316462456,26.18414937,nan,nan
jkt_qc100,-4.5,20.5,-0.5549764571,-0.4353993106,-0.1379388558,-0.02966131291,24.99489585,nan,nan
jkt_qc100,-4.5,21.5,-0.5322304722,-0.4015016312,-0.1336627166,-0.02776888049,23.84916183,nan,nan
jkt_qc100,-4.5,22.5,-0.5096916173,-0.3697937105,-0.1294456225,-0.02597174401,22.74911034,nan,nan
jkt_qc100,-4.5,23.5,-0.4874928784,-0.3402525478,-0.1253005066,-0.02427105887,21.69651707,nan,nan
jkt_qc100,-4.5,24.5,-0.4657447194,-0.3128232701,-0.1212382442,-0.0226666054,20.6919845,nan,nan
jkt_qc100,-4.5,25.5,-0.4445401463,-0.2874311095,-0.1172677868,-0.02115703756,19.73558678,nan,nan
jkt_qc100,-4.5,26.5,-0.4239548496,-0.2639861754,-0.1133963139,-0.01974010997,18.8269143,nan,nan
jkt_qc100,-4.5,27.5,-0.4040475632,-0.2423875936,-0.1096293935,-0.01841288078,17.96509794,nan,nan
jkt_qc100,-4.5,28.5,-0.3848618583,-0.2225279175,-0.105971147,-0.01717188909,17.14893517,nan,nan
jkt_qc100,-4.5,29.5,-0.366427577,-0.2042963623,-0.1024244123,-0.01601330751,16.37695382,nan,nan
jkt_qc100,-4,0.5,-0.7117353983,-1.672305844,-0.2194777917,-0.08172595214,60.22235656,nan,nan
jkt_qc100,-4,1.5,-0.712770045,-1.662804819,-0.2189989473,-0.081312724,59.97476971,nan,nan
jkt_qc100,-4,2.5,-0.714720932,-1.64399255,-0.2180461934,-0.08049519123,59.48393718,nan,nan
jkt_qc100,-4,3.5,-0.7173447256,-1.616274862,-0.2166293377,-0.07929079782,58.75994035,nan,nan
jkt_qc100,-4,4.5,-0.7202974459,-1.580245351,-0.2147629286,-0.07772473165,57.81744799,nan,nan
jkt_qc100,-4,5.5,-0.7232097781,-1.536589866,-0.2124660469,-0.07582883059,56.67197762,nan,nan
jkt_qc100,-4,6.5,-0.725636032,-1.486192813,-0.2097620064,-0.07364024839,55.34503227,nan,nan
jkt_qc100,-4,7.5,-0.7271425502,-1.430017132,-0.2066779601,-0.0711999703,53.85944772,nan,nan
jkt_qc100,-4,8.5,-0.7273251963,-1.369098216,-0.2032444072,-0.06855127359,52.23992631,nan,nan
jkt_qc100,-4,9.5,-0.7258323499,-1.304487721,-0.1994946093,-0.06573822362,50.51088742,nan,nan
jkt_qc100,-4,10.5,-0.7223907326,-1.237251633,-0.195463932,-0.06280428513,48.69784846,nan,nan
jkt_qc100,-4,11.5,-0.7168109498,-1.168407569,-0.1911891358,-0.05979111137,46.82470809,nan,nan
jkt_qc100,-4,12.5,-0.7089964374,-1.098916335,-0.1867076461,-0.0567375537,44.91446125,nan,nan
jkt_qc100,-4,13.5,-0.6989394811,-1.029653859,-0.1820568333,-0.05367891327,42.98835476,nan,nan
jkt_qc100,-4,14.5,-0.6867122617,-0.9613911504,-0.1772733365,-0.05064643719,41.06530805,nan,nan
jkt_qc100,-4,15.5,-0.6724554733,-0.8947846108,-0.1723924545,-0.04766704532,39.161761,nan,nan
jkt_qc100,-4,16.5,-0.6563543744,-0.8304689562,-0.1674476268,-0.04476326135,37.29654141,nan,nan
jkt_qc100,-4,17.5,-0.638668327,-0.768710663,-0.1624700167,-0.04195331449,35.47352237,nan,nan
jkt_qc100,-4,18.5,-0.6196363034,-0.7099076698,-0.1574882023,-0.03925137434,33.70577245,nan,nan
jkt_qc100,-4,19.5,-0.5995267824,-0.6542881663,-0.1525279741,-0.03666788144,32.00110699,nan,nan
jkt_qc100,-4,20.5,-0.5786065843,-0.601983915,-0.1476122311,-0.03420993913,30.36496539,nan,nan
jkt_qc100,-4,21.5,-0.5571310257,-0.5530511299,-0.1427609658,-0.03188173634,28.80107229,nan,nan
jkt_qc100,-4,22.5,-0.5353359265,-0.5074776529,-0.1379913236,-0.02968497683,27.3113234,nan,nan
jkt_qc100,-4,23.5,-0.513439659,-0.4652065666,-0.1333177208,-0.02761929587,25.89695909,nan,nan
jkt_qc100,-4,24.5,-0.4916314853,-0.4261339296,-0.1287520086,-0.02568265062,24.5576112,nan,nan
jkt_qc100,-4,25.5,-0.4700755286,-0.3901270202,-0.1243036679,-0.02387167552,23.29218326,nan,nan
jkt_qc100,-4,26.5,-0.4489103672,-0.3570321082,-0.1199800225,-0.02218199778,22.09894467,nan,nan
jkt_qc100,-4,27.5,-0.4282492658,-0.326681124,-0.1157864623,-0.02060851123,20.975596,nan,nan
jkt_qc100,-4,28.5,-0.4081823055,-0.2988984353,-0.1117266653,-0.01914560912,19.91945362,nan,nan
jkt_qc100,-4,29.5,-0.388778346,-0.2735057833,-0.1078028149,-0.0177873782,18.92754963,nan,nan
jkt_qc100,-3.5,0.5,-0.2352739009,-2.310300198,-0.2418088706,-0.1028990055,78.08950898,nan,nan
jkt_qc100,-3.5,1.5,-0.2420001233,-2.297625777,-0.2412561695,-0.102325961,77.72314908,nan,nan
jkt_qc100,-3.5,2.5,-0.255125779,-2.27248577,-0.2401559521,-0.1011932975,76.99747402,nan,nan
jkt_qc100,-3.5,3.5,-0.273973186,-2.235335121,-0.238518605,-0.09952722105,75.92856199,nan,nan
jkt_qc100,-3.5,4.5,-0.2975772835,-2.186852167,-0.2363597297,-0.09736547747,74.53979994,nan,nan
jkt_qc100,-3.5,5.5,-0.3248812688,-2.127840614,-0.2337001129,-0.09475560851,72.85634963,nan,nan
jkt_qc100,-3.5,6.5,-0.3545884024,-2.059365026,-0.230565608,-0.09175283175,70.91234754,nan,nan
jkt_qc100,-3.5,7.5,-0.3853957307,-1.982622495,-0.2269868847,-0.08841769438,68.74404001,nan,nan
jkt_qc100,-3.5,8.5,-0.4160332902,-1.898942671,-0.2229990165,-0.08481365768,66.39036608,nan,nan
jkt_qc100,-3.5,9.5,-0.4453382063,-1.809717763,-0.2186408946,-0.08100476234,63.88973383,nan,nan
jkt_qc100,-3.5,10.5,-0.4723039402,-1.716402595,-0.2139544787,-0.07705350467,61.28173208,nan,nan
jkt_qc100,-3.5,11.5,-0.4961212563,-1.620424335,-0.208983919,-0.07301902379,58.60319208,nan,nan
jkt_qc100,-3.5,12.5,-0.5161952718,-1.523164287,-0.2037745958,-0.06895566465,55.88903614,nan,nan
jkt_qc100,-3.5,13.5,-0.532147418,-1.42590965,-0.1983721332,-0.06491194512,53.17102746,nan,nan
jkt_qc100,-3.5,14.5,-0.54380322,-1.32981566,-0.1928214453,-0.06092992209,50.47694177,nan,nan
jkt_qc100,-3.5,15.5,-0.551169842,-1.235882616,-0.1871658644,-0.05704492447,47.83035719,nan,nan
jkt_qc100,-3.5,16.5,-0.554347861,-1.145080705,-0.181446392,-0.05328560121,45.25766602,nan,nan
jkt_qc100,-3.5,17.5,-0.5537275242,-1.057851416,-0.1757010977,-0.04967422204,42.76340847,nan,nan
jkt_qc100,-3.5,18.5,-0.5495990533,-0.9748116232,-0.1699646783,-0.04622716446,40.36483924,nan,nan
jkt_qc100,-3.5,19.5,-0.5423705579,-0.8963268584,-0.1642681761,-0.04295552397,38.07137386,nan,nan
jkt_qc100,-3.5,20.5,-0.5324782777,-0.822613544,-0.1586388448,-0.03986579091,35.88883963,nan,nan
jkt_qc100,-3.5,21.5,-0.520359912,-0.7537695369,-0.1531001449,-0.03696054728,33.82052193,nan,nan
jkt_qc100,-3.5,22.5,-0.506437919,-0.6897857528,-0.1476718462,-0.03423914711,31.86711353,nan,nan
jkt_qc100,-3.5,23.5,-0.4911123525,-0.6305812723,-0.1423702139,-0.0316983546,30.02830578,nan,nan
jkt_qc100,-3.5,24.5,-0.474745124,-0.5760024776,-0.1372082542,-0.02933292281,28.30168231,nan,nan
jkt_qc100,-3.5,25.5,-0.4576596527,-0.5258505893,-0.1321959995,-0.02713610416,26.68389993,nan,nan
jkt_qc100,-3.5,26.5,-0.4401387469,-0.4798943491,-0.1273408144,-0.02510008925,25.17086059,nan,nan
jkt_qc100,-3.5,27.5,-0.4224241257,-0.437880892,-0.1226477069,-0.02321637555,23.75783882,nan,nan
jkt_qc100,-3.5,28.5,-0.4047186808,-0.3995463947,-0.1181196356,-0.02147607016,22.43974104,nan,nan
jkt_qc100,-3.5,29.5,-0.387189164,-0.3646238784,-0.1137578017,-0.01987013284,21.21125083,nan,nan
jkt_qc100,-3,0.5,0.8482137134,-2.726710401,-0.2672994807,-0.1326948236,91.56408429,nan,nan
jkt_qc100,-3,1.5,0.8305082237,-2.715183897,-0.2666777089,-0.1318782024,91.08655837,nan,nan
jkt_qc100,-3,2.5,0.7957675275,-2.692117076,-0.2654382345,-0.1302656139,90.141233,nan,nan
jkt_qc100,-3,3.5,0.7453944247,-2.657521912,-0.2635894681,-0.1278973312,88.7498815,nan,nan
jkt_qc100,-3,4.5,0.6814065606,-2.611477821,-0.2611446407,-0.1248312546,86.94421671,nan,nan
jkt_qc100,-3,5.5,0.6060472906,-2.554177795,-0.2581223746,-0.1211401083,84.75941828,nan,nan
jkt_qc100,-3,6.5,0.5221150815,-2.486009478,-0.2545472017,-0.1169080306,82.24193326,nan,nan
jkt_qc100,-3,7.5,0.432488522,-2.407588545,-0.250449887,-0.1122268011,79.44143473,nan,nan
jkt_qc100,-3,8.5,0.3400531794,-2.319797021,-0.2458674442,-0.107191968,76.41123476,nan,nan
jkt_qc100,-3,9.5,0.2475313835,-2.223747125,-0.2408427775,-0.1018991264,73.20397757,nan,nan
jkt_qc100,-3,10.5,0.1573874939,-2.120804458,-0.2354239398,-0.09644057048,69.87357812,nan,nan
jkt_qc100,-3,11.5,0.07170701896,-2.012482838,-0.2296630563,-0.09090248908,66.47003152,nan,nan
jkt_qc100,-3,12.5,-0.007845994203,-1.900406958,-0.2236149991,-0.08536281128,63.0402875,nan,nan
jkt_qc100,-3,13.5,-0.08005541857,-1.786226125,-0.2173359299,-0.07988974352,59.62653804,nan,nan
jkt_qc100,-3,14.5,-0.1441461276,-1.671533681,-0.2108818266,-0.07454097831,56.26511078,nan,nan
jkt_qc100,-3,15.5,-0.1997489855,-1.557802763,-0.2043071043,-0.06936350645,52.98617894,nan,nan
jkt_qc100,-3,16.5,-0.246687198,-1.446496348,-0.197663414,-0.0643939314,49.8226658,nan,nan
jkt_qc100,-3,17.5,-0.285522971,-1.338473758,-0.1909986747,-0.05965916797,46.77944385,nan,nan
jkt_qc100,-3,18.5,-0.316565562,-1.234751776,-0.184356366,-0.05517740546,43.87647947,nan,nan
jkt_qc100,-3,19.5,-0.3404322233,-1.136030975,-0.1777750801,-0.05095922424,41.12358735,nan,nan
jkt_qc100,-3,20.5,-0.3578410603,-1.042793905,-0.171288314,-0.04700877158,38.52577452,nan,nan
jkt_qc100,-3,21.5,-0.369549285,-0.9553391595,-0.1649244685,-0.04332492254,36.0847034,nan,nan
jkt_qc100,-3,22.5,-0.3763181942,-0.8737960515,-0.1587070135,-0.03990237197,33.79876855,nan,nan
jkt_qc100,-3,23.5,-0.378884801,-0.7981716282,-0.1526547788,-0.03673262294,31.66507184,nan,nan
jkt_qc100,-3,24.5,-0.3779382982,-0.7283528615,-0.1467823303,-0.0338048526,29.67826932,nan,nan
jkt_qc100,-3,25.5,-0.3741088217,-0.6641461225,-0.1411003969,-0.03110664897,27.8320159,nan,nan
jkt_qc100,-3,26.5,-0.3679609393,-0.6052976387,-0.1356163204,-0.02862462143,26.11922479,nan,nan
jkt_qc100,-3,27.5,-0.3599909372,-0.5515113545,-0.1303345045,-0.02634489333,24.53226069,nan,nan
jkt_qc100,-3,28.5,-0.3506284584,-0.5024660546,-0.1252568474,-0.02425348924,23.06326104,nan,nan
jkt_qc100,-3,29.5,-0.3402399598,-0.4578283251,-0.1203831469,-0.02233663039,21.70431707,nan,nan
jkt_qc100,-2.5,0.5,2.285150863,-2.243962256,-0.2950747249,-0.175762939,86.95433111,nan,nan
jkt_qc100,-2.5,1.5,2.25622412,-2.245525467,-0.2944250763,-0.1745691821,86.4875939,nan,nan
jkt_qc100,-2.5,2.5,2.199166236,-2.247892817,-0.293124728,-0.1722137006,85.56309854,nan,nan
jkt_qc100,-2.5,3.5,2.115691022,-2.249550551,-0.2911725682,-0.1687589723,84.20040024,nan,nan
jkt_qc100,-2.5,4.5,2.00834842,-2.248441105,-0.2885692288,-0.1642948429,82.4282517,nan,nan
jkt_qc100,-2.5,5.5,1.880086478,-2.242462861,-0.285319383,-0.1589341488,80.28113352,nan,nan
jkt_qc100,-2.5,6.5,1.73475999,-2.229275126,-0.2814341359,-0.1528073243,77.80254757,nan,nan
jkt_qc100,-2.5,7.5,1.576556656,-2.206870371,-0.2769330998,-0.1460563583,75.04057772,nan,nan
jkt_qc100,-2.5,8.5,1.409921235,-2.173723171,-0.2718458105,-0.1388285182,72.0478479,nan,nan
jkt_qc100,-2.5,9.5,1.239291813,-2.12891827,-0.2662122651,-0.1312702737,68.87716596,nan,nan
jkt_qc100,-2.5,10.5,1.068942827,-2.072262393,-0.2600825067,-0.1235218199,65.58352359,nan,nan
jkt_qc100,-2.5,11.5,0.9027258847,-2.004230877,-0.253515331,-0.1157125221,62.21854354,nan,nan
jkt_qc100,-2.5,12.5,0.7439446763,-1.925912743,-0.2465763013,-0.1079574916,58.83115965,nan,nan
jkt_qc100,-2.5,13.5,0.5952398963,-1.838869305,-0.2393353305,-0.1003553772,55.46557574,nan,nan
jkt_qc100,-2.5,14.5,0.4585364841,-1.74496953,-0.2318641061,-0.09298733667,52.15989601,nan,nan
jkt_qc100,-2.5,15.5,0.3350524089,-1.646227374,-0.22423361,-0.08591705338,48.94562387,nan,nan
jkt_qc100,-2.5,16.5,0.2256552387,-1.544760463,-0.2165119282,-0.07919159948,45.85632482,nan,nan
jkt_qc100,-2.5,17.5,0.1298143221,-1.442338986,-0.2087624792,-0.0728429161,42.89804002,nan,nan
jkt_qc100,-2.5,18.5,0.04740493228,-1.340699786,-0.2010427189,-0.06688968268,40.0897026,nan,nan
jkt_qc100,-2.5,19.5,-0.02231222124,-1.241299879,-0.1934033222,-0.06133937173,37.44041616,nan,nan
jkt_qc100,-2.5,20.5,-0.08032376285,-1.145305513,-0.1858877988,-0.05619032296,34.95411789,nan,nan
jkt_qc100,-2.5,21.5,-0.1277460094,-1.053605609,-0.1785324744,-0.05143371436,32.63115869,nan,nan
jkt_qc100,-2.5,22.5,-0.1657569066,-0.9668211407,-0.1713667565,-0.04705534896,30.46849194,nan,nan
jkt_qc100,-2.5,23.5,-0.1955300016,-0.8853571419,-0.1644136052,-0.04303721251,28.46171747,nan,nan
jkt_qc100,-2.5,24.5,-0.218194444,-0.8094101435,-0.1576901339,-0.0393587856,26.60404384,nan,nan
jkt_qc100,-2.5,25.5,-0.2348028653,-0.7390205203,-0.1512082808,-0.03599811456,24.88776833,nan,nan
jkt_qc100,-2.5,26.5,-0.2463148262,-0.6741049,-0.1449754999,-0.03293265884,23.30457843,nan,nan
jkt_qc100,-2.5,27.5,-0.2535881417,-0.61448558,-0.1389954385,-0.03013994043,21.84577031,nan,nan
jkt_qc100,-2.5,28.5,-0.2573775989,-0.5599185806,-0.1332685739,-0.02759802394,20.50257471,nan,nan
jkt_qc100,-2.5,29.5,-0.258338136,-0.5101160453,-0.1277927959,-0.02528585608,19.26633953,nan,nan
jkt_qc100,-2,0.5,3.091883937,-0.7385260443,-0.3214717123,-0.239323504,62.91358173,nan,nan
jkt_qc100,-2,1.5,3.066570358,-0.7639390702,-0.3209362213,-0.2375527057,62.64424724,nan,nan
jkt_qc100,-2,2.5,3.015819516,-0.8131090806,-0.3198483702,-0.2340590898,62.10785261,nan,nan
jkt_qc100,-2,3.5,2.939554061,-0.8826034904,-0.3181772566,-0.2289366405,61.3084511,nan,nan
jkt_qc100,-2,4.5,2.837982682,-0.9675239303,-0.3158831834,-0.2223213876,60.25272715,nan,nan
jkt_qc100,-2,5.5,2.711759007,-1.062529189,-0.3129245069,-0.2143855153,58.95492386,nan,nan
jkt_qc100,-2,6.5,2.562391773,-1.16112095,-0.3092650684,-0.2053297017,57.42929328,nan,nan
jkt_qc100,-2,7.5,2.39231348,-1.256928383,-0.3048811271,-0.1953740413,55.69582692,nan,nan
jkt_qc100,-2,8.5,2.204963496,-1.344023964,-0.2997668366,-0.1847481111,53.77978671,nan,nan
jkt_qc100,-2,9.5,2.004611106,-1.417383947,-0.2939375914,-0.1736809007,51.70913981,nan,nan
jkt_qc100,-2,10.5,1.796187325,-1.473237151,-0.2874309467,-0.1623913976,49.51683319,nan,nan
jkt_qc100,-2,11.5,1.58485835,-1.509245468,-0.2803052091,-0.1510805515,47.23639649,nan,nan
jkt_qc100,-2,12.5,1.375697874,-1.524538012,-0.2726361195,-0.1399251618,44.90238566,nan,nan
jkt_qc100,-2,13.5,1.173326298,-1.519581439,-0.2645122617,-0.129073972,42.54827847,nan,nan
jkt_qc100,-2,14.5,0.9816316602,-1.495939393,-0.2560298903,-0.1186459772,40.2048079,nan,nan
jkt_qc100,-2,15.5,0.8036013025,-1.455969622,-0.2472878189,-0.108730714,37.89892949,nan,nan
jkt_qc100,-2,16.5,0.641680779,-1.402459091,-0.238382863,-0.09939013441,35.65929505,nan,nan
jkt_qc100,-2,17.5,0.4962537209,-1.338623593,-0.2294061502,-0.09066159192,33.49697976,nan,nan
jkt_qc100,-2,18.5,0.3680319901,-1.267285149,-0.220440436,-0.08256146922,31.42839175,nan,nan
jkt_qc100,-2,19.5,0.2567077649,-1.191199559,-0.2115584153,-0.07508903642,29.46414616,nan,nan
jkt_qc100,-2,20.5,0.1614450292,-1.112779141,-0.2028219199,-0.06823022028,27.61048469,nan,nan
jkt_qc100,-2,21.5,0.08106975358,-1.0340401,-0.1942818393,-0.06196106368,25.87041997,nan,nan
jkt_qc100,-2,22.5,0.0141940897,-0.9565861267,-0.1859785803,-0.05625074644,24.24385873,nan,nan
jkt_qc100,-2,23.5,-0.04065759602,-0.8816511965,-0.1779428929,-0.05106411301,22.72933223,nan,nan
jkt_qc100,-2,24.5,-0.08497177157,-0.810112142,-0.1701969112,-0.04636370706,21.32309668,nan,nan
jkt_qc100,-2,25.5,-0.1201764998,-0.7425548357,-0.16275529,-0.04211134866,20.02041822,nan,nan
jkt_qc100,-2,26.5,-0.1476022357,-0.6793245909,-0.1556263487,-0.03826930971,18.81585537,nan,nan
jkt_qc100,-2,27.5,-0.1684580542,-0.6205742269,-0.1488131615,-0.03480115097,17.7034612,nan,nan
jkt_qc100,-2,28.5,-0.1838212292,-0.5663101703,-0.1423145567,-0.03167228429,16.67707958,nan,nan
jkt_qc100,-2,29.5,-0.1946360059,-0.5164311036,-0.1361260048,-0.02885031881,15.73052103,nan,nan
jkt_qc100,-1.5,0.5,2.606547729,0.8961055889,-0.3355606459,-0.333002763,33.99273138,nan,nan
jkt_qc100,-1.5,1.5,2.608733162,0.8569384782,-0.3355310831,-0.330429216,33.99926378,nan,nan
jkt_qc100,-1.5,2.5,2.611074155,0.7795754532,-0.3354145677,-0.3253426646,34.00695925,nan,nan
jkt_qc100,-1.5,3.5,2.609540497,0.6663160971,-0.3351029923,-0.3178638393,34.00192156,nan,nan
jkt_qc100,-1.5,4.5,2.598707444,0.5209844834,-0.3344501184,-0.3081723218,33.96414935,nan,nan
jkt_qc100,-1.5,5.5,2.573096685,0.3483997535,-0.3332885963,-0.2965031975,33.88122424,nan,nan
jkt_qc100,-1.5,6.5,2.526886321,0.1555445769,-0.3314493244,-0.283140654,33.72857013,nan,nan
jkt_qc100,-1.5,7.5,2.455547566,-0.04938995505,-0.32878067,-0.2684078964,33.48600547,nan,nan
jkt_qc100,-1.5,8.5,2.356422229,-0.2572750445,-0.3251650591,-0.2526534959,33.13702454,nan,nan
jkt_qc100,-1.5,9.5,2.229149826,-0.4587971602,-0.32053086,-0.2362351388,32.66918576,nan,nan
jkt_qc100,-1.5,10.5,2.075865339,-0.6452461455,-0.3148583034,-0.2195024337,32.07747416,nan,nan
jkt_qc100,-1.5,11.5,1.900857819,-0.8093297303,-0.3081792155,-0.2027807438,31.36259252,nan,nan
jkt_qc100,-1.5,12.5,1.710051772,-0.9457469178,-0.3005713461,-0.1863578494,30.53203457,nan,nan
jkt_qc100,-1.5,13.5,1.510244088,-1.051487507,-0.2921488096,-0.1704746998,29.59870377,nan,nan
jkt_qc100,-1.5,14.5,1.308320886,-1.125817577,-0.283050492,-0.1553207564,28.57931901,nan,nan
jkt_qc100,-1.5,15.5,1.110586699,-1.169994575,-0.273428204,-0.1410336931,27.49280826,nan,nan
jkt_qc100,-1.5,16.5,0.9227547625,-1.186525211,-0.2634359822,-0.1277026669,26.3611132,nan,nan
jkt_qc100,-1.5,17.5,0.7480264083,-1.179872522,-0.2532214276,-0.1153740829,25.20451314,nan,nan
jkt_qc100,-1.5,18.5,0.5893911298,-1.153881078,-0.2429194495,-0.1040587395,24.0387972,nan,nan
jkt_qc100,-1.5,19.5,0.4482731271,-1.112887881,-0.2326483761,-0.09373938554,22.88053899,nan,nan
jkt_qc100,-1.5,20.5,0.3250139711,-1.060982476,-0.2225081184,-0.08437795908,21.74339938,nan,nan
jkt_qc100,-1.5,21.5,0.2191502054,-1.001791954,-0.2125799455,-0.07592204026,20.63833838,nan,nan
jkt_qc100,-1.5,22.5,0.1296344491,-0.9383773763,-0.2029274034,-0.06831027983,19.57336755,nan,nan
jkt_qc100,-1.5,23.5,0.05506668648,-0.8732295842,-0.1935979554,-0.06147674157,18.55478541,nan,nan
jkt_qc100,-1.5,24.5,-0.006147012665,-0.8082694465,-0.1846250003,-0.05535421498,17.58624079,nan,nan
jkt_qc100,-1.5,25.5,-0.05565105759,-0.7449238458,-0.1760300119,-0.04987662124,16.66978953,nan,nan
jkt_qc100,-1.5,26.5,-0.09504885185,-0.6841983982,-0.1678246261,-0.04498066428,15.80614677,nan,nan
jkt_qc100,-1.5,27.5,-0.1258420204,-0.6267523833,-0.1600125664,-0.04060688087,14.99488721,nan,nan
jkt_qc100,-1.5,28.5,-0.149395571,-0.5729726,-0.1525913519,-0.03670023119,14.23475472,nan,nan
jkt_qc100,-1.5,29.5,-0.1669218654,-0.5230378145,-0.1455537665,-0.03321035132,13.52388229,nan,nan
jkt_qc100,-1,0.5,1.257626739,1.536032282,-0.3107190478,-0.4623033129,12.70187756,nan,nan
jkt_qc100,-1,1.5,1.287046579,1.517447225,-0.3120511966,-0.4589868014,12.85246352,nan,nan
jkt_qc100,-1,2.5,1.344183077,1.478490401,-0.314582356,-0.4523843453,13.15079855,nan,nan
jkt_qc100,-1,3.5,1.425145308,1.415826579,-0.3180559387,-0.4425656103,13.58679911,nan,nan
jkt_qc100,-1,4.5,1.523664592,1.325420387,-0.3221114625,-0.4296541873,14.14313356,nan,nan
jkt_qc100,-1,5.5,1.632118438,1.203773706,-0.3263138116,-0.4138445816,14.80795944,nan,nan
jkt_qc100,-1,6.5,1.739982499,1.048605559,-0.3301909178,-0.3954160877,15.5517141,nan,nan
jkt_qc100,-1,7.5,1.835732505,0.8603672471,-0.333276792,-0.3747383149,16.34238279,nan,nan
jkt_qc100,-1,8.5,1.907765099,0.6430109158,-0.3351549584,-0.352264602,17.14340789,nan,nan
jkt_qc100,-1,9.5,1.945923949,0.4041067167,-0.3354962332,-0.328512304,17.91526249,nan,nan
jkt_qc100,-1,10.5,1.943067061,0.1543144575,-0.3340851372,-0.3040322182,18.61970629,nan,nan
jkt_qc100,-1,11.5,1.896105722,-0.09398285068,-0.3308312171,-0.279372196,19.22179125,nan,nan
jkt_qc100,-1,12.5,1.806415838,-0.3283299008,-0.3257646284,-0.2550413007,19.69366786,nan,nan
jkt_qc100,-1,13.5,1.679393964,-0.5378687106,-0.3190184721,-0.2314803421,20.016402,nan,nan
jkt_qc100,-1,14.5,1.523371289,-0.7145936602,-0.3108025748,-0.2090426085,20.18078164,nan,nan
jkt_qc100,-1,15.5,1.348192727,-0.8539692306,-0.3013741173,-0.1879859799,20.18694024,nan,nan
jkt_qc100,-1,16.5,1.164217775,-0.9542978092,-0.2910098446,-0.1684752558,20.04134147,nan,nan
jkt_qc100,-1,17.5,0.979946141,-1.01867933,-0.2799830751,-0.1505920444,19.76879334,nan,nan
jkt_qc100,-1,18.5,0.802814952,-1.050230944,-0.2685469962,-0.1343490717,19.38063526,nan,nan
jkt_qc100,-1,19.5,0.6381984261,-1.054032633,-0.2569243005,-0.1197060586,18.89829336,nan,nan
jkt_qc100,-1,20.5,0.4894864396,-1.035646023,-0.2453022791,-0.106585029,18.34326931,nan,nan
jkt_qc100,-1,21.5,0.3583762635,-1.000496152,-0.2338320661,-0.09488373348,17.73586286,nan,nan
jkt_qc100,-1,22.5,0.2452078892,-0.9534909334,-0.2226306858,-0.08448658357,17.09401687,nan,nan
jkt_qc100,-1,23.5,0.1493634493,-0.8988356262,-0.2117847312,-0.07527300954,16.43378208,nan,nan
jkt_qc100,-1,24.5,0.06958253625,-0.8399376289,-0.20135478,-0.06712346802,15.76798825,nan,nan
jkt_qc100,-1,25.5,0.004254624007,-0.7794496311,-0.191379927,-0.05992347863,15.10700257,nan,nan
jkt_qc100,-1,26.5,-0.0483754559,-0.7193488783,-0.1818820501,-0.05356610803,14.45888994,nan,nan
jkt_qc100,-1,27.5,-0.09006243505,-0.6610389659,-0.1728696041,-0.04795329334,13.82959858,nan,nan
jkt_qc100,-1,28.5,-0.1224673914,-0.605459897,-0.1643408612,-0.0429963398,13.22331451,nan,nan
jkt_qc100,-1,29.5,-0.1471037272,-0.5531899898,-0.1562865947,-0.03861585958,12.64276972,nan,nan
jkt_qc100,-0.5,0.5,0.3239430537,1.103130995,-0.2028871194,-0.6028612422,3.266982733,nan,nan
jkt_qc100,-0.5,1.5,0.3441312266,1.111462021,-0.2065843673,-0.600014111,3.361793346,nan,nan
jkt_qc100,-0.5,2.5,0.3855704162,1.126665066,-0.2138066812,-0.5942096843,3.555777942,nan,nan
jkt_qc100,-0.5,3.5,0.450099734,1.145356313,-0.2242052113,-0.5852493905,3.855624644,nan,nan
jkt_qc100,-0.5,4.5,0.5395767412,1.161959829,-0.2372498468,-0.5728889275,4.268763982,nan,nan
jkt_qc100,-0.5,5.5,0.6551372385,1.169538015,-0.2522324578,-0.5568990206,4.807991427,nan,nan
jkt_qc100,-0.5,6.5,0.7956893578,1.158441577,-0.2682875302,-0.5371376828,5.478877524,nan,nan
jkt_qc100,-0.5,7.5,0.956716591,1.118269252,-0.284438091,-0.5136224639,6.283001687,nan,nan
jkt_qc100,-0.5,8.5,1.129264271,1.039370674,-0.2996690493,-0.4865870289,7.212971754,nan,nan
jkt_qc100,-0.5,9.5,1.30001764,0.9151406867,-0.3130210083,-0.4565059424,8.249656528,nan,nan
jkt_qc100,-0.5,10.5,1.452732416,0.7443858983,-0.3236883384,-0.4240769656,9.361902817,nan,nan
jkt_qc100,-0.5,11.5,1.570901869,0.5326013559,-0.3311003035,-0.3901610296,10.50740861,nan,nan
jkt_qc100,-0.5,12.5,1.640990517,0.2917746603,-0.3349666327,-0.3556924775,11.63700087,nan,nan
jkt_qc100,-0.5,13.5,1.655147627,0.03842446763,-0.3352787272,-0.3215806419,12.70000345,nan,nan
jkt_qc100,-0.5,14.5,1.612533113,-0.2094633687,-0.3322704067,-0.2886245754,13.65013887,nan,nan
jkt_qc100,-0.5,15.5,1.518920321,-0.4356217442,-0.3263520855,-0.257456089,14.45046039,nan,nan
jkt_qc100,-0.5,16.5,1.385026273,-0.6269027594,-0.3180359962,-0.2285160662,15.07046869,nan,nan
jkt_qc100,-0.5,17.5,1.224322703,-0.7782510062,-0.3078676286,-0.2020599328,15.51972533,nan,nan
jkt_qc100,-0.5,18.5,1.049571636,-0.8867675904,-0.2963726232,-0.1781830229,15.78745522,nan,nan
jkt_qc100,-0.5,19.5,0.8724491485,-0.9545607783,-0.2840221046,-0.156855657,15.88598846,nan,nan
jkt_qc100,-0.5,20.5,0.7020621724,-0.9865312926,-0.2712148753,-0.1379596614,15.83464001,nan,nan
jkt_qc100,-0.5,21.5,0.54471458,-0.988984704,-0.2582725743,-0.1213210414,15.65646823,nan,nan
jkt_qc100,-0.5,22.5,0.4041034236,-0.9685647628,-0.2454434101,-0.1067363101,15.37538388,nan,nan
jkt_qc100,-0.5,23.5,0.2818326959,-0.9315309964,-0.2329106624,-0.09399198661,15.01508536,nan,nan
jkt_qc100,-0.5,24.5,0.1779364567,-0.8833140301,-0.2208031361,-0.0828779387,14.59662916,nan,nan
jkt_qc100,-0.5,25.5,0.091422856,-0.8283636567,-0.2092057453,-0.07319574479,14.13840774,nan,nan
jkt_qc100,-0.5,26.5,0.02069891823,-0.7701484952,-0.1981692006,-0.06476332785,13.65587876,nan,nan
jkt_qc100,-0.5,27.5,-0.03610983369,-0.7112479958,-0.1877183346,-0.05741697434,13.16152026,nan,nan
jkt_qc100,-0.5,28.5,-0.08093843848,-0.6534918733,-0.1778589511,-0.0510116293,12.66511129,nan,nan
jkt_qc100,-0.5,29.5,-0.1156410011,-0.598108017,-0.1685832792,-0.04542013263,12.1740728,nan,nan
jkt_qc100,0,0.5,0.1228870202,0.6246193463,-0.0006509100247,-0.6711403083,0.8996975869,nan,nan
jkt_qc100,0,1.5,0.1275805111,0.6331842223,-0.005857749429,-0.671089809,0.9262941718,nan,nan
jkt_qc100,0,2.5,0.1377122173,0.6505316401,-0.01626320497,-0.6707466151,0.9822077799,nan,nan
jkt_qc100,0,3.5,0.1550027294,0.6769037354,-0.03182275162,-0.6696286274,1.073004491,nan,nan
jkt_qc100,0,4.5,0.1823039519,0.7121938768,-0.05240037671,-0.6670244496,1.207268677,nan,nan
jkt_qc100,0,5.5,0.2232890282,0.7558719647,-0.07769026386,-0.662023779,1.398119903,nan,nan
jkt_qc100,0,6.5,0.2831470512,0.8055461182,-0.1071259469,-0.6535823748,1.662107908,nan,nan
jkt_qc100,0,7.5,0.3675791816,0.8563195202,-0.1397978585,-0.6406345597,2.019735538,nan,nan
jkt_qc100,0,8.5,0.4815319728,0.8996624195,-0.174411136,-0.6222554813,2.493325742,nan,nan
jkt_qc100,0,9.5,0.6269330963,0.9231394575,-0.2093197327,-0.5978542659,3.10342359,nan,nan
jkt_qc100,0,10.5,0.7999215327,0.9117792676,-0.2426608695,-0.5673532185,3.863751198,nan,nan
jkt_qc100,0,11.5,0.9889176388,0.8512981501,-0.2725815371,-0.5312918172,4.775103261,nan,nan
jkt_qc100,0,12.5,1.174928748,0.7327315065,-0.2975062511,-0.4908043926,5.820762911,nan,nan
jkt_qc100,0,13.5,1.334902962,0.5564755909,-0.3163667696,-0.4474615209,6.964912169,nan,nan
jkt_qc100,0,14.5,1.447254905,0.333713492,-0.3287221588,-0.4030188389,8.155470045,nan,nan
jkt_qc100,0,15.5,1.497342869,0.08425439943,-0.3347409033,-0.3591515614,9.330908515,nan,nan
jkt_qc100,0,16.5,1.480025556,-0.1670765489,-0.3350699257,-0.3172487594,10.41895778,nan,nan
jkt_qc100,0,17.5,1.403021013,-0.4000292862,-0.3306483395,-0.2783060326,11.3955567,nan,nan
jkt_qc100,0,18.5,1.277866398,-0.5976079844,-0.322524837,-0.2429137392,12.20686809,nan,nan
jkt_qc100,0,19.5,1.120910024,-0.7506275676,-0.3117166076,-0.2113114791,12.83234939,nan,nan
jkt_qc100,0,20.5,0.9484192837,-0.8569174721,-0.2991220907,-0.1834734118,13.26825476,nan,nan
jkt_qc100,0,21.5,0.7741849244,-0.9195730138,-0.2854816711,-0.1591965611,13.52425866,nan,nan
jkt_qc100,0,22.5,0.6083883817,-0.9448956167,-0.2713724982,-0.1381761755,13.61896561,nan,nan
jkt_qc100,0,23.5,0.4575707846,-0.9405393291,-0.2572232295,-0.1200623483,13.57659623,nan,nan
jkt_qc100,0,24.5,0.3251143487,-0.9141438733,-0.2433376936,-0.1044983878,13.42244591,nan,nan
jkt_qc100,0,25.5,0.2120448417,-0.8725428263,-0.2299203914,-0.09114429725,13.18105569,nan,nan
jkt_qc100,0,26.5,0.1177947891,-0.8214010368,-0.2170999919,-0.07968937688,12.87470427,nan,nan
jkt_qc100,0,27.5,0.04084332023,-0.7651418009,-0.2049491912,-0.06985752466,12.52254687,nan,nan
jkt_qc100,0,28.5,-0.02080431379,-0.7070473675,-0.1935005966,-0.06140800097,12.14043283,nan,nan
jkt_qc100,0,29.5,-0.06928576359,-0.6494357352,-0.1827589532,-0.05413361144,11.74104677,nan,nan
jkt_qc100,0.5,0.5,0.1189470535,0.4022132689,0.2019539016,-0.6035670403,0.4342958051,nan,nan
jkt_qc100,0.5,1.5,0.1199833747,0.4063406059,0.1981856018,-0.6063656091,0.4411001487,nan,nan
jkt_qc100,0.5,2.5,0.1221925877,0.4148065883,0.1904804427,-0.611839797,0.4553861113,nan,nan
jkt_qc100,0.5,3.5,0.1259600285,0.428056413,0.1785093009,-0.6197217846,0.4786927899,nan,nan
jkt_qc100,0.5,4.5,0.1320449278,0.4467569712,0.1618033649,-0.6295555227,0.513650017,nan,nan
jkt_qc100,0.5,5.5,0.1414159707,0.4718145597,0.1397978585,-0.6406345597,0.5642610177,nan,nan
jkt_qc100,0.5,6.5,0.1560256617,0.5043024514,0.1119132388,-0.6519293913,0.6368953605,nan,nan
jkt_qc100,0.5,7.5,0.1788731255,0.5452607785,0.07769026386,-0.662023779,0.7411581483,nan,nan
jkt_qc100,0.5,8.5,0.2145698533,0.5950871168,0.03698886531,-0.669096127,0.8911300405,nan,nan
jkt_qc100,0.5,9.5,0.2696535274,0.6523636127,-0.009761593611,-0.6709989294,1.106490661,nan,nan
jkt_qc100,0.5,10.5,0.3520784514,0.7120579694,-0.06131599193,-0.6654915048,1.412743539,nan,nan
jkt_qc100,0.5,11.5,0.4691970442,0.7635431989,-0.1154790003,-0.6506452874,1.839227466,nan,nan
jkt_qc100,0.5,12.5,0.623713575,0.7900233372,-0.1692143644,-0.6253532144,2.41399845,nan,nan
jkt_qc100,0.5,13.5,0.8088826591,0.7712095969,-0.219071517,-0.5897656913,3.155647355,nan,nan
jkt_qc100,0.5,14.5,1.005955159,0.6898020862,-0.2618505118,-0.545431971,4.064267297,nan,nan
jkt_qc100,0.5,15.5,1.186866611,0.5392525926,-0.2952646579,-0.4950268024,5.115226284,nan,nan
jkt_qc100,0.5,16.5,1.320390524,0.3290656329,-0.3183283611,-0.4417523642,6.245707012,nan,nan
jkt_qc100,0.5,17.5,1.388685634,0.08236640224,-0.3313427091,-0.3886698982,7.418880939,nan,nan
jkt_qc100,0.5,18.5,1.382334227,-0.1724647282,-0.3355600851,-0.3382104521,8.549357528,nan,nan
jkt_qc100,0.5,19.5,1.307444771,-0.4078113647,-0.3327262111,-0.2919722058,9.572231986,nan,nan
jkt_qc100,0.5,20.5,1.179948217,-0.603837904,-0.3246769945,-0.2507625135,10.43927179,nan,nan
jkt_qc100,0.5,21.5,1.019781512,-0.7505905873,-0.3130745772,-0.2147737426,11.1232286,nan,nan
jkt_qc100,0.5,22.5,0.8459183426,-0.84696692,-0.2992833668,-0.1837910029,11.61681947,nan,nan
jkt_qc100,0.5,23.5,0.6735191175,-0.8979592443,-0.284346243,-0.1573718327,11.9293179,nan,nan
jkt_qc100,0.5,24.5,0.5129210533,-0.9117166137,-0.2690161535,-0.1349767278,12.08007974,nan,nan
jkt_qc100,0.5,25.5,0.370040909,-0.8972369569,-0.2538096427,-0.1160523487,12.09391294,nan,nan
jkt_qc100,0.5,26.5,0.2473402783,-0.8629176644,-0.2390626556,-0.1000782472,11.99709383,nan,nan
jkt_qc100,0.5,27.5,0.1449018728,-0.8158357968,-0.2249794218,-0.08658894448,11.81456894,nan,nan
jkt_qc100,0.5,28.5,0.06136406947,-0.7615402998,-0.211671524,-0.07518094212,11.56844607,nan,nan
jkt_qc100,0.5,29.5,-0.005368314356,-0.7041354004,-0.1991874109,-0.0655113734,11.27735274,nan,nan
jkt_qc100,1,0.5,0.1236906135,0.2945111805,0.3103789678,-0.4631339307,0.328272089,nan,nan
jkt_qc100,1,1.5,0.1241761025,0.2966940292,0.3089901775,-0.4664620677,0.330436529,nan,nan
jkt_qc100,1,2.5,0.1251734749,0.3011462423,0.3060738854,-0.4731434209,0.3349356781,nan,nan
jkt_qc100,1,3.5,0.126777093,0.3080712273,0.3013433182,-0.483217836,0.3422072886,nan,nan
jkt_qc100,1,4.5,0.1291877139,0.3178036097,0.2943457085,-0.4967168136,0.3530301549,nan,nan
jkt_qc100,1,5.5,0.1325826799,0.3307662392,0.284438091,-0.5136224639,0.3683773132,nan,nan
jkt_qc100,1,6.5,0.1374386219,0.3476261129,0.2707624698,-0.5338007025,0.3900380796,nan,nan
jkt_qc100,1,7.5,0.1444636231,0.3692726701,0.2522324578,-0.5568990206,0.4206790384,nan,nan
jkt_qc100,1,8.5,0.154864484,0.3968726712,0.2275545028,-0.5822007365,0.4644815132,nan,nan
jkt_qc100,1,9.5,0.1707220229,0.43184339,0.1953223721,-0.6084380405,0.5280664838,nan,nan
jkt_qc100,1,10.5,0.1955451987,0.4756160358,0.1542383809,-0.6335940629,0.6218939617,nan,nan
jkt_qc100,1,11.5,0.2350705137,0.5288319123,0.1035115362,-0.6547771459,0.7621414347,nan,nan
jkt_qc100,1,12.5,0.2977681965,0.589524681,0.04342764148,-0.6683189937,0.9725083773,nan,nan
jkt_qc100,1,13.5,0.3939229378,0.6500954484,-0.02405272059,-0.6702778149,1.284424229,nan,nan
jkt_qc100,1,14.5,0.5316194619,0.6944174119,-0.09500178581,-0.6574123578,1.733468849,nan,nan
jkt_qc100,1,15.5,0.7096143298,0.6984457669,-0.1639367122,-0.6283712461,2.350767478,nan,nan
jkt_qc100,1,16.5,0.9088403088,0.6364250121,-0.2250480305,-0.5844899832,3.138173506,nan,nan
jkt_qc100,1,17.5,1.098948905,0.4994139938,-0.2737766498,-0.5296165629,4.099349741,nan,nan
jkt_qc100,1,18.5,1.243310674,0.2928778503,-0.3079184139,-0.4689638377,5.183944083,nan,nan
jkt_qc100,1,19.5,1.314529245,0.04312444059,-0.3277415599,-0.4076330128,6.32302029,nan,nan
jkt_qc100,1,20.5,1.303322957,-0.2145125271,-0.3352793715,-0.3495448477,7.4369652,nan,nan
jkt_qc100,1,21.5,1.218546073,-0.4476167953,-0.3333551274,-0.2970750258,8.452312113,nan,nan
jkt_qc100,1,22.5,1.080580891,-0.6347599906,-0.3247996968,-0.2512336619,9.314664244,nan,nan
jkt_qc100,1,23.5,0.9131563105,-0.7672756705,-0.3120197748,-0.2120747194,9.994703493,nan,nan
jkt_qc100,1,24.5,0.7371882771,-0.8467454626,-0.296858761,-0.1791018907,10.48583239,nan,nan
jkt_qc100,1,25.5,0.5679720252,-0.8808692497,-0.2806275322,-0.1515712079,10.79887849,nan,nan
jkt_qc100,1,26.5,0.4148760826,-0.8797800405,-0.2642043078,-0.1286801028,10.95539437,nan,nan
jkt_qc100,1,27.5,0.282377949,-0.8535501829,-0.2481451408,-0.1096688778,10.9816477,nan,nan
jkt_qc100,1,28.5,0.1715083708,-0.8108784894,-0.2327794653,-0.09386556553,10.9043095,nan,nan
jkt_qc100,1,29.5,0.08119706298,-0.7586225057,-0.2182837663,-0.08069846746,10.7477951,nan,nan
jkt_qc100,1.5,0.5,0.1230745443,0.2314523921,0.3355649704,-0.3336493053,0.3068765698,nan,nan
jkt_qc100,1.5,1.5,0.1234270656,0.232785013,0.3355697856,-0.3362480997,0.30763125,nan,nan
jkt_qc100,1.5,2.5,0.1241411076,0.2354880943,0.3355179672,-0.3415062839,0.3091885395,nan,nan
jkt_qc100,1.5,3.5,0.1252520852,0.2396611942,0.3352793715,-0.3495448477,0.3117113706,nan,nan
jkt_qc100,1.5,4.5,0.1268368768,0.2454730864,0.3346399077,-0.3605439038,0.3155052594,nan,nan
jkt_qc100,1.5,5.5,0.1289430863,0.2531017795,0.333276792,-0.3747383149,0.3208195489,nan,nan
jkt_qc100,1.5,6.5,0.131729365,0.262875094,0.3307222738,-0.3924063545,0.3282804932,nan,nan
jkt_qc100,1.5,7.5,0.135401433,0.2752149527,0.3263138116,-0.4138445816,0.3387128054,nan,nan
jkt_qc100,1.5,8.5,0.1402896357,0.2907033574,0.3191302224,-0.4393174763,0.353372101,nan,nan
jkt_qc100,1.5,9.5,0.1469452529,0.3101366646,0.3079184139,-0.4689638377,0.3742052081,nan,nan
jkt_qc100,1.5,10.5,0.1562793734,0.3345933715,0.2910277026,-0.5026345789,0.4042702176,nan,nan
jkt_qc100,1.5,11.5,0.1698841171,0.3654867603,0.266393998,-0.5396336414,0.4485216402,nan,nan
jkt_qc100,1.5,12.5,0.1905634098,0.4045162751,0.2316585605,-0.5783498996,0.5151246103,nan,nan
jkt_qc100,1.5,13.5,0.2232473176,0.4532098739,0.1845561145,-0.615832099,0.6175472941,nan,nan
jkt_qc100,1.5,14.5,0.2761259413,0.5114201989,0.1237132899,-0.6475040558,0.7773175579,nan,nan
jkt_qc100,1.5,15.5,0.3609853319,0.5740087782,0.04984215188,-0.6674187787,1.026487099,nan,nan
jkt_qc100,1.5,16.5,0.4898103754,0.6237072034,-0.03311542366,-0.6695029614,1.399692196,nan,nan
jkt_qc100,1.5,17.5,0.6629068138,0.6366822297,-0.1178440881,-0.649768355,1.937254179,nan,nan
jkt_qc100,1.5,18.5,0.8647033728,0.5823950625,-0.1953223721,-0.6084380405,2.661692449,nan,nan
jkt_qc100,1.5,19.5,1.058455578,0.4438611782,-0.2578155981,-0.5503695796,3.566399921,nan,nan
jkt_qc100,1.5,20.5,1.200777968,0.2295557401,-0.3013433182,-0.483217836,4.608479957,nan,nan
jkt_qc100,1.5,21.5,1.260638781,-0.02791415125,-0.3261254551,-0.4146256895,5.713789981,nan,nan
jkt_qc100,1.5,22.5,1.23092643,-0.2864557397,-0.3352504234,-0.3502229043,6.795337348,nan,nan
jkt_qc100,1.5,23.5,1.126332278,-0.5106215107,-0.3328717532,-0.2930977005,7.774692537,nan,nan
jkt_qc100,1.5,24.5,0.9729058699,-0.6803077064,-0.3229133573,-0.2442769659,8.596606557,nan,nan
jkt_qc100,1.5,25.5,0.7975123951,-0.7906796426,-0.3084902179,-0.2035048585,9.23412093,nan,nan
jkt_qc100,1.5,26.5,0.621500517,-0.8474133619,-0.2918234213,-0.169900222,9.685182898,nan,nan
jkt_qc100,1.5,27.5,0.4587596644,-0.8612614058,-0.2743809752,-0.1423798369,9.965070705,nan,nan
jkt_qc100,1.5,28.5,0.3164920576,-0.8439984963,-0.2570737157,-0.1198840193,10.09831023,nan,nan
jkt_qc100,1.5,29.5,0.1970730081,-0.8061240719,-0.2404303579,-0.1014747988,10.11210625,nan,nan
jkt_qc100,2,0.5,0.1195113793,0.189700589,0.3216046733,-0.2397687249,0.3123894998,nan,nan
jkt_qc100,2,1.5,0.11980099,0.1905969274,0.3221327765,-0.2415597551,0.3126034147,nan,nan
jkt_qc100,2,2.5,0.1203858368,0.1924080428,0.3231703604,-0.2451909457,0.3130428437,nan,nan
jkt_qc100,2,3.5,0.1212835218,0.1951894805,0.3246769945,-0.2507625135,0.3137823576,nan,nan
jkt_qc100,2,4.5,0.1225322259,0.1990371107,0.3265835708,-0.2584296149,0.3149738763,nan,nan
jkt_qc100,2,5.5,0.1241566585,0.2040335645,0.32878067,-0.2684078964,0.3166688177,nan,nan
jkt_qc100,2,6.5,0.1262274606,0.2103566009,0.3311003525,-0.2809802069,0.3191437407,nan,nan
jkt_qc100,2,7.5,0.1288316233,0.2182209006,0.3332885963,-0.2965031975,0.3227106631,nan,nan
jkt_qc100,2,8.5,0.1320971688,0.2279189229,0.3349643818,-0.3154110272,0.3278296262,nan,nan
jkt_qc100,2,9.5,0.1362244866,0.2398480737,0.3355600851,-0.3382104521,0.3351921,nan,nan
jkt_qc100,2,10.5,0.1415128032,0.2545478225,0.3342370248,-0.3654561098,0.3458212712,nan,nan
jkt_qc100,2,11.5,0.1484511841,0.2727570545,0.3297715806,-0.3976852413,0.3613081168,nan,nan
jkt_qc100,2,12.5,0.1578447601,0.2954902317,0.320415915,-0.4352759442,0.3841743973,nan,nan
jkt_qc100,2,13.5,0.1710837604,0.3241220999,0.3037628298,-0.4781737077,0.418559055,nan,nan
jkt_qc100,2,14.5,0.1906536186,0.3604259956,0.2767031862,-0.5254201128,0.4714722331,nan,nan
jkt_qc100,2,15.5,0.2210486316,0.4064236313,0.2356707295,-0.5744571531,0.5551738194,nan,nan
jkt_qc100,2,16.5,0.2716244548,0.4622536082,0.1774897435,-0.6203597448,0.6904264586,nan,nan
jkt_qc100,2,17.5,0.3529531573,0.5235380799,0.1010908634,-0.6555519967,0.9061301026,nan,nan
jkt_qc100,2,18.5,0.4795129502,0.5749493508,0.009761593611,-0.6709989294,1.244628132,nan,nan
jkt_qc100,2,19.5,0.6551991076,0.5868903033,-0.08762773,-0.6594978091,1.748075386,nan,nan
jkt_qc100,2,20.5,0.8608607104,0.5248803216,-0.1785093009,-0.6197217846,2.444169311,nan,nan
jkt_qc100,2,21.5,1.052467188,0.3707823121,-0.2515181592,-0.5577104162,3.326633925,nan,nan
jkt_qc100,2,22.5,1.180205442,0.1392917768,-0.3009293783,-0.4840596932,4.347207143,nan,nan
jkt_qc100,2,23.5,1.213777273,-0.1273736041,-0.327397668,-0.4091796213,5.423838445,nan,nan
jkt_qc100,2,24.5,1.153437333,-0.3810539087,-0.3355387519,-0.3401841655,6.463185733,nan,nan
jkt_qc100,2,25.5,1.022591201,-0.5868399254,-0.3310113379,-0.2804430323,7.385493009,nan,nan
jkt_qc100,2,26.5,0.8528980262,-0.7297357831,-0.3187392944,-0.2306285696,8.14003462,nan,nan
jkt_qc100,2,27.5,0.6725458502,-0.811097756,-0.3023349025,-0.1899643335,8.70792022,nan,nan
jkt_qc100,2,28.5,0.5010610343,-0.8414207476,-0.2841841579,-0.1571134593,9.095249054,nan,nan
jkt_qc100,2,29.5,0.3492199146,-0.8340069543,-0.2657475886,-0.1306662011,9.322288328,nan,nan
jkt_qc100,2.5,0.5,0.1147559974,0.1599087831,0.2952370707,-0.1760630647,0.3278497925,nan,nan
jkt_qc100,2.5,1.5,0.1150025067,0.1605518063,0.2958861551,-0.1772703642,0.3278250385,nan,nan
jkt_qc100,2.5,2.5,0.1155005476,0.1618476908,0.2971826538,-0.1797179417,0.3277759927,nan,nan
jkt_qc100,2.5,3.5,0.1162600701,0.1638304854,0.2991220907,-0.1834734118,0.3277405639,nan,nan
jkt_qc100,2.5,4.5,0.1173025159,0.1665602821,0.3016947002,-0.1886424326,0.3278068925,nan,nan
jkt_qc100,2.5,5.5,0.1186478385,0.1700797478,0.3048811271,-0.1953740413,0.3279688569,nan,nan
jkt_qc100,2.5,6.5,0.1203337113,0.1744944707,0.3086454952,-0.2038681596,0.3283666193,nan,nan
jkt_qc100,2.5,7.5,0.1224081559,0.1799261735,0.3129245069,-0.2143855153,0.3291369981,nan,nan
jkt_qc100,2.5,8.5,0.1249368122,0.1865373696,0.3176104559,-0.2272600894,0.3304761612,nan,nan
jkt_qc100,2.5,9.5,0.128017264,0.1945449859,0.322524837,-0.2429137392,0.332677335,nan,nan
jkt_qc100,2.5,10.5,0.1317822521,0.204235979,0.3273774588,-0.2618714897,0.3361479204,nan,nan
jkt_qc100,2.5,11.5,0.1364344234,0.2159970904,0.3317034744,-0.2847733709,0.3415029684,nan,nan
jkt_qc100,2.5,12.5,0.1422775635,0.2303532629,0.3347677151,-0.3123731183,0.3496627415,nan,nan
jkt_qc100,2.5,13.5,0.1497916442,0.2480251908,0.3354234443,-0.3455029021,0.3620563151,nan,nan
jkt_qc100,2.5,14.5,0.1597646926,0.2700103366,0.3319156205,-0.3849623825,0.3809754188,nan,nan
jkt_qc100,2.5,15.5,0.1734877402,0.2977028974,0.321639282,-0.431255957,0.4101978505,nan,nan
jkt_qc100,2.5,16.5,0.1941515845,0.3331283579,0.3009293783,-0.4840596932,0.4576239679,nan,nan
jkt_qc100,2.5,17.5,0.2255549588,0.3777088917,0.2651137911,-0.5412941144,0.5327476715,nan,nan
jkt_qc100,2.5,18.5,0.2767116379,0.4325892881,0.2093197327,-0.5978542659,0.657212348,nan,nan
jkt_qc100,2.5,19.5,0.3613224523,0.4929255232,0.1306713857,-0.6446538391,0.8633454117,nan,nan
jkt_qc100,2.5,20.5,0.4945631899,0.5410206539,0.03182275162,-0.6696286274,1.19554504,nan,nan
jkt_qc100,2.5,21.5,0.6793296423,0.5421378737,-0.07644017107,-0.6623187528,1.699407315,nan,nan
jkt_qc100,2.5,22.5,0.8889843223,0.4579304446,-0.1774897435,-0.6203597448,2.401816373,nan,nan
jkt_qc100,2.5,23.5,1.069254026,0.2750253017,-0.2564416457,-0.5520080418,3.290215113,nan,nan
jkt_qc100,2.5,24.5,1.166963222,0.02100571635,-0.3068204938,-0.4714701562,4.305138156,nan,nan
jkt_qc100,2.5,25.5,1.159512303,-0.2504363238,-0.3308502191,-0.3916567668,5.35343445,nan,nan
jkt_qc100,2.5,26.5,1.060005731,-0.4885818105,-0.33522451,-0.3203366894,6.33665555,nan,nan
jkt_qc100,2.5,27.5,0.9018669856,-0.6643879545,-0.3270403751,-0.2603897992,7.180063782,nan,nan
jkt_qc100,2.5,28.5,0.7202007076,-0.7720130052,-0.311868288,-0.2116926625,7.845773952,nan,nan
jkt_qc100,2.5,29.5,0.5411684718,-0.8202231037,-0.2934499253,-0.1727986002,8.326384517,nan,nan
jkt_qc100,3,0.5,0.1096573574,0.1375699599,0.2674551323,-0.1329000664,0.3469963845,nan,nan
jkt_qc100,3,1.5,0.1098704156,0.1380525289,0.2680785643,-0.1337254214,0.3468578588,nan,nan
jkt_qc100,3,2.5,0.1103014866,0.1390237247,0.2693293237,-0.1353974057,0.3465803543,nan,nan
jkt_qc100,3,3.5,0.1109565436,0.1405055724,0.2712148753,-0.1379596614,0.3461825252,nan,nan
jkt_qc100,3,4.5,0.1118477706,0.1425379962,0.2737455232,-0.1414804682,0.3457172343,nan,nan
jkt_qc100,3,5.5,0.1129939561,0.1451460188,0.2769330998,-0.1460563583,0.3451691656,nan,nan
jkt_qc100,3,6.5,0.1144175309,0.1483967387,0.2807887632,-0.1518173455,0.3446135574,nan,nan
jkt_qc100,3,7.5,0.1161494862,0.1523652887,0.285319383,-0.1589341488,0.3441159001,nan,nan
jkt_qc100,3,8.5,0.1182301018,0.1571501887,0.2905216639,-0.1676279111,0.3437677079,nan,nan
jkt_qc100,3,9.5,0.1207170736,0.1628809301,0.2963726232,-0.1781830229,0.343709433,nan,nan
jkt_qc100,3,10.5,0.1236836332,0.1697244584,0.3028141655,-0.1909636879,0.344123062,nan,nan
jkt_qc100,3,11.5,0.1272359248,0.1779013087,0.309728082,-0.2064346676,0.3452831182,nan,nan
jkt_qc100,3,12.5,0.131521345,0.1877031962,0.3168955198,-0.2251858253,0.3475806143,nan,nan
jkt_qc100,3,13.5,0.1367552617,0.1995216451,0.3239314243,-0.2479578418,0.3515969616,nan,nan
jkt_qc100,3,14.5,0.1432623686,0.2138889002,0.3301793347,-0.2756609785,0.3582158299,nan,nan
jkt_qc100,3,15.5,0.1515186554,0.2315274421,0.3345457874,-0.3093663412,0.3687494251,nan,nan
jkt_qc100,3,16.5,0.1626861701,0.2537454811,0.3352504234,-0.3502229043,0.3865304109,nan,nan
jkt_qc100,3,17.5,0.1779347981,0.2814258356,0.3294819644,-0.3992036004,0.4137821574,nan,nan
jkt_qc100,3,18.5,0.2001351198,0.316807268,0.3130210083,-0.4565059424,0.4583229665,nan,nan
jkt_qc100,3,19.5,0.2345889109,0.3618774608,0.280100448,-0.520371117,0.5325449454,nan,nan
jkt_qc100,3,20.5,0.2910663579,0.4171263803,0.2242052113,-0.5852493905,0.6586660808,nan,nan
jkt_qc100,3,21.5,0.3852909859,0.4759686808,0.1409261204,-0.6401149966,0.8728791592,nan,nan
jkt_qc100,3,22.5,0.5331978449,0.5153305568,0.03311542366,-0.6695029614,1.223743103,nan,nan
jkt_qc100,3,23.5,0.7317998118,0.4932349293,-0.08515426124,-0.6601568096,1.757808685,nan,nan
jkt_qc100,3,24.5,0.9404833396,0.3713191714,-0.1924276484,-0.610487076,2.495313087,nan,nan
jkt_qc100,3,25.5,1.094227257,0.1500649241,-0.2713723531,-0.5329649635,3.410319162,nan,nan
jkt_qc100,3,26.5,1.143915016,-0.1241932268,-0.3169403003,-0.4458264731,4.424835103,nan,nan
jkt_qc100,3,27.5,1.083508442,-0.3880412579,-0.3344191994,-0.3633434649,5.431786641,nan,nan
jkt_qc100,3,28.5,0.9431763422,-0.5956729613,-0.332799388,-0.2925343503,6.33829071,nan,nan
jkt_qc100,3,29.5,0.7636209468,-0.7306237457,-0.3201223814,-0.2349265374,7.084013373,nan,nan
jkt_qc100,3.5,0.5,0.104605767,0.1202135593,0.2419473156,-0.1030429732,0.3671920717,nan,nan
jkt_qc100,3.5,1.5,0.1047919201,0.120587992,0.2425021742,-0.1036216916,0.3669983266,nan,nan
jkt_qc100,3.5,2.5,0.1051687691,0.1213413504,0.2436170608,-0.1047929408,0.3666129394,nan,nan
jkt_qc100,3.5,3.5,0.1057402335,0.1224883103,0.2453022791,-0.106585029,0.366043254,nan,nan
jkt_qc100,3.5,4.5,0.1065132986,0.1240557088,0.2475731692,-0.10904218,0.3653173799,nan,nan
jkt_qc100,3.5,5.5,0.1075051791,0.126061207,0.250449887,-0.1122268011,0.364428985,nan,nan
jkt_qc100,3.5,6.5,0.1087302926,0.1285492628,0.2539569514,-0.1162227845,0.3634167995,nan,nan
jkt_qc100,3.5,7.5,0.1102106526,0.1315694235,0.2581223746,-0.1211401083,0.3623142106,nan,nan
jkt_qc100,3.5,8.5,0.1119738932,0.1351856668,0.2629760662,-0.1271211263,0.3611661104,nan,nan
jkt_qc100,3.5,9.5,0.1140586005,0.1394809865,0.2685469962,-0.1343490717,0.3600458209,nan,nan
jkt_qc100,3.5,10.5,0.1165114347,0.1445599844,0.2748582621,-0.1430594937,0.3590396478,nan,nan
jkt_qc100,3.5,11.5,0.1193974587,0.1505584539,0.2819186195,-0.1535555469,0.3582818523,nan,nan
jkt_qc100,3.5,12.5,0.1228020074,0.1576517693,0.2897080516,-0.166228257,0.3579552418,nan,nan
jkt_qc100,3.5,13.5,0.1268425164,0.1660698104,0.2981532712,-0.1815829149,0.3583246081,nan,nan
jkt_qc100,3.5,14.5,0.1316848068,0.1761170311,0.3070861994,-0.2002722571,0.359778062,nan,nan
jkt_qc100,3.5,15.5,0.1375551945,0.1881897736,0.3161737398,-0.2231351264,0.3628378317,nan,nan
jkt_qc100,3.5,16.5,0.1449464519,0.2030794325,0.3247996968,-0.2512336619,0.3691925147,nan,nan
jkt_qc100,3.5,17.5,0.1543904471,0.2211715286,0.3318692238,-0.2858677688,0.3792045207,nan,nan
jkt_qc100,3.5,18.5,0.1668422496,0.2438036534,0.3354962332,-0.328512304,0.3958514469,nan,nan
jkt_qc100,3.5,19.5,0.1841236432,0.2724846458,0.3325420196,-0.3805520816,0.4234442829,nan,nan
jkt_qc100,3.5,20.5,0.2095128349,0.3092280969,0.3180559387,-0.4425656103,0.4697185787,nan,nan
jkt_qc100,3.5,21.5,0.2494266114,0.3560667204,0.2849650255,-0.5127779032,0.549176832,nan,nan
jkt_qc100,3.5,22.5,0.3158572466,0.4124379385,0.2250480305,-0.5844899832,0.6879631527,nan,nan
jkt_qc100,3.5,23.5,0.4270954587,0.4675181569,0.1329694807,-0.6436721696,0.9282144351,nan,nan
jkt_qc100,3.5,24.5,0.5971356122,0.4887627286,0.01366345558,-0.6708626561,1.322528999,nan,nan
jkt_qc100,3.5,25.5,0.8089150944,0.4270322927,-0.113104215,-0.6515055529,1.913542112,nan,nan
jkt_qc100,3.5,26.5,1.00290251,0.2531371037,-0.2207973546,-0.5882680527,2.709885115,nan,nan
jkt_qc100,3.5,27.5,1.107965783,-0.008065067684,-0.292469176,-0.5000980398,3.6576894,nan,nan
jkt_qc100,3.5,28.5,1.092427341,-0.2883305393,-0.3275706895,-0.4084057879,4.657212825,nan,nan
jkt_qc100,3.5,29.5,0.9759794138,-0.5251688205,-0.3354507292,-0.3266067402,5.60375385,nan,nan
jkt_qc100,4,0.5,0.09977430298,0.1063599315,0.2195977606,-0.08182972857,0.3872473602,nan,nan
jkt_qc100,4,1.5,0.09993842704,0.1066581665,0.2200786687,-0.08224672481,0.3870287121,nan,nan
jkt_qc100,4,2.5,0.1002704645,0.1072582849,0.2210454553,-0.08308988262,0.386595486,nan,nan
jkt_qc100,4,3.5,0.100773315,0.1081703801,0.2225081184,-0.08437795908,0.3859488624,nan,nan
jkt_qc100,4,4.5,0.1014515713,0.1094126141,0.2244817918,-0.08614018829,0.3851010478,nan,nan
jkt_qc100,4,5.5,0.1023195714,0.1109990514,0.2269868847,-0.08841769438,0.3840546346,nan,nan
jkt_qc100,4,6.5,0.1033875175,0.1129600363,0.2300492199,-0.09126554431,0.3828272066,nan,nan
jkt_qc100,4,7.5,0.1046718734,0.1153300085,0.2337001129,-0.09475560851,0.3814364801,nan,nan
jkt_qc100,4,8.5,0.1061928428,0.1181528446,0.2379762868,-0.09898047189,0.3799047526,nan,nan
jkt_qc100,4,9.5,0.1079782366,0.1214848939,0.2429194495,-0.1040587395,0.3782732709,nan,nan
jkt_qc100,4,10.5,0.1100606776,0.1253958351,0.2485752295,-0.1101422207,0.3765842688,nan,nan
jkt_qc100,4,11.5,0.1124845284,0.1299747354,0.2549909522,-0.1174256682,0.374908145,nan,nan
jkt_qc100,4,12.5,0.1153056867,0.1353341175,0.2622113594,-0.1261600039,0.373335276,nan,nan
jkt_qc100,4,13.5,0.1185976045,0.1416182723,0.2702707172,-0.1366702948,0.3719936296,nan,nan
jkt_qc100,4,14.5,0.1224589673,0.1490137497,0.2791785978,-0.1493801083,0.3710663494,nan,nan
jkt_qc100,4,15.5,0.1270183067,0.1577546616,0.2888945643,-0.1648441657,0.3707748657,nan,nan
jkt_qc100,4,16.5,0.1325017745,0.1683387677,0.2992833668,-0.1837910029,0.3720695995,nan,nan
jkt_qc100,4,17.5,0.1392584993,0.1809554254,0.3100359353,-0.2071755361,0.3749734014,nan,nan
jkt_qc100,4,18.5,0.1476364399,0.1963453019,0.32053086,-0.2362351388,0.3806314101,nan,nan
jkt_qc100,4,19.5,0.1584076873,0.2153815477,0.3295949258,-0.272525049,0.39082091,nan,nan
jkt_qc100,4,20.5,0.1727956976,0.2392860529,0.3351029923,-0.3178638393,0.4083606709,nan,nan
jkt_qc100,4,21.5,0.193030654,0.2697794259,0.3333607721,-0.374017002,0.4383817832,nan,nan
jkt_qc100,4,22.5,0.2233611779,0.3090354976,0.3183283611,-0.4417523642,0.490400998,nan,nan
jkt_qc100,4,23.5,0.2721460715,0.3587551065,0.281205322,-0.5186854802,0.5824828155,nan,nan
jkt_qc100,4,24.5,0.3548057318,0.415819814,0.2120227307,-0.5956741066,0.7473917372,nan,nan
jkt_qc100,4,25.5,0.491805793,0.4605884813,0.1059233865,-0.6539849424,1.034399785,nan,nan
jkt_qc100,4,26.5,0.6876503948,0.4478655891,-0.02664520509,-0.6700814162,1.497482972,nan,nan
jkt_qc100,4,27.5,0.9025768576,0.3269032258,-0.1574990637,-0.6318837924,2.172948514,nan,nan
jkt_qc100,4,28.5,1.055170275,0.09299545971,-0.2571304375,-0.5511892962,3.033129242,nan,nan
jkt_qc100,4,29.5,1.087398058,-0.1928125038,-0.3139660072,-0.4540309548,4.002415842,nan,nan
jkt_qc200,-6,0.5,-0.6409462502,-0.4240461663,-0.15695205,-0.03896704063,22.58407576,nan,nan
jkt_qc200,-6,1.5,-0.6394493148,-0.4221161351,-0.1566852392,-0.03882600732,22.52988325,nan,nan
jkt_qc200,-6,2.5,-0.6364695093,-0.418291962,-0.1561541305,-0.03854618167,22.4222413,nan,nan
jkt_qc200,-6,3.5,-0.632034478,-0.4126444701,-0.1553636967,-0.03813196867,22.26260955,nan,nan
jkt_qc200,-6,4.5,-0.6261843529,-0.4052745305,-0.1543212666,-0.03758978776,22.05300801,nan,nan
jkt_qc200,-6,5.5,-0.6189751566,-0.396318632,-0.1530363732,-0.0369278595,21.79644522,nan,nan
jkt_qc200,-6,6.5,-0.6104700725,-0.3859222925,-0.1515205585,-0.03615594016,21.49573451,nan,nan
jkt_qc200,-6,7.5,-0.6007478477,-0.3742606228,-0.1497871425,-0.03528501872,21.15469462,nan,nan
jkt_qc200,-6,8.5,-0.5898971179,-0.3615186156,-0.1478509627,-0.03432699181,20.77737366,nan,nan
jkt_qc200,-6,9.5,-0.5780137153,-0.3478862285,-0.1457280922,-0.03329433221,20.36790447,nan,nan
jkt_qc200,-6,10.5,-0.5652034021,-0.3335570479,-0.1434355466,-0.0321997656,19.93075481,nan,nan
jkt_qc200,-6,11.5,-0.5515754029,-0.318718875,-0.1409909875,-0.03105596824,19.47025265,nan,nan
jkt_qc200,-6,12.5,-0.5372440848,-0.3035526921,-0.1384124304,-0.02987529594,18.99078797,nan,nan
jkt_qc200,-6,13.5,-0.5223253315,-0.2882275563,-0.1357179674,-0.02866955169,18.49660334,nan,nan
jkt_qc200,-6,14.5,-0.506934469,-0.2728977204,-0.1329255085,-0.02744979638,17.99171908,nan,nan
jkt_qc200,-6,15.5,-0.4911878229,-0.2577064672,-0.1300525494,-0.02622620432,17.48024092,nan,nan
jkt_qc200,-6,16.5,-0.4751960065,-0.2427753294,-0.1271159683,-0.02500796271,16.96576213,nan,nan
jkt_qc200,-6,17.5,-0.4590508455,-0.2281855554,-0.1241318549,-0.02380321238,16.45015472,nan,nan
jkt_qc200,-6,18.5,-0.4428603487,-0.2140406303,-0.1211153732,-0.02261902535,15.93740788,nan,nan
jkt_qc200,-6,19.5,-0.4267126748,-0.2004051121,-0.1180806566,-0.02146141432,15.4298505,nan,nan
jkt_qc200,-6,20.5,-0.4106895781,-0.187330722,-0.1150407353,-0.02033536796,14.92967852,nan,nan
jkt_qc200,-6,21.5,-0.3948636594,-0.1748545562,-0.1120074923,-0.01924490672,14.438741,nan,nan
jkt_qc200,-6,22.5,-0.3792984513,-0.1630005207,-0.108991647,-0.01819315321,13.9585678,nan,nan
jkt_qc200,-6,23.5,-0.36404968,-0.1517818216,-0.1060027603,-0.01718241252,13.49048844,nan,nan
jkt_qc200,-6,24.5,-0.3491633274,-0.141201186,-0.1030492603,-0.0162142578,13.03548277,nan,nan
jkt_qc200,-6,25.5,-0.334677453,-0.1312533789,-0.1001384838,-0.01528961763,12.59431797,nan,nan
jkt_qc200,-6,26.5,-0.3206223941,-0.1219264585,-0.09727672897,-0.01440886219,12.16754808,nan,nan
jkt_qc200,-6,27.5,-0.3070213787,-0.1132031609,-0.09446931864,-0.01357188589,11.75554041,nan,nan
jkt_qc200,-6,28.5,-0.2938911171,-0.1050620869,-0.0917206687,-0.01277818499,11.35849466,nan,nan
jkt_qc200,-6,29.5,-0.2812424666,-0.09747877572,-0.08903436056,-0.01202692892,10.9764647,nan,nan
jkt_qc200,-5.5,0.5,-0.7215231213,-0.5769163445,-0.1693481936,-0.04586591423,27.72446304,nan,nan
jkt_qc200,-5.5,1.5,-0.7198502942,-0.5741030179,-0.1690414722,-0.04568683649,27.64888952,nan,nan
jkt_qc200,-5.5,2.5,-0.7165170943,-0.5685318341,-0.1684310498,-0.04533173763,27.49886949,nan,nan
jkt_qc200,-5.5,3.5,-0.7115482295,-0.5603121896,-0.1675229031,-0.04480661867,27.27662741,nan,nan
jkt_qc200,-5.5,4.5,-0.7049801418,-0.549599707,-0.1663258391,-0.0441202074,26.98524688,nan,nan
jkt_qc200,-5.5,5.5,-0.6968650105,-0.5366045147,-0.1648513103,-0.04328364883,26.62927573,nan,nan
jkt_qc200,-5.5,6.5,-0.6872637267,-0.5215497502,-0.1631131772,-0.04231012195,26.21299233,nan,nan
jkt_qc200,-5.5,7.5,-0.6762540632,-0.5047032007,-0.1611274253,-0.04121440479,25.74213736,nan,nan
jkt_qc200,-5.5,8.5,-0.6639265434,-0.4863463348,-0.1589118444,-0.04001241137,25.22276144,nan,nan
jkt_qc200,-5.5,9.5,-0.6503818124,-0.4667668191,-0.1564856818,-0.03872072396,24.6610309,nan,nan
jkt_qc200,-5.5,10.5,-0.6357343559,-0.4462557061,-0.1538692792,-0.03735614231,24.06352505,nan,nan
jkt_qc200,-5.5,11.5,-0.6201053683,-0.4250934721,-0.1510837056,-0.03593526809,23.43659544,nan,nan
jkt_qc200,-5.5,12.5,-0.6036247756,-0.4035479802,-0.148150396,-0.03447413909,22.786606,nan,nan
jkt_qc200,-5.5,13.5,-0.5864269143,-0.3818669815,-0.1450908076,-0.0329879228,22.11964637,nan,nan
jkt_qc200,-5.5,14.5,-0.5686478251,-0.3602739402,-0.1419261018,-0.03149067464,21.44142424,nan,nan
jkt_qc200,-5.5,15.5,-0.5504265162,-0.3389739662,-0.1386768594,-0.02999516177,20.75769176,nan,nan
jkt_qc200,-5.5,16.5,-0.5318970539,-0.3181378933,-0.1353628343,-0.02851274998,20.07340685,nan,nan
jkt_qc200,-5.5,17.5,-0.5131728118,-0.2978754031,-0.1320027497,-0.02705334827,19.39107018,nan,nan
jkt_qc200,-5.5,18.5,-0.4943856752,-0.2783284679,-0.128614137,-0.02562540373,18.71607813,nan,nan
jkt_qc200,-5.5,19.5,-0.4756449254,-0.2595805183,-0.1252132173,-0.02423593845,18.05145736,nan,nan
jkt_qc200,-5.5,20.5,-0.4570520086,-0.2416957724,-0.1218148241,-0.02289061944,17.40000722,nan,nan
jkt_qc200,-5.5,21.5,-0.4386971277,-0.2247170145,-0.1184323625,-0.02159385328,16.76402196,nan,nan
jkt_qc200,-5.5,22.5,-0.4206591406,-0.2086679881,-0.1150778013,-0.02034889716,16.1453319,nan,nan
jkt_qc200,-5.5,23.5,-0.4030069051,-0.1935572223,-0.1117616942,-0.01915797965,15.5454626,nan,nan
jkt_qc200,-5.5,24.5,-0.3857970098,-0.1793787748,-0.1084932234,-0.01802242514,14.96546406,nan,nan
jkt_qc200,-5.5,25.5,-0.3690758915,-0.1661159446,-0.1052802624,-0.01694277712,14.40608964,nan,nan
jkt_qc200,-5.5,26.5,-0.352880125,-0.1537432361,-0.1021294517,-0.01591891687,13.86780496,nan,nan
jkt_qc200,-5.5,27.5,-0.3372372214,-0.1422284349,-0.09904628514,-0.01495017475,13.3508291,nan,nan
jkt_qc200,-5.5,28.5,-0.3221664209,-0.131534355,-0.09603520147,-0.01403543239,12.8551657,nan,nan
jkt_qc200,-5.5,29.5,-0.3076795778,-0.1216203833,-0.09309967909,-0.01317321492,12.38063593,nan,nan
jkt_qc200,-5,0.5,-0.7962762818,-0.8071471562,-0.1836433701,-0.05470991216,35.0111739,nan,nan
jkt_qc200,-5,1.5,-0.7946038704,-0.8029433115,-0.1832886967,-0.05447832498,34.90211523,nan,nan
jkt_qc200,-5,2.5,-0.7912615094,-0.794622873,-0.1825829739,-0.05401941255,34.6857757,nan,nan
jkt_qc200,-5,3.5,-0.7862547643,-0.7823578422,-0.1815333754,-0.05334153111,34.36567492,nan,nan
jkt_qc200,-5,4.5,-0.7795939326,-0.7663926926,-0.180150476,-0.05245680679,33.94669926,nan,nan
jkt_qc200,-5,5.5,-0.7712984376,-0.7470570161,-0.1784480349,-0.05138067573,33.43597994,nan,nan
jkt_qc200,-5,6.5,-0.7613981782,-0.7246996916,-0.1764427118,-0.05013131752,32.84027143,nan,nan
jkt_qc200,-5,7.5,-0.7499376605,-0.6997385304,-0.1741537275,-0.04872901637,32.16852032,nan,nan
jkt_qc200,-5,8.5,-0.7369786276,-0.6726108536,-0.1716024747,-0.04719548669,31.43009983,nan,nan
jkt_qc200,-5,9.5,-0.7225984891,-0.6437618325,-0.1688120931,-0.04555319889,30.63453425,nan,nan
jkt_qc200,-5,10.5,-0.7068961666,-0.6136390291,-0.165807021,-0.04382473808,29.79184998,nan,nan
jkt_qc200,-5,11.5,-0.6899852528,-0.5826711352,-0.1626125384,-0.04203222265,28.91167827,nan,nan
jkt_qc200,-5,12.5,-0.6719967015,-0.5512641331,-0.1592543159,-0.04019680294,28.00354176,nan,nan
jkt_qc200,-5,13.5,-0.6530738514,-0.5197899678,-0.1557579838,-0.03833825302,27.07644836,nan,nan
jkt_qc200,-5,14.5,-0.6333687689,-0.4885803204,-0.1521487344,-0.03647466102,26.13873293,nan,nan
jkt_qc200,-5,15.5,-0.6130421257,-0.4579359492,-0.1484509668,-0.03462221733,25.19866663,nan,nan
jkt_qc200,-5,16.5,-0.5922545481,-0.4281026223,-0.1446879828,-0.0327950946,24.26325016,nan,nan
jkt_qc200,-5,17.5,-0.5711484433,-0.3992312575,-0.140881738,-0.03100540927,23.33587163,nan,nan
jkt_qc200,-5,18.5,-0.5498853646,-0.3715207415,-0.1370526498,-0.02926325246,22.42397179,nan,nan
jkt_qc200,-5,19.5,-0.5286047659,-0.3450799857,-0.1332194615,-0.02757677622,21.53151464,nan,nan
jkt_qc200,-5,20.5,-0.5074371511,-0.3199885397,-0.1293991597,-0.02595232165,20.66207593,nan,nan
jkt_qc200,-5,21.5,-0.4864997246,-0.2962938593,-0.1256069393,-0.02439457581,19.81847658,nan,nan
jkt_qc200,-5,22.5,-0.4658957361,-0.2740153446,-0.1218562101,-0.02290674587,19.00284916,nan,nan
jkt_qc200,-5,23.5,-0.4457156352,-0.253150359,-0.1181586394,-0.02149074086,18.21686022,nan,nan
jkt_qc200,-5,24.5,-0.4260342575,-0.233675933,-0.1145242224,-0.02014735288,17.46151721,nan,nan
jkt_qc200,-5,25.5,-0.4069131577,-0.2155543757,-0.1109613741,-0.01887643188,16.73741055,nan,nan
jkt_qc200,-5,26.5,-0.3884009543,-0.1987363853,-0.1074770374,-0.01767704957,16.04473996,nan,nan
jkt_qc200,-5,27.5,-0.370534329,-0.1831642144,-0.1040768002,-0.01654764953,15.38337992,nan,nan
jkt_qc200,-5,28.5,-0.3533390738,-0.1687742811,-0.1007650183,-0.015486182,14.7529298,nan,nan
jkt_qc200,-5,29.5,-0.3368312692,-0.1554994236,-0.09754493894,-0.01449022268,14.15276443,nan,nan
jkt_qc200,-4.5,0.5,-0.8270002298,-1.156831822,-0.2002145394,-0.06627197666,45.46509892,nan,nan
jkt_qc200,-4.5,1.5,-0.8258968017,-1.150459103,-0.1998026125,-0.06596621125,45.30252441,nan,nan
jkt_qc200,-4.5,2.5,-0.823659253,-1.137850335,-0.198983058,-0.06536076822,44.98028139,nan,nan
jkt_qc200,-4.5,3.5,-0.8202291323,-1.119275029,-0.1977643951,-0.06446756639,44.50413234,nan,nan
jkt_qc200,-4.5,4.5,-0.8155282626,-1.095116334,-0.1961592038,-0.06330385975,43.88208788,nan,nan
jkt_qc200,-4.5,5.5,-0.809462668,-1.065890934,-0.1941838869,-0.06189153697,43.12570893,nan,nan
jkt_qc200,-4.5,6.5,-0.8019505818,-1.032145181,-0.1918583529,-0.06025626273,42.24603411,nan,nan
jkt_qc200,-4.5,7.5,-0.7929118012,-0.9945333182,-0.1892056267,-0.05842651621,41.25747295,nan,nan
jkt_qc200,-4.5,8.5,-0.7822912911,-0.9537390902,-0.186251393,-0.05643258487,40.17503187,nan,nan
jkt_qc200,-4.5,9.5,-0.7700614572,-0.9104574671,-0.1830234857,-0.05430556998,39.01389668,nan,nan
jkt_qc200,-4.5,10.5,-0.7562329887,-0.8653846981,-0.1795513389,-0.05207645414,37.78983719,nan,nan
jkt_qc200,-4.5,11.5,-0.740851265,-0.8191853208,-0.1758654167,-0.04977527144,36.51790288,nan,nan
jkt_qc200,-4.5,12.5,-0.7240005177,-0.7724850322,-0.1719966445,-0.04743040925,35.21276202,nan,nan
jkt_qc200,-4.5,13.5,-0.7057985833,-0.7258530102,-0.167975859,-0.04506805848,33.88810742,nan,nan
jkt_qc200,-4.5,14.5,-0.6863916514,-0.679792172,-0.1638332994,-0.04271181754,32.55641917,nan,nan
jkt_qc200,-4.5,15.5,-0.6659497713,-0.6347537554,-0.1595981519,-0.04038244477,31.22986077,nan,nan
jkt_qc200,-4.5,16.5,-0.6446592665,-0.5911002029,-0.1552981621,-0.03809774661,29.9185065,nan,nan
jkt_qc200,-4.5,17.5,-0.6227040068,-0.5490448133,-0.1509593218,-0.03587258297,28.62697751,nan,nan
jkt_qc200,-4.5,18.5,-0.6002818424,-0.5088730713,-0.1466056315,-0.03371896823,27.36567241,nan,nan
jkt_qc200,-4.5,19.5,-0.5775795146,-0.4707300416,-0.1422589405,-0.0316462456,26.13976594,nan,nan
jkt_qc200,-4.5,20.5,-0.554775253,-0.4347149994,-0.1379388558,-0.02966131291,24.95376867,nan,nan
jkt_qc200,-4.5,21.5,-0.5320329582,-0.4008781302,-0.1336627166,-0.02776888049,23.81103886,nan,nan
jkt_qc200,-4.5,22.5,-0.5095000452,-0.3692273684,-0.1294456225,-0.02597174401,22.71389733,nan,nan
jkt_qc200,-4.5,23.5,-0.4873076056,-0.3397380282,-0.1253005066,-0.02427105887,21.66395137,nan,nan
jkt_qc200,-4.5,24.5,-0.4655665535,-0.3123562368,-0.1212382442,-0.0226666054,20.66188373,nan,nan
jkt_qc200,-4.5,25.5,-0.4443698291,-0.2870076021,-0.1172677868,-0.02115703756,19.70779145,nan,nan
jkt_qc200,-4.5,26.5,-0.4237926451,-0.2636022042,-0.1133963139,-0.01974010997,18.80124424,nan,nan
jkt_qc200,-4.5,27.5,-0.4038936393,-0.2420395056,-0.1096293935,-0.01841288078,17.94138915,nan,nan
jkt_qc200,-4.5,28.5,-0.384716224,-0.222212321,-0.105971147,-0.01717188909,17.12703142,nan,nan
jkt_qc200,-4.5,29.5,-0.3662901595,-0.2040101674,-0.1024244123,-0.01601330751,16.35671192,nan,nan
jkt_qc200,-4,0.5,-0.712950718,-1.669372027,-0.2194777917,-0.08172595214,60.07518284,nan,nan
jkt_qc200,-4,1.5,-0.7139703831,-1.659884062,-0.2189989473,-0.081312724,59.82831818,nan,nan
jkt_qc200,-4,2.5,-0.7158867758,-1.641108284,-0.2180461934,-0.08049519123,59.33942186,nan,nan
jkt_qc200,-4,3.5,-0.7184627699,-1.613440483,-0.2166293377,-0.07929079782,58.61808373,nan,nan
jkt_qc200,-4,4.5,-0.7213721184,-1.577445308,-0.2147629286,-0.07772473165,57.67765213,nan,nan
jkt_qc200,-4,5.5,-0.7242002134,-1.533888561,-0.2124660469,-0.07582883059,56.53716751,nan,nan
jkt_qc200,-4,6.5,-0.726545283,-1.483584191,-0.2097620064,-0.07364024839,55.21499908,nan,nan
jkt_qc200,-4,7.5,-0.7279651042,-1.427512731,-0.2066779601,-0.0711999703,53.73473348,nan,nan
jkt_qc200,-4,8.5,-0.7280577455,-1.36670524,-0.2032444072,-0.06855127359,52.12080302,nan,nan
jkt_qc200,-4,9.5,-0.7264749415,-1.302215865,-0.1994946093,-0.06573822362,50.39781265,nan,nan
jkt_qc200,-4,10.5,-0.7229450775,-1.235105503,-0.195463932,-0.06280428513,48.59097474,nan,nan
jkt_qc200,-4,11.5,-0.7172809554,-1.166390812,-0.1911891358,-0.05979111137,46.72416322,nan,nan
jkt_qc200,-4,12.5,-0.7093875244,-1.097030928,-0.1867076461,-0.0567375537,44.82030037,nan,nan
jkt_qc200,-4,13.5,-0.6992577961,-1.027898742,-0.1820568333,-0.05367891327,42.9004691,nan,nan
jkt_qc200,-4,14.5,-0.6869646929,-0.9597642174,-0.1772733365,-0.05064643719,40.9835558,nan,nan
jkt_qc200,-4,15.5,-0.6726445762,-0.8933152604,-0.1723924545,-0.04766704532,39.08758512,nan,nan
jkt_qc200,-4,16.5,-0.6564960414,-0.829099987,-0.1674476268,-0.04476326135,37.2271093,nan,nan
jkt_qc200,-4,17.5,-0.6387668281,-0.7674342785,-0.1624700167,-0.04195331449,35.40835528,nan,nan
jkt_qc200,-4,18.5,-0.6196973218,-0.7087406199,-0.1574882023,-0.03925137434,33.6457945,nan,nan
jkt_qc200,-4,19.5,-0.5995566651,-0.6532233607,-0.1525279741,-0.03666788144,31.9459891,nan,nan
jkt_qc200,-4,20.5,-0.5786107849,-0.6010143322,-0.1476122311,-0.03420993913,30.31437476,nan,nan
jkt_qc200,-4,21.5,-0.5571140213,-0.5521689421,-0.1427609658,-0.03188173634,28.7546194,nan,nan
jkt_qc200,-4,22.5,-0.5353030764,-0.5066775326,-0.1379913236,-0.02968497683,27.26882854,nan,nan
jkt_qc200,-4,23.5,-0.5133940505,-0.4644807911,-0.1333177208,-0.02761929587,25.85803162,nan,nan
jkt_qc200,-4,24.5,-0.4915763651,-0.4254761871,-0.1287520086,-0.02568265062,24.52197007,nan,nan
jkt_qc200,-4,25.5,-0.470013798,-0.3895315306,-0.1243036679,-0.02387167552,23.25958214,nan,nan
jkt_qc200,-4,26.5,-0.4488441644,-0.3564930673,-0.1199800225,-0.02218199778,22.06911692,nan,nan
jkt_qc200,-4,27.5,-0.4281803941,-0.3261932179,-0.1157864623,-0.02060851123,20.94830084,nan,nan
jkt_qc200,-4,28.5,-0.4081121896,-0.2984567401,-0.1117266653,-0.01914560912,19.89446537,nan,nan
jkt_qc200,-4,29.5,-0.3887081408,-0.2731058196,-0.1078028149,-0.0177873782,18.90466371,nan,nan
jkt_qc200,-3.5,0.5,-0.2389653203,-2.307233161,-0.2418088706,-0.1028990055,77.90978729,nan,nan
jkt_qc200,-3.5,1.5,-0.2456570701,-2.294564802,-0.2412561695,-0.102325961,77.54443456,nan,nan
jkt_qc200,-3.5,2.5,-0.2586997471,-2.269449792,-0.2401559521,-0.1011932975,76.82147718,nan,nan
jkt_qc200,-3.5,3.5,-0.2774328202,-2.232332573,-0.238518605,-0.09952722105,75.75629734,nan,nan
jkt_qc200,-3.5,4.5,-0.3009395121,-2.18385823,-0.2363597297,-0.09736547747,74.37034368,nan,nan
jkt_qc200,-3.5,5.5,-0.3280359945,-2.124926427,-0.2337001129,-0.09475560851,72.69385746,nan,nan
jkt_qc200,-3.5,6.5,-0.3575452527,-2.056521134,-0.230565608,-0.09175283175,70.75645919,nan,nan
jkt_qc200,-3.5,7.5,-0.3881391136,-1.979862117,-0.2269868847,-0.08841769438,68.59547678,nan,nan
jkt_qc200,-3.5,8.5,-0.4185540829,-1.896275012,-0.2229990165,-0.08481365768,66.24946207,nan,nan
jkt_qc200,-3.5,9.5,-0.4476323405,-1.807157299,-0.2186408946,-0.08100476234,63.75707123,nan,nan
jkt_qc200,-3.5,10.5,-0.4743731419,-1.713958135,-0.2139544787,-0.07705350467,61.15746124,nan,nan
jkt_qc200,-3.5,11.5,-0.4979718168,-1.618104415,-0.208983919,-0.07301902379,58.4874207,nan,nan
jkt_qc200,-3.5,12.5,-0.5178371064,-1.520975814,-0.2037745958,-0.06895566465,55.78176695,nan,nan
jkt_qc200,-3.5,13.5,-0.5335932665,-1.423855644,-0.1983721332,-0.06491194512,53.07203672,nan,nan
jkt_qc200,-3.5,14.5,-0.5450675851,-1.327897781,-0.1928214453,-0.06092992209,50.38596088,nan,nan
jkt_qc200,-3.5,15.5,-0.552245582,-1.234146966,-0.1871658644,-0.05704492447,47.74938281,nan,nan
jkt_qc200,-3.5,16.5,-0.5552895068,-1.143450856,-0.181446392,-0.05328560121,45.18258457,nan,nan
jkt_qc200,-3.5,17.5,-0.5545469729,-1.056320079,-0.1757010977,-0.04967422204,42.69353901,nan,nan
jkt_qc200,-3.5,18.5,-0.550299951,-0.9734063336,-0.1699646783,-0.04622716446,40.30144206,nan,nan
jkt_qc200,-3.5,19.5,-0.5429679317,-0.8950408652,-0.1642681761,-0.04295552397,38.01395522,nan,nan
jkt_qc200,-3.5,20.5,-0.532985445,-0.8214398319,-0.1586388448,-0.03986579091,35.83691485,nan,nan
jkt_qc200,-3.5,21.5,-0.5207887429,-0.7526996079,-0.1531001449,-0.03696054728,33.77354334,nan,nan
jkt_qc200,-3.5,22.5,-0.5068002515,-0.6888142769,-0.1476718462,-0.03423914711,31.82480816,nan,nan
jkt_qc200,-3.5,23.5,-0.4914173673,-0.6296993094,-0.1423702139,-0.0316983546,29.99014502,nan,nan
jkt_qc200,-3.5,24.5,-0.4750014064,-0.5752028101,-0.1372082542,-0.02933292281,28.26728425,nan,nan
jkt_qc200,-3.5,25.5,-0.4578748355,-0.5251265288,-0.1321959995,-0.02713610416,26.65293358,nan,nan
jkt_qc200,-3.5,26.5,-0.4403191694,-0.4792390028,-0.1273408144,-0.02510008925,25.14297749,nan,nan
jkt_qc200,-3.5,27.5,-0.4225752759,-0.4372878985,-0.1226477069,-0.02321637555,23.732729,nan,nan
jkt_qc200,-3.5,28.5,-0.4048452086,-0.3990098117,-0.1181196356,-0.02147607016,22.41711919,nan,nan
jkt_qc200,-3.5,29.5,-0.3872950414,-0.3641382752,-0.1137578017,-0.01987013284,21.19086273,nan,nan
jkt_qc200,-3,0.5,0.8414590942,-2.726323442,-0.2672994807,-0.1326948236,91.41223542,nan,nan
jkt_qc200,-3,1.5,0.8238040537,-2.714766901,-0.2666777089,-0.1318782024,90.93566886,nan,nan
jkt_qc200,-3,2.5,0.7891958142,-2.691646096,-0.2654382345,-0.1302656139,89.9930908,nan,nan
jkt_qc200,-3,3.5,0.7390032708,-2.656975147,-0.2635894681,-0.1278973312,88.60550579,nan,nan
jkt_qc200,-3,4.5,0.6751443442,-2.610828047,-0.2611446407,-0.1248312546,86.80231624,nan,nan
jkt_qc200,-3,5.5,0.6001353409,-2.553427369,-0.2581223746,-0.1211401083,84.62456604,nan,nan
jkt_qc200,-3,6.5,0.5165263207,-2.485151131,-0.2545472017,-0.1169080306,82.11356887,nan,nan
jkt_qc200,-3,7.5,0.4272534911,-2.406627751,-0.250449887,-0.1122268011,79.32026838,nan,nan
jkt_qc200,-3,8.5,0.3351908983,-2.31874113,-0.2458674442,-0.107191968,76.29751621,nan,nan
jkt_qc200,-3,9.5,0.2430558129,-2.222615565,-0.2408427775,-0.1018991264,73.09830243,nan,nan
jkt_qc200,-3,10.5,0.1533008272,-2.119614868,-0.2354239398,-0.09644057048,69.77602666,nan,nan
jkt_qc200,-3,11.5,0.06800404848,-2.01125629,-0.2296630563,-0.09090248908,66.38065604,nan,nan
jkt_qc200,-3,12.5,-0.01117710335,-1.899165117,-0.2236149991,-0.08536281128,62.95903324,nan,nan
jkt_qc200,-3,13.5,-0.08303295275,-1.784987435,-0.2173359299,-0.07988974352,59.55309111,nan,nan
jkt_qc200,-3,14.5,-0.1467919018,-1.670315483,-0.2108818266,-0.07454097831,56.19912146,nan,nan
jkt_qc200,-3,15.5,-0.2020276546,-1.556671244,-0.2043071043,-0.06936350645,52.93014419,nan,nan
jkt_qc200,-3,16.5,-0.2487243211,-1.445381955,-0.197663414,-0.0643939314,49.77144864,nan,nan
jkt_qc200,-3,17.5,-0.2873392719,-1.337379172,-0.1909986747,-0.05965916797,46.73227917,nan,nan
jkt_qc200,-3,18.5,-0.3181529758,-1.233721142,-0.184356366,-0.05517740546,43.83498726,nan,nan
jkt_qc200,-3,19.5,-0.3418171393,-1.135067308,-0.1777750801,-0.05095922424,41.08722195,nan,nan
jkt_qc200,-3,20.5,-0.3590471286,-1.041898517,-0.171288314,-0.04700877158,38.49401515,nan,nan
jkt_qc200,-3,21.5,-0.3705984095,-0.9545102854,-0.1649244685,-0.04332492254,36.05696621,nan,nan
jkt_qc200,-3,22.5,-0.3772306544,-0.8730349033,-0.1587070135,-0.03990237197,33.77479502,nan,nan
jkt_qc200,-3,23.5,-0.3796782663,-0.7974737613,-0.1526547788,-0.03673262294,31.64431739,nan,nan
jkt_qc200,-3,24.5,-0.378628645,-0.727715154,-0.1467823303,-0.0338048526,29.66036315,nan,nan
jkt_qc200,-3,25.5,-0.3747101423,-0.6635653446,-0.1411003969,-0.03110664897,27.81664846,nan,nan
jkt_qc200,-3,26.5,-0.3684853914,-0.6047696069,-0.1356163204,-0.02862462143,26.10606977,nan,nan
jkt_qc200,-3,27.5,-0.36044911,-0.5510319691,-0.1303345045,-0.02634489333,24.52103646,nan,nan
jkt_qc200,-3,28.5,-0.3510294751,-0.5020312413,-0.1252568474,-0.02425348924,23.05371459,nan,nan
jkt_qc200,-3,29.5,-0.3405916988,-0.4574342236,-0.1203831469,-0.02233663039,21.69623014,nan,nan
jkt_qc200,-2.5,0.5,2.278778969,-2.24918932,-0.2950747249,-0.175762939,86.90690144,nan,nan
jkt_qc200,-2.5,1.5,2.249868427,-2.250666481,-0.2944250763,-0.1745691821,86.44044191,nan,nan
jkt_qc200,-2.5,2.5,2.192888348,-2.252836791,-0.293124728,-0.1722137006,85.51705812,nan,nan
jkt_qc200,-2.5,3.5,2.109515559,-2.254226024,-0.2911725682,-0.1687589723,84.15594262,nan,nan
jkt_qc200,-2.5,4.5,2.002169872,-2.252869438,-0.2885692288,-0.1642948429,82.38430412,nan,nan
jkt_qc200,-2.5,5.5,1.874179031,-2.246425821,-0.285319383,-0.1589341488,80.2399884,nan,nan
jkt_qc200,-2.5,6.5,1.729075101,-2.232797807,-0.2814341359,-0.1528073243,77.76380692,nan,nan
jkt_qc200,-2.5,7.5,1.571134562,-2.209936689,-0.2769330998,-0.1460563583,75.00463012,nan,nan
jkt_qc200,-2.5,8.5,1.404793297,-2.1763314,-0.2718458105,-0.1388285182,72.01470817,nan,nan
jkt_qc200,-2.5,9.5,1.234492251,-2.131088012,-0.2662122651,-0.1312702737,68.84731419,nan,nan
jkt_qc200,-2.5,10.5,1.064492098,-2.074022135,-0.2600825067,-0.1235218199,65.55699843,nan,nan
jkt_qc200,-2.5,11.5,0.8986373616,-2.005619999,-0.253515331,-0.1157125221,62.19543309,nan,nan
jkt_qc200,-2.5,12.5,0.7402234091,-1.926976597,-0.2465763013,-0.1079574916,58.81150501,nan,nan
jkt_qc200,-2.5,13.5,0.5918804495,-1.839653649,-0.2393353305,-0.1003553772,55.44920158,nan,nan
jkt_qc200,-2.5,14.5,0.4555273421,-1.745520264,-0.2318641061,-0.09298733667,52.1466249,nan,nan
jkt_qc200,-2.5,15.5,0.3324862533,-1.646613944,-0.22423361,-0.08591705338,48.9379916,nan,nan
jkt_qc200,-2.5,16.5,0.2233288944,-1.544983427,-0.2165119282,-0.07919159948,45.84963438,nan,nan
jkt_qc200,-2.5,17.5,0.1277105612,-1.442420668,-0.2087624792,-0.0728429161,42.89177795,nan,nan
jkt_qc200,-2.5,18.5,0.0455631979,-1.340695797,-0.2010427189,-0.06688968268,40.08565026,nan,nan
jkt_qc200,-2.5,19.5,-0.02392043007,-1.241234302,-0.1934033222,-0.06133937173,37.43826771,nan,nan
jkt_qc200,-2.5,20.5,-0.08172431059,-1.14519765,-0.1858877988,-0.05619032296,34.95358475,nan,nan
jkt_qc200,-2.5,21.5,-0.1289640088,-1.05346913,-0.1785324744,-0.05143371436,32.63188584,nan,nan
jkt_qc200,-2.5,22.5,-0.1668147152,-0.9666709491,-0.1713667565,-0.04705534896,30.47043626,nan,nan
jkt_qc200,-2.5,23.5,-0.1964487,-0.8851999185,-0.1644136052,-0.04303721251,28.46454731,nan,nan
jkt_qc200,-2.5,24.5,-0.2189925666,-0.8092523995,-0.1576901339,-0.0393587856,26.60758704,nan,nan
jkt_qc200,-2.5,25.5,-0.235496865,-0.7388672302,-0.1512082808,-0.03599811456,24.89190091,nan,nan
jkt_qc200,-2.5,26.5,-0.2469191258,-0.6739587325,-0.1449754999,-0.03293265884,23.30914887,nan,nan
jkt_qc200,-2.5,27.5,-0.2541152731,-0.6143482554,-0.1389954385,-0.03013994043,21.85065841,nan,nan
jkt_qc200,-2.5,28.5,-0.2578383578,-0.559790972,-0.1332685739,-0.02759802394,20.50767701,nan,nan
jkt_qc200,-2.5,29.5,-0.2587418155,-0.5099985306,-0.1277927959,-0.02528585608,19.27157549,nan,nan
jkt_qc200,-2,0.5,3.090920676,-0.7471351103,-0.3214717123,-0.239323504,62.95613251,nan,nan
jkt_qc200,-2,1.5,3.065528484,-0.772462304,-0.3209362213,-0.2375527057,62.68631072,nan,nan
jkt_qc200,-2,2.5,3.014639716,-0.8213857365,-0.3198483702,-0.2340590898,62.14867988,nan,nan
jkt_qc200,-2,3.5,2.938187412,-0.8905517451,-0.3181772566,-0.2289366405,61.34789614,nan,nan
jkt_qc200,-2,4.5,2.836338829,-0.9752934757,-0.3158831834,-0.2223213876,60.29137804,nan,nan
jkt_qc200,-2,5.5,2.709900336,-1.069609201,-0.3129245069,-0.2143855153,58.98980281,nan,nan
jkt_qc200,-2,6.5,2.560301998,-1.167601172,-0.3092650684,-0.2053297017,57.46111616,nan,nan
jkt_qc200,-2,7.5,2.390030692,-1.262759683,-0.3048811271,-0.1953740413,55.72462403,nan,nan
jkt_qc200,-2,8.5,2.202534642,-1.349179517,-0.2997668366,-0.1847481111,53.80543175,nan,nan
jkt_qc200,-2,9.5,2.0021047,-1.421861212,-0.2939375914,-0.1736809007,51.73204218,nan,nan
jkt_qc200,-2,10.5,1.79366666,-1.477055515,-0.2874309467,-0.1623913976,49.53717013,nan,nan
jkt_qc200,-2,11.5,1.582385806,-1.512444339,-0.2803052091,-0.1510805515,47.25449223,nan,nan
jkt_qc200,-2,12.5,1.373328522,-1.527171332,-0.2726361195,-0.1399251618,44.91860036,nan,nan
jkt_qc200,-2,13.5,1.171101018,-1.521711611,-0.2645122617,-0.129073972,42.56284059,nan,nan
jkt_qc200,-2,14.5,0.9795805983,-1.497633036,-0.2560298903,-0.1186459772,40.21796247,nan,nan
jkt_qc200,-2,15.5,0.8018887988,-1.457254271,-0.2472878189,-0.108730714,37.91253801,nan,nan
jkt_qc200,-2,16.5,0.6400737101,-1.403467951,-0.238382863,-0.09939013441,35.67085225,nan,nan
jkt_qc200,-2,17.5,0.4947566645,-1.339391946,-0.2294061502,-0.09066159192,33.50641434,nan,nan
jkt_qc200,-2,18.5,0.3667270173,-1.267856166,-0.220440436,-0.08256146922,31.43721266,nan,nan
jkt_qc200,-2,19.5,0.2555789989,-1.191617542,-0.2115584153,-0.07508903642,29.47243515,nan,nan
jkt_qc200,-2,20.5,0.1604763578,-1.113079806,-0.2028219199,-0.06823022028,27.61828957,nan,nan
jkt_qc200,-2,21.5,0.08024278177,-1.03425101,-0.1942818393,-0.06196106368,25.87770205,nan,nan
jkt_qc200,-2,22.5,0.01349258928,-0.9567335934,-0.1859785803,-0.05625074644,24.25081803,nan,nan
jkt_qc200,-2,23.5,-0.04125115494,-0.8817510925,-0.1779428929,-0.05106411301,22.73589093,nan,nan
jkt_qc200,-2,24.5,-0.08547268691,-0.8101783376,-0.1701969112,-0.04636370706,21.32928741,nan,nan
jkt_qc200,-2,25.5,-0.1205985249,-0.742598177,-0.16275529,-0.04211134866,20.02629104,nan,nan
jkt_qc200,-2,26.5,-0.1479576498,-0.6793523627,-0.1556263487,-0.03826930971,18.82141441,nan,nan
jkt_qc200,-2,27.5,-0.1687574724,-0.6205917944,-0.1488131615,-0.03480115097,17.70871767,nan,nan
jkt_qc200,-2,28.5,-0.1840737106,-0.5663213054,-0.1423145567,-0.03167228429,16.68204268,nan,nan
jkt_qc200,-2,29.5,-0.19484924,-0.5164385187,-0.1361260048,-0.02885031881,15.73520584,nan,nan
jkt_qc200,-1.5,0.5,2.611788275,0.8898071898,-0.3355606459,-0.333002763,34.06476329,nan,nan
jkt_qc200,-1.5,1.5,2.613834856,0.8506096567,-0.3355310831,-0.330429216,34.07067815,nan,nan
jkt_qc200,-1.5,2.5,2.615830341,0.7732667088,-0.3354145677,-0.3253426646,34.07594754,nan,nan
jkt_qc200,-1.5,3.5,2.613841336,0.6600363871,-0.3351029923,-0.3178638393,34.0681838,nan,nan
jkt_qc200,-1.5,4.5,2.602646463,0.5145025361,-0.3344501184,-0.3081723218,34.03075698,nan,nan
jkt_qc200,-1.5,5.5,2.576186917,0.3422189997,-0.3332885963,-0.2965031975,33.93973782,nan,nan
jkt_qc200,-1.5,6.5,2.529223861,0.1495837784,-0.3314493244,-0.283140654,33.78119442,nan,nan
jkt_qc200,-1.5,7.5,2.457130753,-0.05502934847,-0.32878067,-0.2684078964,33.53245033,nan,nan
jkt_qc200,-1.5,8.5,2.357285048,-0.2624975261,-0.3251650591,-0.2526534959,33.17701825,nan,nan
jkt_qc200,-1.5,9.5,2.22937507,-0.463515849,-0.32053086,-0.2362351388,32.70296983,nan,nan
jkt_qc200,-1.5,10.5,2.07555607,-0.6494022205,-0.3148583034,-0.2195024337,32.10528324,nan,nan
jkt_qc200,-1.5,11.5,1.900135311,-0.8128940133,-0.3081792155,-0.2027807438,31.38489922,nan,nan
jkt_qc200,-1.5,12.5,1.709040932,-0.9487203349,-0.3005713461,-0.1863578494,30.54943958,nan,nan
jkt_qc200,-1.5,13.5,1.509058401,-1.053898643,-0.2921488096,-0.1704746998,29.61178299,nan,nan
jkt_qc200,-1.5,14.5,1.307059559,-1.127714735,-0.283050492,-0.1553207564,28.58868622,nan,nan
jkt_qc200,-1.5,15.5,1.109473657,-1.171305198,-0.273428204,-0.1410336931,27.49912119,nan,nan
jkt_qc200,-1.5,16.5,0.9216115833,-1.187547086,-0.2634359822,-0.1277026669,26.36481843,nan,nan
jkt_qc200,-1.5,17.5,0.7468896495,-1.180635553,-0.2532214276,-0.1153740829,25.20582761,nan,nan
jkt_qc200,-1.5,18.5,0.5883806133,-1.154391928,-0.2429194495,-0.1040587395,24.03864003,nan,nan
jkt_qc200,-1.5,19.5,0.4473945328,-1.11320653,-0.2326483761,-0.09373938554,22.87930577,nan,nan
jkt_qc200,-1.5,20.5,0.3242657583,-1.061157502,-0.2225081184,-0.08437795908,21.74137977,nan,nan
jkt_qc200,-1.5,21.5,0.2185229715,-1.00186199,-0.2125799455,-0.07592204026,20.63570476,nan,nan
jkt_qc200,-1.5,22.5,0.1291183932,-0.9383774549,-0.2029274034,-0.06831027983,19.57045815,nan,nan
jkt_qc200,-1.5,23.5,0.05464709056,-0.873182062,-0.1935979554,-0.06147674157,18.55165816,nan,nan
jkt_qc200,-1.5,24.5,-0.006483689974,-0.8081927388,-0.1846250003,-0.05535421498,17.58301761,nan,nan
jkt_qc200,-1.5,25.5,-0.05591768586,-0.7448317995,-0.1760300119,-0.04987662124,16.66658172,nan,nan
jkt_qc200,-1.5,26.5,-0.09525743758,-0.6841000159,-0.1678246261,-0.04498066428,15.80300247,nan,nan
jkt_qc200,-1.5,27.5,-0.1260030775,-0.6266538259,-0.1600125664,-0.04060688087,14.99184273,nan,nan
jkt_qc200,-1.5,28.5,-0.149518084,-0.57287781,-0.1525913519,-0.03670023119,14.23183181,nan,nan
jkt_qc200,-1.5,29.5,-0.1670134094,-0.5229492784,-0.1455537665,-0.03321035132,13.52109893,nan,nan
jkt_qc200,-1,0.5,1.264130179,1.53608206,-0.3107190478,-0.4623033129,12.75522781,nan,nan
jkt_qc200,-1,1.5,1.293533528,1.517353328,-0.3120511966,-0.4589868014,12.90588149,nan,nan
jkt_qc200,-1,2.5,1.350518572,1.478079885,-0.314582356,-0.4523843453,13.20303122,nan,nan
jkt_qc200,-1,3.5,1.43127269,1.415007473,-0.3180559387,-0.4425656103,13.63791826,nan,nan
jkt_qc200,-1,4.5,1.529884811,1.324146196,-0.3221114625,-0.4296541873,14.19729425,nan,nan
jkt_qc200,-1,5.5,1.637629511,1.201849358,-0.3263138116,-0.4138445816,14.85617063,nan,nan
jkt_qc200,-1,6.5,1.744900612,1.046088294,-0.3301909178,-0.3954160877,15.59642791,nan,nan
jkt_qc200,-1,7.5,1.839922729,0.8573403364,-0.333276792,-0.3747383149,16.38294892,nan,nan
jkt_qc200,-1,8.5,1.9111204,0.6396057182,-0.3351549584,-0.352264602,17.17913235,nan,nan
jkt_qc200,-1,9.5,1.948394624,0.400504847,-0.3354962332,-0.328512304,17.94575754,nan,nan
jkt_qc200,-1,10.5,1.944660516,0.1507059059,-0.3340851372,-0.3040322182,18.64467211,nan,nan
jkt_qc200,-1,11.5,1.896892396,-0.09741763248,-0.3308312171,-0.279372196,19.24121155,nan,nan
jkt_qc200,-1,12.5,1.806515243,-0.3314425525,-0.3257646284,-0.2550413007,19.70776382,nan,nan
jkt_qc200,-1,13.5,1.678952399,-0.5405595815,-0.3190184721,-0.2314803421,20.02553577,nan,nan
jkt_qc200,-1,14.5,1.522544647,-0.7168112833,-0.3108025748,-0.2090426085,20.18546053,nan,nan
jkt_qc200,-1,15.5,1.347209546,-0.8554604414,-0.3013741173,-0.1879859799,20.18614012,nan,nan
jkt_qc200,-1,16.5,1.163077386,-0.9555141873,-0.2910098446,-0.1684752558,20.03841438,nan,nan
jkt_qc200,-1,17.5,0.9787179926,-1.019614667,-0.2799830751,-0.1505920444,19.76385573,nan,nan
jkt_qc200,-1,18.5,0.8016492355,-1.050830293,-0.2685469962,-0.1343490717,19.37385805,nan,nan
jkt_qc200,-1,19.5,0.637137823,-1.054368343,-0.2569243005,-0.1197060586,18.89026725,nan,nan
jkt_qc200,-1,20.5,0.488553686,-1.035781284,-0.2453022791,-0.106585029,18.33443309,nan,nan
jkt_qc200,-1,21.5,0.3575763485,-1.00048508,-0.2338320661,-0.09488373348,17.72652157,nan,nan
jkt_qc200,-1,22.5,0.2445397838,-0.953382554,-0.2226306858,-0.08448658357,17.08460159,nan,nan
jkt_qc200,-1,23.5,0.1488148283,-0.8986637744,-0.2117847312,-0.07527300954,16.42442931,nan,nan
jkt_qc200,-1,24.5,0.06913983208,-0.8397295971,-0.20135478,-0.06712346802,15.75886853,nan,nan
jkt_qc200,-1,25.5,0.003903245265,-0.7792257812,-0.191379927,-0.05992347863,15.09825565,nan,nan
jkt_qc200,-1,26.5,-0.04865024555,-0.7191225722,-0.1818820501,-0.05356610803,14.45057645,nan,nan
jkt_qc200,-1,27.5,-0.09027407584,-0.6608190861,-0.1728696041,-0.04795329334,13.82175344,nan,nan
jkt_qc200,-1,28.5,-0.1226276441,-0.6052519292,-0.1643408612,-0.0429963398,13.21595009,nan,nan
jkt_qc200,-1,29.5,-0.1472226555,-0.552997163,-0.1562865947,-0.03861585958,12.63589003,nan,nan
jkt_qc200,-0.5,0.5,0.3263793758,1.105992796,-0.2028871194,-0.6028612422,3.286523946,nan,nan
jkt_qc200,-0.5,1.5,0.346663058,1.114292564,-0.2065843673,-0.600014111,3.381781396,nan,nan
jkt_qc200,-0.5,2.5,0.3882820298,1.129331681,-0.2138066812,-0.5942096843,3.576124722,nan,nan
jkt_qc200,-0.5,3.5,0.4530363974,1.147798548,-0.2242052113,-0.5852493905,3.876635203,nan,nan
jkt_qc200,-0.5,4.5,0.5429086449,1.164415877,-0.2372498468,-0.5728889275,4.293005042,nan,nan
jkt_qc200,-0.5,5.5,0.6587285118,1.171285458,-0.2522324578,-0.5568990206,4.831559915,nan,nan
jkt_qc200,-0.5,6.5,0.799548829,1.159561785,-0.2682875302,-0.5371376828,5.503159191,nan,nan
jkt_qc200,-0.5,7.5,0.9607069481,1.118637511,-0.284438091,-0.5136224639,6.307587253,nan,nan
jkt_qc200,-0.5,8.5,1.13318935,1.038906822,-0.2996690493,-0.4865870289,7.2372126,nan,nan
jkt_qc200,-0.5,9.5,1.303644773,0.9138568055,-0.3130210083,-0.4565059424,8.272816059,nan,nan
jkt_qc200,-0.5,10.5,1.455833472,0.7423816724,-0.3236883384,-0.4240769656,9.383123756,nan,nan
jkt_qc200,-0.5,11.5,1.573299605,0.5300640869,-0.3311003035,-0.3901610296,10.52590256,nan,nan
jkt_qc200,-0.5,12.5,1.642590507,0.2889462269,-0.3349666327,-0.3556924775,11.65212809,nan,nan
jkt_qc200,-0.5,13.5,1.655949378,0.03555350382,-0.3352787272,-0.3215806419,12.71131945,nan,nan
jkt_qc200,-0.5,14.5,1.612619542,-0.2121573713,-0.3322704067,-0.2886245754,13.65744159,nan,nan
jkt_qc200,-0.5,15.5,1.518347037,-0.4376409143,-0.3263520855,-0.257456089,14.450588,nan,nan
jkt_qc200,-0.5,16.5,1.384128341,-0.6287295622,-0.3180359962,-0.2285160662,15.0692121,nan,nan
jkt_qc200,-0.5,17.5,1.223167413,-0.7797961043,-0.3078676286,-0.2020599328,15.51662656,nan,nan
jkt_qc200,-0.5,18.5,1.048316556,-0.8878694366,-0.2963726232,-0.1781830229,15.78178866,nan,nan
jkt_qc200,-0.5,19.5,0.8712031506,-0.9552810986,-0.2840221046,-0.156855657,15.87841867,nan,nan
jkt_qc200,-0.5,20.5,0.7008976257,-0.9869399407,-0.2712148753,-0.1379596614,15.82570435,nan,nan
jkt_qc200,-0.5,21.5,0.5436708266,-0.9891526172,-0.2582725743,-0.1213210414,15.64659577,nan,nan
jkt_qc200,-0.5,22.5,0.4032028667,-0.968560616,-0.2454434101,-0.1067363101,15.36512274,nan,nan
jkt_qc200,-0.5,23.5,0.2810741991,-0.9314079134,-0.2329106624,-0.09399198661,15.00468207,nan,nan
jkt_qc200,-0.5,24.5,0.1773115998,-0.8831157924,-0.2208031361,-0.0828779387,14.58634287,nan,nan
jkt_qc200,-0.5,25.5,0.09091784378,-0.8281238902,-0.2092057453,-0.07319574479,14.12844829,nan,nan
jkt_qc200,-0.5,26.5,0.02029699461,-0.7698904568,-0.1981692006,-0.06476332785,13.646357,nan,nan
jkt_qc200,-0.5,27.5,-0.03642526905,-0.7109876074,-0.1877183346,-0.05741697434,13.15250366,nan,nan
jkt_qc200,-0.5,28.5,-0.08118257949,-0.6532394786,-0.1778589511,-0.0510116293,12.65663391,nan,nan
jkt_qc200,-0.5,29.5,-0.11582723,-0.5978701272,-0.1685832792,-0.04542013263,12.16615355,nan,nan
jkt_qc200,0,0.5,0.1231201786,0.6262400398,-0.0006509100247,-0.6711403083,0.9043256523,nan,nan
jkt_qc200,0,1.5,0.1278406706,0.6348392548,-0.005857749429,-0.671089809,0.9311012105,nan,nan
jkt_qc200,0,2.5,0.1380730283,0.6522218549,-0.01626320497,-0.6707466151,0.9873202096,nan,nan
jkt_qc200,0,3.5,0.1554974069,0.6786330619,-0.03182275162,-0.6696286274,1.078562299,nan,nan
jkt_qc200,0,4.5,0.1828475131,0.7141531189,-0.05240037671,-0.6670244496,1.213954536,nan,nan
jkt_qc200,0,5.5,0.2242242735,0.7577654621,-0.07769026386,-0.662023779,1.405512475,nan,nan
jkt_qc200,0,6.5,0.2844603195,0.8074341131,-0.1071259469,-0.6535823748,1.670749775,nan,nan
jkt_qc200,0,7.5,0.3693427665,0.8580872602,-0.1397978585,-0.6406345597,2.029806916,nan,nan
jkt_qc200,0,8.5,0.4837809874,0.9011409819,-0.174411136,-0.6222554813,2.504899877,nan,nan
jkt_qc200,0,9.5,0.6296215658,0.9241325043,-0.2093197327,-0.5978542659,3.116414763,nan,nan
jkt_qc200,0,10.5,0.8029051206,0.9120934757,-0.2426608695,-0.5673532185,3.877815316,nan,nan
jkt_qc200,0,11.5,0.9919559004,0.8508096602,-0.2725815371,-0.5312918172,4.789649983,nan,nan
jkt_qc200,0,12.5,1.177727191,0.7314350969,-0.2975062511,-0.4908043926,5.834987654,nan,nan
jkt_qc200,0,13.5,1.337183898,0.5544984509,-0.3163667696,-0.4474615209,6.977893127,nan,nan
jkt_qc200,0,14.5,1.448822318,0.3312908044,-0.3287221588,-0.4030188389,8.166296079,nan,nan
jkt_qc200,0,15.5,1.497760604,0.08195069737,-0.3347409033,-0.3591515614,9.33451069,nan,nan
jkt_qc200,0,16.5,1.480003883,-0.1694431054,-0.3350699257,-0.3172487594,10.42239683,nan,nan
jkt_qc200,0,17.5,1.402507153,-0.4022814577,-0.3306483395,-0.2783060326,11.39751241,nan,nan
jkt_qc200,0,18.5,1.276933471,-0.5994223508,-0.322524837,-0.2429137392,12.20557024,nan,nan
jkt_qc200,0,19.5,1.119747302,-0.7519788763,-0.3117166076,-0.2113114791,12.82829652,nan,nan
jkt_qc200,0,20.5,0.9471795382,-0.8578357925,-0.2991220907,-0.1834734118,13.26195795,nan,nan
jkt_qc200,0,21.5,0.7729756567,-0.9201232414,-0.2854816711,-0.1591965611,13.51622184,nan,nan
jkt_qc200,0,22.5,0.607284922,-0.9451582154,-0.2713724982,-0.1381761755,13.60985239,nan,nan
jkt_qc200,0,23.5,0.4566045242,-0.9405891715,-0.2572232295,-0.1200623483,13.56679748,nan,nan
jkt_qc200,0,24.5,0.324296397,-0.9140473266,-0.2433376936,-0.1044983878,13.41235521,nan,nan
jkt_qc200,0,25.5,0.2113709291,-0.8723539043,-0.2299203914,-0.09114429725,13.17100194,nan,nan
jkt_qc200,0,26.5,0.1172506993,-0.8211594445,-0.2170999919,-0.07968937688,12.86489334,nan,nan
jkt_qc200,0,27.5,0.04041134148,-0.7648757456,-0.2049491912,-0.06985752466,12.51311578,nan,nan
jkt_qc200,0,28.5,-0.02114208246,-0.7067760274,-0.1935005966,-0.06140800097,12.1314683,nan,nan
jkt_qc200,0,29.5,-0.06954602501,-0.6491718529,-0.1827589532,-0.05413361144,11.73260922,nan,nan
jkt_qc200,0.5,0.5,0.1189258724,0.4029437322,0.2019539016,-0.6035670403,0.4357352771,nan,nan
jkt_qc200,0.5,1.5,0.1199598146,0.4070859368,0.1981856018,-0.6063656091,0.4425760275,nan,nan
jkt_qc200,0.5,2.5,0.1221923222,0.4155830439,0.1904804427,-0.611839797,0.4569561248,nan,nan
jkt_qc200,0.5,3.5,0.1259920862,0.4288708602,0.1785093009,-0.6197217846,0.4803902267,nan,nan
jkt_qc200,0.5,4.5,0.1319950781,0.4476523564,0.1618033649,-0.6295555227,0.5155142544,nan,nan
jkt_qc200,0.5,5.5,0.1415171508,0.4727869282,0.1397978585,-0.6406345597,0.5664638658,nan,nan
jkt_qc200,0.5,6.5,0.156226599,0.505385084,0.1119132388,-0.6519293913,0.6395371145,nan,nan
jkt_qc200,0.5,7.5,0.1792322857,0.5464635395,0.07769026386,-0.662023779,0.7444029472,nan,nan
jkt_qc200,0.5,8.5,0.215170698,0.5963996484,0.03698886531,-0.669096127,0.8951875836,nan,nan
jkt_qc200,0.5,9.5,0.2705937851,0.6537383507,-0.009761593611,-0.6709989294,1.111605788,nan,nan
jkt_qc200,0.5,10.5,0.3534575202,0.7133809575,-0.06131599193,-0.6654915048,1.419144288,nan,nan
jkt_qc200,0.5,11.5,0.4710682655,0.7646277575,-0.1154790003,-0.6506452874,1.847052136,nan,nan
jkt_qc200,0.5,12.5,0.6260281894,0.790632256,-0.1692143644,-0.6253532144,2.423183963,nan,nan
jkt_qc200,0.5,13.5,0.8114555712,0.7711215544,-0.219071517,-0.5897656913,3.165836933,nan,nan
jkt_qc200,0.5,14.5,1.008482776,0.6888997728,-0.2618505118,-0.545431971,4.074778382,nan,nan
jkt_qc200,0.5,15.5,1.188444972,0.537512132,-0.2952646579,-0.4950268024,5.120870012,nan,nan
jkt_qc200,0.5,16.5,1.321709856,0.3269311686,-0.3183283611,-0.4417523642,6.252741614,nan,nan
jkt_qc200,0.5,17.5,1.389460611,0.07989919213,-0.3313427091,-0.3886698982,7.425599899,nan,nan
jkt_qc200,0.5,18.5,1.382339902,-0.1748370418,-0.3355600851,-0.3382104521,8.553056416,nan,nan
jkt_qc200,0.5,19.5,1.306849297,-0.4098583482,-0.3327262111,-0.2919722058,9.572829134,nan,nan
jkt_qc200,0.5,20.5,1.178960155,-0.6054399659,-0.3246769945,-0.2507625135,10.4369342,nan,nan
jkt_qc200,0.5,21.5,1.018596095,-0.7517274291,-0.3130745772,-0.2147737426,11.11831385,nan,nan
jkt_qc200,0.5,22.5,0.844700395,-0.8476836799,-0.2992833668,-0.1837910029,11.60997367,nan,nan
jkt_qc200,0.5,23.5,0.6723689927,-0.898333854,-0.284346243,-0.1573718327,11.92103309,nan,nan
jkt_qc200,0.5,24.5,0.5118980807,-0.9118347616,-0.2690161535,-0.1349767278,12.07088526,nan,nan
jkt_qc200,0.5,25.5,0.3691699132,-0.8971778263,-0.2538096427,-0.1160523487,12.08428425,nan,nan
jkt_qc200,0.5,26.5,0.2466210723,-0.8627449832,-0.2390626556,-0.1000782472,11.98736802,nan,nan
jkt_qc200,0.5,27.5,0.1443215851,-0.8155972701,-0.2249794218,-0.08658894448,11.80498469,nan,nan
jkt_qc200,0.5,28.5,0.06090491373,-0.7612698357,-0.211671524,-0.07518094212,11.55917072,nan,nan
jkt_qc200,0.5,29.5,-0.005725405019,-0.7038565606,-0.1991874109,-0.0655113734,11.2685134,nan,nan
jkt_qc200,1,0.5,0.1236866692,0.2949058845,0.3103789678,-0.4631339307,0.329017419,nan,nan
jkt_qc200,1,1.5,0.1241685629,0.297092932,0.3089901775,-0.4664620677,0.3311871504,nan,nan
jkt_qc200,1,2.5,0.1251724573,0.3015604335,0.3060738854,-0.4731434209,0.3357210167,nan,nan
jkt_qc200,1,3.5,0.1267861176,0.3085038801,0.3013433182,-0.483217836,0.343036907,nan,nan
jkt_qc200,1,4.5,0.1291357409,0.3182404056,0.2943457085,-0.4967168136,0.3538232615,nan,nan
jkt_qc200,1,5.5,0.1325912903,0.3312645779,0.284438091,-0.5136224639,0.36934101,nan,nan
jkt_qc200,1,6.5,0.1374649409,0.3481775704,0.2707624698,-0.5338007025,0.3911293156,nan,nan
jkt_qc200,1,7.5,0.1445217081,0.3698924102,0.2522324578,-0.5568990206,0.4219495832,nan,nan
jkt_qc200,1,8.5,0.1549780658,0.3975781637,0.2275545028,-0.5822007365,0.4660059885,nan,nan
jkt_qc200,1,9.5,0.1709249167,0.4326542711,0.1953223721,-0.6084380405,0.5299529225,nan,nan
jkt_qc200,1,10.5,0.1958958669,0.4765454232,0.1542383809,-0.6335940629,0.6242978152,nan,nan
jkt_qc200,1,11.5,0.2356555047,0.529872664,0.1035115362,-0.6547771459,0.7652754116,nan,nan
jkt_qc200,1,12.5,0.2986988337,0.5906192496,0.04342764148,-0.6683189937,0.976625866,nan,nan
jkt_qc200,1,13.5,0.3953062378,0.6511015899,-0.02405272059,-0.6702778149,1.289761396,nan,nan
jkt_qc200,1,14.5,0.5334946244,0.6950991554,-0.09500178581,-0.6574123578,1.740142573,nan,nan
jkt_qc200,1,15.5,0.7115669837,0.6979981108,-0.1639367122,-0.6283712461,2.355865457,nan,nan
jkt_qc200,1,16.5,0.9109593752,0.6356065747,-0.2250480305,-0.5844899832,3.145350096,nan,nan
jkt_qc200,1,17.5,1.101022776,0.4978905915,-0.2737766498,-0.5296165629,4.107911237,nan,nan
jkt_qc200,1,18.5,1.244711955,0.2907704059,-0.3079184139,-0.4689638377,5.191113194,nan,nan
jkt_qc200,1,19.5,1.315118278,0.04079636289,-0.3277415599,-0.4076330128,6.327967948,nan,nan
jkt_qc200,1,20.5,1.303156641,-0.216714292,-0.3352793715,-0.3495448477,7.439164581,nan,nan
jkt_qc200,1,21.5,1.21780867,-0.4494573041,-0.3333551274,-0.2970750258,8.451582333,nan,nan
jkt_qc200,1,22.5,1.07951165,-0.6361307522,-0.3247996968,-0.2512336619,9.311298128,nan,nan
jkt_qc200,1,23.5,0.9119558589,-0.7681821728,-0.3120197748,-0.2120747194,9.989089417,nan,nan
jkt_qc200,1,24.5,0.7360067251,-0.8472548625,-0.296858761,-0.1791018907,10.47853028,nan,nan
jkt_qc200,1,25.5,0.5669006353,-0.8810745571,-0.2806275322,-0.1515712079,10.79048187,nan,nan
jkt_qc200,1,26.5,0.4139545156,-0.8797720085,-0.2642043078,-0.1286801028,10.94638635,nan,nan
jkt_qc200,1,27.5,0.2816134603,-0.8534037667,-0.2481451408,-0.1096688778,10.97239416,nan,nan
jkt_qc200,1,28.5,0.1708918795,-0.8106503481,-0.2327794653,-0.09386556553,10.89508646,nan,nan
jkt_qc200,1,29.5,0.08071137064,-0.758354184,-0.2182837663,-0.08069846746,10.73882769,nan,nan
jkt_qc200,1.5,0.5,0.1230903979,0.2317002292,0.3355649704,-0.3336493053,0.3074066074,nan,nan
jkt_qc200,1.5,1.5,0.1234407181,0.2330336242,0.3355697856,-0.3362480997,0.3081593581,nan,nan
jkt_qc200,1.5,2.5,0.1241572198,0.2357449315,0.3355179672,-0.3415062839,0.3097340518,nan,nan
jkt_qc200,1.5,3.5,0.1252726376,0.239927933,0.3352793715,-0.3495448477,0.3122786228,nan,nan
jkt_qc200,1.5,4.5,0.1268258246,0.2457215871,0.3346399077,-0.3605439038,0.3159981131,nan,nan
jkt_qc200,1.5,5.5,0.1289551921,0.2533963339,0.333276792,-0.3747383149,0.3214251631,nan,nan
jkt_qc200,1.5,6.5,0.1317455925,0.263194685,0.3307222738,-0.3924063545,0.3289351207,nan,nan
jkt_qc200,1.5,7.5,0.1354259528,0.2755669855,0.3263138116,-0.4138445816,0.3394348047,nan,nan
jkt_qc200,1.5,8.5,0.1403296666,0.2910965771,0.3191302224,-0.4393174763,0.3541861203,nan,nan
jkt_qc200,1.5,9.5,0.1470080871,0.3105823099,0.3079184139,-0.4689638377,0.3751427758,nan,nan
jkt_qc200,1.5,10.5,0.1563796375,0.3351054157,0.2910277026,-0.5026345789,0.4053796779,nan,nan
jkt_qc200,1.5,11.5,0.170044893,0.3660831436,0.266393998,-0.5396336414,0.449877214,nan,nan
jkt_qc200,1.5,12.5,0.1908242998,0.4052155807,0.2316585605,-0.5783498996,0.5168397795,nan,nan
jkt_qc200,1.5,13.5,0.2236764148,0.4540224968,0.1845561145,-0.615832099,0.6197950288,nan,nan
jkt_qc200,1.5,14.5,0.276828754,0.5123310805,0.1237132899,-0.6475040558,0.7803576905,nan,nan
jkt_qc200,1.5,15.5,0.3623159806,0.5744638134,0.04984215188,-0.6674187787,1.029802458,nan,nan
jkt_qc200,1.5,16.5,0.4913898906,0.6241434853,-0.03311542366,-0.6695029614,1.404352983,nan,nan
jkt_qc200,1.5,17.5,0.6650111395,0.6368019015,-0.1178440881,-0.649768355,1.944011495,nan,nan
jkt_qc200,1.5,18.5,0.8668991313,0.5816873479,-0.1953223721,-0.6084380405,2.668986094,nan,nan
jkt_qc200,1.5,19.5,1.0603087,0.4423334456,-0.2578155981,-0.5503695796,3.573364266,nan,nan
jkt_qc200,1.5,20.5,1.201934834,0.2274795591,-0.3013433182,-0.483217836,4.614125005,nan,nan
jkt_qc200,1.5,21.5,1.26096873,-0.03014662945,-0.3261254551,-0.4146256895,5.717245667,nan,nan
jkt_qc200,1.5,22.5,1.230533328,-0.2884772798,-0.3352504234,-0.3502229043,6.796165458,nan,nan
jkt_qc200,1.5,23.5,1.125440678,-0.5122189287,-0.3328717532,-0.2930977005,7.77279239,nan,nan
jkt_qc200,1.5,24.5,0.9717660168,-0.6814143197,-0.3229133573,-0.2442769659,8.592277399,nan,nan
jkt_qc200,1.5,25.5,0.7963272308,-0.7913379752,-0.3084902179,-0.2035048585,9.22791603,nan,nan
jkt_qc200,1.5,26.5,0.6203953266,-0.8477184392,-0.2918234213,-0.169900222,9.677681296,nan,nan
jkt_qc200,1.5,27.5,0.4577943363,-0.861314082,-0.2743809752,-0.1423798369,9.95676114,nan,nan
jkt_qc200,1.5,28.5,0.3156872137,-0.8438843001,-0.2570737157,-0.1198840193,10.08959083,nan,nan
jkt_qc200,1.5,29.5,0.1964256826,-0.8059115108,-0.2404303579,-0.1014747988,10.10333468,nan,nan
jkt_qc200,2,0.5,0.1195367396,0.1898723659,0.3216046733,-0.2397687249,0.3128323585,nan,nan
jkt_qc200,2,1.5,0.1198252323,0.190768251,0.3221327765,-0.2415597551,0.3130422603,nan,nan
jkt_qc200,2,2.5,0.1204111643,0.1925842995,0.3231703604,-0.2451909457,0.3134922683,nan,nan
jkt_qc200,2,3.5,0.1213111956,0.1953716893,0.3246769945,-0.2507625135,0.3142450943,nan,nan
jkt_qc200,2,4.5,0.1225482433,0.1991996145,0.3265835708,-0.2584296149,0.3153696298,nan,nan
jkt_qc200,2,5.5,0.1241766473,0.2042263815,0.32878067,-0.2684078964,0.3171333651,nan,nan
jkt_qc200,2,6.5,0.1262481775,0.2105629143,0.3311003525,-0.2809802069,0.3196319854,nan,nan
jkt_qc200,2,7.5,0.1288548753,0.2184449614,0.3332885963,-0.2965031975,0.3232324411,nan,nan
jkt_qc200,2,8.5,0.1321266225,0.2281655136,0.3349643818,-0.3154110272,0.3283976796,nan,nan
jkt_qc200,2,9.5,0.1362627263,0.2401224661,0.3355600851,-0.3382104521,0.3358182161,nan,nan
jkt_qc200,2,10.5,0.1415652982,0.2548564071,0.3342370248,-0.3654561098,0.3465227541,nan,nan
jkt_qc200,2,11.5,0.1485244123,0.2731081438,0.3297715806,-0.3976852413,0.3621076378,nan,nan
jkt_qc200,2,12.5,0.1579484467,0.2958942815,0.320415915,-0.4352759442,0.3851044316,nan,nan
jkt_qc200,2,13.5,0.17123432,0.3245929458,0.3037628298,-0.4781737077,0.4196714254,nan,nan
jkt_qc200,2,14.5,0.1908744076,0.3609833102,0.2767031862,-0.5254201128,0.4728512645,nan,nan
jkt_qc200,2,15.5,0.221713709,0.4069990213,0.2356707295,-0.5744571531,0.5571515728,nan,nan
jkt_qc200,2,16.5,0.2723563137,0.4629046758,0.1774897435,-0.6203597448,0.6928293903,nan,nan
jkt_qc200,2,17.5,0.3540171894,0.5243846166,0.1010908634,-0.6555519967,0.9098561577,nan,nan
jkt_qc200,2,18.5,0.4810800298,0.5755291035,0.009761593611,-0.6709989294,1.249451917,nan,nan
jkt_qc200,2,19.5,0.6571691663,0.5868761695,-0.08762773,-0.6594978091,1.753879182,nan,nan
jkt_qc200,2,20.5,0.8628744341,0.5240387896,-0.1785093009,-0.6197217846,2.450392678,nan,nan
jkt_qc200,2,21.5,1.05406233,0.3691502447,-0.2515181592,-0.5577104162,3.332384874,nan,nan
jkt_qc200,2,22.5,1.181041558,0.1372045069,-0.3009293783,-0.4840596932,4.351507767,nan,nan
jkt_qc200,2,23.5,1.21378275,-0.1294860761,-0.327397668,-0.4091796213,5.425862736,nan,nan
jkt_qc200,2,24.5,1.152782648,-0.3828413917,-0.3355387519,-0.3401841655,6.462553273,nan,nan
jkt_qc200,2,25.5,1.021557055,-0.5881367337,-0.3310113379,-0.2804430323,7.382357113,nan,nan
jkt_qc200,2,26.5,0.8517357342,-0.7305463086,-0.3187392944,-0.2306285696,8.134881085,nan,nan
jkt_qc200,2,27.5,0.6714177157,-0.8115098798,-0.3023349025,-0.1899643335,8.701273129,nan,nan
jkt_qc200,2,28.5,0.5000576372,-0.841537006,-0.2841841579,-0.1571134593,9.08757814,nan,nan
jkt_qc200,2,29.5,0.348381561,-0.833926888,-0.2657475886,-0.1306662011,9.314096546,nan,nan
jkt_qc200,2.5,0.5,0.1147841331,0.1600360757,0.2952370707,-0.1760630647,0.3282491122,nan,nan
jkt_qc200,2.5,1.5,0.1150303837,0.1606782504,0.2958861551,-0.1772703642,0.3282203393,nan,nan
jkt_qc200,2.5,2.5,0.1155288765,0.1619773544,0.2971826538,-0.1797179417,0.3281783696,nan,nan
jkt_qc200,2.5,3.5,0.116289759,0.1639640126,0.2991220907,-0.1834734118,0.3281520879,nan,nan
jkt_qc200,2.5,4.5,0.1173305732,0.1666788968,0.3016947002,-0.1886424326,0.3281710961,nan,nan
jkt_qc200,2.5,5.5,0.1186732814,0.170215312,0.3048811271,-0.1953740413,0.3283667258,nan,nan
jkt_qc200,2.5,6.5,0.1203586784,0.1746374389,0.3086454952,-0.2038681596,0.328775349,nan,nan
jkt_qc200,2.5,7.5,0.1224332455,0.1800793388,0.3129245069,-0.2143855153,0.3295629232,nan,nan
jkt_qc200,2.5,8.5,0.1249639999,0.1867040679,0.3176104559,-0.2272600894,0.3309286354,nan,nan
jkt_qc200,2.5,9.5,0.1280477697,0.1947285676,0.322524837,-0.2429137392,0.3331635968,nan,nan
jkt_qc200,2.5,10.5,0.1318193235,0.2044403578,0.3273774588,-0.2618714897,0.336678762,nan,nan
jkt_qc200,2.5,11.5,0.1364815862,0.2162264685,0.3317034744,-0.2847733709,0.342089052,nan,nan
jkt_qc200,2.5,12.5,0.1423394766,0.2306118707,0.3347677151,-0.3123731183,0.3503154153,nan,nan
jkt_qc200,2.5,13.5,0.1498745307,0.2483176328,0.3354234443,-0.3455029021,0.3627894053,nan,nan
jkt_qc200,2.5,14.5,0.1598734266,0.2703406274,0.3319156205,-0.3849623825,0.3818007214,nan,nan
jkt_qc200,2.5,15.5,0.1738171561,0.298157842,0.321639282,-0.431255957,0.4115297328,nan,nan
jkt_qc200,2.5,16.5,0.1944910952,0.3336178709,0.3009293783,-0.4840596932,0.4590347663,nan,nan
jkt_qc200,2.5,17.5,0.225929323,0.3783849309,0.2651137911,-0.5412941144,0.5346199462,nan,nan
jkt_qc200,2.5,18.5,0.277370332,0.433338452,0.2093197327,-0.5978542659,0.6597387189,nan,nan
jkt_qc200,2.5,19.5,0.3623969832,0.4936342534,0.1306713857,-0.6446538391,0.866758913,nan,nan
jkt_qc200,2.5,20.5,0.496112015,0.5414213484,0.03182275162,-0.6696286274,1.199924312,nan,nan
jkt_qc200,2.5,21.5,0.6812095678,0.5418972933,-0.07644017107,-0.6623187528,1.70457462,nan,nan
jkt_qc200,2.5,22.5,0.8907943407,0.4568587272,-0.1774897435,-0.6203597448,2.407198966,nan,nan
jkt_qc200,2.5,23.5,1.070516563,0.2732370074,-0.2564416457,-0.5520080418,3.294860729,nan,nan
jkt_qc200,2.5,24.5,1.167382588,0.01891549398,-0.3068204938,-0.4714701562,4.30796823,nan,nan
jkt_qc200,2.5,25.5,1.15913625,-0.2523508433,-0.3308502191,-0.3916567668,5.353779359,nan,nan
jkt_qc200,2.5,26.5,1.059116701,-0.4900463945,-0.33522451,-0.3203366894,6.33455927,nan,nan
jkt_qc200,2.5,27.5,0.9007480289,-0.6653557112,-0.3270403751,-0.2603897992,7.175885554,nan,nan
jkt_qc200,2.5,28.5,0.7190570199,-0.7725343696,-0.311868288,-0.2116926625,7.839856052,nan,nan
jkt_qc200,2.5,29.5,0.5401366175,-0.8204023061,-0.2934499253,-0.1727986002,8.319298808,nan,nan
jkt_qc200,3,0.5,0.109684718,0.1376683734,0.2674551323,-0.1329000664,0.3473673539,nan,nan
jkt_qc200,3,1.5,0.1098981247,0.1381502161,0.2680785643,-0.1337254214,0.3472263444,nan,nan
jkt_qc200,3,2.5,0.1103292754,0.1391235775,0.2693293237,-0.1353974057,0.3469534649,nan,nan
jkt_qc200,3,3.5,0.1109851234,0.1406080758,0.2712148753,-0.1379596614,0.3465622423,nan,nan
jkt_qc200,3,4.5,0.111879076,0.1426305245,0.2737455232,-0.1414804682,0.3460688809,nan,nan
jkt_qc200,3,5.5,0.1130222198,0.145247401,0.2769330998,-0.1460563583,0.3455346744,nan,nan
jkt_qc200,3,6.5,0.1144453822,0.1485019053,0.2807887632,-0.1518173455,0.3449825596,nan,nan
jkt_qc200,3,7.5,0.116176841,0.1524759414,0.285319383,-0.1589341488,0.3444917114,nan,nan
jkt_qc200,3,8.5,0.1182577576,0.1572686325,0.2905216639,-0.1676279111,0.3441568675,nan,nan
jkt_qc200,3,9.5,0.1207452248,0.1630095277,0.2963726232,-0.1781830229,0.3441167233,nan,nan
jkt_qc200,3,10.5,0.1237139869,0.1698662444,0.3028141655,-0.1909636879,0.3445573402,nan,nan
jkt_qc200,3,11.5,0.1272706118,0.1780594699,0.309728082,-0.2064346676,0.3457531923,nan,nan
jkt_qc200,3,12.5,0.1315637862,0.1878807035,0.3168955198,-0.2251858253,0.3480956267,nan,nan
jkt_qc200,3,13.5,0.1368105743,0.1997207236,0.3239314243,-0.2479578418,0.3521654948,nan,nan
jkt_qc200,3,14.5,0.1433362663,0.2141084334,0.3301793347,-0.2756609785,0.3588381758,nan,nan
jkt_qc200,3,15.5,0.1516866603,0.2318607321,0.3345457874,-0.3093663412,0.3697386087,nan,nan
jkt_qc200,3,16.5,0.1628473428,0.2541009521,0.3352504234,-0.3502229043,0.387521659,nan,nan
jkt_qc200,3,17.5,0.1780641975,0.2818686953,0.3294819644,-0.3992036004,0.4148851899,nan,nan
jkt_qc200,3,18.5,0.2003889833,0.3173435068,0.3130210083,-0.4565059424,0.4597647543,nan,nan
jkt_qc200,3,19.5,0.2350341443,0.3625032028,0.280100448,-0.520371117,0.5344415287,nan,nan
jkt_qc200,3,20.5,0.2918105532,0.4177844901,0.2242052113,-0.5852493905,0.6611693274,nan,nan
jkt_qc200,3,21.5,0.3864481052,0.4765081544,0.1409261204,-0.6401149966,0.8761538478,nan,nan
jkt_qc200,3,22.5,0.5347721234,0.5154787531,0.03311542366,-0.6695029614,1.227824827,nan,nan
jkt_qc200,3,23.5,0.7335867053,0.4926875086,-0.08515426124,-0.6601568096,1.762500563,nan,nan
jkt_qc200,3,24.5,0.9420290761,0.3699313992,-0.1924276484,-0.610487076,2.499904438,nan,nan
jkt_qc200,3,25.5,1.095016298,0.148109991,-0.2713723531,-0.5329649635,3.413518797,nan,nan
jkt_qc200,3,26.5,1.143835923,-0.1261558598,-0.3169403003,-0.4458264731,4.425872483,nan,nan
jkt_qc200,3,27.5,1.0828032,-0.3896616831,-0.3344191994,-0.3633434649,5.430689411,nan,nan
jkt_qc200,3,28.5,0.9421129152,-0.5967986995,-0.332799388,-0.2925343503,6.334916541,nan,nan
jkt_qc200,3,29.5,0.7624757806,-0.7312460043,-0.3201223814,-0.2349265374,7.078698603,nan,nan
jkt_qc200,3.5,0.5,0.1046310262,0.1202914868,0.2419473156,-0.1030429732,0.3675395036,nan,nan
jkt_qc200,3.5,1.5,0.1048177617,0.1206655311,0.2425021742,-0.1036216916,0.3673451998,nan,nan
jkt_qc200,3.5,2.5,0.10519452,0.1214203168,0.2436170608,-0.1047929408,0.3669625306,nan,nan
jkt_qc200,3.5,3.5,0.1057664281,0.1225691112,0.2453022791,-0.106585029,0.36639751,nan,nan
jkt_qc200,3.5,4.5,0.1065436457,0.1241306717,0.2475731692,-0.10904218,0.3656599534,nan,nan
jkt_qc200,3.5,5.5,0.107533564,0.126141036,0.250449887,-0.1122268011,0.3647773244,nan,nan
jkt_qc200,3.5,6.5,0.1087589378,0.1286310626,0.2539569514,-0.1162227845,0.3637663719,nan,nan
jkt_qc200,3.5,7.5,0.1102393246,0.1316540273,0.2581223746,-0.1211401083,0.3626658674,nan,nan
jkt_qc200,3.5,8.5,0.1120028193,0.1352743856,0.2629760662,-0.1271211263,0.3615232954,nan,nan
jkt_qc200,3.5,9.5,0.1140873498,0.1395751984,0.2685469962,-0.1343490717,0.360410138,nan,nan
jkt_qc200,3.5,10.5,0.1165404961,0.1446618222,0.2748582621,-0.1430594937,0.3594169562,nan,nan
jkt_qc200,3.5,11.5,0.1194275975,0.1506704506,0.2819186195,-0.1535555469,0.3586790537,nan,nan
jkt_qc200,3.5,12.5,0.1228351778,0.1577767752,0.2897080516,-0.166228257,0.3583817138,nan,nan
jkt_qc200,3.5,13.5,0.1268827001,0.1662105304,0.2981532712,-0.1815829149,0.3587919515,nan,nan
jkt_qc200,3.5,14.5,0.1317387264,0.1762740973,0.3070861994,-0.2002722571,0.360295523,nan,nan
jkt_qc200,3.5,15.5,0.1376458526,0.188427262,0.3161737398,-0.2231351264,0.3636016878,nan,nan
jkt_qc200,3.5,16.5,0.1450164389,0.203317324,0.3247996968,-0.2512336619,0.3698862443,nan,nan
jkt_qc200,3.5,17.5,0.1544193929,0.2214552511,0.3318692238,-0.2858677688,0.3799056759,nan,nan
jkt_qc200,3.5,18.5,0.1669277622,0.2441741832,0.3354962332,-0.328512304,0.3968009831,nan,nan
jkt_qc200,3.5,19.5,0.1843055354,0.2729454775,0.3325420196,-0.3805520816,0.4246908012,nan,nan
jkt_qc200,3.5,20.5,0.2098505438,0.3097666532,0.3180559387,-0.4425656103,0.4713177303,nan,nan
jkt_qc200,3.5,21.5,0.2499952691,0.356651803,0.2849650255,-0.5127779032,0.5512137547,nan,nan
jkt_qc200,3.5,22.5,0.31674935,0.4129833199,0.2250480305,-0.5844899832,0.6905493981,nan,nan
jkt_qc200,3.5,23.5,0.4283685927,0.4678331585,0.1329694807,-0.6436721696,0.9314176164,nan,nan
jkt_qc200,3.5,24.5,0.598744652,0.4885963668,0.01366345558,-0.6708626561,1.326441602,nan,nan
jkt_qc200,3.5,25.5,0.8105731535,0.426043739,-0.113104215,-0.6515055529,1.917754546,nan,nan
jkt_qc200,3.5,26.5,1.003959676,0.2514074731,-0.2207973546,-0.5882680527,2.713048427,nan,nan
jkt_qc200,3.5,27.5,1.10822076,-0.01000071793,-0.292469176,-0.5000980398,3.659477188,nan,nan
jkt_qc200,3.5,28.5,1.091930964,-0.2901010185,-0.3275706895,-0.4084057879,4.656993325,nan,nan
jkt_qc200,3.5,29.5,0.9749819383,-0.5264249895,-0.3354507292,-0.3266067402,5.600902304,nan,nan
jkt_qc200,4,0.5,0.0997974547,0.1064225674,0.2195977606,-0.08182972857,0.3875741716,nan,nan
jkt_qc200,4,1.5,0.09996212775,0.1067206785,0.2200786687,-0.08224672481,0.3873561905,nan,nan
jkt_qc200,4,2.5,0.1002940501,0.1073217288,0.2210454553,-0.08308988262,0.3869244415,nan,nan
jkt_qc200,4,3.5,0.1007971738,0.1082350868,0.2225081184,-0.08437795908,0.3862810586,nan,nan
jkt_qc200,4,4.5,0.1014792928,0.1094743513,0.2244817918,-0.08614018829,0.3854321023,nan,nan
jkt_qc200,4,5.5,0.1023462058,0.1110638202,0.2269868847,-0.08841769438,0.3843888722,nan,nan
jkt_qc200,4,6.5,0.1034148664,0.1130261691,0.2300492199,-0.09126554431,0.3831635367,nan,nan
jkt_qc200,4,7.5,0.1046998676,0.1153978972,0.2337001129,-0.09475560851,0.3817749539,nan,nan
jkt_qc200,4,8.5,0.1062217017,0.1182231492,0.2379762868,-0.09898047189,0.3802471945,nan,nan
jkt_qc200,4,9.5,0.1080075397,0.1215581886,0.2429194495,-0.1040587395,0.3786189683,nan,nan
jkt_qc200,4,10.5,0.1100904559,0.1254732293,0.2485752295,-0.1101422207,0.3769356106,nan,nan
jkt_qc200,4,11.5,0.1125147062,0.1300577223,0.2549909522,-0.1174256682,0.3752681192,nan,nan
jkt_qc200,4,12.5,0.1153367551,0.1354248604,0.2622113594,-0.1261600039,0.3737100807,nan,nan
jkt_qc200,4,13.5,0.1186315553,0.141719679,0.2702707172,-0.1366702948,0.372394681,nan,nan
jkt_qc200,4,14.5,0.1225005813,0.1491289162,0.2791785978,-0.1493801083,0.3715105142,nan,nan
jkt_qc200,4,15.5,0.12707285,0.1579252789,0.2888945643,-0.1648441657,0.371386971,nan,nan
jkt_qc200,4,16.5,0.1325464101,0.1684893567,0.2992833668,-0.1837910029,0.3725767205,nan,nan
jkt_qc200,4,17.5,0.1392546865,0.181119786,0.3100359353,-0.2071755361,0.3753937648,nan,nan
jkt_qc200,4,18.5,0.1476379192,0.1965790785,0.32053086,-0.2362351388,0.3812135295,nan,nan
jkt_qc200,4,19.5,0.1584428215,0.2157040525,0.3295949258,-0.272525049,0.39164189,nan,nan
jkt_qc200,4,20.5,0.1729154819,0.239705157,0.3351029923,-0.3178638393,0.4094957965,nan,nan
jkt_qc200,4,21.5,0.1932944025,0.2702822632,0.3333607721,-0.374017002,0.4398695477,nan,nan
jkt_qc200,4,22.5,0.2238285763,0.3095839844,0.3183283611,-0.4417523642,0.4922504445,nan,nan
jkt_qc200,4,23.5,0.2728880472,0.3592820244,0.281205322,-0.5186854802,0.5847313757,nan,nan
jkt_qc200,4,24.5,0.355873489,0.4161868905,0.2120227307,-0.5956741066,0.7500538001,nan,nan
jkt_qc200,4,25.5,0.4932251332,0.4606343638,0.1059233865,-0.6539849424,1.037681419,nan,nan
jkt_qc200,4,26.5,0.689280675,0.4471653449,-0.02664520509,-0.6700814162,1.50108087,nan,nan
jkt_qc200,4,27.5,0.9037977567,0.3255071918,-0.1574990637,-0.6318837924,2.17600125,nan,nan
jkt_qc200,4,28.5,1.055795476,0.09114699745,-0.2571304375,-0.5511892962,3.035776797,nan,nan
jkt_qc200,4,29.5,1.087086458,-0.1946922102,-0.3139660072,-0.4540309548,4.002582634,nan,nan
coul_a0.12,-6,0.5,-0.4112950807,-0.1726145237,-0.15695205,-0.03896704063,7.6076994,-0.4112950596,-0.1726144971
coul_a0.12,-6,1.5,-0.4104311176,-0.1719219923,-0.1566852392,-0.03882600732,7.598932319,-0.4104310967,-0.1719219659
coul_a0.12,-6,2.5,-0.4087118356,-0.1705487236,-0.1561541305,-0.03854618167,7.58147792,-0.4087118152,-0.1705486978
coul_a0.12,-6,3.5,-0.406154355,-0.1685178811,-0.1553636967,-0.03813196867,7.555493939,-0.406154335,-0.1685178559
coul_a0.12,-6,4.5,-0.4027839405,-0.165863177,-0.1543212666,-0.03758978776,7.521212705,-0.4027839182,-0.1658631483
coul_a0.12,-6,5.5,-0.398633502,-0.1626276847,-0.1530363732,-0.0369278595,7.478935646,-0.3986334771,-0.1626276524
coul_a0.12,-6,6.5,-0.3937429605,-0.1588623914,-0.1515205585,-0.03615594016,7.429027112,-0.3937429344,-0.1588623575
coul_a0.12,-6,7.5,-0.3881584782,-0.1546245399,-0.1497871425,-0.03528501872,7.371906854,-0.3881584515,-0.1546245056
coul_a0.12,-6,8.5,-0.3819315708,-0.1499758525,-0.1478509627,-0.03432699181,7.308041386,-0.3819315439,-0.1499758192
coul_a0.12,-6,9.5,-0.375118134,-0.1449807341,-0.1457280922,-0.03329433221,7.237934967,-0.3751181088,-0.1449807035
coul_a0.12,-6,10.5,-0.3677774149,-0.1397045326,-0.1434355466,-0.0321997656,7.162120434,-0.3677773917,-0.1397045053
coul_a0.12,-6,11.5,-0.3599709455,-0.1342119232,-0.1409909875,-0.03105596824,7.081149812,-0.3599709247,-0.1342118996
coul_a0.12,-6,12.5,-0.3517614846,-0.1285654791,-0.1384124304,-0.02987529594,6.995585412,-0.3517614663,-0.1285654591
coul_a0.12,-6,13.5,-0.3432119921,-0.1228244638,-0.1357179674,-0.02866955169,6.905991404,-0.343211976,-0.1228244465
coul_a0.12,-6,14.5,-0.3343846652,-0.1170438685,-0.1329255085,-0.02744979638,6.812926073,-0.3343846503,-0.1170438526
coul_a0.12,-6,15.5,-0.3253400625,-0.1112737015,-0.1300525494,-0.02622620432,6.716934992,-0.325340047,-0.1112736846
coul_a0.12,-6,16.5,-0.3161363662,-0.1055585551,-0.1271159683,-0.02500796271,6.618546646,-0.316136316,-0.1055584992
coul_a0.12,-6,17.5,-0.3068286233,-0.09993723784,-0.1241318549,-0.02380321238,6.518261838,-0.3068285517,-0.09993716132
coul_a0.12,-6,18.5,-0.2974683567,-0.09444288651,-0.1211153732,-0.02261902535,6.416556503,-0.297468272,-0.09444280056
coul_a0.12,-6,19.5,-0.2881031218,-0.0891030262,-0.1180806566,-0.02146141432,6.313876037,-0.288103029,-0.08910293664
coul_a0.12,-6,20.5,-0.2787762398,-0.08393982576,-0.1150407353,-0.02033536796,6.210633058,-0.278776144,-0.08393973816
coul_a0.12,-6,21.5,-0.269526657,-0.07897046535,-0.1120074923,-0.01924490672,6.10720655,-0.2695265613,-0.07897038257
coul_a0.12,-6,22.5,-0.260388901,-0.07420756204,-0.108991647,-0.01819315321,6.003941172,-0.2603888079,-0.07420748599
coul_a0.12,-6,23.5,-0.2513931338,-0.06965964322,-0.1060027603,-0.01718241252,5.9011475,-0.2513930452,-0.06965957507
coul_a0.12,-6,24.5,-0.2425652821,-0.06533163688,-0.1030492603,-0.0162142578,5.799102742,-0.2425651992,-0.06533157707
coul_a0.12,-6,25.5,-0.2339272278,-0.06122536035,-0.1001384838,-0.01528961763,5.698051852,-0.2339271513,-0.0612253089
coul_a0.12,-6,26.5,-0.225497047,-0.05733999277,-0.09727672897,-0.01440886219,5.598208967,-0.2254969776,-0.05733994971
coul_a0.12,-6,27.5,-0.2172892817,-0.05367252079,-0.09446931864,-0.01357188589,5.499759134,-0.2172892215,-0.05367248634
coul_a0.12,-6,28.5,-0.2093152375,-0.05021815024,-0.0917206687,-0.01277818499,5.402860393,-0.2093151869,-0.05021812366
coul_a0.12,-6,29.5,-0.2015832849,-0.0469706756,-0.08903436056,-0.01202692892,5.307645651,-0.2015832423,-0.04697065559
coul_a0.12,-5.5,0.5,-0.4595304572,-0.2177196275,-0.1693481936,-0.04586591423,8.399907024,-0.4595304323,-0.217719589
coul_a0.12,-5.5,1.5,-0.4585135965,-0.2167788407,-0.1690414722,-0.04568683649,8.389055306,-0.4585135719,-0.2167788025
coul_a0.12,-5.5,2.5,-0.4564901111,-0.2149144196,-0.1684310498,-0.04533173763,8.367458417,-0.456490087,-0.2149143822
coul_a0.12,-5.5,3.5,-0.4534802975,-0.2121600126,-0.1675229031,-0.04480661867,8.335326908,-0.4534802739,-0.2121599762
coul_a0.12,-5.5,4.5,-0.4495141654,-0.2085644964,-0.1663258391,-0.0441202074,8.292970531,-0.4495141392,-0.208564455
coul_a0.12,-5.5,5.5,-0.4446309026,-0.2041901494,-0.1648513103,-0.04328364883,8.240790507,-0.4446308731,-0.2041901026
coul_a0.12,-5.5,6.5,-0.4388781822,-0.1991104312,-0.1631131772,-0.04231012195,8.17927077,-0.4388781513,-0.199110382
coul_a0.12,-5.5,7.5,-0.4323113019,-0.1934074549,-0.1611274253,-0.04121440479,8.108967355,-0.4323112701,-0.1934074053
coul_a0.12,-5.5,8.5,-0.4249921637,-0.1871692989,-0.1589118444,-0.04001241137,8.030496304,-0.4249921317,-0.187169251
coul_a0.12,-5.5,9.5,-0.4169881302,-0.1804873107,-0.1564856818,-0.03872072396,7.944521068,-0.4169881001,-0.1804872668
coul_a0.12,-5.5,10.5,-0.4083707855,-0.1734535253,-0.1538692792,-0.03735614231,7.851739751,-0.4083707577,-0.1734534864
coul_a0.12,-5.5,11.5,-0.3992146268,-0.1661583021,-0.1510837056,-0.03593526809,7.752872183,-0.3992146019,-0.1661582686
coul_a0.12,-5.5,12.5,-0.3895957421,-0.158688271,-0.148150396,-0.03447413909,7.648647748,-0.3895957202,-0.1586882426
coul_a0.12,-5.5,13.5,-0.3795905103,-0.1511246378,-0.1450908076,-0.0329879228,7.539793968,-0.3795904911,-0.1511246134
coul_a0.12,-5.5,14.5,-0.3692743669,-0.1435418786,-0.1419261018,-0.03149067464,7.427026186,-0.3692743492,-0.1435418562
coul_a0.12,-5.5,15.5,-0.3587206747,-0.1360068251,-0.1386768594,-0.02999516177,7.311038571,-0.3587206561,-0.1360068012
coul_a0.12,-5.5,16.5,-0.3479997651,-0.1285781669,-0.1353628343,-0.02851274998,7.192498463,-0.3479997043,-0.1285780882
coul_a0.12,-5.5,17.5,-0.337177966,-0.1213060647,-0.1320027497,-0.02705334827,7.072033001,-0.337177879,-0.1213059577
coul_a0.12,-5.5,18.5,-0.3263170918,-0.1142324476,-0.128614137,-0.02562540373,6.950232962,-0.3263169889,-0.1142323284
coul_a0.12,-5.5,19.5,-0.315473884,-0.1073912333,-0.1252132173,-0.02423593845,6.82764592,-0.3154737712,-0.1073911103
coul_a0.12,-5.5,20.5,-0.3046996817,-0.1008088171,-0.1218148241,-0.02289061944,6.704773882,-0.3046995655,-0.1008086979
coul_a0.12,-5.5,21.5,-0.2940402616,-0.09450470337,-0.1184323625,-0.02159385328,6.582072761,-0.2940401458,-0.09450459176
coul_a0.12,-5.5,22.5,-0.2835358067,-0.08849220222,-0.1150778013,-0.02034889716,6.459952108,-0.2835356944,-0.0884921007
coul_a0.12,-5.5,23.5,-0.2732210043,-0.08277917344,-0.1117616942,-0.01915797965,6.338776023,-0.273220898,-0.08277908343
coul_a0.12,-5.5,24.5,-0.2631252432,-0.07736877403,-0.1084932234,-0.01802242514,6.218864673,-0.2631251442,-0.07736869598
coul_a0.12,-5.5,25.5,-0.2532728891,-0.07226018444,-0.1052802624,-0.01694277712,6.100496293,-0.253272798,-0.0722601182
coul_a0.12,-5.5,26.5,-0.2436836183,-0.06744929448,-0.1021294517,-0.01591891687,5.983909546,-0.2436835364,-0.0674492399
coul_a0.12,-5.5,27.5,-0.2343727921,-0.06292933612,-0.09904628514,-0.01495017475,5.869306211,-0.2343727216,-0.06292929314
coul_a0.12,-5.5,28.5,-0.2253518572,-0.05869145529,-0.09603520147,-0.01403543239,5.756854222,-0.2253517983,-0.05869142267
coul_a0.12,-5.5,29.5,-0.2166287475,-0.0547252148,-0.09309967909,-0.01317321492,5.646690418,-0.2166286983,-0.05472519087
coul_a0.12,-5,0.5,-0.5160908734,-0.2805834091,-0.1836433701,-0.05470991216,9.398013446,-0.5160908452,-0.280583352
coul_a0.12,-5,1.5,-0.5148996955,-0.2792735438,-0.1832886967,-0.05447832498,9.38431861,-0.5148996677,-0.2792734871
coul_a0.12,-5,2.5,-0.5125288843,-0.2766794097,-0.1825829739,-0.05401941255,9.357074282,-0.5125288571,-0.2766793542
coul_a0.12,-5,3.5,-0.5090014038,-0.2728511595,-0.1815333754,-0.05334153111,9.316567491,-0.5090013771,-0.2728511055
coul_a0.12,-5,4.5,-0.504351379,-0.2678614966,-0.180150476,-0.05245680679,9.263219993,-0.5043513494,-0.267861435
coul_a0.12,-5,5.5,-0.4986236651,-0.2618027941,-0.1784480349,-0.05138067573,9.197577187,-0.4986236318,-0.2618027245
coul_a0.12,-5,6.5,-0.4918732492,-0.2547836056,-0.1764427118,-0.05013131752,9.12029548,-0.4918732141,-0.2547835324
coul_a0.12,-5,7.5,-0.4841644447,-0.2469247138,-0.1741537275,-0.04872901637,9.032127021,-0.4841644084,-0.2469246402
coul_a0.12,-5,8.5,-0.4755698618,-0.2383549597,-0.1716024747,-0.04719548669,8.933902418,-0.475569825,-0.238354889
coul_a0.12,-5,9.5,-0.4661691744,-0.2292070962,-0.1688120931,-0.04555319889,8.826512783,-0.4661691395,-0.2292070316
coul_a0.12,-5,10.5,-0.4560477074,-0.219613863,-0.165807021,-0.04382473808,8.7108916,-0.456047675,-0.219613806
coul_a0.12,-5,11.5,-0.4452948717,-0.2097044491,-0.1626125384,-0.04203222265,8.587996553,-0.4452948424,-0.2097044004
coul_a0.12,-5,12.5,-0.4340025198,-0.1996014771,-0.1592543159,-0.04019680294,8.458792515,-0.4340024941,-0.1996014359
coul_a0.12,-5,13.5,-0.4222632791,-0.1894185819,-0.1557579838,-0.03833825302,8.324235774,-0.4222632565,-0.1894185466
coul_a0.12,-5,14.5,-0.4101689297,-0.1792586197,-0.1521487344,-0.03647466102,8.185259987,-0.4101689089,-0.1792585872
coul_a0.12,-5,15.5,-0.3978088927,-0.1692124965,-0.1484509668,-0.03462221733,8.042764149,-0.3978088709,-0.1692124617
coul_a0.12,-5,16.5,-0.3852689258,-0.159358639,-0.1446879828,-0.0327950946,7.897605159,-0.3852688531,-0.1593585255
coul_a0.12,-5,17.5,-0.372629816,-0.1497626492,-0.140881738,-0.03100540927,7.750580741,-0.3726297111,-0.1497624963
coul_a0.12,-5,18.5,-0.3599666525,-0.1404779552,-0.1370526498,-0.02926325246,7.60243483,-0.3599665281,-0.1404777865
coul_a0.12,-5,19.5,-0.3473480733,-0.1315463417,-0.1332194615,-0.02757677622,7.453849327,-0.3473479367,-0.1315461692
coul_a0.12,-5,20.5,-0.3348358174,-0.1229988512,-0.1293991597,-0.02595232165,7.305441809,-0.3348356766,-0.1229986856
coul_a0.12,-5,21.5,-0.3224845141,-0.1148568654,-0.1256069393,-0.02439457581,7.157765718,-0.3224843739,-0.114856712
coul_a0.12,-5,22.5,-0.310341653,-0.1071332495,-0.1218562101,-0.02290674587,7.011310915,-0.3103415173,-0.1071331114
coul_a0.12,-5,23.5,-0.2984477324,-0.09983353126,-0.1181586394,-0.02149074086,6.86650579,-0.2984476041,-0.09983341028
coul_a0.12,-5,24.5,-0.2868365427,-0.09295705295,-0.1145242224,-0.02014735288,6.72372011,-0.2868364237,-0.09295694941
coul_a0.12,-5,25.5,-0.2755355558,-0.08649806234,-0.1109613741,-0.01887643188,6.583268445,-0.2755354469,-0.08649797579
coul_a0.12,-5,26.5,-0.264566389,-0.08044671871,-0.1074770374,-0.01767704957,6.445413989,-0.2645662916,-0.08044664865
coul_a0.12,-5,27.5,-0.253945319,-0.07478999983,-0.1040768002,-0.01654764953,6.310372709,-0.2539452357,-0.07478994561
coul_a0.12,-5,28.5,-0.2436838255,-0.06951250198,-0.1007650183,-0.015486182,6.178317816,-0.2436837564,-0.06951246163
coul_a0.12,-5,29.5,-0.2337891306,-0.06459712862,-0.09754493894,-0.01449022268,6.049383809,-0.2337890736,-0.06459709991
coul_a0.12,-4.5,0.5,-0.5811233407,-0.3705526756,-0.2002145394,-0.06627197666,10.67978252,-0.5811233124,-0.3705525887
coul_a0.12,-4.5,1.5,-0.5797547821,-0.368679774,-0.1998026125,-0.06596621125,10.66212774,-0.5797547543,-0.3686796876
coul_a0.12,-4.5,2.5,-0.5770290572,-0.3649731618,-0.198983058,-0.06536076822,10.62702064,-0.5770290298,-0.3649730772
coul_a0.12,-4.5,3.5,-0.5729690405,-0.3595095399,-0.1977643951,-0.06446756639,10.57486078,-0.5729690135,-0.3595094578
coul_a0.12,-4.5,4.5,-0.5676092265,-0.3523998802,-0.1961592038,-0.06330385975,10.50623466,-0.5676091968,-0.3523997861
coul_a0.12,-4.5,5.5,-0.5609958168,-0.3437847832,-0.1941838869,-0.06189153697,10.42189957,-0.5609957833,-0.343784677
coul_a0.12,-4.5,6.5,-0.5531866749,-0.3338288745,-0.1918583529,-0.06025626273,10.32276517,-0.5531866392,-0.333828763
coul_a0.12,-4.5,7.5,-0.5442510319,-0.3227144844,-0.1892056267,-0.05842651621,10.20987108,-0.5442509944,-0.3227143725
coul_a0.12,-4.5,8.5,-0.5342688488,-0.3106350199,-0.186251393,-0.05643258487,10.08436182,-0.5342688099,-0.3106349128
coul_a0.12,-4.5,9.5,-0.5233297995,-0.2977884288,-0.1830234857,-0.05430556998,9.947460658,-0.523329762,-0.2977883314
coul_a0.12,-4.5,10.5,-0.511531873,-0.2843710814,-0.1795513389,-0.05207645414,9.800443297,-0.5115318376,-0.2843709959
coul_a0.12,-4.5,11.5,-0.4989796147,-0.270572337,-0.1758654167,-0.04977527144,9.644611747,-0.4989795823,-0.2705722643
coul_a0.12,-4.5,12.5,-0.4857821087,-0.2565700086,-0.1719966445,-0.04743040925,9.481269982,-0.4857820801,-0.2565699472
coul_a0.12,-4.5,13.5,-0.472050797,-0.2425268274,-0.167975859,-0.04506805848,9.311701622,-0.4720507717,-0.2425267749
coul_a0.12,-4.5,14.5,-0.4578972548,-0.2285879528,-0.1638332994,-0.04271181754,9.137150353,-0.4578972316,-0.2285879046
coul_a0.12,-4.5,15.5,-0.4434310463,-0.2148794861,-0.1595981519,-0.04038244477,8.958803479,-0.4434310218,-0.2148794344
coul_a0.12,-4.5,16.5,-0.4287578111,-0.201507998,-0.1552981621,-0.03809774661,8.777781972,-0.4287577271,-0.2015078303
coul_a0.12,-4.5,17.5,-0.413977377,-0.1885603624,-0.1509593218,-0.03587258297,8.595118336,-0.413977254,-0.1885601385
coul_a0.12,-4.5,18.5,-0.3991825952,-0.1761050756,-0.1466056315,-0.03371896823,8.411764371,-0.3991824478,-0.1761048309
coul_a0.12,-4.5,19.5,-0.3844582201,-0.1641933737,-0.1422589405,-0.0316462456,8.228581295,-0.3844580567,-0.1641931261
coul_a0.12,-4.5,20.5,-0.369880212,-0.1528608703,-0.1379388558,-0.02966131291,8.04633793,-0.3698800428,-0.1528606351
coul_a0.12,-4.5,21.5,-0.3555153916,-0.1421294109,-0.1336627166,-0.02776888049,7.865712305,-0.3555152227,-0.1421291954
coul_a0.12,-4.5,22.5,-0.3414213662,-0.1320089686,-0.1294456225,-0.02597174401,7.687293792,-0.3414212026,-0.132008777
coul_a0.12,-4.5,23.5,-0.327646718,-0.1224995358,-0.1253005066,-0.02427105887,7.51158728,-0.3276465634,-0.12249937
coul_a0.12,-4.5,24.5,-0.314231391,-0.1135929215,-0.1212382442,-0.0226666054,7.33901827,-0.3142312477,-0.1135927816
coul_a0.12,-4.5,25.5,-0.3012072297,-0.1052744115,-0.1172677868,-0.02115703756,7.169938611,-0.3012070991,-0.1052742965
coul_a0.12,-4.5,26.5,-0.2885986231,-0.09752426182,-0.1133963139,-0.01974010997,7.004632653,-0.2885985068,-0.09752417059
coul_a0.12,-4.5,27.5,-0.2764232142,-0.09031901169,-0.1096293935,-0.01841288078,6.84332366,-0.2764231153,-0.09031894248
coul_a0.12,-4.5,28.5,-0.264692645,-0.08363261215,-0.105971147,-0.01717188909,6.686180449,-0.2646925637,-0.08363256182
coul_a0.12,-4.5,29.5,-0.2534132913,-0.07743737367,-0.1024244123,-0.01601330751,6.53332337,-0.2534132247,-0.07743733919
coul_a0.12,-4,0.5,-0.6518364026,-0.5028378734,-0.2194777917,-0.08172595214,12.35626556,-0.6518363843,-0.5028377381
coul_a0.12,-4,1.5,-0.6503487385,-0.5000864457,-0.2189989473,-0.081312724,12.33299604,-0.6503487207,-0.5000863112
coul_a0.12,-4,2.5,-0.6473799295,-0.4946449115,-0.2180461934,-0.08049519123,12.28674389,-0.6473799118,-0.4946447799
coul_a0.12,-4,3.5,-0.6429437709,-0.4866331756,-0.2166293377,-0.07929079782,12.21807513,-0.642943753,-0.4866330478
coul_a0.12,-4,4.5,-0.6370627155,-0.4762244523,-0.2147629286,-0.07772473165,12.1278201,-0.6370626966,-0.4762243057
coul_a0.12,-4,5.5,-0.6297696179,-0.4636377107,-0.2124660469,-0.07582883059,12.01705003,-0.6297695964,-0.463637545
coul_a0.12,-4,6.5,-0.6211095193,-0.4491285572,-0.2097620064,-0.07364024839,11.88704992,-0.6211094955,-0.4491283831
coul_a0.12,-4,7.5,-0.6111411482,-0.4329789708,-0.2066779601,-0.0711999703,11.73928573,-0.611141121,-0.4329787966
coul_a0.12,-4,8.5,-0.5999378208,-0.415486572,-0.2032444072,-0.06855127359,11.57536737,-0.5999377898,-0.415486406
coul_a0.12,-4,9.5,-0.5875875483,-0.3969540945,-0.1994946093,-0.06573822362,11.39701017,-0.5875875165,-0.396953944
coul_a0.12,-4,10.5,-0.5741922584,-0.3776796052,-0.195463932,-0.06280428513,11.20599594,-0.5741922264,-0.3776794736
coul_a0.12,-4,11.5,-0.5598661254,-0.3579479311,-0.1911891358,-0.05979111137,11.0041345,-0.5598660948,-0.3579478198
coul_a0.12,-4,12.5,-0.5447331618,-0.3380236329,-0.1867076461,-0.0567375537,10.79322793,-0.544733134,-0.3380235394
coul_a0.12,-4,13.5,-0.528924256,-0.3181456928,-0.1820568333,-0.05367891327,10.57503805,-0.5289242311,-0.318145613
coul_a0.12,-4,14.5,-0.5125738993,-0.2985239681,-0.1772733365,-0.05064643719,10.35125837,-0.5125738766,-0.2985238949
coul_a0.12,-4,15.5,-0.4958168553,-0.2793373169,-0.1723924545,-0.04766704532,10.12349089,-0.4958168314,-0.279337238
coul_a0.12,-4,16.5,-0.478785048,-0.2607333664,-0.1674476268,-0.04476326135,9.893232362,-0.4787849597,-0.2607331122
coul_a0.12,-4,17.5,-0.4616045409,-0.2428288085,-0.1624700167,-0.04195331449,9.661845141,-0.4616044059,-0.2428284724
coul_a0.12,-4,18.5,-0.4443934101,-0.2257119627,-0.1574882023,-0.03925137434,9.430568533,-0.4443932438,-0.225711599
coul_a0.12,-4,19.5,-0.427259855,-0.2094449974,-0.1525279741,-0.03666788144,9.200507112,-0.4272596664,-0.2094446334
coul_a0.12,-4,20.5,-0.4103009336,-0.1940668882,-0.1476122311,-0.03420993913,8.972630163,-0.4103007356,-0.1940665462
coul_a0.12,-4,21.5,-0.3936018645,-0.1795966207,-0.1427609658,-0.03188173634,8.747775972,-0.3936016647,-0.179596311
coul_a0.12,-4,22.5,-0.3772357764,-0.1660363703,-0.1379913236,-0.02968497683,8.526656878,-0.3772355814,-0.1660360984
coul_a0.12,-4,23.5,-0.3612638812,-0.1533745796,-0.1333177208,-0.02761929587,8.309867051,-0.3612636961,-0.1533743476
coul_a0.12,-4,24.5,-0.3457359652,-0.1415888086,-0.1287520086,-0.02568265062,8.097891379,-0.3457357933,-0.1415886158
coul_a0.12,-4,25.5,-0.3306911213,-0.1306482986,-0.1243036679,-0.02387167552,7.89111503,-0.3306909645,-0.1306481432
coul_a0.12,-4,26.5,-0.3161586435,-0.1205162204,-0.1199800225,-0.02218199778,7.689833351,-0.3161585042,-0.1205160998
coul_a0.12,-4,27.5,-0.302159021,-0.1111515975,-0.1157864623,-0.02060851123,7.494261867,-0.3021589031,-0.1111515081
coul_a0.12,-4,28.5,-0.2887049784,-0.1025109129,-0.1117266653,-0.01914560912,7.304546245,-0.2887048821,-0.1025108496
coul_a0.12,-4,29.5,-0.2758024993,-0.09454941887,-0.1078028149,-0.0177873782,7.120771218,-0.2758024209,-0.09454937753
coul_a0.12,-3.5,0.5,-0.7169542105,-0.7018987517,-0.2418088706,-0.1028990055,14.57702081,-0.7169542311,-0.7018985398
coul_a0.12,-3.5,1.5,-0.7155828405,-0.6977619853,-0.2412561695,-0.102325961,14.5457376,-0.7155828616,-0.6977617745
coul_a0.12,-3.5,2.5,-0.7128282717,-0.6895851331,-0.2401559521,-0.1011932975,14.48357963,-0.7128282917,-0.6895849268
coul_a0.12,-3.5,3.5,-0.7086694806,-0.6775572304,-0.238518605,-0.09952722105,14.39135316,-0.7086694987,-0.6775570301
coul_a0.12,-3.5,4.5,-0.7030811363,-0.6619513036,-0.2363597297,-0.09736547747,14.27024166,-0.7030811596,-0.6619510733
coul_a0.12,-3.5,5.5,-0.6960400643,-0.6431123304,-0.2337001129,-0.09475560851,14.12177315,-0.6960400894,-0.6431120698
coul_a0.12,-3.5,6.5,-0.6875322961,-0.621442616,-0.230565608,-0.09175283175,13.94778161,-0.6875323194,-0.621442342
coul_a0.12,-3.5,7.5,-0.67755984,-0.5973852232,-0.2269868847,-0.08841769438,13.75035966,-0.6775598566,-0.597384949
coul_a0.12,-3.5,8.5,-0.6661462529,-0.5714065504,-0.2229990165,-0.08481365768,13.5318047,-0.6661462593,-0.5714062896
coul_a0.12,-3.5,9.5,-0.653340383,-0.5439791684,-0.2186408946,-0.08100476234,13.29456178,-0.6533403815,-0.5439789324
coul_a0.12,-3.5,10.5,-0.639217934,-0.5155658561,-0.2139544787,-0.07705350467,13.04116543,-0.6392179252,-0.5155656504
coul_a0.12,-3.5,11.5,-0.6238807608,-0.4866056532,-0.208983919,-0.07301902379,12.77418167,-0.6238807474,-0.4866054799
coul_a0.12,-3.5,12.5,-0.6074541601,-0.4575025415,-0.2037745958,-0.06895566465,12.49615403,-0.6074541453,-0.4575023964
coul_a0.12,-3.5,13.5,-0.5900825609,-0.4286170684,-0.1983721332,-0.06491194512,12.20955447,-0.5900825468,-0.4286169448
coul_a0.12,-3.5,14.5,-0.5719241619,-0.400261011,-0.1928214453,-0.06092992209,11.91674139,-0.5719241493,-0.4002608975
coul_a0.12,-3.5,15.5,-0.5531450941,-0.3726949042,-0.1871658644,-0.05704492447,11.61992546,-0.5531450809,-0.3726947817
coul_a0.12,-3.5,16.5,-0.5339136756,-0.3461283326,-0.181446392,-0.05328560121,11.32114968,-0.5339136074,-0.3461279392
coul_a0.12,-3.5,17.5,-0.5143949321,-0.3207211777,-0.1757010977,-0.04967422204,11.02224988,-0.514394811,-0.3207206618
coul_a0.12,-3.5,18.5,-0.4947462071,-0.2965884452,-0.1699646783,-0.04622716446,10.72487126,-0.4947460435,-0.2965878922
coul_a0.12,-3.5,19.5,-0.4751135236,-0.2738045288,-0.1642681761,-0.04295552397,10.43045483,-0.4751133258,-0.2738039812
coul_a0.12,-3.5,20.5,-0.4556289677,-0.2524085448,-0.1586388448,-0.03986579091,10.14023947,-0.4556287514,-0.2524080358
coul_a0.12,-3.5,21.5,-0.4364090829,-0.2324099192,-0.1531001449,-0.03696054728,9.855271134,-0.4364088579,-0.2324094637
coul_a0.12,-3.5,22.5,-0.4175540945,-0.2137937977,-0.1476718462,-0.03423914711,9.576413264,-0.41755387,-0.213793403
coul_a0.12,-3.5,23.5,-0.3991478887,-0.1965261447,-0.1423702139,-0.0316983546,9.304360811,-0.3991476723,-0.1965258126
coul_a0.12,-3.5,24.5,-0.3812585643,-0.1805583471,-0.1372082542,-0.02933292281,9.03965561,-0.3812583611,-0.1805580759
coul_a0.12,-3.5,25.5,-0.3639394082,-0.1658312508,-0.1321959995,-0.02713610416,8.782702352,-0.3639392214,-0.1658310365
coul_a0.12,-3.5,26.5,-0.3472301557,-0.1522786036,-0.1273408144,-0.02510008925,8.533784623,-0.3472299893,-0.1522784414
coul_a0.12,-3.5,27.5,-0.3311584207,-0.139829917,-0.1226477069,-0.02321637555,8.29308065,-0.3311582801,-0.1398297998
coul_a0.12,-3.5,28.5,-0.3157411989,-0.128412779,-0.1181196356,-0.02147607016,8.060678467,-0.3157410843,-0.1284126989
coul_a0.12,-3.5,29.5,-0.3009863497,-0.1179546766,-0.1137578017,-0.01987013284,7.83658937,-0.300986257,-0.1179546275
coul_a0.12,-3,0.5,-0.7423396091,-1.003794408,-0.2672994807,-0.1326948236,17.50196569,-0.7423397454,-1.003794088
coul_a0.12,-3,1.5,-0.7417971601,-0.9975274756,-0.2666777089,-0.1318782024,17.4595411,-0.7417972968,-0.9975271577
coul_a0.12,-3,2.5,-0.7406460716,-0.9851409351,-0.2654382345,-0.1302656139,17.37525535,-0.740646204,-0.9851406237
coul_a0.12,-3,3.5,-0.7387615472,-0.9669235414,-0.2635894681,-0.1278973312,17.25022344,-0.7387616728,-0.9669232387
coul_a0.12,-3,4.5,-0.7359743557,-0.9432939193,-0.2611446407,-0.1248312546,17.0860887,-0.7359745045,-0.9432935701
coul_a0.12,-3,5.5,-0.7320898798,-0.9147834975,-0.2581223746,-0.1211401083,16.88498419,-0.7320900445,-0.9147831006
coul_a0.12,-3,6.5,-0.7269093311,-0.8820151842,-0.2545472017,-0.1169080306,16.64948465,-0.7269094966,-0.8820147647
coul_a0.12,-3,7.5,-0.7202508848,-0.8456784073,-0.250449887,-0.1122268011,16.38254505,-0.7202510353,-0.8456779856
coul_a0.12,-3,8.5,-0.7119682302,-0.8065020095,-0.2458674442,-0.107191968,16.08742677,-0.7119683536,-0.8065016069
coul_a0.12,-3,9.5,-0.7019647099,-0.7652267164,-0.2408427775,-0.1018991264,15.76761612,-0.7019648061,-0.765226351
coul_a0.12,-3,10.5,-0.6902019772,-0.7225788284,-0.2354239398,-0.09644057048,15.42673796,-0.6902020461,-0.7225785099
coul_a0.12,-3,11.5,-0.6767028079,-0.6792467246,-0.2296630563,-0.09090248908,15.06846722,-0.6767028544,-0.6792464567
coul_a0.12,-3,12.5,-0.6615485623,-0.6358614802,-0.2236149991,-0.08536281128,14.69644452,-0.6615485948,-0.6358612564
coul_a0.12,-3,13.5,-0.6448722605,-0.5929823964,-0.2173359299,-0.07988974352,14.31419852,-0.6448722858,-0.5929822062
coul_a0.12,-3,14.5,-0.6268485835,-0.5510878086,-0.2108818266,-0.07454097831,13.92507898,-0.6268486075,-0.5510876341
coul_a0.12,-3,15.5,-0.6076822284,-0.5105709814,-0.2043071043,-0.06936350645,13.5322026,-0.6076822544,-0.5105707922
coul_a0.12,-3,16.5,-0.5875959098,-0.4717409047,-0.197663414,-0.0643939314,13.13842079,-0.587595933,-0.4717402911
coul_a0.12,-3,17.5,-0.5668190945,-0.4348250459,-0.1909986747,-0.05965916797,12.74626379,-0.5668190651,-0.4348242446
coul_a0.12,-3,18.5,-0.5455780348,-0.3999780217,-0.184356366,-0.05517740546,12.35796303,-0.5455779437,-0.3999771684
coul_a0.12,-3,19.5,-0.5240879249,-0.3672895032,-0.1777750801,-0.05095922424,11.97543546,-0.5240877739,-0.3672886656
coul_a0.12,-3,20.5,-0.5025469458,-0.3367937915,-0.171288314,-0.04700877158,11.60029039,-0.5025467529,-0.3367930203
coul_a0.12,-3,21.5,-0.4811323468,-0.3084796506,-0.1649244685,-0.04332492254,11.23384731,-0.4811321258,-0.3084789681
coul_a0.12,-3,22.5,-0.4599982414,-0.2822996684,-0.1587070135,-0.03990237197,10.87715569,-0.4599980058,-0.2822990844
coul_a0.12,-3,23.5,-0.4392749069,-0.2581788898,-0.1526547788,-0.03673262294,10.53101999,-0.4392746693,-0.2581784057
coul_a0.12,-3,24.5,-0.4190692301,-0.2360224396,-0.1467823303,-0.0338048526,10.19602616,-0.4190689995,-0.236022051
coul_a0.12,-3,25.5,-0.399465986,-0.2157220424,-0.1411003969,-0.03110664897,9.872568398,-0.3994657691,-0.2157217421
coul_a0.12,-3,26.5,-0.3805296739,-0.1971614328,-0.1356163204,-0.02862462143,9.560875451,-0.3805294777,-0.1971612117
coul_a0.12,-3,27.5,-0.3623066781,-0.180220715,-0.1303345045,-0.02634489333,9.261035647,-0.3623065112,-0.1802205602
coul_a0.12,-3,28.5,-0.3448275725,-0.1647797611,-0.1252568474,-0.02425348924,8.973020345,-0.344827436,-0.1647796594
coul_a0.12,-3,29.5,-0.3281093993,-0.1507207817,-0.1203831469,-0.02233663039,8.696704437,-0.3281092887,-0.1507207246
coul_a0.12,-2.5,0.5,-0.637898556,-1.444230948,-0.2950747249,-0.175762939,21.13158351,-0.6378989863,-1.444230546
coul_a0.12,-2.5,1.5,-0.6400644496,-1.435108061,-0.2944250763,-0.1745691821,21.07550858,-0.6400648802,-1.435107661
coul_a0.12,-2.5,2.5,-0.6441891799,-1.417051849,-0.293124728,-0.1722137006,20.96403069,-0.6441895982,-1.417051455
coul_a0.12,-2.5,3.5,-0.6498777159,-1.390438142,-0.2911725682,-0.1687589723,20.79849308,-0.6498781159,-1.390437757
coul_a0.12,-2.5,4.5,-0.6565830078,-1.355821634,-0.2885692288,-0.1642948429,20.58090644,-0.6565834779,-1.355821188
coul_a0.12,-2.5,5.5,-0.6636550723,-1.313922608,-0.285319383,-0.1589341488,20.31393336,-0.6636555972,-1.313922093
coul_a0.12,-2.5,6.5,-0.6703967554,-1.2656071,-0.2814341359,-0.1528073243,20.00085923,-0.6703972906,-1.265606545
coul_a0.12,-2.5,7.5,-0.6761208488,-1.211859335,-0.2769330998,-0.1460563583,19.64554152,-0.6761213516,-1.211858764
coul_a0.12,-2.5,8.5,-0.6802022151,-1.153747029,-0.2718458105,-0.1388285182,19.25233268,-0.6802026507,-1.153746472
coul_a0.12,-2.5,9.5,-0.6821199119,-1.092381509,-0.2662122651,-0.1312702737,18.82598005,-0.6821202719,-1.092380994
coul_a0.12,-2.5,10.5,-0.6814860711,-1.028875459,-0.2600825067,-0.1235218199,18.37150624,-0.6814863521,-1.028875005
coul_a0.12,-2.5,11.5,-0.6780600659,-0.9643017619,-0.253515331,-0.1157125221,17.89407525,-0.678060278,-0.9643013771
coul_a0.12,-2.5,12.5,-0.6717486835,-0.8996568658,-0.2465763013,-0.1079574916,17.39885615,-0.6717488477,-0.899656544
coul_a0.12,-2.5,13.5,-0.6625944527,-0.8358313784,-0.2393353305,-0.1003553772,16.8908916,-0.6625945881,-0.8358311061
coul_a0.12,-2.5,14.5,-0.6507552997,-0.7735896388,-0.2318641061,-0.09298733667,16.37498077,-0.6507554262,-0.7735893892
coul_a0.12,-2.5,15.5,-0.6364791433,-0.7135587377,-0.22423361,-0.08591705338,15.85558264,-0.6364792794,-0.7135584641
coul_a0.12,-2.5,16.5,-0.6200766285,-0.6562269937,-0.2165119282,-0.07919159948,15.33675362,-0.6200769298,-0.6562260649
coul_a0.12,-2.5,17.5,-0.601895677,-0.6019472636,-0.2087624792,-0.0728429161,14.8220615,-0.601895948,-0.6019460415
coul_a0.12,-2.5,18.5,-0.5822974619,-0.5509508231,-0.2010427189,-0.06688968268,14.31460736,-0.5822976337,-0.5509495206
coul_a0.12,-2.5,19.5,-0.5616380601,-0.5033610951,-0.1934033222,-0.06133937173,13.81700583,-0.5616381131,-0.50335982
coul_a0.12,-2.5,20.5,-0.5402540573,-0.4592104663,-0.1858877988,-0.05619032296,13.33139804,-0.5402540105,-0.4592092984
coul_a0.12,-2.5,21.5,-0.5184526911,-0.4184576412,-0.1785324744,-0.05143371436,12.8594832,-0.5184525638,-0.4184566157
coul_a0.12,-2.5,22.5,-0.4965058704,-0.3810041251,-0.1713667565,-0.04705534896,12.40255412,-0.4965056859,-0.3810032568
coul_a0.12,-2.5,23.5,-0.4746475062,-0.3467092594,-0.1644136052,-0.04303721251,11.96154079,-0.4746472871,-0.346708549
coul_a0.12,-2.5,24.5,-0.4530733502,-0.3154032966,-0.1576901339,-0.0393587856,11.53705574,-0.4530731151,-0.315402736
coul_a0.12,-2.5,25.5,-0.4319426395,-0.2868983639,-0.1512082808,-0.03599811456,11.12943904,-0.4319424027,-0.2868979406
coul_a0.12,-2.5,26.5,-0.4113809291,-0.2609973435,-0.1449754999,-0.03293265884,10.73880145,-0.4113807052,-0.2609970415
coul_a0.12,-2.5,27.5,-0.3914836177,-0.2375008215,-0.1389954385,-0.03013994043,10.36506475,-0.3914834226,-0.2375006179
coul_a0.12,-2.5,28.5,-0.3723197795,-0.2162123133,-0.1332685739,-0.02759802394,10.00799828,-0.3723196171,-0.2162121867
coul_a0.12,-2.5,29.5,-0.35393598,-0.1969420502,-0.1277927959,-0.02528585608,9.667250512,-0.3539358459,-0.1969419882
coul_a0.12,-2,0.5,-0.2110748637,-1.981096153,-0.3214717123,-0.239323504,24.71236132,-0.211075854,-1.981095975
coul_a0.12,-2,1.5,-0.2199507222,-1.97005223,-0.3209362213,-0.2375527057,24.64687281,-0.2199517129,-1.970052054
coul_a0.12,-2,2.5,-0.2372082961,-1.948053661,-0.3198483702,-0.2340590898,24.51628544,-0.2372092618,-1.948053481
coul_a0.12,-2,3.5,-0.2618950322,-1.915298657,-0.3181772566,-0.2289366405,24.32143383,-0.2618959608,-1.915298469
coul_a0.12,-2,4.5,-0.2926690467,-1.872128379,-0.3158831834,-0.2223213876,24.06369724,-0.2926701463,-1.872128159
coul_a0.12,-2,5.5,-0.3278975017,-1.819065702,-0.3129245069,-0.2143855153,23.74512114,-0.3278987494,-1.819065416
coul_a0.12,-2,6.5,-0.3657743023,-1.756847441,-0.3092650684,-0.2053297017,23.36852673,-0.3657755979,-1.756847085
coul_a0.12,-2,7.5,-0.4044484327,-1.686439682,-0.3048811271,-0.1953740413,22.93758883,-0.4044496782,-1.686439251
coul_a0.12,-2,8.5,-0.4421498305,-1.609028906,-0.2997668366,-0.1847481111,22.45685224,-0.4421509392,-1.609028422
coul_a0.12,-2,9.5,-0.4773001724,-1.525987119,-0.2939375914,-0.1736809007,21.93167858,-0.477301111,-1.525986625
coul_a0.12,-2,10.5,-0.508598229,-1.438814269,-0.2874309467,-0.1623913976,21.36812327,-0.5085989805,-1.438813798
coul_a0.12,-2,11.5,-0.5350727905,-1.349065621,-0.2803052091,-0.1510805515,20.77275049,-0.5350733709,-1.349065205
coul_a0.12,-2,12.5,-0.5561014431,-1.258274266,-0.2726361195,-0.1399251618,20.15241112,-0.5561018988,-1.258273913
coul_a0.12,-2,13.5,-0.5713979666,-1.167878693,-0.2645122617,-0.129073972,19.51400437,-0.571398344,-1.167878396
coul_a0.12,-2,14.5,-0.5809747916,-1.07916355,-0.2560298903,-0.1186459772,18.86424899,-0.5809751437,-1.07916328
coul_a0.12,-2,15.5,-0.5850891476,-0.9932184131,-0.2472878189,-0.108730714,18.20948282,-0.585089532,-0.9932181072
coul_a0.12,-2,16.5,-0.5841811096,-0.9109168007,-0.238382863,-0.09939013441,17.55551615,-0.584182104,-0.910915572
coul_a0.12,-2,17.5,-0.5788143886,-0.8329094867,-0.2294061502,-0.09066159192,16.90747745,-0.5788154368,-0.8329077992
coul_a0.12,-2,18.5,-0.5696175526,-0.7596391462,-0.220440436,-0.08256146922,16.26979919,-0.5696184303,-0.7596373047
coul_a0.12,-2,19.5,-0.5572391897,-0.6913602096,-0.2115584153,-0.07508903642,15.64618208,-0.5572398177,-0.6913583803
coul_a0.12,-2,20.5,-0.5423118914,-0.6281663056,-0.2028219199,-0.06823022028,15.0396069,-0.542312283,-0.6281646192
coul_a0.12,-2,21.5,-0.525426892,-0.5700203483,-0.1942818393,-0.06196106368,14.45238195,-0.525427076,-0.5700188657
coul_a0.12,-2,22.5,-0.507117979,-0.5167839787,-0.1859785803,-0.05625074644,13.88620052,-0.507117998,-0.5167827277
coul_a0.12,-2,23.5,-0.4878532054,-0.4682447268,-0.1779428929,-0.05106411301,13.342213,-0.4878531048,-0.4682437119
coul_a0.12,-2,24.5,-0.4680325049,-0.4241396556,-0.1701969112,-0.04636370706,12.82110208,-0.4680323243,-0.4241388661
coul_a0.12,-2,25.5,-0.4479895143,-0.3841750488,-0.16275529,-0.04211134866,12.32315695,-0.4479892862,-0.3841744663
coul_a0.12,-2,26.5,-0.4279961475,-0.3480421568,-0.1556263487,-0.03826930971,11.84834351,-0.427995904,-0.3480417559
coul_a0.12,-2,27.5,-0.4082687656,-0.3154292961,-0.1488131615,-0.03480115097,11.39636873,-0.4082685393,-0.315429039
coul_a0.12,-2,28.5,-0.388975073,-0.2860307367,-0.1423145567,-0.03167228429,10.96673766,-0.3889748755,-0.2860305899
coul_a0.12,-2,29.5,-0.3702410534,-0.2595529542,-0.1361260048,-0.02885031881,10.55880182,-0.3702408824,-0.2595529002
coul_a0.12,-1.5,0.5,0.7463922455,-2.276101009,-0.3355606459,-0.333002763,25.67314557,0.7463909149,-2.276101905
coul_a0.12,-1.5,1.5,0.7266100629,-2.270328511,-0.3355310831,-0.330429216,25.62336092,0.7266087299,-2.270329412
coul_a0.12,-1.5,2.5,0.6877692356,-2.258293093,-0.3354145677,-0.3253426646,25.52275827,0.6877679226,-2.258293955
coul_a0.12,-1.5,3.5,0.6313050309,-2.23909765,-0.3351029923,-0.3178638393,25.36946469,0.6313037489,-2.239098452
coul_a0.12,-1.5,4.5,0.5593321147,-2.211594548,-0.3344501184,-0.3081723218,25.16113134,0.5593305594,-2.211595523
coul_a0.12,-1.5,5.5,0.4745763463,-2.174592934,-0.3332885963,-0.2965031975,24.89543113,0.4745744955,-2.174593984
coul_a0.12,-1.5,6.5,0.3802607409,-2.127083188,-0.3314493244,-0.283140654,24.57058275,0.3802587145,-2.127084166
coul_a0.12,-1.5,7.5,0.2799384721,-2.068445004,-0.32878067,-0.2684078964,24.18586491,0.2799364096,-2.068445772
coul_a0.12,-1.5,8.5,0.1772815787,-1.9986029,-0.3251650591,-0.2526534959,23.74202274,0.1772796434,-1.998603385
coul_a0.12,-1.5,9.5,0.07584698155,-1.918103492,-0.32053086,-0.2362351388,23.24151245,0.07584527296,-1.918103731
coul_a0.12,-1.5,10.5,-0.02115038569,-1.828103902,-0.3148583034,-0.2195024337,22.68855351,-0.02115179462,-1.828103946
coul_a0.12,-1.5,11.5,-0.1110254719,-1.730277803,-0.3081792155,-0.2027807438,22.08898111,-0.1110265713,-1.730277742
coul_a0.12,-1.5,12.5,-0.1917479574,-1.626661595,-0.3005713461,-0.1863578494,21.44994104,-0.1917488156,-1.626661502
coul_a0.12,-1.5,13.5,-0.2619925005,-1.519471146,-0.2921488096,-0.1704746998,20.77947419,-0.2619931997,-1.519471071
coul_a0.12,-1.5,14.5,-0.3211169506,-1.410920658,-0.283050492,-0.1553207564,20.08605763,-0.3211176028,-1.410920606
coul_a0.12,-1.5,15.5,-0.3690831657,-1.303068689,-0.273428204,-0.1410336931,19.3781601,-0.3690839085,-1.303068607
coul_a0.12,-1.5,16.5,-0.4063397567,-1.197707195,-0.2634359822,-0.1277026669,18.66386737,-0.4063420508,-1.197706175
coul_a0.12,-1.5,17.5,-0.4336962819,-1.09629371,-0.2532214276,-0.1153740829,17.95055675,-0.4336988681,-1.096292005
coul_a0.12,-1.5,18.5,-0.4521875892,-0.9999323369,-0.2429194495,-0.1040587395,17.24472223,-0.4521899091,-0.9999302699
coul_a0.12,-1.5,19.5,-0.4629649154,-0.9093846228,-0.2326483761,-0.09373938554,16.5518707,-0.4629667484,-0.9093824186
coul_a0.12,-1.5,20.5,-0.4672051604,-0.8251042006,-0.2225081184,-0.08437795908,15.8764877,-0.4672064899,-0.825102082
coul_a0.12,-1.5,21.5,-0.4660443595,-0.7472846987,-0.2125799455,-0.07592204026,15.22207948,-0.4660452227,-0.7472827847
coul_a0.12,-1.5,22.5,-0.4605333197,-0.6759117436,-0.2029274034,-0.06831027983,14.59124398,-0.4605337932,-0.6759101029
coul_a0.12,-1.5,23.5,-0.4516121803,-0.6108136473,-0.1935979554,-0.06147674157,13.98577444,-0.4516123532,-0.6108123083
coul_a0.12,-1.5,24.5,-0.4400995012,-0.5517068688,-0.1846250003,-0.05535421498,13.40677272,-0.4400994549,-0.5517058313
coul_a0.12,-1.5,25.5,-0.4266917648,-0.4982344856,-0.1760300119,-0.04987662124,12.85476335,-0.4266915693,-0.4982337335
coul_a0.12,-1.5,26.5,-0.4119697452,-0.4499972165,-0.1678246261,-0.04498066428,12.32980197,-0.4119694688,-0.4499967182
coul_a0.12,-1.5,27.5,-0.3964089322,-0.4065773546,-0.1600125664,-0.04060688087,11.8315743,-0.3964086424,-0.406577055
coul_a0.12,-1.5,28.5,-0.3803919236,-0.3675564061,-0.1525913519,-0.03670023119,11.35948249,-0.3803916486,-0.367556257
coul_a0.12,-1.5,29.5,-0.3642212133,-0.3325275609,-0.1455537665,-0.03321035132,10.91271773,-0.3642209561,-0.3325275396
coul_a0.12,-1,0.5,1.895795422,-1.692636608,-0.3107190478,-0.4623033129,20.81749707,1.895795359,-1.692638714
coul_a0.12,-1,1.5,1.872840321,-1.705267084,-0.3120511966,-0.4589868014,20.82640578,1.872840264,-1.705269207
coul_a0.12,-1,2.5,1.826874456,-1.729204889,-0.314582356,-0.4523843453,20.8410252,1.826874359,-1.729206964
coul_a0.12,-1,3.5,1.757921751,-1.761874027,-0.3180559387,-0.4425656103,20.855187,1.757921593,-1.761876019
coul_a0.12,-1,4.5,1.666329712,-1.799601577,-0.3221114625,-0.4296541873,20.86021473,1.666329551,-1.799604111
coul_a0.12,-1,5.5,1.553069582,-1.837883351,-0.3263138116,-0.4138445816,20.84565678,1.553069213,-1.837886379
coul_a0.12,-1,6.5,1.420017254,-1.87176396,-0.3301909178,-0.3954160877,20.8001767,1.420016534,-1.871767185
coul_a0.12,-1,7.5,1.270134289,-1.896320266,-0.333276792,-0.3747383149,20.71262658,1.270133144,-1.896323328
coul_a0.12,-1,8.5,1.107477347,-1.907192252,-0.3351549584,-0.352264602,20.57315329,1.107475872,-1.907194815
coul_a0.12,-1,9.5,0.9370029055,-1.901075881,-0.3354962332,-0.328512304,20.37419971,0.93700129,-1.901077849
coul_a0.12,-1,10.5,0.7641863365,-1.876083975,-0.3340851372,-0.3040322182,20.11126016,0.7641847929,-1.876085309
coul_a0.12,-1,11.5,0.5945273314,-1.831901044,-0.3308312171,-0.279372196,19.78326087,0.5945260371,-1.83190187
coul_a0.12,-1,12.5,0.4330447072,-1.769708224,-0.3257646284,-0.2550413007,19.39253922,0.433043686,-1.769708745
coul_a0.12,-1,13.5,0.2838611506,-1.69190857,-0.3190184721,-0.2314803421,18.94444377,0.2838603625,-1.691908975
coul_a0.12,-1,14.5,0.1499471124,-1.601726556,-0.3108025748,-0.2090426085,18.44666047,0.1499464057,-1.601726984
coul_a0.12,-1,15.5,0.03304468428,-1.502771671,-0.3013741173,-0.1879859799,17.9083984,0.03304381142,-1.50277217
coul_a0.12,-1,16.5,-0.06624803029,-1.39864471,-0.2910098446,-0.1684752558,17.33956577,-0.06625175696,-1.39864522
coul_a0.12,-1,17.5,-0.1482953927,-1.292637928,-0.2799830751,-0.1505920444,16.75007118,-0.1482999568,-1.292637561
coul_a0.12,-1,18.5,-0.2141677314,-1.18754354,-0.2685469962,-0.1343490717,16.14919933,-0.2141720589,-1.187542328
coul_a0.12,-1,19.5,-0.2653993256,-1.085571314,-0.2569243005,-0.1197060586,15.54527668,-0.2654029169,-1.085569472
coul_a0.12,-1,20.5,-0.3037688045,-0.9883447398,-0.2453022791,-0.106585029,14.94544049,-0.3037715332,-0.9883426499
coul_a0.12,-1,21.5,-0.3311250676,-0.8969527789,-0.2338320661,-0.09488373348,14.35557409,-0.3311269454,-0.8969506857
coul_a0.12,-1,22.5,-0.3492621306,-0.8120305019,-0.2226306858,-0.08448658357,13.78032503,-0.3492632657,-0.8120285825
coul_a0.12,-1,23.5,-0.3598389227,-0.7338503454,-0.2117847312,-0.07527300954,13.22320407,-0.359839464,-0.7338487081
coul_a0.12,-1,24.5,-0.3643353739,-0.662410501,-0.20135478,-0.06712346802,12.68671972,-0.3643354669,-0.6624091967
coul_a0.12,-1,25.5,-0.3640353841,-0.5975131806,-0.191379927,-0.05992347863,12.17252773,-0.3640351592,-0.5975122228
coul_a0.12,-1,26.5,-0.3600280911,-0.5388296223,-0.1818820501,-0.05356610803,11.68158057,-0.3600276785,-0.5388289908
coul_a0.12,-1,27.5,-0.3532204667,-0.4859513969,-0.1728696041,-0.04795329334,11.21426737,-0.3532199943,-0.4859510249
coul_a0.12,-1,28.5,-0.3443560166,-0.4384290875,-0.1643408612,-0.0429963398,10.77053738,-0.3443555407,-0.4384289125
coul_a0.12,-1,29.5,-0.3340357343,-0.3958003724,-0.1562865947,-0.03861585958,10.3500048,-0.3340352657,-0.3958003689
coul_a0.12,-0.5,0.5,2.190930819,-0.3974853889,-0.2028871194,-0.6028612422,12.25435721,2.190932509,-0.3974865428
coul_a0.12,-0.5,1.5,2.186586387,-0.4231357409,-0.2065843673,-0.600014111,12.31754995,2.186588111,-0.4231368927
coul_a0.12,-0.5,2.5,2.176470506,-0.4739668443,-0.2138066812,-0.5942096843,12.44154406,2.176472171,-0.4739680243
coul_a0.12,-0.5,3.5,2.15783265,-0.5488698676,-0.2242052113,-0.5852493905,12.62141394,2.157834206,-0.5488710806
coul_a0.12,-0.5,4.5,2.126836859,-0.6457917342,-0.2372498468,-0.5728889275,12.84946839,2.126839079,-0.6457931857
coul_a0.12,-0.5,5.5,2.078984374,-0.7613714255,-0.2522324578,-0.5568990206,13.11507978,2.078987125,-0.7613734211
coul_a0.12,-0.5,6.5,2.009743861,-0.8906375889,-0.2682875302,-0.5371376828,13.4046367,2.009746714,-0.890640259
coul_a0.12,-0.5,7.5,1.915371243,-1.026920167,-0.284438091,-0.5136224639,13.7018655,1.915373626,-1.026923451
coul_a0.12,-0.5,8.5,1.793799517,-1.16212014,-0.2996690493,-0.4865870289,13.9886127,1.793800972,-1.162123659
coul_a0.12,-0.5,9.5,1.645392501,-1.287402345,-0.3130210083,-0.4565059424,14.24611183,1.64539299,-1.287405716
coul_a0.12,-0.5,10.5,1.473322101,-1.394237807,-0.3236883384,-0.4240769656,14.45662071,1.47332175,-1.394240585
coul_a0.12,-0.5,11.5,1.283394372,-1.475566132,-0.3311003035,-0.3901610296,14.60512555,1.283393586,-1.475568093
coul_a0.12,-0.5,12.5,1.083317452,-1.526767131,-0.3349666327,-0.3556924775,14.68078817,1.083316592,-1.526768414
coul_a0.12,-0.5,13.5,0.8815918668,-1.546172284,-0.3352787272,-0.3215806419,14.67781415,0.8815912008,-1.546173149
coul_a0.12,-0.5,14.5,0.6863266744,-1.535003191,-0.3322704067,-0.2886245754,14.59558962,0.6863262111,-1.535004012
coul_a0.12,-0.5,15.5,0.5042759249,-1.496816939,-0.3263520855,-0.257456089,14.43813273,0.5042753886,-1.496818052
coul_a0.12,-0.5,16.5,0.3402780397,-1.436667549,-0.3180359962,-0.2285160662,14.21303199,0.3402740598,-1.436671151
coul_a0.12,-0.5,17.5,0.1971085182,-1.360237958,-0.3078676286,-0.2020599328,13.93031056,0.1971026746,-1.360240799
coul_a0.12,-0.5,18.5,0.07569260388,-1.273090413,-0.2963726232,-0.1781830229,13.60100378,0.07568643301,-1.273091627
coul_a0.12,-0.5,19.5,-0.0245053589,-1.180173704,-0.2840221046,-0.156855657,13.23625595,-0.02451088709,-1.180173266
coul_a0.12,-0.5,20.5,-0.1050282695,-1.085557639,-0.2712148753,-0.1379596614,12.84654373,-0.1050326909,-1.085556163
coul_a0.12,-0.5,21.5,-0.1680058772,-0.9923618832,-0.2582725743,-0.1213210414,12.44122227,-0.1680090426,-0.9923598331
coul_a0.12,-0.5,22.5,-0.215816817,-0.9028122609,-0.2454434101,-0.1067363101,12.02827646,-0.2158187985,-0.9028100384
coul_a0.12,-0.5,23.5,-0.250846742,-0.8183678806,-0.2329106624,-0.09399198661,11.61427322,-0.2508477303,-0.8183657782
coul_a0.12,-0.5,24.5,-0.275334096,-0.7398733633,-0.2208031361,-0.0828779387,11.20442891,-0.2753343084,-0.7398715599
coul_a0.12,-0.5,25.5,-0.2912855167,-0.6677079718,-0.2092057453,-0.07319574479,10.80274505,-0.2912851645,-0.6677065638
coul_a0.12,-0.5,26.5,-0.3004412123,-0.6019166489,-0.1981692006,-0.06476332785,10.41217612,-0.3004405192,-0.6019156592
coul_a0.12,-0.5,27.5,-0.3042730743,-0.5423171498,-0.1877183346,-0.05741697434,10.03480415,-0.3042722647,-0.54231651
coul_a0.12,-0.5,28.5,-0.3040021191,-0.4885829598,-0.1778589511,-0.0510116293,9.672002174,-0.30400129,-0.4885825911
coul_a0.12,-0.5,29.5,-0.3006253788,-0.4403049139,-0.1685832792,-0.04542013263,9.324578959,-0.3006245483,-0.4403047893
coul_a0.12,0,0.5,1.563166335,0.436741969,-0.0006509100247,-0.6711403083,5.84826516,1.563167775,0.4367423197
coul_a0.12,0,1.5,1.57530284,0.4220818015,-0.005857749429,-0.671089809,5.905321097,1.575304284,0.4220821867
coul_a0.12,0,2.5,1.598880686,0.3918630702,-0.01626320497,-0.6707466151,6.019954958,1.598882134,0.3918634096
coul_a0.12,0,3.5,1.632373572,0.3443693841,-0.03182275162,-0.6696286274,6.193012243,1.632375009,0.3443696322
coul_a0.12,0,4.5,1.6731701,0.2772621613,-0.05240037671,-0.6670244496,6.425244251,1.673171875,0.2772629202
coul_a0.12,0,5.5,1.717253743,0.187956979,-0.07769026386,-0.662023779,6.716661279,1.71725616,0.1879581157
coul_a0.12,0,6.5,1.758919078,0.07424220043,-0.1071259469,-0.6535823748,7.065626976,1.758922275,0.07424332651
coul_a0.12,0,7.5,1.79070137,-0.06482708032,-0.1397978585,-0.6406345597,7.46777193,1.790705231,-0.06482657498
coul_a0.12,0,8.5,1.803748959,-0.227849235,-0.174411136,-0.6222554813,7.914890687,1.803752935,-0.2278498509
coul_a0.12,0,9.5,1.788835441,-0.410077092,-0.2093197327,-0.5978542659,8.394122974,1.788839025,-0.4100788668
coul_a0.12,0,10.5,1.738021489,-0.6029409806,-0.2426608695,-0.5673532185,8.887835749,1.738023994,-0.6029436232
coul_a0.12,0,11.5,1.646627449,-0.7945506914,-0.2725815371,-0.5312918172,9.374532123,1.646628619,-0.7945534566
coul_a0.12,0,12.5,1.514848143,-0.9713493406,-0.2975062511,-0.4908043926,9.83088963,1.514848302,-0.9713517086
coul_a0.12,0,13.5,1.348281496,-1.12057232,-0.3163667696,-0.4474615209,10.234584,1.348281233,-1.120573974
coul_a0.12,0,14.5,1.157021433,-1.232694641,-0.3287221588,-0.4030188389,10.56717268,1.157021333,-1.232695863
coul_a0.12,0,15.5,0.9536038043,-1.302998605,-0.3347409033,-0.3591515614,10.81626013,0.9536040177,-1.303000113
coul_a0.12,0,16.5,0.7505782903,-1.331804996,-0.3350699257,-0.3172487594,10.97636366,0.7505769889,-1.331812422
coul_a0.12,0,17.5,0.5585107078,-1.323548618,-0.3306483395,-0.2783060326,11.04875648,0.5585059263,-1.323556514
coul_a0.12,0,18.5,0.3848822534,-1.28517592,-0.322524837,-0.2429137392,11.03980012,0.3848752971,-1.285181581
coul_a0.12,0,19.5,0.2339079404,-1.224558354,-0.3117166076,-0.2113114791,10.95937419,0.2339004143,-1.22456081
coul_a0.12,0,20.5,0.1069841621,-1.149253131,-0.2991220907,-0.1834734118,10.8191168,0.1069774582,-1.149253113
coul_a0.12,0,21.5,0.003432422684,-1.065760066,-0.2854816711,-0.1591965611,10.63104552,0.0034272304,-1.065758297
coul_a0.12,0,22.5,-0.07873364134,-0.9792133638,-0.2713724982,-0.1381761755,10.4065416,-0.07873712306,-0.979210639
coul_a0.12,0,23.5,-0.1421670771,-0.8933801712,-0.2572232295,-0.1200623483,10.15577351,-0.1421689781,-0.8933771543
coul_a0.12,0,24.5,-0.1897237654,-0.8108277563,-0.2433376936,-0.1044983878,9.887432624,-0.1897243555,-0.8108249027
coul_a0.12,0,25.5,-0.2241661084,-0.7331572333,-0.2299203914,-0.09114429725,9.608689583,-0.2241657068,-0.7331548272
coul_a0.12,0,26.5,-0.2479989343,-0.6612405268,-0.2170999919,-0.07968937688,9.325287292,-0.2479979194,-0.6612386985
coul_a0.12,0,27.5,-0.2633979554,-0.595428447,-0.2049491912,-0.06985752466,9.041705178,-0.2633967229,-0.5954271414
coul_a0.12,0,28.5,-0.2721967322,-0.5357182238,-0.1935005966,-0.06140800097,8.761346327,-0.2721954466,-0.5357173347
coul_a0.12,0,29.5,-0.2759061625,-0.4818809721,-0.1827589532,-0.05413361144,8.486721569,-0.2759048506,-0.4818804672
coul_a0.12,0.5,0.5,0.93164641,0.5675097559,0.2019539016,-0.6035670403,2.937781709,0.9316471404,0.5675104772
coul_a0.12,0.5,1.5,0.9424981955,0.5649597198,0.1981856018,-0.6063656091,2.967102108,0.9424989082,0.5649604499
coul_a0.12,0.5,2.5,0.9644077716,0.5592904213,0.1904804427,-0.611839797,3.026778114,0.9644085092,0.5592911351
coul_a0.12,0.5,3.5,0.9977339315,0.5493058992,0.1785093009,-0.6197217846,3.118888027,0.9977347184,0.5493065706
coul_a0.12,0.5,4.5,1.042864272,0.5330745682,0.1618033649,-0.6295555227,3.246551195,1.042864865,0.5330755258
coul_a0.12,0.5,5.5,1.099984575,0.5077900374,0.1397978585,-0.6406345597,3.413876099,1.099985074,0.5077914478
coul_a0.12,0.5,6.5,1.168696028,0.4696468871,0.1119132388,-0.6519293913,3.625797139,1.168696648,0.4696488266
coul_a0.12,0.5,7.5,1.247432207,0.4138320885,0.07769026386,-0.662023779,3.88768924,1.247433329,0.4138344476
coul_a0.12,0.5,8.5,1.332678168,0.3348006211,0.03698886531,-0.669096127,4.204631433,1.332680131,0.334802966
coul_a0.12,0.5,9.5,1.418117905,0.2270648082,-0.009761593611,-0.6709989294,4.580184744,1.4181208,0.2270667563
coul_a0.12,0.5,10.5,1.494062206,0.08669407459,-0.06131599193,-0.6654915048,5.01465339,1.494065791,0.08669493114
coul_a0.12,0.5,11.5,1.54775563,-0.08654441192,-0.1154790003,-0.6506452874,5.503038032,1.547759091,-0.08654497432
coul_a0.12,0.5,12.5,1.565179189,-0.2870136817,-0.1692143644,-0.6253532144,6.033266332,1.565181924,-0.2870153677
coul_a0.12,0.5,13.5,1.534434681,-0.5022029088,-0.219071517,-0.5897656913,6.585631225,1.534436261,-0.5022049116
coul_a0.12,0.5,14.5,1.449705032,-0.7140922361,-0.2618505118,-0.545431971,7.134240541,1.449705972,-0.7140937993
coul_a0.12,0.5,15.5,1.313893346,-0.9030313002,-0.2952646579,-0.4950268024,7.650604064,1.313894695,-0.9030326255
coul_a0.12,0.5,16.5,1.138350354,-1.052659149,-0.3183283611,-0.4417523642,8.108298175,1.138356202,-1.052667588
coul_a0.12,0.5,17.5,0.9397380193,-1.153634262,-0.3313427091,-0.3886698982,8.487483987,0.9397396866,-1.153647408
coul_a0.12,0.5,18.5,0.7355921818,-1.20463266,-0.3355600851,-0.3382104521,8.776875996,0.7355879883,-1.204645356
coul_a0.12,0.5,19.5,0.5406719584,-1.210854789,-0.3327262111,-0.2919722058,8.973998971,0.5406631907,-1.210863328
coul_a0.12,0.5,20.5,0.3650832041,-1.181289694,-0.3246769945,-0.2507625135,9.083532015,0.3650732587,-1.181293631
coul_a0.12,0.5,21.5,0.2141428518,-1.126057645,-0.3130745772,-0.2147737426,9.11496823,0.2141338442,-1.126057493
coul_a0.12,0.5,22.5,0.08929084792,-1.05454701,-0.2992833668,-0.1837910029,9.080221168,0.0892839807,-1.054544052
coul_a0.12,0.5,23.5,-0.01064902575,-0.9744678299,-0.284346243,-0.1573718327,8.991789677,-0.01065340353,-0.9744634417
coul_a0.12,0.5,24.5,-0.08831743743,-0.891600954,-0.2690161535,-0.1349767278,8.861533716,-0.08831949322,-0.8915962113
coul_a0.12,0.5,25.5,-0.1469607776,-0.8099527293,-0.2538096427,-0.1160523487,8.699997397,-0.146960948,-0.8099483802
coul_a0.12,0.5,26.5,-0.1898790187,-0.7320833614,-0.2390626556,-0.1000782472,8.516137695,-0.1898779629,-0.7320798321
coul_a0.12,0.5,27.5,-0.2201189253,-0.6594655738,-0.2249794218,-0.08658894448,8.317312434,-0.2201173854,-0.6594628918
coul_a0.12,0.5,28.5,-0.2403358193,-0.5928027043,-0.211671524,-0.07518094212,8.109405758,-0.240334101,-0.5928007181
coul_a0.12,0.5,29.5,-0.2527572523,-0.5322825058,-0.1991874109,-0.0655113734,7.897014,-0.2527554042,-0.532281168
coul_a0.12,1,0.5,0.5904685937,0.4696933918,0.3103789678,-0.4631339307,1.831446277,0.5904688704,0.4696941524
coul_a0.12,1,1.5,0.5965844267,0.4707310574,0.3089901775,-0.4664620677,1.844686015,0.5965846964,0.470731816
coul_a0.12,1,2.5,0.6090567821,0.4726599701,0.3060738854,-0.4731434209,1.871721769,0.6090570719,0.4726607341
coul_a0.12,1,3.5,0.6283736347,0.4751569273,0.3013433182,-0.483217836,1.913702168,0.6283739673,0.4751576985
coul_a0.12,1,4.5,0.655279525,0.4776561452,0.2943457085,-0.4967168136,1.972440796,0.6552797096,0.47765694
coul_a0.12,1,5.5,0.6907767066,0.4792382111,0.284438091,-0.5136224639,2.050522006,0.6907767041,0.479239101
coul_a0.12,1,6.5,0.7360992412,0.4784601045,0.2707624698,-0.5338007025,2.151442626,0.7360990521,0.4784611753
coul_a0.12,1,7.5,0.7926188272,0.4731127399,0.2522324578,-0.5568990206,2.279766268,0.7926185601,0.4731141167
coul_a0.12,1,8.5,0.8616140114,0.4599062447,0.2275545028,-0.5822007365,2.441253805,0.8616139117,0.4599080023
coul_a0.12,1,9.5,0.9437954297,0.4341253726,0.1953223721,-0.6084380405,2.642881814,0.9437956693,0.4341275527
coul_a0.12,1,10.5,1.038453643,0.3893973217,0.1542383809,-0.6335940629,2.892584244,1.038454599,0.3893997557
coul_a0.12,1,11.5,1.142150656,0.3178872489,0.1035115362,-0.6547771459,3.19846996,1.142152532,0.3178894178
coul_a0.12,1,12.5,1.247122212,0.2114370808,0.04342764148,-0.6683189937,3.567202198,1.247124898,0.2114385866
coul_a0.12,1,13.5,1.340114314,0.06416217406,-0.02405272059,-0.6702778149,4.001377408,1.340117194,0.06416257926
coul_a0.12,1,14.5,1.403042683,-0.1236227065,-0.09500178581,-0.6574123578,4.496232643,1.403045057,-0.1236229978
coul_a0.12,1,15.5,1.416829478,-0.34173602,-0.1639367122,-0.6283712461,5.036898237,1.416831724,-0.3417360199
coul_a0.12,1,16.5,1.368023036,-0.5696258426,-0.2250480305,-0.5844899832,5.598010965,1.368035564,-0.5696261549
coul_a0.12,1,17.5,1.255021453,-0.7810113059,-0.2737766498,-0.5296165629,6.147344916,1.255036519,-0.7810217416
coul_a0.12,1,18.5,1.089595999,-0.9520784046,-0.3079184139,-0.4689638377,6.652053136,1.089604235,-0.9520969063
coul_a0.12,1,19.5,0.892615275,-1.068487394,-0.3277415599,-0.4076330128,7.085433825,0.8926117424,-1.068507319
coul_a0.12,1,20.5,0.6868435276,-1.127629811,-0.3352793715,-0.3495448477,7.431153746,0.6868323196,-1.127644693
coul_a0.12,1,21.5,0.4909839313,-1.136202689,-0.3333551274,-0.2970750258,7.683959404,0.4909693817,-1.136209947
coul_a0.12,1,22.5,0.3170185258,-1.105758133,-0.3247996968,-0.2512336619,7.847557767,0.3170047228,-1.105758358
coul_a0.12,1,23.5,0.1704575032,-1.048733769,-0.3120197748,-0.2120747194,7.931442458,0.1704468938,-1.048729196
coul_a0.12,1,24.5,0.05202780004,-0.9760376682,-0.296858761,-0.1791018907,7.947884093,0.05202122429,-0.9760306912
coul_a0.12,1,25.5,-0.04041949561,-0.8960946049,-0.2806275322,-0.1515712079,7.909699596,-0.04042228745,-0.896087202
coul_a0.12,1,26.5,-0.1103884146,-0.8148231554,-0.2642043078,-0.1286801028,7.828889775,-0.110388508,-0.8148166766
coul_a0.12,1,27.5,-0.1617419962,-0.7360436151,-0.2481451408,-0.1096688778,7.715970343,-0.1617408571,-0.736038484
coul_a0.12,1,28.5,-0.1981468802,-0.6619967294,-0.2327794653,-0.09386556553,7.57975261,-0.1981451444,-0.6619927605
coul_a0.12,1,29.5,-0.2228164632,-0.5938181695,-0.2182837663,-0.08069846746,7.427379218,-0.2228142493,-0.5938152969
coul_a0.12,1.5,0.5,0.4206662509,0.3653788452,0.3355649704,-0.3336493053,1.386449986,0.4206661749,0.3653794972
coul_a0.12,1.5,1.5,0.4240356122,0.3667649111,0.3355697856,-0.3362480997,1.392843035,0.4240355333,0.3667655629
coul_a0.12,1.5,2.5,0.4309083327,0.3695192784,0.3355179672,-0.3415062839,1.405881795,0.4309082603,0.3695199423
coul_a0.12,1.5,3.5,0.4415615049,0.3735981005,0.3352793715,-0.3495448477,1.426090635,0.4415614482,0.3735987867
coul_a0.12,1.5,4.5,0.4564338584,0.378912719,0.3346399077,-0.3605439038,1.454305567,0.4564337386,0.3789133894
coul_a0.12,1.5,5.5,0.4761537429,0.385295706,0.333276792,-0.3747383149,1.491736975,0.4761535306,0.3852963753
coul_a0.12,1.5,6.5,0.5015767633,0.3924439179,0.3307222738,-0.3924063545,1.540065026,0.5015764371,0.3924446081
coul_a0.12,1.5,7.5,0.5338291324,0.3998245885,0.3263138116,-0.4138445816,1.601571129,0.5338286947,0.3998253629
coul_a0.12,1.5,8.5,0.5743466586,0.4065241563,0.3191302224,-0.4393174763,1.679315395,0.5743461599,0.406525105
coul_a0.12,1.5,9.5,0.6248833219,0.4110107469,0.3079184139,-0.4689638377,1.777363931,0.6248827707,0.4110119318
coul_a0.12,1.5,10.5,0.6874309451,0.4107768053,0.2910277026,-0.5026345789,1.901053735,0.6874304747,0.4107783272
coul_a0.12,1.5,11.5,0.7639353534,0.4018442132,0.266393998,-0.5396336414,2.057253568,0.7639352056,0.4018460745
coul_a0.12,1.5,12.5,0.8556089312,0.3781858709,0.2316585605,-0.5783498996,2.254493142,0.85560925,0.3781880228
coul_a0.12,1.5,13.5,0.9615700853,0.3313185647,0.1845561145,-0.615832099,2.502694554,0.9615710648,0.3313206922
coul_a0.12,1.5,14.5,1.076647771,0.2507056798,0.1237132899,-0.6475040558,2.812052509,1.076649205,0.250707437
coul_a0.12,1.5,15.5,1.188797103,0.1260420058,0.04984215188,-0.6674187787,3.19049527,1.188798489,0.1260437592
coul_a0.12,1.5,16.5,1.277911805,-0.04773878074,-0.03311542366,-0.6695029614,3.639495454,1.2779179,-0.04772845564
coul_a0.12,1.5,17.5,1.31903001,-0.2638666984,-0.1178440881,-0.649768355,4.149331102,1.319049375,-0.2638577493
coul_a0.12,1.5,18.5,1.291332105,-0.5002808073,-0.1953223721,-0.6084380405,4.696535804,1.291359138,-0.5002856127
coul_a0.12,1.5,19.5,1.188767658,-0.7243790354,-0.2578155981,-0.5503695796,5.246404358,1.188788575,-0.7244032628
coul_a0.12,1.5,20.5,1.024254142,-0.9051189067,-0.3013433182,-0.483217836,5.761007974,1.024259424,-0.9051505037
coul_a0.12,1.5,21.5,0.8237709054,-1.024249926,-0.3261254551,-0.4146256895,6.208618581,0.823759817,-1.024277373
coul_a0.12,1.5,22.5,0.6153707037,-1.079608062,-0.3352504234,-0.3502229043,6.569843468,0.6153500976,-1.079623904
coul_a0.12,1.5,23.5,0.4207031193,-1.08083566,-0.3328717532,-0.2930977005,6.838481798,0.4206813681,-1.080839049
coul_a0.12,1.5,24.5,0.2521575981,-1.042631277,-0.3229133573,-0.2442769659,7.018625403,0.2521404126,-1.042625495
coul_a0.12,1.5,25.5,0.1141455112,-0.9795384969,-0.3084902179,-0.2035048585,7.120528025,0.1141351734,-0.9795282026
coul_a0.12,1.5,26.5,0.005866530445,-0.9033601647,-0.2918234213,-0.169900222,7.157024579,0.005862135135,-0.9033495439
coul_a0.12,1.5,27.5,-0.07615272516,-0.8225479756,-0.2743809752,-0.1423798369,7.141128916,-0.07615393923,-0.8225390892
coul_a0.12,1.5,28.5,-0.1363227825,-0.7425932976,-0.2570737157,-0.1198840193,7.084703847,-0.1363222251,-0.7425861473
coul_a0.12,1.5,29.5,-0.1790076252,-0.6667375027,-0.2404303579,-0.1014747988,6.997876549,-0.179005612,-0.6667320718
coul_a0.12,2,0.5,0.3275207531,0.2883101502,0.3216046733,-0.2397687249,1.183160789,0.3275204734,0.2883105785
coul_a0.12,2,1.5,0.3295366814,0.28944252,0.3221327765,-0.2415597551,1.186594104,0.3295363986,0.2894429482
coul_a0.12,2,2.5,0.3336387514,0.2917156964,0.3231703604,-0.2451909457,1.193580646,0.3336384666,0.2917161332
coul_a0.12,2,3.5,0.3399724187,0.2951447148,0.3246769945,-0.2507625135,1.204368833,0.3399721326,0.2951451678
coul_a0.12,2,4.5,0.3487689315,0.2997469388,0.3265835708,-0.2584296149,1.219353721,0.3487686128,0.2997473777
coul_a0.12,2,5.5,0.360362266,0.305533871,0.32878067,-0.2684078964,1.239105664,0.3603618993,0.3055342975
coul_a0.12,2,6.5,0.3752142029,0.3124968866,0.3311003525,-0.2809802069,1.264415053,0.3752137751,0.3124973048
coul_a0.12,2,7.5,0.3939492872,0.3205821272,0.3332885963,-0.2965031975,1.296356078,0.3939487888,0.3205825629
coul_a0.12,2,8.5,0.4174017954,0.3296471633,0.3349643818,-0.3154110272,1.336377981,0.4174012281,0.3296476615
coul_a0.12,2,9.5,0.4466757139,0.3393864032,0.3355600851,-0.3382104521,1.386433979,0.446675061,0.3393869815
coul_a0.12,2,10.5,0.4832143808,0.349203401,0.3342370248,-0.3654561098,1.449159896,0.4832136581,0.3492041228
coul_a0.12,2,11.5,0.5288652238,0.357995785,0.3297715806,-0.3976852413,1.52811936,0.5288644952,0.3579967197
coul_a0.12,2,12.5,0.5858965276,0.3638016926,0.320415915,-0.4352759442,1.62812433,0.5858958203,0.3638028747
coul_a0.12,2,13.5,0.656861317,0.3632481753,0.3037628298,-0.4781737077,1.755616978,0.6568607674,0.363249616
coul_a0.12,2,14.5,0.7440883094,0.3507775544,0.2767031862,-0.5254201128,1.919038327,0.7440879947,0.3507791484
coul_a0.12,2,15.5,0.8484102749,0.3178021525,0.2356707295,-0.5744571531,2.128947852,0.8484099342,0.3178038312
coul_a0.12,2,16.5,0.9666624757,0.2524151422,0.1774897435,-0.6203597448,2.397388183,0.9666586216,0.2524225398
coul_a0.12,2,17.5,1.087952215,0.1411575821,0.1010908634,-0.6555519967,2.735576403,1.087952585,0.1411754014
coul_a0.12,2,18.5,1.190637113,-0.02525693056,0.009761593611,-0.6709989294,3.149333525,1.190652715,-0.0252341825
coul_a0.12,2,19.5,1.24459495,-0.2425429837,-0.08762773,-0.6594978091,3.632592956,1.244632939,-0.2425318204
coul_a0.12,2,20.5,1.222733428,-0.4860857331,-0.1785093009,-0.6197217846,4.162708276,1.222776808,-0.486099581
coul_a0.12,2,21.5,1.116701136,-0.7162697746,-0.2515181592,-0.5577104162,4.702252297,1.116728937,-0.7163082662
coul_a0.12,2,22.5,0.9433054206,-0.895797428,-0.3009293783,-0.4840596932,5.20905681,0.9433048268,-0.8958431422
coul_a0.12,2,23.5,0.7351909967,-1.005315649,-0.327397668,-0.4091796213,5.648464047,0.7351668213,-1.005348819
coul_a0.12,2,24.5,0.5250548984,-1.046105989,-0.3355387519,-0.3401841655,6.000662532,0.5250223062,-1.046117668
coul_a0.12,2,25.5,0.3354414479,-1.032410848,-0.3310113379,-0.2804430323,6.260828588,0.3354145188,-1.032404693
coul_a0.12,2,26.5,0.1770588929,-0.9821752148,-0.3187392944,-0.2306285696,6.43487851,0.1770428796,-0.9821615491
coul_a0.12,2,27.5,0.05186478792,-0.9112662629,-0.3023349025,-0.1899643335,6.534454404,0.05185637957,-0.9112528844
coul_a0.12,2,28.5,-0.0430448482,-0.8314105417,-0.2841841579,-0.1571134593,6.573043221,-0.04304859146,-0.8313988125
coul_a0.12,2,29.5,-0.1125238603,-0.7502897498,-0.2657475886,-0.1306662011,6.563583552,-0.1125236502,-0.750280126
coul_a0.12,2.5,0.5,0.2700848445,0.2335750797,0.2952370707,-0.1760630647,1.079043356,0.2700845252,0.2335752871
coul_a0.12,2.5,1.5,0.2714012066,0.2344351087,0.2958861551,-0.1772703642,1.081068848,0.2714008847,0.2344353152
coul_a0.12,2.5,2.5,0.2740728066,0.2361661715,0.2971826538,-0.1797179417,1.085181815,0.2740724805,0.2361663817
coul_a0.12,2.5,3.5,0.2781799645,0.2387900276,0.2991220907,-0.1834734118,1.091510237,0.2781796325,0.2387902454
coul_a0.12,2.5,4.5,0.2838498541,0.2423385303,0.3016947002,-0.1886424326,1.100256525,0.2838495027,0.2423387353
coul_a0.12,2.5,5.5,0.2912652747,0.2468521051,0.3048811271,-0.1953740413,1.111710734,0.2912648954,0.2468522962
coul_a0.12,2.5,6.5,0.3006778086,0.2523768987,0.3086454952,-0.2038681596,1.126271279,0.3006773942,0.2523770749
coul_a0.12,2.5,7.5,0.3124267019,0.2589591463,0.3129245069,-0.2143855153,1.144474346,0.3124262445,0.2589593184
coul_a0.12,2.5,8.5,0.3269654996,0.266634698,0.3176104559,-0.2272600894,1.167036173,0.3269649933,0.2666348863
coul_a0.12,2.5,9.5,0.3448991756,0.2754097624,0.322524837,-0.2429137392,1.194913508,0.344898609,0.2754099681
coul_a0.12,2.5,10.5,0.3670350988,0.2852257672,0.3273774588,-0.2618714897,1.229389531,0.3670344663,0.2852260169
coul_a0.12,2.5,11.5,0.3944513148,0.29589611,0.3317034744,-0.2847733709,1.272197807,0.3944506248,0.2958964407
coul_a0.12,2.5,12.5,0.4285833927,0.3069925791,0.3347677151,-0.3123731183,1.325699768,0.4285826386,0.306993002
coul_a0.12,2.5,13.5,0.47132232,0.317643288,0.3354234443,-0.3455029021,1.393136089,0.4713215351,0.3176438371
coul_a0.12,2.5,14.5,0.5250913336,0.3261801694,0.3319156205,-0.3849623825,1.478976906,0.5250905515,0.3261808354
coul_a0.12,2.5,15.5,0.5928059112,0.3295464679,0.321639282,-0.431255957,1.589379523,0.5928050447,0.3295471632
coul_a0.12,2.5,16.5,0.6774848102,0.322377935,0.3009293783,-0.4840596932,1.732721566,0.677480348,0.3223793043
coul_a0.12,2.5,17.5,0.7810102107,0.295819792,0.2651137911,-0.5412941144,1.919944365,0.7810014633,0.2958261292
coul_a0.12,2.5,18.5,0.9013168247,0.2367103207,0.2093197327,-0.5978542659,2.164276024,0.9013078721,0.2367271934
coul_a0.12,2.5,19.5,1.027599471,0.12899903,0.1306713857,-0.6446538391,2.479122937,1.027602092,0.129031585
coul_a0.12,2.5,20.5,1.135587232,-0.03948535655,0.03182275162,-0.6696286274,2.872883458,1.135613565,-0.0394499241
coul_a0.12,2.5,21.5,1.189578611,-0.2644078805,-0.07644017107,-0.6623187528,3.340782818,1.189631554,-0.2643924313
coul_a0.12,2.5,22.5,1.15793437,-0.5154003572,-0.1774897435,-0.6203597448,3.858422187,1.157992615,-0.5154257026
coul_a0.12,2.5,23.5,1.034426433,-0.7444620965,-0.2564416457,-0.5520080418,4.384266143,1.034454832,-0.7445225736
coul_a0.12,2.5,24.5,0.8441841028,-0.9105969939,-0.3068204938,-0.4714701562,4.872699067,0.8441650935,-0.9106570245
coul_a0.12,2.5,25.5,0.6276052512,-0.9981535739,-0.3308502191,-0.3916567668,5.288805273,0.6275599056,-0.9981802875
coul_a0.12,2.5,26.5,0.4197647875,-1.015409535,-0.33522451,-0.3203366894,5.61539146,0.4197252499,-1.015406148
coul_a0.12,2.5,27.5,0.2409435182,-0.9820928763,-0.3270403751,-0.2603897992,5.851284104,0.2409177408,-0.9820799843
coul_a0.12,2.5,28.5,0.09794288832,-0.9184937784,-0.311868288,-0.2116926625,6.005419338,0.09792710536,-0.9184782474
coul_a0.12,2.5,29.5,-0.01067107044,-0.8403960387,-0.2934499253,-0.1727986002,6.0909363,-0.01067736105,-0.8403803799
coul_a0.12,3,0.5,0.2311854397,0.1939502924,0.2674551323,-0.1329000664,1.02095134,0.2311851685,0.1939503549
coul_a0.12,3,1.5,0.2321081751,0.1946028018,0.2680785643,-0.1337254214,1.022238233,0.2321079021,0.1946028629
coul_a0.12,3,2.5,0.2339767815,0.1959169584,0.2693293237,-0.1353974057,1.024846796,0.233976505,0.1959170202
coul_a0.12,3,3.5,0.2368388906,0.197911138,0.2712148753,-0.1379596614,1.028848591,0.236838609,0.1979112022
coul_a0.12,3,4.5,0.2407694905,0.2006131112,0.2737455232,-0.1414804682,1.034356177,0.2407691976,0.2006131643
coul_a0.12,3,5.5,0.2458755539,0.204060109,0.2769330998,-0.1460563583,1.041529604,0.245875245,0.2040601491
coul_a0.12,3,6.5,0.2523029472,0.2082987498,0.2807887632,-0.1518173455,1.050586595,0.2523026186,0.2082987749
coul_a0.12,3,7.5,0.2602463398,0.2133843568,0.285319383,-0.1589341488,1.061816812,0.2602459864,0.2133843714
coul_a0.12,3,8.5,0.2699632148,0.2193791418,0.2905216639,-0.1676279111,1.075602166,0.2699628317,0.2193791553
coul_a0.12,3,9.5,0.2817936084,0.2263481267,0.2963726232,-0.1781830229,1.092445588,0.2817931898,0.2263481361
coul_a0.12,3,10.5,0.2961878888,0.2343507093,0.3028141655,-0.1909636879,1.113011629,0.2961874292,0.2343507255
coul_a0.12,3,11.5,0.3137458469,0.2434242914,0.309728082,-0.2064346676,1.138185012,0.3137453447,0.2434243305
coul_a0.12,3,12.5,0.335271474,0.2535530047,0.3168955198,-0.2251858253,1.169155163,0.3352709235,0.2535530657
coul_a0.12,3,13.5,0.361848571,0.2646087745,0.3239314243,-0.2479578418,1.207539006,0.3618479784,0.2646088737
coul_a0.12,3,14.5,0.3949415614,0.2762414492,0.3301793347,-0.2756609785,1.255561752,0.3949409366,0.2762415847
coul_a0.12,3,15.5,0.4365188395,0.2876750895,0.3345457874,-0.3093663412,1.316321043,0.4365181577,0.2876752039
coul_a0.12,3,16.5,0.4891732528,0.2973364184,0.3352504234,-0.3502229043,1.394175325,0.4891708561,0.2973358073
coul_a0.12,3,17.5,0.5561371001,0.3021935728,0.3294819644,-0.3992036004,1.495247161,0.5561314681,0.302193168
coul_a0.12,3,18.5,0.6409347064,0.2966737542,0.3130210083,-0.4565059424,1.628085697,0.6409246009,0.2966762004
coul_a0.12,3,19.5,0.7460523513,0.2711518924,0.280100448,-0.520371117,1.804241212,0.7460370148,0.2711633772
coul_a0.12,3,20.5,0.8695603829,0.2107247012,0.2242052113,-0.5852493905,2.038113762,0.8695470262,0.2107503771
coul_a0.12,3,21.5,0.9989677948,0.09677770837,0.1409261204,-0.6401149966,2.344705017,0.9989712266,0.09681987426
coul_a0.12,3,22.5,1.105029786,-0.08409754007,0.03311542366,-0.6695029614,2.733316073,1.105068042,-0.08405348172
coul_a0.12,3,23.5,1.145503964,-0.3232373818,-0.08515426124,-0.6601568096,3.197461509,1.145579448,-0.3232251667
coul_a0.12,3,24.5,1.087708822,-0.5796381076,-0.1924276484,-0.610487076,3.707605627,1.087781516,-0.5796946278
coul_a0.12,3,25.5,0.934675404,-0.7966591587,-0.2713723531,-0.5329649635,4.216680652,0.9346751128,-0.7967509943
coul_a0.12,3,26.5,0.7243904367,-0.9352736064,-0.3169403003,-0.4458264731,4.677206669,0.7243368937,-0.9353237743
coul_a0.12,3,27.5,0.5036038711,-0.9897786935,-0.3344191994,-0.3633434649,5.057433179,0.5035530766,-0.9897924238
coul_a0.12,3,28.5,0.3053497994,-0.9779734981,-0.332799388,-0.2925343503,5.346412434,0.3053090138,-0.9779678504
coul_a0.12,3,29.5,0.1440187328,-0.9241467045,-0.3201223814,-0.2349265374,5.548265937,0.1439943186,-0.9241273409
coul_a0.12,3.5,0.5,0.2029606793,0.164408833,0.2419473156,-0.1030429732,0.9865080208,0.2029604752,0.1644088202
coul_a0.12,3.5,1.5,0.2036435785,0.1649120289,0.2425021742,-0.1036216916,0.9873739575,0.2036433733,0.1649120147
coul_a0.12,3.5,2.5,0.2050240811,0.1659253859,0.2436170608,-0.1047929408,0.9891267428,0.2050238736,0.1659253712
coul_a0.12,3.5,3.5,0.2071323601,0.167462983,0.2453022791,-0.106585029,0.9918092833,0.2071321491,0.1674629684
coul_a0.12,3.5,4.5,0.2100156591,0.1695462995,0.2475731692,-0.10904218,0.9954887357,0.2100154419,0.169546276
coul_a0.12,3.5,5.5,0.2137408713,0.1722045847,0.250449887,-0.1122268011,1.000259935,0.2137406453,0.1722045505
coul_a0.12,3.5,6.5,0.218398353,0.1754753537,0.2539569514,-0.1162227845,1.006250768,0.2183981163,0.1754753068
coul_a0.12,3.5,7.5,0.2241073483,0.1794048386,0.2581223746,-0.1211401083,1.013629583,0.2241070981,0.1794047811
coul_a0.12,3.5,8.5,0.2310235869,0.1840482868,0.2629760662,-0.1271211263,1.022615607,0.2310233199,0.1840482236
coul_a0.12,3.5,9.5,0.2393499009,0.189469788,0.2685469962,-0.1343490717,1.033493495,0.2393496147,0.1894697156
coul_a0.12,3.5,10.5,0.2493510994,0.1957410074,0.2748582621,-0.1430594937,1.046633538,0.2493507907,0.1957409307
coul_a0.12,3.5,11.5,0.2613749112,0.2029378275,0.2819186195,-0.1535555469,1.062520412,0.261374578,0.2029377539
coul_a0.12,3.5,12.5,0.2758816787,0.2111327925,0.2897080516,-0.166228257,1.081794159,0.2758813189,0.2111327187
coul_a0.12,3.5,13.5,0.293486637,0.2203794737,0.2981532712,-0.1815829149,1.105309179,0.2934862519,0.2203794067
coul_a0.12,3.5,14.5,0.3150201647,0.2306815506,0.3070861994,-0.2002722571,1.134221032,0.3150197587,0.2306814885
coul_a0.12,3.5,15.5,0.341612854,0.2419325103,0.3161737398,-0.2231351264,1.170114808,0.3416124229,0.2419324197
coul_a0.12,3.5,16.5,0.3748128219,0.2537998416,0.3247996968,-0.2512336619,1.215201514,0.3748117087,0.253799054
coul_a0.12,3.5,17.5,0.4167331256,0.2655000754,0.3318692238,-0.2858677688,1.272594023,0.4167306013,0.2654985605
coul_a0.12,3.5,18.5,0.4702065037,0.2753778951,0.3354962332,-0.328512304,1.346742375,0.4702015031,0.2753760919
coul_a0.12,3.5,19.5,0.5388336892,0.2801295381,0.3325420196,-0.3805520816,1.444042321,0.5388239549,0.2801287685
coul_a0.12,3.5,20.5,0.626584082,0.2734746534,0.3180559387,-0.4425656103,1.573597271,0.6265692383,0.2734783647
coul_a0.12,3.5,21.5,0.736134193,0.2442561637,0.2849650255,-0.5127779032,1.747962195,0.7361151351,0.2442712159
coul_a0.12,3.5,22.5,0.8644395536,0.1749613955,0.2250480305,-0.5844899832,1.982963282,0.8644252686,0.174996336
coul_a0.12,3.5,23.5,0.9946558122,0.04440606462,0.1329694807,-0.6436721696,2.294731812,0.9946662845,0.04446134769
coul_a0.12,3.5,24.5,1.08925268,-0.1590673618,0.01366345558,-0.6708626561,2.691375028,1.089318711,-0.159012736
coul_a0.12,3.5,25.5,1.099656778,-0.4156660253,-0.113104215,-0.6515055529,3.160701654,1.09977153,-0.4156964549
coul_a0.12,3.5,26.5,0.9997001231,-0.6689372799,-0.2207973546,-0.5882680527,3.664736419,0.9997340786,-0.6690502952
coul_a0.12,3.5,27.5,0.8106306547,-0.8577983917,-0.292469176,-0.5000980398,4.150147855,0.810601266,-0.8578804112
coul_a0.12,3.5,28.5,0.5847287849,-0.9545249796,-0.3275706895,-0.4084057879,4.571454008,0.5846731004,-0.9545757188
coul_a0.12,3.5,29.5,0.3693838647,-0.9689332456,-0.3354507292,-0.3266067402,4.905475462,0.3693240536,-0.9689345261
coul_a0.12,4,0.5,0.1814260425,0.1417522248,0.2195977606,-0.08182972857,0.9652184303,0.1814258965,0.141752179
coul_a0.12,4,1.5,0.1819528116,0.1421479666,0.2200786687,-0.08224672481,0.9658278373,0.181952665,0.1421479196
coul_a0.12,4,2.5,0.1830162248,0.1429446795,0.2210454553,-0.08308988262,0.9670599619,0.1830160769,0.1429446317
coul_a0.12,4,3.5,0.1846364881,0.1441529519,0.2225081184,-0.08437795908,0.9689420467,0.1846363381,0.1441529034
coul_a0.12,4,4.5,0.1868450888,0.1457889876,0.2244817918,-0.08614018829,0.9715165556,0.1868449355,0.1457889323
coul_a0.12,4,5.5,0.1896863184,0.1478749686,0.2269868847,-0.08841769438,0.9748431026,0.1896861603,0.147874905
coul_a0.12,4,6.5,0.1932195015,0.1504395733,0.2300492199,-0.09126554431,0.9790014812,0.193219338,0.1504394999
coul_a0.12,4,7.5,0.1975221359,0.1535185807,0.2337001129,-0.09475560851,0.9840957718,0.1975219651,0.1535184985
coul_a0.12,4,8.5,0.2026942353,0.1571555623,0.2379762868,-0.09898047189,0.990260054,0.2026940554,0.1571554742
coul_a0.12,4,9.5,0.2088643217,0.1614025766,0.2429194495,-0.1040587395,0.9976662651,0.2088641318,0.1614024798
coul_a0.12,4,10.5,0.2161977148,0.166320683,0.2485752295,-0.1101422207,1.006534926,0.2161975131,0.16632058
coul_a0.12,4,11.5,0.2249080604,0.1719800223,0.2549909522,-0.1174256682,1.017150167,0.2249078457,0.171979917
coul_a0.12,4,12.5,0.2352735248,0.178458816,0.2622113594,-0.1261600039,1.029880745,0.2352732968,0.1784587054
coul_a0.12,4,13.5,0.247659754,0.1858401049,0.2702707172,-0.1366702948,1.045209778,0.2476595134,0.1858399925
coul_a0.12,4,14.5,0.2625527396,0.1942040541,0.2791785978,-0.1493801083,1.063777794,0.2625524891,0.1942039385
coul_a0.12,4,15.5,0.2806062227,0.2036114069,0.2888945643,-0.1648441657,1.086445557,0.2806059637,0.203611269
coul_a0.12,4,16.5,0.3027104999,0.2140700369,0.2992833668,-0.1837910029,1.114389941,0.302709979,0.2140694237
coul_a0.12,4,17.5,0.3300904138,0.225465975,0.3100359353,-0.2071755361,1.149237692,0.3300893447,0.2254647493
coul_a0.12,4,18.5,0.3644433312,0.2374298198,0.32053086,-0.2362351388,1.193285107,0.3644412439,0.2374279292
coul_a0.12,4,19.5,0.4081178396,0.2490711987,0.3295949258,-0.272525049,1.249826335,0.4081136283,0.2490685299
coul_a0.12,4,20.5,0.4642979697,0.2584601126,0.3351029923,-0.3178638393,1.323640998,0.4642906881,0.2584575366
coul_a0.12,4,21.5,0.5370462194,0.2616507783,0.3333607721,-0.374017002,1.421729111,0.5370338378,0.2616502502
coul_a0.12,4,22.5,0.6307174104,0.2509794893,0.3183283611,-0.4417523642,1.554230012,0.6306984065,0.2509860086
coul_a0.12,4,23.5,0.7475434733,0.2126852772,0.281205322,-0.5186854802,1.7352401,0.7475203576,0.2127079125
coul_a0.12,4,24.5,0.8813105134,0.1255930387,0.2120227307,-0.5956741066,1.982288498,0.8812967773,0.1256444542
coul_a0.12,4,25.5,1.00673416,-0.03310634037,0.1059233865,-0.6539849424,2.311625779,1.006777969,-0.03302305695
coul_a0.12,4,26.5,1.074709104,-0.26703552,-0.02664520509,-0.6700814162,2.726830384,1.074844506,-0.2670291067
coul_a0.12,4,27.5,1.035321914,-0.5362275799,-0.1574990637,-0.6318837924,3.2055782,1.035402259,-0.5363065701
coul_a0.12,4,28.5,0.881718582,-0.7683255671,-0.2571304375,-0.5511892962,3.697369031,0.8817593482,-0.7684321084
coul_a0.12,4,29.5,0.6605152395,-0.9096688302,-0.3139660072,-0.4540309548,4.147357897,0.6604527924,-0.9097636617
coul_a0.15,-6,0.5,-0.5559070375,-0.279270165,-0.15695205,-0.03896704063,14.79882576,-0.5559069798,-0.2792700726
coul_a0.15,-6,1.5,-0.5546951483,-0.2781342562,-0.1566852392,-0.03882600732,14.77663154,-0.554695091,-0.2781341642
coul_a0.15,-6,2.5,-0.5522833315,-0.2758819509,-0.1561541305,-0.03854618167,14.73246614,-0.5522832749,-0.2758818602
coul_a0.15,-6,3.5,-0.5486952986,-0.2725515688,-0.1553636967,-0.03813196867,14.66677025,-0.5486952429,-0.2725514799
coul_a0.15,-6,4.5,-0.5439660944,-0.2681988758,-0.1543212666,-0.03758978776,14.58019208,-0.5439660342,-0.268198779
coul_a0.15,-6,5.5,-0.5381414541,-0.2628951014,-0.1530363732,-0.0369278595,14.47357077,-0.5381413886,-0.2628949964
coul_a0.15,-6,6.5,-0.5312769885,-0.256724541,-0.1515205585,-0.03615594016,14.34791802,-0.5312769205,-0.2567244324
coul_a0.15,-6,7.5,-0.5234371775,-0.2497818007,-0.1497871425,-0.03528501872,14.20439563,-0.5234371081,-0.2497816918
coul_a0.15,-6,8.5,-0.5146941873,-0.242168846,-0.1478509627,-0.03432699181,14.04428995,-0.514694118,-0.2421687403
coul_a0.15,-6,9.5,-0.5051265583,-0.2339920174,-0.1457280922,-0.03329433221,13.86898533,-0.5051264922,-0.2339919186
coul_a0.15,-6,10.5,-0.4948177942,-0.2253591433,-0.1434355466,-0.0321997656,13.67993733,-0.4948177321,-0.2253590532
coul_a0.15,-6,11.5,-0.4838548781,-0.21637686,-0.1409909875,-0.03105596824,13.47864555,-0.483854821,-0.2163767794
coul_a0.15,-6,12.5,-0.4723267797,-0.2071482436,-0.1384124304,-0.02987529594,13.26662817,-0.472326728,-0.207148172
coul_a0.15,-6,13.5,-0.4603229874,-0.1977708112,-0.1357179674,-0.02866955169,13.04539807,-0.4603229402,-0.1977707469
coul_a0.15,-6,14.5,-0.4479321119,-0.1883349334,-0.1329255085,-0.02744979638,12.81644129,-0.4479320673,-0.1883348731
coul_a0.15,-6,15.5,-0.4352406032,-0.1789226657,-0.1300525494,-0.02622620432,12.58119831,-0.4352405572,-0.1789226033
coul_a0.15,-6,16.5,-0.4223316722,-0.1696070658,-0.1271159683,-0.02500796271,12.34105292,-0.4223315547,-0.1696069117
coul_a0.15,-6,17.5,-0.409284092,-0.1604515093,-0.1241318549,-0.02380321238,12.09730208,-0.4092839297,-0.1604513069
coul_a0.15,-6,18.5,-0.3961716758,-0.1515099998,-0.1211153732,-0.02261902535,11.8511668,-0.3961714863,-0.1515097757
coul_a0.15,-6,19.5,-0.3830625678,-0.1428272373,-0.1180806566,-0.02146141432,11.60377675,-0.3830623612,-0.1428270059
coul_a0.15,-6,20.5,-0.3700188208,-0.1344390552,-0.1150407353,-0.02033536796,11.35616545,-0.3700186078,-0.1344388293
coul_a0.15,-6,21.5,-0.3570961675,-0.1263730464,-0.1120074923,-0.01924490672,11.1092693,-0.3570959547,-0.126372833
coul_a0.15,-6,22.5,-0.3443439324,-0.1186492803,-0.108991647,-0.01819315321,10.86392705,-0.3443437253,-0.1186490841
coul_a0.15,-6,23.5,-0.3318050937,-0.1112810982,-0.1060027603,-0.01718241252,10.62088186,-0.3318048965,-0.1112809221
coul_a0.15,-6,24.5,-0.3195164609,-0.1042759346,-0.1030492603,-0.0162142578,10.38078454,-0.3195162765,-0.1042757797
coul_a0.15,-6,25.5,-0.3075089474,-0.09763613372,-0.1001384838,-0.01528961763,10.14419779,-0.3075087771,-0.09763600008
coul_a0.15,-6,26.5,-0.2958079153,-0.09135973648,-0.09727672897,-0.01440886219,9.911601289,-0.295807761,-0.09135962405
coul_a0.15,-6,27.5,-0.2844335741,-0.08544122171,-0.09446931864,-0.01357188589,9.683397362,-0.2844334396,-0.08544113057
coul_a0.15,-6,28.5,-0.2734014194,-0.07987218907,-0.0917206687,-0.01277818499,9.459917444,-0.2734013052,-0.07987211732
coul_a0.15,-6,29.5,-0.2627226775,-0.07464196963,-0.08903436056,-0.01202692892,9.241427944,-0.2627225808,-0.07464191442
coul_a0.15,-5.5,0.5,-0.6269776572,-0.3623096638,-0.1693481936,-0.04586591423,17.03465925,-0.6269775926,-0.3623095262
coul_a0.15,-5.5,1.5,-0.6255547183,-0.3607270618,-0.1690414722,-0.04568683649,17.00598489,-0.6255546541,-0.3607269247
coul_a0.15,-5.5,2.5,-0.6227225081,-0.3575908719,-0.1684310498,-0.04533173763,16.94894847,-0.6227224447,-0.3575907369
coul_a0.15,-5.5,3.5,-0.618508184,-0.3529580122,-0.1675229031,-0.04480661867,16.86416657,-0.6185081214,-0.3529578799
coul_a0.15,-5.5,4.5,-0.612952035,-0.3469111624,-0.1663258391,-0.0441202074,16.75254483,-0.6129519674,-0.3469110181
coul_a0.15,-5.5,5.5,-0.6061069016,-0.3395556561,-0.1648513103,-0.04328364883,16.6152534,-0.6061068278,-0.3395554997
coul_a0.15,-5.5,6.5,-0.598037409,-0.3310157321,-0.1631131772,-0.04231012195,16.45369955,-0.598037332,-0.3310155705
coul_a0.15,-5.5,7.5,-0.5888189689,-0.32143025,-0.1611274253,-0.04121440479,16.2694943,-0.58881889,-0.3214300883
coul_a0.15,-5.5,8.5,-0.5785365434,-0.3109481308,-0.1589118444,-0.04001241137,16.06441485,-0.5785364641,-0.3109479744
coul_a0.15,-5.5,9.5,-0.5672832051,-0.2997237854,-0.1564856818,-0.03872072396,15.8403657,-0.567283129,-0.2997236397
coul_a0.15,-5.5,10.5,-0.5551585225,-0.2879127363,-0.1538692792,-0.03735614231,15.59933949,-0.5551584508,-0.2879126037
coul_a0.15,-5.5,11.5,-0.5422667947,-0.2756676076,-0.1510837056,-0.03593526809,15.34337797,-0.5422667286,-0.2756674895
coul_a0.15,-5.5,12.5,-0.5287152167,-0.2631346421,-0.148150396,-0.03447413909,15.07453552,-0.5287151567,-0.2631345374
coul_a0.15,-5.5,13.5,-0.5146120275,-0.2504508263,-0.1450908076,-0.0329879228,14.7948455,-0.5146119727,-0.2504507324
coul_a0.15,-5.5,14.5,-0.5000647088,-0.23774168,-0.1419261018,-0.03149067464,14.50629039,-0.5000646571,-0.2377415919
coul_a0.15,-5.5,15.5,-0.4851783009,-0.2251197094,-0.1386768594,-0.02999516177,14.21077624,-0.4851782473,-0.2251196183
coul_a0.15,-5.5,16.5,-0.4700539617,-0.2126836054,-0.1353628343,-0.02851274998,13.9101179,-0.470053822,-0.2126833827
coul_a0.15,-5.5,17.5,-0.4547873906,-0.2005174696,-0.1320027497,-0.02705334827,13.6059998,-0.4547871961,-0.2005171794
coul_a0.15,-5.5,18.5,-0.4394680836,-0.1886914894,-0.128614137,-0.02562540373,13.29999125,-0.4394678557,-0.1886911709
coul_a0.15,-5.5,19.5,-0.4241783946,-0.177262258,-0.1252132173,-0.02423593845,12.99352762,-0.4241781455,-0.1772619317
coul_a0.15,-5.5,20.5,-0.4089929662,-0.1662736156,-0.1218148241,-0.02289061944,12.6879057,-0.4089927091,-0.1662732998
coul_a0.15,-5.5,21.5,-0.3939784265,-0.1557577405,-0.1184323625,-0.02159385328,12.38428423,-0.3939781698,-0.1557574448
coul_a0.15,-5.5,22.5,-0.3791932803,-0.1457363411,-0.1150778013,-0.02034889716,12.08368538,-0.3791930308,-0.1457360718
coul_a0.15,-5.5,23.5,-0.3646880035,-0.1362219307,-0.1117616942,-0.01915797965,11.78699936,-0.3646877665,-0.1362216913
coul_a0.15,-5.5,24.5,-0.3505052965,-0.1272191049,-0.1084932234,-0.01802242514,11.49499066,-0.3505050754,-0.1272188965
coul_a0.15,-5.5,25.5,-0.3366804628,-0.1187257808,-0.1052802624,-0.01694277712,11.20830551,-0.3366802594,-0.1187256032
coul_a0.15,-5.5,26.5,-0.3232418836,-0.1107343664,-0.1021294517,-0.01591891687,10.92748019,-0.3232417003,-0.1107342189
coul_a0.15,-5.5,27.5,-0.3102115605,-0.1032328363,-0.09904628514,-0.01495017475,10.65294999,-0.3102114015,-0.1032327182
coul_a0.15,-5.5,28.5,-0.2976057048,-0.09620570315,-0.09603520147,-0.01403543239,10.38505892,-0.2976055707,-0.09620561138
coul_a0.15,-5.5,29.5,-0.2854353313,-0.08963486939,-0.09309967909,-0.01317321492,10.12406847,-0.2854352186,-0.08963480007
coul_a0.15,-5,0.5,-0.7084018196,-0.4818358806,-0.1836433701,-0.05470991216,19.99013337,-0.7084017563,-0.4818356702
coul_a0.15,-5,1.5,-0.7067624331,-0.4795720698,-0.1832886967,-0.05447832498,19.95213208,-0.7067623703,-0.4795718602
coul_a0.15,-5,2.5,-0.7034976334,-0.4750887144,-0.1825829739,-0.05401941255,19.87657913,-0.7034975713,-0.475088508
coul_a0.15,-5,3.5,-0.6986353723,-0.4684725598,-0.1815333754,-0.05334153111,19.76436152,-0.6986353108,-0.4684723576
coul_a0.15,-5,4.5,-0.6922175614,-0.4598493847,-0.180150476,-0.05245680679,19.61678017,-0.6922174946,-0.4598491643
coul_a0.15,-5,5.5,-0.6842999338,-0.4493790188,-0.1784480349,-0.05138067573,19.43551267,-0.6842998603,-0.44937878
coul_a0.15,-5,6.5,-0.6749517521,-0.4372493465,-0.1764427118,-0.05013131752,19.22257118,-0.6749516747,-0.4372490999
coul_a0.15,-5,7.5,-0.6642552492,-0.4236694863,-0.1741537275,-0.04872901637,18.9802517,-0.6642551686,-0.4236692401
coul_a0.15,-5,8.5,-0.6523047259,-0.4088625782,-0.1716024747,-0.04719548669,18.71107719,-0.6523046435,-0.4088623409
coul_a0.15,-5,9.5,-0.6392052923,-0.3930586071,-0.1688120931,-0.04555319889,18.41773898,-0.6392052123,-0.3930583866
coul_a0.15,-5,10.5,-0.6250712535,-0.3764875971,-0.165807021,-0.04382473808,18.10303813,-0.6250711772,-0.3764873972
coul_a0.15,-5,11.5,-0.6100241545,-0.3593734646,-0.1626125384,-0.04203222265,17.76982752,-0.6100240835,-0.359373287
coul_a0.15,-5,12.5,-0.5941905883,-0.3419287708,-0.1592543159,-0.04019680294,17.4209584,-0.5941905235,-0.3419286137
coul_a0.15,-5,13.5,-0.5776998499,-0.3243504972,-0.1557579838,-0.03833825302,17.05923163,-0.5776997906,-0.3243503564
coul_a0.15,-5,14.5,-0.5606815498,-0.3068169156,-0.1521487344,-0.03647466102,16.68735524,-0.5606814937,-0.3068167837
coul_a0.15,-5,15.5,-0.5432633042,-0.2894855338,-0.1484509668,-0.03462221733,16.30790898,-0.5432632457,-0.2894853974
coul_a0.15,-5,16.5,-0.5255686863,-0.2724922094,-0.1446879828,-0.0327950946,15.92332433,-0.5255685268,-0.2724918795
coul_a0.15,-5,17.5,-0.5077150316,-0.2559503501,-0.140881738,-0.03100540927,15.5358327,-0.5077148058,-0.2559499239
coul_a0.15,-5,18.5,-0.4898122463,-0.239952274,-0.1370526498,-0.02926325246,15.14748796,-0.4898119787,-0.2399518101
coul_a0.15,-5,19.5,-0.4719614517,-0.2245700297,-0.1332194615,-0.02757677622,14.76014342,-0.4719611567,-0.2245695588
coul_a0.15,-5,20.5,-0.45425412,-0.2098569659,-0.1293991597,-0.02595232165,14.37544837,-0.4542538142,-0.2098565143
coul_a0.15,-5,21.5,-0.436771589,-0.1958496254,-0.1256069393,-0.02439457581,13.99485208,-0.4367712826,-0.1958492065
coul_a0.15,-5,22.5,-0.4195848627,-0.182569742,-0.1218562101,-0.02290674587,13.61960889,-0.4195845643,-0.1825693641
coul_a0.15,-5,23.5,-0.4027547071,-0.1700263027,-0.1181586394,-0.02149074086,13.25078765,-0.4027544236,-0.1700259702
coul_a0.15,-5,24.5,-0.3863319745,-0.1582175624,-0.1145242224,-0.02014735288,12.88928313,-0.3863317102,-0.1582172762
coul_a0.15,-5,25.5,-0.3703581089,-0.1471329503,-0.1109613741,-0.01887643188,12.5358288,-0.3703578662,-0.1471327094
coul_a0.15,-5,26.5,-0.3548657856,-0.1367548288,-0.1074770374,-0.01767704957,12.19101053,-0.3548655677,-0.1367546316
coul_a0.15,-5,27.5,-0.3398796456,-0.1270600774,-0.1040768002,-0.01654764953,11.85528074,-0.3398794575,-0.1270599216
coul_a0.15,-5,28.5,-0.3254170888,-0.1180214888,-0.1007650183,-0.015486182,11.52897317,-0.3254169312,-0.1180213695
coul_a0.15,-5,29.5,-0.3114890722,-0.1096089689,-0.09754493894,-0.01449022268,11.21231606,-0.3114889407,-0.1096088806
coul_a0.15,-4.5,0.5,-0.7957315234,-0.6585190729,-0.2002145394,-0.06627197666,23.98578947,-0.795731488,-0.6585187447
coul_a0.15,-4.5,1.5,-0.7939419051,-0.6551926703,-0.1998026125,-0.06596621125,23.934004,-0.7939418703,-0.6551923433
coul_a0.15,-4.5,2.5,-0.7903722389,-0.6486089494,-0.198983058,-0.06536076822,23.83109917,-0.790372204,-0.6486086274
coul_a0.15,-4.5,3.5,-0.785042268,-0.6389031672,-0.1977643951,-0.06446756639,23.67838789,-0.7850422327,-0.6389028519
coul_a0.15,-4.5,4.5,-0.7779830076,-0.6262711399,-0.1961592038,-0.06330385975,23.47779308,-0.7779829687,-0.626270796
coul_a0.15,-4.5,5.5,-0.7692381104,-0.6109611399,-0.1941838869,-0.06189153697,23.23178968,-0.7692380655,-0.6109607673
coul_a0.15,-4.5,6.5,-0.7588652451,-0.5932641554,-0.1918583529,-0.06025626273,22.94333861,-0.7588651954,-0.5932637709
coul_a0.15,-4.5,7.5,-0.7469372055,-0.573502841,-0.1892056267,-0.05842651621,22.61580743,-0.74693715,-0.573502458
coul_a0.15,-4.5,8.5,-0.7335424692,-0.5520198839,-0.186251393,-0.05643258487,22.25288204,-0.733542408,-0.5520195156
coul_a0.15,-4.5,9.5,-0.718785049,-0.5291664916,-0.1830234857,-0.05430556998,21.8584759,-0.7187849863,-0.5291661502
coul_a0.15,-4.5,10.5,-0.7027835469,-0.5052915643,-0.1795513389,-0.05207645414,21.43663953,-0.7027834842,-0.5052912558
coul_a0.15,-4.5,11.5,-0.6856693863,-0.4807320303,-0.1758654167,-0.04977527144,20.99147227,-0.6856693257,-0.4807317571
coul_a0.15,-4.5,12.5,-0.6675843588,-0.4558047302,-0.1719966445,-0.04743040925,20.5270414,-0.6675843024,-0.4558044889
coul_a0.15,-4.5,13.5,-0.6486776354,-0.4308000438,-0.167975859,-0.04506805848,20.04730946,-0.6486775833,-0.4307998279
coul_a0.15,-4.5,14.5,-0.6291024548,-0.4059773561,-0.1638332994,-0.04271181754,19.55607234,-0.6291024053,-0.405977154
coul_a0.15,-4.5,15.5,-0.6090127216,-0.3815623027,-0.1595981519,-0.04038244477,19.05690878,-0.609012669,-0.3815620938
coul_a0.15,-4.5,16.5,-0.5885598131,-0.3577458959,-0.1552981621,-0.03809774661,18.553153,-0.5885596505,-0.3577453951
coul_a0.15,-4.5,17.5,-0.5678892502,-0.3346838525,-0.1509593218,-0.03587258297,18.04782522,-0.5678890091,-0.3346832111
coul_a0.15,-4.5,18.5,-0.5471385168,-0.3124992234,-0.1466056315,-0.03371896823,17.54366606,-0.5471382223,-0.3124985314
coul_a0.15,-4.5,19.5,-0.5264348659,-0.2912841765,-0.1422589405,-0.0316462456,17.04310883,-0.5264345338,-0.2912834805
coul_a0.15,-4.5,20.5,-0.5058937967,-0.2711028771,-0.1379388558,-0.02966131291,16.54827969,-0.5058934468,-0.2711022156
coul_a0.15,-4.5,21.5,-0.4856181133,-0.2519947854,-0.1336627166,-0.02776888049,16.06100839,-0.4856177587,-0.2519941776
coul_a0.15,-4.5,22.5,-0.4656974452,-0.2339780305,-0.1294456225,-0.02597174401,15.58284054,-0.4656970969,-0.2339774878
coul_a0.15,-4.5,23.5,-0.4462082281,-0.2170527921,-0.1253005066,-0.02427105887,15.1150558,-0.4462078952,-0.2170523197
coul_a0.15,-4.5,24.5,-0.4272140488,-0.2012045229,-0.1212382442,-0.0226666054,14.65868834,-0.4272137372,-0.201204121
coul_a0.15,-4.5,25.5,-0.4087662742,-0.1864069289,-0.1172677868,-0.02115703756,14.21454872,-0.4087659878,-0.1864065952
coul_a0.15,-4.5,26.5,-0.3909048928,-0.1726246557,-0.1133963139,-0.01974010997,13.78324649,-0.3909046357,-0.1726243866
coul_a0.15,-4.5,27.5,-0.373659499,-0.159815653,-0.1096293935,-0.01841288078,13.36521289,-0.3736592779,-0.1598154435
coul_a0.15,-4.5,28.5,-0.3570503671,-0.1479332088,-0.105971147,-0.01717188909,12.96072349,-0.3570501827,-0.1479330508
coul_a0.15,-4.5,29.5,-0.3410895352,-0.136927657,-0.1024244123,-0.01601330751,12.56991841,-0.3410893823,-0.1369275427
coul_a0.15,-4,0.5,-0.8722050401,-0.9254412495,-0.2194777917,-0.08172595214,29.48393763,-0.8722051079,-0.9254407361
coul_a0.15,-4,1.5,-0.8705387415,-0.9204387921,-0.2189989473,-0.081312724,29.41135576,-0.8705388095,-0.9204382803
coul_a0.15,-4,2.5,-0.8671976952,-0.9105429068,-0.2180461934,-0.08049519123,29.26720346,-0.867197761,-0.9105424028
coul_a0.15,-4,3.5,-0.8621673167,-0.8959669793,-0.2166293377,-0.07929079782,29.05347323,-0.8621673788,-0.8959664859
coul_a0.15,-4,4.5,-0.8554311948,-0.8770197279,-0.2147629286,-0.07772473165,28.7730802,-0.8554312604,-0.8770191889
coul_a0.15,-4,5.5,-0.8469768244,-0.8540921508,-0.2124660469,-0.07582883059,28.42977092,-0.8469768887,-0.8540915661
coul_a0.15,-4,6.5,-0.8368018914,-0.8276417905,-0.2097620064,-0.07364024839,28.02801824,-0.8368019501,-0.8276411868
coul_a0.15,-4,7.5,-0.8249203888,-0.7981748414,-0.2066779601,-0.0711999703,27.57289522,-0.8249204355,-0.7981742402
coul_a0.15,-4,8.5,-0.8113677288,-0.76622728,-0.2032444072,-0.06855127359,27.06993522,-0.8113677591,-0.766226703
coul_a0.15,-4,9.5,-0.7962042855,-0.732346187,-0.1994946093,-0.06573822362,26.52498782,-0.7962043025,-0.732345653
coul_a0.15,-4,10.5,-0.7795170216,-0.6970722097,-0.195463932,-0.06280428513,25.94407549,-0.7795170264,-0.6970717282
coul_a0.15,-4,11.5,-0.7614190552,-0.6609239984,-0.1911891358,-0.05979111137,25.33325496,-0.7614190513,-0.6609235731
coul_a0.15,-4,12.5,-0.7420473592,-0.6243852689,-0.1867076461,-0.0567375537,24.69849098,-0.7420473512,-0.6243848941
coul_a0.15,-4,13.5,-0.7215589008,-0.5878948343,-0.1820568333,-0.05367891327,24.04554453,-0.7215588912,-0.5878944993
coul_a0.15,-4,14.5,-0.7001256726,-0.5518397621,-0.1772733365,-0.05064643719,23.37987933,-0.7001256624,-0.5518394483
coul_a0.15,-4,15.5,-0.6779291276,-0.5165515359,-0.1723924545,-0.04766704532,22.70658787,-0.6779291133,-0.5165512115
coul_a0.15,-4,16.5,-0.6551545697,-0.4823053296,-0.1674476268,-0.04476326135,22.03035308,-0.65515446,-0.4823045553
coul_a0.15,-4,17.5,-0.6319854855,-0.449319731,-0.1624700167,-0.04195331449,21.35535378,-0.6319852881,-0.4493187464
coul_a0.15,-4,18.5,-0.6085990315,-0.4177616461,-0.1574882023,-0.03925137434,20.68531865,-0.6085987633,-0.4177605919
coul_a0.15,-4,19.5,-0.5851619837,-0.387749871,-0.1525279741,-0.03666788144,20.02349442,-0.5851616581,-0.3877488199
coul_a0.15,-4,20.5,-0.5618276581,-0.3593603148,-0.1476122311,-0.03420993913,19.37265441,-0.5618272983,-0.3593593244
coul_a0.15,-4,21.5,-0.5387338192,-0.3326317561,-0.1427609658,-0.03188173634,18.73512262,-0.5387334415,-0.332630855
coul_a0.15,-4,22.5,-0.516001415,-0.3075715976,-0.1379913236,-0.02968497683,18.11279987,-0.516001034,-0.3075708011
coul_a0.15,-4,23.5,-0.4937341148,-0.2841614865,-0.1333177208,-0.02761929587,17.50719789,-0.4937337433,-0.2841608006
coul_a0.15,-4,24.5,-0.4720184886,-0.2623625534,-0.1287520086,-0.02568265062,16.91947592,-0.4720181359,-0.2623619771
coul_a0.15,-4,25.5,-0.4509246916,-0.2421201514,-0.1243036679,-0.02387167552,16.35047842,-0.4509243639,-0.2421196795
coul_a0.15,-4,26.5,-0.4305075204,-0.2233680309,-0.1199800225,-0.02218199778,15.80077263,-0.4305072244,-0.2233676565
coul_a0.15,-4,27.5,-0.410807724,-0.206031929,-0.1157864623,-0.02060851123,15.27068539,-0.4108074694,-0.2060316421
coul_a0.15,-4,28.5,-0.3918534709,-0.1900325787,-0.1117266653,-0.01914560912,14.76033843,-0.391853259,-0.1900323658
coul_a0.15,-4,29.5,-0.373661849,-0.175288171,-0.1078028149,-0.0177873782,14.26967968,-0.3736616739,-0.1752880209
coul_a0.15,-3.5,0.5,-0.8882559848,-1.330281268,-0.2418088706,-0.1028990055,37.0497648,-0.8882563526,-1.330280502
coul_a0.15,-3.5,1.5,-0.887544772,-1.322694982,-0.2412561695,-0.102325961,36.94579547,-0.8875451392,-1.322694218
coul_a0.15,-3.5,2.5,-0.8860591893,-1.307690583,-0.2401559521,-0.1011932975,36.7394072,-0.8860595483,-1.30768983
coul_a0.15,-3.5,3.5,-0.8836798211,-1.285597613,-0.238518605,-0.09952722105,36.43365426,-0.8836801674,-1.285596876
coul_a0.15,-3.5,4.5,-0.8802439276,-1.25689374,-0.2363597297,-0.09736547747,36.0330052,-0.8802442991,-1.25689293
coul_a0.15,-3.5,5.5,-0.8755629799,-1.22218533,-0.2337001129,-0.09475560851,35.54320263,-0.8755633664,-1.222184447
coul_a0.15,-3.5,6.5,-0.8694422945,-1.182183677,-0.230565608,-0.09175283175,34.97109879,-0.8694426752,-1.182182762
coul_a0.15,-3.5,7.5,-0.8617009188,-1.137677471,-0.2269868847,-0.08841769438,34.32445721,-0.8617012722,-1.137676557
coul_a0.15,-3.5,8.5,-0.852189478,-1.089503222,-0.2229990165,-0.08481365768,33.61173071,-0.8521897872,-1.089502342
coul_a0.15,-3.5,9.5,-0.840804307,-1.038515461,-0.2186408946,-0.08100476234,32.84183087,-0.8408045707,-1.038514646
coul_a0.15,-3.5,10.5,-0.8274968203,-0.98555832,-0.2139544787,-0.07705350467,32.02389733,-0.8274970374,-0.9855575856
coul_a0.15,-3.5,11.5,-0.8122776281,-0.9314399906,-0.208983919,-0.07301902379,31.16707441,-0.8122778049,-0.9314393431
coul_a0.15,-3.5,12.5,-0.7952156944,-0.876911314,-0.2037745958,-0.06895566465,30.28030802,-0.7952158423,-0.8769107441
coul_a0.15,-3.5,13.5,-0.7764332305,-0.8226492475,-0.1983721332,-0.06491194512,29.37216735,-0.7764333589,-0.8226487387
coul_a0.15,-3.5,14.5,-0.7560973675,-0.7692456039,-0.1928214453,-0.06092992209,28.45069815,-0.7560974852,-0.769245127
coul_a0.15,-3.5,15.5,-0.7344098303,-0.7172009385,-0.1871658644,-0.05704492447,27.52330978,-0.7344099428,-0.7172004432
coul_a0.15,-3.5,16.5,-0.7115957678,-0.6669237413,-0.181446392,-0.05328560121,26.596719,-0.7115958697,-0.6669225444
coul_a0.15,-3.5,17.5,-0.6878927921,-0.6187307102,-0.1757010977,-0.04967422204,25.67681956,-0.687892811,-0.6187291912
coul_a0.15,-3.5,18.5,-0.6635407373,-0.5728553763,-0.1699646783,-0.04622716446,24.76876758,-0.6635406564,-0.5728537578
coul_a0.15,-3.5,19.5,-0.6387732236,-0.5294547669,-0.1642681761,-0.04295552397,23.87694856,-0.6387730437,-0.5294531636
coul_a0.15,-3.5,20.5,-0.6138107625,-0.4886186699,-0.1586388448,-0.03986579091,23.00500368,-0.6138105073,-0.4886171703
coul_a0.15,-3.5,21.5,-0.5888557477,-0.450379639,-0.1531001449,-0.03696054728,22.15587964,-0.5888554371,-0.4503782858
coul_a0.15,-3.5,22.5,-0.5640891038,-0.4147228486,-0.1476718462,-0.03423914711,21.33188129,-0.564088759,-0.4147216638
coul_a0.15,-3.5,23.5,-0.5396685009,-0.3815955452,-0.1423702139,-0.0316983546,20.53473476,-0.5396681418,-0.3815945358
coul_a0.15,-3.5,24.5,-0.5157278358,-0.3509156975,-0.1372082542,-0.02933292281,19.7656529,-0.5157274782,-0.3509148597
coul_a0.15,-3.5,25.5,-0.4923777123,-0.3225796712,-0.1321959995,-0.02713610416,19.02540048,-0.4923773679,-0.3225789952
coul_a0.15,-3.5,26.5,-0.4697066588,-0.29646885,-0.1273408144,-0.02510008925,18.3143574,-0.4697063403,-0.2964683227
coul_a0.15,-3.5,27.5,-0.4477828561,-0.2724551987,-0.1226477069,-0.02321637555,17.6325787,-0.447782579,-0.2724548015
coul_a0.15,-3.5,28.5,-0.4266561799,-0.2504058059,-0.1181196356,-0.02147607016,16.97985045,-0.4266559484,-0.250405517
coul_a0.15,-3.5,29.5,-0.406360351,-0.2301865031,-0.1137578017,-0.01987013284,16.35573846,-0.4063601591,-0.2301863058
coul_a0.15,-3,0.5,-0.7160900285,-1.914851398,-0.2672994807,-0.1326948236,46.92999041,-0.7160911386,-1.914850475
coul_a0.15,-3,1.5,-0.7185263436,-1.903756332,-0.2666777089,-0.1318782024,46.78139845,-0.7185274514,-1.903755411
coul_a0.15,-3,2.5,-0.7231913154,-1.881794549,-0.2654382345,-0.1302656139,46.48650443,-0.7231924009,-1.881793638
coul_a0.15,-3,3.5,-0.7296876486,-1.849416463,-0.2635894681,-0.1278973312,46.04982818,-0.7296887006,-1.849415567
coul_a0.15,-3,4.5,-0.7374623805,-1.807281769,-0.2611446407,-0.1248312546,45.47800204,-0.7374635168,-1.807280768
coul_a0.15,-3,5.5,-0.7458534832,-1.75623918,-0.2581223746,-0.1211401083,44.7795825,-0.7458546821,-1.756238065
coul_a0.15,-3,6.5,-0.7541427676,-1.697299645,-0.2545472017,-0.1169080306,43.96482002,-0.7541439662,-1.697298469
coul_a0.15,-3,7.5,-0.7616106297,-1.63160251,-0.250449887,-0.1122268011,43.04537267,-0.761611768,-1.631601315
coul_a0.15,-3,8.5,-0.7675867793,-1.560375993,-0.2458674442,-0.107191968,42.03397427,-0.7675878078,-1.560374827
coul_a0.15,-3,9.5,-0.7714924076,-1.484894184,-0.2408427775,-0.1018991264,40.94407815,-0.7714933105,-1.484893093
coul_a0.15,-3,10.5,-0.7728708153,-1.406433096,-0.2354239398,-0.09644057048,39.78949082,-0.7728715855,-1.406432108
coul_a0.15,-3,11.5,-0.771404929,-1.326228657,-0.2296630563,-0.09090248908,38.58400995,-0.771405578,-1.326227784
coul_a0.15,-3,12.5,-0.7669220436,-1.245439467,-0.2236149991,-0.08536281128,37.34109025,-0.7669225994,-1.245438699
coul_a0.15,-3,13.5,-0.7593873115,-1.165116458,-0.2173359299,-0.07988974352,36.0735483,-0.7593878014,-1.165115774
coul_a0.15,-3,14.5,-0.7488884304,-1.086180939,-0.2108818266,-0.07454097831,34.79332039,-0.7488888845,-1.086180295
coul_a0.15,-3,15.5,-0.7356145135,-1.00941143,-0.2043071043,-0.06936350645,33.51127905,-0.735614963,-1.00941075
coul_a0.15,-3,16.5,-0.7198317813,-0.9354398776,-0.197663414,-0.0643939314,32.23714155,-0.7198324937,-0.9354381223
coul_a0.15,-3,17.5,-0.7018601376,-0.8647508365,-0.1909986747,-0.05965916797,30.97928682,-0.7018608158,-0.8647485814
coul_a0.15,-3,18.5,-0.6820487576,-0.7976945295,-0.184356366,-0.05517740546,29.74488418,-0.6820492837,-0.797692118
coul_a0.15,-3,19.5,-0.6607569985,-0.7344978348,-0.1777750801,-0.05095922424,28.5398664,-0.6607573328,-0.7344954465
coul_a0.15,-3,20.5,-0.6383380481,-0.6752797816,-0.171288314,-0.04700877158,27.36898976,-0.6383382061,-0.6752775545
coul_a0.15,-3,21.5,-0.6151265542,-0.6200684461,-0.1649244685,-0.04332492254,26.23593098,-0.6151265597,-0.6200664469
coul_a0.15,-3,22.5,-0.5914298936,-0.568817643,-0.1587070135,-0.03990237197,25.1433879,-0.5914297794,-0.5688159051
coul_a0.15,-3,23.5,-0.567522794,-0.5214228511,-0.1526547788,-0.03673262294,24.09319447,-0.5675225949,-0.5214213843
coul_a0.15,-3,24.5,-0.5436446982,-0.4777356636,-0.1467823303,-0.0338048526,23.08643624,-0.5436444446,-0.4777344605
coul_a0.15,-3,25.5,-0.5199992873,-0.4375764531,-0.1411003969,-0.03110664897,22.12356249,-0.519999004,-0.4375754973
coul_a0.15,-3,26.5,-0.4967556043,-0.4007451307,-0.1356163204,-0.02862462143,21.20449205,-0.4967553172,-0.4007443998
coul_a0.15,-3,27.5,-0.4740502909,-0.3670300181,-0.1303345045,-0.02634489333,20.32871095,-0.4740500296,-0.3670294799
coul_a0.15,-3,28.5,-0.4519905303,-0.3362149316,-0.1252568474,-0.02425348924,19.49536067,-0.4519903063,-0.336214551
coul_a0.15,-3,29.5,-0.4306572949,-0.3080846861,-0.1203831469,-0.02233663039,18.70331349,-0.4306571047,-0.3080844387
coul_a0.15,-2.5,0.5,-0.09645776908,-2.600394482,-0.2950747249,-0.175762939,57.40299888,-0.09646020522,-2.600394222
coul_a0.15,-2.5,1.5,-0.1067189316,-2.586652228,-0.2944250763,-0.1745691821,57.20492193,-0.1067213653,-2.586651965
coul_a0.15,-2.5,2.5,-0.1267230367,-2.559337489,-0.293124728,-0.1722137006,56.81161231,-0.1267254262,-2.559337215
coul_a0.15,-2.5,3.5,-0.1554714818,-2.518800099,-0.2911725682,-0.1687589723,56.22873024,-0.1554738055,-2.518799809
coul_a0.15,-2.5,4.5,-0.1915575463,-2.465587008,-0.2885692288,-0.1642948429,55.46468825,-0.1915600968,-2.465586615
coul_a0.15,-2.5,5.5,-0.2332678446,-2.400459316,-0.285319383,-0.1589341488,54.53052161,-0.2332705841,-2.400458781
coul_a0.15,-2.5,6.5,-0.2787007363,-2.324402499,-0.2814341359,-0.1528073243,53.43969241,-0.2787035164,-2.32440184
coul_a0.15,-2.5,7.5,-0.3258933497,-2.238622826,-0.2769330998,-0.1460563583,52.20780288,-0.3258960292,-2.238622058
coul_a0.15,-2.5,8.5,-0.3729445178,-2.144525739,-0.2718458105,-0.1388285182,50.85220742,-0.3729469737,-2.144524903
coul_a0.15,-2.5,9.5,-0.4181225802,-2.043675809,-0.2662122651,-0.1312702737,49.39154465,-0.4181247582,-2.043674968
coul_a0.15,-2.5,10.5,-0.4599497249,-1.93774107,-0.2600825067,-0.1235218199,47.84520962,-0.4599515986,-1.937740269
coul_a0.15,-2.5,11.5,-0.4972573557,-1.828427353,-0.253515331,-0.1157125221,46.23279296,-0.4972589429,-1.828426629
coul_a0.15,-2.5,12.5,-0.5292113148,-1.717410006,-0.2465763013,-0.1079574916,44.57353469,-0.529212677,-1.717409365
coul_a0.15,-2.5,13.5,-0.5553091154,-1.606270053,-0.2393353305,-0.1003553772,42.88582183,-0.5553103183,-1.606269483
coul_a0.15,-2.5,14.5,-0.5753540687,-1.496440842,-0.2318641061,-0.09298733667,41.18676486,-0.5753551913,-1.496440296
coul_a0.15,-2.5,15.5,-0.589413058,-1.38916894,-0.22423361,-0.08591705338,39.4918707,-0.5894141937,-1.389168319
coul_a0.15,-2.5,16.5,-0.597764058,-1.285492064,-0.2165119282,-0.07919159948,37.81486263,-0.5977661692,-1.285489952
coul_a0.15,-2.5,17.5,-0.6008450596,-1.186226254,-0.2087624792,-0.0728429161,36.16741247,-0.6008473056,-1.186223378
coul_a0.15,-2.5,18.5,-0.5991966985,-1.091976763,-0.2010427189,-0.06688968268,34.55929686,-0.599198707,-1.091973596
coul_a0.15,-2.5,19.5,-0.5934181083,-1.003150768,-0.1934033222,-0.06133937173,32.99838503,-0.5934197328,-1.003147574
coul_a0.15,-2.5,20.5,-0.5841279289,-0.9199792772,-0.1858877988,-0.05619032296,31.49074779,-0.5841291526,-0.9199762713
coul_a0.15,-2.5,21.5,-0.5719340069,-0.8425431674,-0.1785324744,-0.05143371436,30.04082809,-0.5719348551,-0.842540459
coul_a0.15,-2.5,22.5,-0.5574113388,-0.7708000951,-0.1713667565,-0.04705534896,28.65161791,-0.5574118652,-0.7707977431
coul_a0.15,-2.5,23.5,-0.5410875195,-0.7046108024,-0.1644136052,-0.04303721251,27.32485541,-0.5410877891,-0.7046088286
coul_a0.15,-2.5,24.5,-0.5234343954,-0.643763276,-0.1576901339,-0.0393587856,26.06121911,-0.5234344697,-0.6437616748
coul_a0.15,-2.5,25.5,-0.5048646043,-0.5879940036,-0.1512082808,-0.03599811456,24.8605124,-0.5048645374,-0.587992754
coul_a0.15,-2.5,26.5,-0.4857317483,-0.5370059991,-0.1449754999,-0.03293265884,23.72183363,-0.4857315956,-0.5370050696
coul_a0.15,-2.5,27.5,-0.4663331113,-0.4904835721,-0.1389954385,-0.03013994043,22.64372925,-0.4663329332,-0.4904829131
coul_a0.15,-2.5,28.5,-0.446914022,-0.4481040021,-0.1332685739,-0.02759802394,21.6243278,-0.4469138482,-0.4481035616
coul_a0.15,-2.5,29.5,-0.4276730289,-0.4095464956,-0.1277927959,-0.02528585608,20.66145202,-0.4276728632,-0.4095462397
coul_a0.15,-2,0.5,1.20493877,-2.912241635,-0.3214717123,-0.239323504,61.84186941,1.204935748,-2.912244001
coul_a0.15,-2,1.5,1.181477781,-2.903473806,-0.3209362213,-0.2375527057,61.63185679,1.181474748,-2.903476164
coul_a0.15,-2,2.5,1.135435202,-2.885588499,-0.3198483702,-0.2340590898,61.21357131,1.135432204,-2.885590787
coul_a0.15,-2,3.5,1.068531599,-2.857957094,-0.3181772566,-0.2289366405,60.59065504,1.068528655,-2.857959277
coul_a0.15,-2,4.5,0.9832503531,-2.819801691,-0.3158831834,-0.2223213876,59.76893977,0.9832469554,-2.819803978
coul_a0.15,-2,5.5,0.8827148401,-2.770363022,-0.3129245069,-0.2143855153,58.75678755,0.882710996,-2.770365286
coul_a0.15,-2,6.5,0.7705269451,-2.709075914,-0.3092650684,-0.2053297017,57.56535945,0.7705228782,-2.709077994
coul_a0.15,-2,7.5,0.6505693831,-2.635725713,-0.3048811271,-0.1953740413,56.20876169,0.6505653238,-2.635727463
coul_a0.15,-2,8.5,0.5267869961,-2.550559008,-0.2997668366,-0.1847481111,54.70397003,0.5267831785,-2.550560361
coul_a0.15,-2,9.5,0.4029671315,-2.454332582,-0.2939375914,-0.1736809007,53.07051639,0.4029636936,-2.454333588
coul_a0.15,-2,10.5,0.2825406689,-2.348296042,-0.2874309467,-0.1623913976,51.32994843,0.2825376982,-2.348296765
coul_a0.15,-2,11.5,0.1684241811,-2.234114936,-0.2803052091,-0.1510805515,49.50510137,0.1684216814,-2.234115476
coul_a0.15,-2,12.5,0.06291670839,-2.113751213,-0.2726361195,-0.1399251618,47.61927692,0.06291458453,-2.113751653
coul_a0.15,-2,13.5,-0.03234365945,-1.989321953,-0.2645122617,-0.129073972,45.69540511,-0.03234552379,-1.989322345
coul_a0.15,-2,14.5,-0.1163667378,-1.86295777,-0.2560298903,-0.1186459772,43.7552785,-0.1163685016,-1.862958114
coul_a0.15,-2,15.5,-0.1887515785,-1.736678217,-0.2472878189,-0.108730714,41.81891784,-0.1887534488,-1.73667844
coul_a0.15,-2,16.5,-0.2495944401,-1.612296633,-0.238382863,-0.09939013441,39.90414915,-0.2495987271,-1.612295373
coul_a0.15,-2,17.5,-0.2993910243,-1.491352509,-0.2294061502,-0.09066159192,38.02617174,-0.299395884,-1.491350186
coul_a0.15,-2,18.5,-0.3389163699,-1.375085094,-0.220440436,-0.08256146922,36.19760864,-0.3389209264,-1.375082162
coul_a0.15,-2,19.5,-0.3691292669,-1.264428113,-0.2115584153,-0.07508903642,34.42848755,-0.3691331451,-1.264424888
coul_a0.15,-2,20.5,-0.3910848869,-1.160026592,-0.2028219199,-0.06823022028,32.72637148,-0.3910879832,-1.160023398
coul_a0.15,-2,21.5,-0.4058647025,-1.062268154,-0.1942818393,-0.06196106368,31.09659793,-0.405867027,-1.062265178
coul_a0.15,-2,22.5,-0.4145238879,-0.9713212993,-0.1859785803,-0.05625074644,29.54253648,-0.4145255227,-0.9713186637
coul_a0.15,-2,23.5,-0.4180549526,-0.8871763791,-0.1779428929,-0.05106411301,28.06588039,-0.4180560126,-0.88717415
coul_a0.15,-2,24.5,-0.4173650776,-0.8096852501,-0.1701969112,-0.04636370706,26.66693322,-0.417365679,-0.8096834488
coul_a0.15,-2,25.5,-0.4132643581,-0.7385973258,-0.16275529,-0.04211134866,25.34487872,-0.413264608,-0.7385959462
coul_a0.15,-2,26.5,-0.4064622329,-0.6735908039,-0.1556263487,-0.03826930971,24.09802587,-0.4064622413,-0.6735898188
coul_a0.15,-2,27.5,-0.3975697039,-0.6142986265,-0.1488131615,-0.03480115097,22.92402525,-0.3975695893,-0.6142979772
coul_a0.15,-2,28.5,-0.3871053732,-0.5603292364,-0.1423145567,-0.03167228429,21.82005359,-0.3871051999,-0.5603288569
coul_a0.15,-2,29.5,-0.3755035341,-0.5112826596,-0.1361260048,-0.02885031881,20.78296495,-0.3755033206,-0.5112825091
coul_a0.15,-1.5,0.5,2.701787813,-2.083291078,-0.3355606459,-0.333002763,52.08137286,2.701787849,-2.083296113
coul_a0.15,-1.5,1.5,2.670916234,-2.095011175,-0.3355310831,-0.330429216,51.95990108,2.670916243,-2.095016233
coul_a0.15,-1.5,2.5,2.609617198,-2.117019587,-0.3354145677,-0.3253426646,51.7143734,2.60961714,-2.117024549
coul_a0.15,-1.5,3.5,2.518858897,-2.146582103,-0.3351029923,-0.3178638393,51.34013573,2.518858746,-2.146586913
coul_a0.15,-1.5,4.5,2.400267467,-2.179915373,-0.3344501184,-0.3081723218,50.83142828,2.400266941,-2.179920907
coul_a0.15,-1.5,5.5,2.256266824,-2.212553134,-0.3332885963,-0.2965031975,50.18271588,2.256265719,-2.21255922
coul_a0.15,-1.5,6.5,2.09017062,-2.23978673,-0.3314493244,-0.283140654,49.39005385,2.090168931,-2.239792888
coul_a0.15,-1.5,7.5,1.906176155,-2.257141934,-0.32878067,-0.2684078964,48.45242659,1.906173958,-2.257147676
coul_a0.15,-1.5,8.5,1.709231377,-2.260828462,-0.3251650591,-0.2526534959,47.37277684,1.709228897,-2.260833406
coul_a0.15,-1.5,9.5,1.50477816,-2.24809937,-0.32053086,-0.2362351388,46.15858213,1.504775652,-2.248103433
coul_a0.15,-1.5,10.5,1.298405229,-2.217470417,-0.3148583034,-0.2195024337,44.82190155,1.298402927,-2.217473604
coul_a0.15,-1.5,11.5,1.095467573,-2.168772984,-0.3081792155,-0.2027807438,43.37888188,1.09546563,-2.168775464
coul_a0.15,-1.5,12.5,0.9007353988,-2.103048085,-0.3005713461,-0.1863578494,41.84885117,0.9007337941,-2.103050102
coul_a0.15,-1.5,13.5,0.7181252207,-2.022315601,-0.2921488096,-0.1704746998,40.25313845,0.7181238606,-2.02231737
coul_a0.15,-1.5,14.5,0.5505445195,-1.929270875,-0.283050492,-0.1553207564,38.61381023,0.550543192,-1.929272554
coul_a0.15,-1.5,15.5,0.399854583,-1.826964041,-0.273428204,-0.1410336931,36.95248287,0.3998529511,-1.826965693
coul_a0.15,-1.5,16.5,0.2669387864,-1.718508173,-0.2634359822,-0.1277026669,35.28935475,0.2669328905,-1.71850973
coul_a0.15,-1.5,17.5,0.151825842,-1.606847207,-0.2532214276,-0.1153740829,33.64242091,0.1518185465,-1.606847599
coul_a0.15,-1.5,18.5,0.05388479923,-1.494591818,-0.2429194495,-0.1040587395,32.02705842,0.05387764508,-1.494591024
coul_a0.15,-1.5,19.5,-0.02799760411,-1.383931271,-0.2326483761,-0.09373938554,30.45586366,-0.02800387801,-1.383929512
coul_a0.15,-1.5,20.5,-0.09524311555,-1.276600953,-0.2225081184,-0.08437795908,28.93864795,-0.09524821654,-1.276598685
coul_a0.15,-1.5,21.5,-0.1494338478,-1.173895342,-0.2125799455,-0.07592204026,27.4826323,-0.1494377174,-1.173892885
coul_a0.15,-1.5,22.5,-0.192195575,-1.076709029,-0.2029274034,-0.06831027983,26.09270228,-0.1921983014,-1.076706636
coul_a0.15,-1.5,23.5,-0.2251126419,-0.9855938183,-0.1935979554,-0.06147674157,24.77173589,-0.2251143899,-0.9855916681
coul_a0.15,-1.5,24.5,-0.2496710283,-0.9008210773,-0.1846250003,-0.05535421498,23.52094076,-0.2496719795,-0.900819275
coul_a0.15,-1.5,25.5,-0.2672245231,-0.822442471,-0.1760300119,-0.04987662124,22.34017888,-0.2672248529,-0.8224410696
coul_a0.15,-1.5,26.5,-0.278978636,-0.7503449302,-0.1678246261,-0.04498066428,21.22826418,-0.2789785299,-0.7503439423
coul_a0.15,-1.5,27.5,-0.2859873094,-0.684297805,-0.1600125664,-0.04060688087,20.18322513,-0.2859869695,-0.6842971877
coul_a0.15,-1.5,28.5,-0.289158278,-0.6239915533,-0.1525913519,-0.03670023119,19.20252679,-0.2891578167,-0.6239912389
coul_a0.15,-1.5,29.5,-0.2892634364,-0.5690684288,-0.1455537665,-0.03321035132,18.28325122,-0.2892628894,-0.569068377
coul_a0.15,-1,0.5,3.14373635,-0.3039350651,-0.3107190478,-0.4623033129,32.15081351,3.143740733,-0.3039380207
coul_a0.15,-1,1.5,3.130480266,-0.33827264,-0.3120511966,-0.4589868014,32.18471472,3.13048468,-0.3382756544
coul_a0.15,-1,2.5,3.102566099,-0.4055260242,-0.314582356,-0.4523843453,32.24613784,3.102570377,-0.4055290744
coul_a0.15,-1,3.5,3.057421768,-0.5027842804,-0.3180559387,-0.4425656103,32.32271853,3.05742583,-0.5027873576
coul_a0.15,-1,4.5,2.991755843,-0.6255611177,-0.3221114625,-0.4296541873,32.39692693,2.991760589,-0.6255651982
coul_a0.15,-1,5.5,2.902193454,-0.7677801224,-0.3263138116,-0.4138445816,32.44744091,2.902198448,-0.7677854239
coul_a0.15,-1,6.5,2.786011295,-0.921920421,-0.3301909178,-0.3954160877,32.45082011,2.786015856,-0.9219266657
coul_a0.15,-1,7.5,2.641863644,-1.079402516,-0.333276792,-0.3747383149,32.3836233,2.641867139,-1.079409189
coul_a0.15,-1,8.5,2.470347165,-1.231224492,-0.3351549584,-0.352264602,32.22466278,2.470349297,-1.231230883
coul_a0.15,-1,9.5,2.274267282,-1.36877725,-0.3354962332,-0.328512304,31.95711602,2.274268226,-1.368782903
coul_a0.15,-1,10.5,2.058525268,-1.484696212,-0.3340851372,-0.3040322182,31.57019097,2.058525362,-1.484700759
coul_a0.15,-1,11.5,1.829637073,-1.573571527,-0.3308312171,-0.279372196,31.06004064,1.829636806,-1.57357494
coul_a0.15,-1,12.5,1.594993041,-1.632370322,-0.3257646284,-0.2550413007,30.42984461,1.594992734,-1.63237291
coul_a0.15,-1,13.5,1.362025883,-1.660499682,-0.3190184721,-0.2314803421,29.68907317,1.362025713,-1.660501824
coul_a0.15,-1,14.5,1.137461088,-1.659533915,-0.3108025748,-0.2090426085,28.85214239,1.137460959,-1.659536034
coul_a0.15,-1,15.5,0.9267751783,-1.632706073,-0.3013741173,-0.1879859799,27.93674091,0.9267747054,-1.632708534
coul_a0.15,-1,16.5,0.7339197422,-1.584292806,-0.2910098446,-0.1684752558,26.96209948,0.7339141277,-1.584298408
coul_a0.15,-1,17.5,0.5612716815,-1.519031526,-0.2799830751,-0.1505920444,25.94758046,0.5612635013,-1.519036332
coul_a0.15,-1,18.5,0.4098050898,-1.441609791,-0.2685469962,-0.1343490717,24.91127529,0.409796353,-1.441612643
coul_a0.15,-1,19.5,0.279345311,-1.356326514,-0.2569243005,-0.1197060586,23.86935632,0.279337219,-1.356327278
coul_a0.15,-1,20.5,0.1688698974,-1.266883736,-0.2453022791,-0.106585029,22.83559026,0.1688631213,-1.266883008
coul_a0.15,-1,21.5,0.07679857327,-1.176301299,-0.2338320661,-0.09488373348,21.82121473,0.0767933714,-1.176299589
coul_a0.15,-1,22.5,0.00124102573,-1.086918591,-0.2226306858,-0.08448658357,20.83498154,0.001237388072,-1.086916382
coul_a0.15,-1,23.5,-0.05980971052,-1.000453365,-0.2117847312,-0.07527300954,19.8833735,-0.0598119545,-1.000451046
coul_a0.15,-1,24.5,-0.1083385204,-0.9180894833,-0.20135478,-0.06712346802,18.97089176,-0.108339601,-0.9180873234
coul_a0.15,-1,25.5,-0.1462172372,-0.8405741596,-0.191379927,-0.05992347863,18.10037031,-0.1462173974,-0.8405723303
coul_a0.15,-1,26.5,-0.1751517925,-0.768312149,-0.1818820501,-0.05356610803,17.27328679,-0.1751513067,-0.7683107477
coul_a0.15,-1,27.5,-0.1966576778,-0.7014498867,-0.1728696041,-0.04795329334,16.49005025,-0.1966568542,-0.7014489127
coul_a0.15,-1,28.5,-0.2120550734,-0.6399464293,-0.1643408612,-0.0429963398,15.75025212,-0.212054081,-0.6399458203
coul_a0.15,-1,29.5,-0.2224761113,-0.5836308667,-0.1562865947,-0.03861585958,15.05287499,-0.2224750009,-0.5836305859
coul_a0.15,-0.5,0.5,2.221956449,1.027002415,-0.2028871194,-0.6028612422,14.80907672,2.221960487,1.027003926
coul_a0.15,-0.5,1.5,2.238393562,0.9992267362,-0.2065843673,-0.600014111,14.92165093,2.23839768,0.9992282783
coul_a0.15,-0.5,2.5,2.269453762,0.9428354078,-0.2138066812,-0.5942096843,15.14388797,2.269457879,0.9428368242
coul_a0.15,-0.5,3.5,2.311443444,0.8564185447,-0.2242052113,-0.5852493905,15.46959841,2.311447511,0.8564197667
coul_a0.15,-0.5,4.5,2.358725525,0.738535089,-0.2372498468,-0.5728889275,15.88866468,2.358730932,0.7385366933
coul_a0.15,-0.5,5.5,2.403789922,0.5884950488,-0.2522324578,-0.5568990206,16.3863698,2.403796869,0.5884963899
coul_a0.15,-0.5,6.5,2.437604099,0.4072853792,-0.2682875302,-0.5371376828,16.94279703,2.437612114,0.4072856749
coul_a0.15,-0.5,7.5,2.450387005,0.1984610128,-0.284438091,-0.5136224639,17.53279436,2.450395137,0.1984596283
coul_a0.15,-0.5,8.5,2.432826984,-0.03127970669,-0.2996690493,-0.4865870289,18.12675134,2.432834046,-0.03128276911
coul_a0.15,-0.5,9.5,2.377584878,-0.2721232066,-0.3130210083,-0.4565059424,18.69235629,2.377590264,-0.2721274025
coul_a0.15,-0.5,10.5,2.280734722,-0.5119439543,-0.3236883384,-0.4240769656,19.19726492,2.280738063,-0.511948398
coul_a0.15,-0.5,11.5,2.142699525,-0.7378049684,-0.3311003035,-0.3901610296,19.61221235,2.14270118,-0.7378087849
coul_a0.15,-0.5,12.5,1.968346652,-0.937802273,-0.3349666327,-0.3556924775,19.91398273,1.968347352,-0.9378052097
coul_a0.15,-0.5,13.5,1.76617297,-1.10274563,-0.3352787272,-0.3215806419,20.08755297,1.766173458,-1.102747789
coul_a0.15,-0.5,14.5,1.546827205,-1.227223541,-0.3322704067,-0.2886245754,20.12697812,1.546827906,-1.22722552
coul_a0.15,-0.5,15.5,1.321411894,-1.309846193,-0.3263520855,-0.257456089,20.03495594,1.32141269,-1.309848839
coul_a0.15,-0.5,16.5,1.100007338,-1.352738605,-0.3180359962,-0.2285160662,19.82126558,1.100004722,-1.352748828
coul_a0.15,-0.5,17.5,0.8906813477,-1.36059913,-0.3078676286,-0.2020599328,19.50099358,0.8906745929,-1.360609809
coul_a0.15,-0.5,18.5,0.6990792466,-1.339553005,-0.2963726232,-0.1781830229,19.09182969,0.6990701529,-1.339561048
coul_a0.15,-0.5,19.5,0.5284793695,-1.296179385,-0.2840221046,-0.156855657,18.61242052,0.5284696955,-1.296183776
coul_a0.15,-0.5,20.5,0.380143821,-1.236769895,-0.2712148753,-0.1379596614,18.08081094,0.3801350573,-1.236771269
coul_a0.15,-0.5,21.5,0.2538035658,-1.166873044,-0.2582725743,-0.1213210414,17.51347757,0.2537964833,-1.166872131
coul_a0.15,-0.5,22.5,0.1481491493,-1.091080657,-0.2454434101,-0.1067363101,16.92473446,0.1481440312,-1.091078297
coul_a0.15,-0.5,23.5,0.06125593853,-1.01299377,-0.2329106624,-0.09399198661,16.32653984,0.06125272396,-1.012990712
coul_a0.15,-0.5,24.5,-0.009086352627,-0.9352980225,-0.2208031361,-0.0828779387,15.72853766,-0.009087897346,-0.9352948228
coul_a0.15,-0.5,25.5,-0.06514059874,-0.8598941426,-0.2092057453,-0.07319574479,15.13824666,-0.06514078215,-0.8598911885
coul_a0.15,-0.5,26.5,-0.1090719972,-0.7880457168,-0.1981692006,-0.06476332785,14.5613271,-0.1090712154,-0.7880432574
coul_a0.15,-0.5,27.5,-0.1428619761,-0.7205213562,-0.1877183346,-0.05741697434,14.00187413,-0.1428606992,-0.7205194636
coul_a0.15,-0.5,28.5,-0.1682680489,-0.6577193855,-0.1778589511,-0.0510116293,13.46270075,-0.1682665276,-0.6577179996
coul_a0.15,-0.5,29.5,-0.1868133836,-0.5997709586,-0.1685832792,-0.04542013263,12.94559012,-0.1868116861,-0.5997700422
coul_a0.15,0,0.5,1.094590074,1.197175037,-0.0006509100247,-0.6711403083,5.841877841,1.094591265,1.197177452
coul_a0.15,0,1.5,1.115303766,1.192793937,-0.005857749429,-0.671089809,5.920702639,1.11530494,1.192796417
coul_a0.15,0,2.5,1.156831603,1.182689412,-0.01626320497,-0.6707466151,6.080016178,1.156832845,1.182691859
coul_a0.15,0,3.5,1.219184332,1.164129688,-0.03182275162,-0.6696286274,6.322902414,1.21918567,1.164132034
coul_a0.15,0,4.5,1.301885935,1.132947082,-0.05240037671,-0.6670244496,6.653323371,1.301887251,1.132950509
coul_a0.15,0,5.5,1.403356097,1.083600338,-0.07769026386,-0.662023779,7.075215739,1.403357972,1.083605007
coul_a0.15,0,6.5,1.520107328,1.009494914,-0.1071259469,-0.6535823748,7.59110333,1.520110424,1.00950044
coul_a0.15,0,7.5,1.645890941,0.9037612531,-0.1397978585,-0.6406345597,8.200236145,1.645895795,0.9037666543
coul_a0.15,0,8.5,1.77109544,0.760623085,-0.174411136,-0.6222554813,8.896404618,1.771101867,0.7606270275
coul_a0.15,0,9.5,1.882845157,0.5772861588,-0.2093197327,-0.5978542659,9.665840772,1.88285246,0.57728792
coul_a0.15,0,10.5,1.966237925,0.3559192199,-0.2426608695,-0.5673532185,10.48593224,1.966244743,0.3559184213
coul_a0.15,0,11.5,2.006824753,0.1049330184,-0.2725815371,-0.5312918172,11.32551082,2.006829828,0.1049304461
coul_a0.15,0,12.5,1.993811036,-0.1612781821,-0.2975062511,-0.4908043926,12.14725624,1.993814202,-0.1612813805
coul_a0.15,0,13.5,1.922867811,-0.4244844793,-0.3163667696,-0.4474615209,12.91202749,1.922869605,-0.4244871721
coul_a0.15,0,14.5,1.797370563,-0.6661193579,-0.3287221588,-0.4030188389,13.58408298,1.797372171,-0.6661213634
coul_a0.15,0,15.5,1.627530526,-0.8708882939,-0.3347409033,-0.3591515614,14.13575931,1.627532892,-0.8708906178
coul_a0.15,0,16.5,1.427843388,-1.029211921,-0.3350699257,-0.3172487594,14.55022472,1.427848564,-1.029225351
coul_a0.15,0,17.5,1.213952398,-1.13794194,-0.3306483395,-0.2783060326,14.82254073,1.213951895,-1.13795946
coul_a0.15,0,18.5,0.9999415964,-1.199427133,-0.322524837,-0.2429137392,14.957482,0.9999350242,-1.199442827
coul_a0.15,0,19.5,0.7967486706,-1.219775936,-0.3117166076,-0.2113114791,14.96731773,0.7967379895,-1.219786543
coul_a0.15,0,20.5,0.6116519478,-1.206969872,-0.2991220907,-0.1834734118,14.8688172,0.6116403605,-1.206975274
coul_a0.15,0,21.5,0.4485631742,-1.169327035,-0.2854816711,-0.1591965611,14.68069782,0.4485526738,-1.169327904
coul_a0.15,0,22.5,0.3087281345,-1.114487283,-0.2713724982,-0.1381761755,14.42157804,0.3087198626,-1.114484909
coul_a0.15,0,23.5,0.1915312173,-1.048893167,-0.2572232295,-0.1200623483,14.10869467,0.1915255612,-1.048888907
coul_a0.15,0,24.5,0.09521543699,-0.9776347025,-0.2433376936,-0.1044983878,13.75719818,0.09521230912,-0.9776296566
coul_a0.15,0,25.5,0.01744188611,-0.9045177501,-0.2299203914,-0.09114429725,13.37988597,0.01744093875,-0.9045127354
coul_a0.15,0,26.5,-0.04431944376,-0.8322434592,-0.2170999919,-0.07968937688,12.98722853,-0.04431879681,-0.8322390424
coul_a0.15,0,27.5,-0.09254239594,-0.7626233866,-0.2049491912,-0.06985752466,12.587566,-0.09254091566,-0.7626197996
coul_a0.15,0,28.5,-0.1295055563,-0.6967868571,-0.1935005966,-0.06140800097,12.18737904,-0.1295036438,-0.6967840427
coul_a0.15,0,29.5,-0.1572262411,-0.6353604476,-0.1827589532,-0.05413361144,11.79157343,-0.1572239973,-0.6353583606
coul_a0.15,0.5,0.5,0.5284481696,0.8832058531,0.2019539016,-0.6035670403,2.615073164,0.5284482764,0.8832075471
coul_a0.15,0.5,1.5,0.5390562126,0.8874498952,0.1981856018,-0.6063656091,2.649295841,0.5390562899,0.8874515937
coul_a0.15,0.5,2.5,0.5608315516,0.8956015443,0.1904804427,-0.611839797,2.719314598,0.5608316746,0.8956032534
coul_a0.15,0.5,3.5,0.5948914041,0.9069002548,0.1785093009,-0.6197217846,2.828337146,0.594891626,0.9069019624
coul_a0.15,0.5,4.5,0.6428889061,0.9199769564,0.1618033649,-0.6295555227,2.981308103,0.6428886264,0.9199788906
coul_a0.15,0.5,5.5,0.7069227975,0.9325622323,0.1397978585,-0.6406345597,3.185004751,0.7069219882,0.9325647148
coul_a0.15,0.5,6.5,0.7893048637,0.9410871733,0.1119132388,-0.6519293913,3.44804884,0.7893037426,0.9410905241
coul_a0.15,0.5,7.5,0.8920597503,0.9402244814,0.07769026386,-0.662023779,3.78066644,0.892058924,0.9402289409
coul_a0.15,0.5,8.5,1.016018648,0.922518119,0.03698886531,-0.669096127,4.19396692,1.016019001,0.9225234757
coul_a0.15,0.5,9.5,1.159422997,0.878411736,-0.009761593611,-0.6709989294,4.698434634,1.159425112,0.8784175448
coul_a0.15,0.5,10.5,1.316184714,0.7971575533,-0.06131599193,-0.6654915048,5.301383264,1.316188988,0.7971626019
coul_a0.15,0.5,11.5,1.474412008,0.6690664999,-0.1154790003,-0.6506452874,6.003418134,1.474417696,0.6690694623
coul_a0.15,0.5,12.5,1.616318038,0.4890795624,-0.1692143644,-0.6253532144,6.794571932,1.616323965,0.4890801459
coul_a0.15,0.5,13.5,1.720673646,0.2605934415,-0.219071517,-0.5897656913,7.651604541,1.720678376,0.2605923283
coul_a0.15,0.5,14.5,1.767912415,-0.002543589245,-0.2618505118,-0.545431971,8.538234285,1.767915923,-0.00254482621
coul_a0.15,0.5,15.5,1.746126773,-0.2777449647,-0.2952646579,-0.4950268024,9.409370215,1.746130824,-0.2777456614
coul_a0.15,0.5,16.5,1.654974044,-0.5390596752,-0.3183283611,-0.4417523642,10.21837516,1.654991371,-0.5390679817
coul_a0.15,0.5,17.5,1.505499584,-0.7638440038,-0.3313427091,-0.3886698982,10.92567276,1.50551412,-0.7638641215
coul_a0.15,0.5,18.5,1.316102667,-0.9375977358,-0.3355600851,-0.3382104521,11.50381791,1.316106646,-0.9376226216
coul_a0.15,0.5,19.5,1.10720848,-1.055352417,-0.3327262111,-0.2919722058,11.93991123,1.107200706,-1.055374422
coul_a0.15,0.5,20.5,0.8968575851,-1.120103631,-0.3246769945,-0.2507625135,12.23423951,0.8968434437,-1.120118582
coul_a0.15,0.5,21.5,0.6983776666,-1.139832883,-0.3130745772,-0.2147737426,12.39702775,0.6983615043,-1.139839707
coul_a0.15,0.5,22.5,0.5199619993,-1.124571365,-0.2992833668,-0.1837910029,12.44447011,0.5199472243,-1.124571286
coul_a0.15,0.5,23.5,0.3654344129,-1.084268965,-0.284346243,-0.1573718327,12.39535946,0.3654229279,-1.084264184
coul_a0.15,0.5,24.5,0.2354540025,-1.027597186,-0.2690161535,-0.1349767278,12.26861791,0.235446454,-1.027589843
coul_a0.15,0.5,25.5,0.1286873282,-0.9614871758,-0.2538096427,-0.1160523487,12.08176191,0.1286835502,-0.9614790341
coul_a0.15,0.5,26.5,0.04273713689,-0.8911264952,-0.2390626556,-0.1000782472,11.85012771,0.04273629063,-0.8911188909
coul_a0.15,0.5,27.5,-0.02521336424,-0.8201842952,-0.2249794218,-0.08658894448,11.58662476,-0.02521257968,-0.8201778984
coul_a0.15,0.5,28.5,-0.07800037433,-0.7511130945,-0.211671524,-0.07518094212,11.30179851,-0.0779986664,-0.7511078918
coul_a0.15,0.5,29.5,-0.1182565656,-0.6854445562,-0.1991874109,-0.0655113734,11.00404489,-0.1182541161,-0.685440493
coul_a0.15,1,0.5,0.3226817908,0.6164033676,0.3103789678,-0.4631339307,1.557377165,0.3226814518,0.6164046667
coul_a0.15,1,1.5,0.3272736988,0.6203673186,0.3089901775,-0.4664620677,1.571458731,0.3272733512,0.6203686153
coul_a0.15,1,2.5,0.3367428396,0.6283151074,0.3060738854,-0.4731434209,1.600321661,0.3367425128,0.6283164329
coul_a0.15,1,3.5,0.3516849096,0.6402658701,0.3013433182,-0.483217836,1.645423046,0.3516846325,0.6402672461
coul_a0.15,1,4.5,0.3730564206,0.6561898694,0.2943457085,-0.4967168136,1.709096151,0.3730559318,0.6561911811
coul_a0.15,1,5.5,0.4022481462,0.6759173322,0.284438091,-0.5136224639,1.794732714,0.4022473353,0.6759186431
coul_a0.15,1,6.5,0.4411765322,0.6989797318,0.2707624698,-0.5338007025,1.907045079,0.4411753318,0.6989811631
coul_a0.15,1,7.5,0.4923679039,0.7243427292,0.2522324578,-0.5568990206,2.052395112,0.4923663447,0.7243445348
coul_a0.15,1,8.5,0.5589785939,0.7499812513,0.2275545028,-0.5822007365,2.23916606,0.5589769146,0.7499837461
coul_a0.15,1,9.5,0.644629102,0.7722527364,0.1953223721,-0.6084380405,2.478086743,0.6446275201,0.7722561549
coul_a0.15,1,10.5,0.7528308841,0.7850889228,0.1542383809,-0.6335940629,2.782297608,0.7528300535,0.7850933947
coul_a0.15,1,11.5,0.8856951916,0.7792167833,0.1035115362,-0.6547771459,3.166780968,0.8856958872,0.7792218415
coul_a0.15,1,12.5,1.041664391,0.7419902588,0.04342764148,-0.6683189937,3.64655988,1.041666901,0.7419952401
coul_a0.15,1,13.5,1.212496277,0.6588688426,-0.02405272059,-0.6702778149,4.233081333,1.212500225,0.6588725864
coul_a0.15,1,14.5,1.380860746,0.5175567729,-0.09500178581,-0.6574123578,4.928741707,1.380864864,0.5175591568
coul_a0.15,1,15.5,1.521110985,0.3144598438,-0.1639367122,-0.6283712461,5.720931405,1.521114996,0.3144625665
coul_a0.15,1,16.5,1.605289139,0.06039177128,-0.2250480305,-0.5844899832,6.578546572,1.605309449,0.06040236135
coul_a0.15,1,17.5,1.613009137,-0.2190770462,-0.2737766498,-0.5296165629,7.454812005,1.613042593,-0.2190806311
coul_a0.15,1,18.5,1.53953577,-0.4907549221,-0.3079184139,-0.4689638377,8.295748525,1.539565267,-0.4907782715
coul_a0.15,1,19.5,1.396931208,-0.7245458834,-0.3277415599,-0.4076330128,9.051797462,1.396942428,-0.7245823723
coul_a0.15,1,20.5,1.208158809,-0.9016058518,-0.3352793715,-0.3495448477,9.687128398,1.208152065,-0.9016406987
coul_a0.15,1,21.5,0.9986489283,-1.016407859,-0.3333551274,-0.2970750258,10.18353217,0.9986294939,-1.016432425
coul_a0.15,1,22.5,0.7898319591,-1.073854584,-0.3247996968,-0.2512336619,10.53890344,0.7898076771,-1.073866133
coul_a0.15,1,23.5,0.5963506922,-1.084558069,-0.3120197748,-0.2120747194,10.76286476,0.5963279727,-1.084558384
coul_a0.15,1,24.5,0.4261811258,-1.06074975,-0.296858761,-0.1791018907,10.8718136,0.4261635876,-1.060742406
coul_a0.15,1,25.5,0.2821687159,-1.01372891,-0.2806275322,-0.1515712079,10.88482173,0.2821576027,-1.013717696
coul_a0.15,1,26.5,0.1638299663,-0.9527204251,-0.2642043078,-0.1286801028,10.82086122,0.1638244984,-0.9527086673
coul_a0.15,1,27.5,0.06885020907,-0.8846533974,-0.2481451408,-0.1096688778,10.69724138,0.06884818568,-0.8846430763
coul_a0.15,1,28.5,-0.005873808682,-0.8144048339,-0.2327794653,-0.09386556553,10.52890588,-0.005873729474,-0.8143961897
coul_a0.15,1,29.5,-0.06359103397,-0.7452077417,-0.2182837663,-0.08069846746,10.32824834,-0.06358922859,-0.745200761
coul_a0.15,1.5,0.5,0.2414221141,0.4511008992,0.3355649704,-0.3336493053,1.169033518,0.2414214337,0.4511017829
coul_a0.15,1.5,1.5,0.2436550921,0.4537772384,0.3355697856,-0.3362480997,1.175529508,0.2436544055,0.4537781227
coul_a0.15,1.5,2.5,0.2482422456,0.459184435,0.3355179672,-0.3415062839,1.188812945,0.2482415559,0.4591853442
coul_a0.15,1.5,3.5,0.2554382347,0.4674298486,0.3352793715,-0.3495448477,1.209491835,0.255437546,0.467430804
coul_a0.15,1.5,4.5,0.2656572872,0.4786688216,0.3346399077,-0.3605439038,1.238543965,0.2656565174,0.478669725
coul_a0.15,1.5,5.5,0.2795159294,0.4930925918,0.333276792,-0.3747383149,1.277402056,0.2795150274,0.4930934435
coul_a0.15,1.5,6.5,0.2978976822,0.5109029626,0.3307222738,-0.3924063545,1.328086675,0.297896602,0.5109037831
coul_a0.15,1.5,7.5,0.3220449714,0.5322595118,0.3263138116,-0.4138445816,1.39339651,0.3220436672,0.5322603857
coul_a0.15,1.5,8.5,0.3536830344,0.557176176,0.3191302224,-0.4393174763,1.477177975,0.3536814953,0.5571772575
coul_a0.15,1.5,9.5,0.3951731115,0.5853260227,0.3079184139,-0.4689638377,1.584695382,0.395171302,0.5853274207
coul_a0.15,1.5,10.5,0.4496681325,0.6156872856,0.2910277026,-0.5026345789,1.723111995,0.4496661413,0.6156892452
coul_a0.15,1.5,11.5,0.5211866309,0.6459381842,0.266393998,-0.5396336414,1.902065898,0.5211847593,0.6459409275
coul_a0.15,1.5,12.5,0.6143976995,0.6715076893,0.2316585605,-0.5783498996,2.13422116,0.6143962033,0.6715113047
coul_a0.15,1.5,13.5,0.7337059566,0.6843100003,0.1845561145,-0.615832099,2.435470427,0.7337053561,0.6843142783
coul_a0.15,1.5,14.5,0.8810355022,0.67159841,0.1237132899,-0.6475040558,2.824120211,0.8810358447,0.6716027865
coul_a0.15,1.5,15.5,1.051912739,0.6162089128,0.04984215188,-0.6674187787,3.317989373,1.051913102,0.6162135566
coul_a0.15,1.5,16.5,1.230805401,0.5002839669,-0.03311542366,-0.6695029614,3.928432681,1.230806282,0.5003051703
coul_a0.15,1.5,17.5,1.389318371,0.3137724841,-0.1178440881,-0.649768355,4.651967815,1.389340926,0.3138028403
coul_a0.15,1.5,18.5,1.49223539,0.06434856895,-0.1953223721,-0.6084380405,5.463254276,1.492282433,0.06436379432
coul_a0.15,1.5,19.5,1.511441686,-0.2192910108,-0.2578155981,-0.5503695796,6.314831814,1.511496216,-0.2193121099
coul_a0.15,1.5,20.5,1.439239718,-0.496389822,-0.3013433182,-0.483217836,7.146968379,1.439274843,-0.4964374576
coul_a0.15,1.5,21.5,1.290770309,-0.7301300224,-0.3261254551,-0.4146256895,7.902971435,1.29077421,-0.730185207
coul_a0.15,1.5,22.5,1.094924146,-0.8994098211,-0.3352504234,-0.3502229043,8.542038117,1.09490184,-0.8994535352
coul_a0.15,1.5,23.5,0.8819734209,-1.000594726,-0.3328717532,-0.2930977005,9.044116369,0.8819385879,-1.000618058
coul_a0.15,1.5,24.5,0.6753883087,-1.042192009,-0.3229133573,-0.2442769659,9.407547629,0.675353704,-1.042195714
coul_a0.15,1.5,25.5,0.489449978,-1.038032714,-0.3084902179,-0.2035048585,9.643204962,0.4894235316,-1.038022955
coul_a0.15,1.5,26.5,0.3305566474,-1.00230038,-0.2918234213,-0.169900222,9.768509227,0.3305403725,-1.002285137
coul_a0.15,1.5,27.5,0.1997526325,-0.9470158978,-0.2743809752,-0.1423798369,9.802953603,0.199743594,-0.9470010384
coul_a0.15,1.5,28.5,0.0950538033,-0.8812915929,-0.2570737157,-0.1198840193,9.765338629,0.09504945997,-0.8812784389
coul_a0.15,1.5,29.5,0.01311059102,-0.8115109978,-0.2404303579,-0.1014747988,9.672310489,0.01311016152,-0.811499845
coul_a0.15,2,0.5,0.2008593537,0.3480336765,0.3216046733,-0.2397687249,1.003438463,0.200858578,0.3480340904
coul_a0.15,2,1.5,0.2021349314,0.3498172429,0.3221327765,-0.2415597551,1.00684671,0.2021341494,0.3498176559
coul_a0.15,2,2.5,0.2047416697,0.3534243069,0.3231703604,-0.2451909457,1.013795833,0.204740876,0.3534247313
coul_a0.15,2,3.5,0.208795896,0.3589357803,0.3246769945,-0.2507625135,1.024561531,0.2087950853,0.3589362274
coul_a0.15,2,4.5,0.2144857447,0.3664754346,0.3265835708,-0.2584296149,1.039584742,0.21448489,0.366475846
coul_a0.15,2,5.5,0.2220895975,0.3762117722,0.32878067,-0.2684078964,1.059506979,0.2220886745,0.3762121405
coul_a0.15,2,6.5,0.2320046919,0.3883592514,0.3311003525,-0.2809802069,1.085226395,0.2320036774,0.3883595768
coul_a0.15,2,7.5,0.2447899294,0.4031757237,0.3332885963,-0.2965031975,1.117979285,0.244788791,0.4031760332
coul_a0.15,2,8.5,0.2612289406,0.42095121,0.3349643818,-0.3154110272,1.159459513,0.2612276451,0.4209515608
coul_a0.15,2,9.5,0.2824218403,0.441977711,0.3355600851,-0.3382104521,1.211992483,0.2824203477,0.4419781246
coul_a0.15,2,10.5,0.3099157834,0.4664797118,0.3342370248,-0.3654561098,1.27878601,0.3099140619,0.4664802837
coul_a0.15,2,11.5,0.3458828776,0.4944678546,0.3297715806,-0.3976852413,1.364292022,0.3458809459,0.4944687245
coul_a0.15,2,12.5,0.39334062,0.5254460486,0.320415915,-0.4352759442,1.474713902,0.3933384811,0.5254473016
coul_a0.15,2,13.5,0.4563633636,0.5578555125,0.3037628298,-0.4781737077,1.618681085,0.4563611619,0.5578572785
coul_a0.15,2,14.5,0.5401129645,0.5880937094,0.2767031862,-0.5254201128,1.808055217,0.5401108452,0.5880959416
coul_a0.15,2,15.5,0.6502548098,0.6089807461,0.2356707295,-0.5744571531,2.058632929,0.6502524313,0.6089832139
coul_a0.15,2,16.5,0.7909328572,0.6078998453,0.1774897435,-0.6203597448,2.390104052,0.7909212544,0.607908205
coul_a0.15,2,17.5,0.9602584318,0.5659406461,0.1010908634,-0.6555519967,2.823809194,0.9602449003,0.5659677517
coul_a0.15,2,18.5,1.143726112,0.4610899448,0.009761593611,-0.6709989294,3.37685025,1.143731716,0.4611373062
coul_a0.15,2,19.5,1.309885557,0.2785140102,-0.08762773,-0.6594978091,4.051752108,1.309934892,0.2785624778
coul_a0.15,2,20.5,1.416557813,0.02499190656,-0.1785093009,-0.6197217846,4.826066177,1.416637548,0.02500492824
coul_a0.15,2,21.5,1.429854626,-0.265151201,-0.2515181592,-0.5577104162,5.649950458,1.429930045,-0.26519131
coul_a0.15,2,22.5,1.342945986,-0.5426998448,-0.3009293783,-0.4840596932,6.458005774,1.342980978,-0.5427753308
coul_a0.15,2,23.5,1.177770031,-0.7662033796,-0.327397668,-0.4091796213,7.188952105,1.177755841,-0.7662775117
coul_a0.15,2,24.5,0.9704366158,-0.9161463373,-0.3355387519,-0.3401841655,7.801057665,0.9703909198,-0.9161916648
coul_a0.15,2,25.5,0.7547787,-0.9940223435,-0.3310113379,-0.2804430323,8.276473215,0.754727929,-0.9940332125
coul_a0.15,2,26.5,0.5539322658,-1.013363636,-0.3187392944,-0.2306285696,8.616810818,0.5538938902,-1.013352708
coul_a0.15,2,27.5,0.379744301,-0.9911008896,-0.3023349025,-0.1899643335,8.835685958,0.3797195752,-0.9910839213
coul_a0.15,2,28.5,0.2357886661,-0.9425268258,-0.2841841579,-0.1571134593,8.952066515,0.235773691,-0.9425090221
coul_a0.15,2,29.5,0.1208108208,-0.8794345657,-0.2657475886,-0.1306662011,8.985648935,0.1208043423,-0.8794175627
coul_a0.15,2.5,0.5,0.1759162687,0.2797986151,0.2952370707,-0.1760630647,0.9244321642,0.1759156145,0.2797986849
coul_a0.15,2.5,1.5,0.1767449822,0.2810337157,0.2958861551,-0.1772703642,0.9264149735,0.1767443234,0.2810337828
coul_a0.15,2.5,2.5,0.1784311252,0.2835300326,0.2971826538,-0.1797179417,0.9304477207,0.1784304562,0.2835301019
coul_a0.15,2.5,3.5,0.181034433,0.287340799,0.2991220907,-0.1834734118,0.9366693369,0.1810337482,0.2873408745
coul_a0.15,2.5,4.5,0.1846505795,0.2925483712,0.3016947002,-0.1886424326,0.9453004429,0.1846498696,0.2925484176
coul_a0.15,2.5,5.5,0.1894193554,0.2992670735,0.3048811271,-0.1953740413,0.9566588492,0.1894186083,0.2992670832
coul_a0.15,2.5,6.5,0.1955372557,0.307647118,0.3086454952,-0.2038681596,0.9711842012,0.1955364596,0.3076470864
coul_a0.15,2.5,7.5,0.2032763108,0.3178789654,0.3129245069,-0.2143855153,0.9894733771,0.2032754469,0.3178789004
coul_a0.15,2.5,8.5,0.213011972,0.3301974948,0.3176104559,-0.2272600894,1.012332101,0.2130110176,0.3301974167
coul_a0.15,2.5,9.5,0.2252644574,0.3448841036,0.322524837,-0.2429137392,1.0408501,0.2252633917,0.3448840095
coul_a0.15,2.5,10.5,0.2407601952,0.3622625001,0.3273774588,-0.2618714897,1.07651043,0.2407589896,0.3622624194
coul_a0.15,2.5,11.5,0.2605230378,0.3826798006,0.3317034744,-0.2847733709,1.121351209,0.2605216712,0.3826797833
coul_a0.15,2.5,12.5,0.2860086899,0.406454743,0.3347677151,-0.3123731183,1.178205029,0.2860071377,0.4064548036
coul_a0.15,2.5,13.5,0.3192976385,0.4337563022,0.3354234443,-0.3455029021,1.251052624,0.3192959061,0.4337565019
coul_a0.15,2.5,14.5,0.3633552643,0.4643413544,0.3319156205,-0.3849623825,1.345543191,0.3633533769,0.4643416991
coul_a0.15,2.5,15.5,0.4223303004,0.4970179398,0.321639282,-0.431255957,1.469731989,0.4223281656,0.4970182495
coul_a0.15,2.5,16.5,0.5017462733,0.5286188487,0.3009293783,-0.4840596932,1.635064753,0.5017385083,0.5286177941
coul_a0.15,2.5,17.5,0.6081050294,0.5522272057,0.2651137911,-0.5412941144,1.857349687,0.6080875463,0.552230269
coul_a0.15,2.5,18.5,0.7468863835,0.5547493623,0.2093197327,-0.5978542659,2.157253698,0.7468605339,0.5547678374
coul_a0.15,2.5,19.5,0.9173538463,0.5152112353,0.1306713857,-0.6446538391,2.558584371,0.9173329068,0.5152616509
coul_a0.15,2.5,20.5,1.103926756,0.4079362483,0.03182275162,-0.6696286274,3.081930267,1.103940415,0.4080104515
coul_a0.15,2.5,21.5,1.269848538,0.2156134545,-0.07644017107,-0.6623187528,3.732216022,1.269920131,0.2156772067
coul_a0.15,2.5,22.5,1.365575622,-0.05135864223,-0.1774897435,-0.6203597448,4.485264254,1.365687081,-0.05135581797
coul_a0.15,2.5,23.5,1.355193639,-0.3486289938,-0.2564416457,-0.5520080418,5.285352424,1.355284328,-0.3487048926
coul_a0.15,2.5,24.5,1.239157498,-0.6183689854,-0.3068204938,-0.4714701562,6.061164867,1.239172373,-0.6184809786
coul_a0.15,2.5,25.5,1.05045965,-0.8190527616,-0.3308502191,-0.3916567668,6.750109912,1.050405658,-0.8191322432
coul_a0.15,2.5,26.5,0.8321020728,-0.938132023,-0.33522451,-0.3203366894,7.314190196,0.8320329566,-0.938157235
coul_a0.15,2.5,27.5,0.6183981062,-0.9851480486,-0.3270403751,-0.2603897992,7.741739577,0.6183445152,-0.9851450776
coul_a0.15,2.5,28.5,0.4290133338,-0.9789031039,-0.311868288,-0.2116926625,8.040111231,0.4289753887,-0.978887518
coul_a0.15,2.5,29.5,0.2714398724,-0.9382618078,-0.2934499253,-0.1727986002,8.226236129,0.2714181258,-0.9382391975
coul_a0.15,3,0.5,0.1582875551,0.231952912,0.2674551323,-0.1329000664,0.8841010192,0.1582870829,0.2319528088
coul_a0.15,3,1.5,0.1588769233,0.2328451047,0.2680785643,-0.1337254214,0.8853476839,0.1588764485,0.2328449986
coul_a0.15,3,2.5,0.1600721741,0.2346466624,0.2693293237,-0.1353974057,0.8878782679,0.1600716928,0.2346465546
coul_a0.15,3,3.5,0.1619074661,0.2373926139,0.2712148753,-0.1379596614,0.8917695723,0.1619069746,0.2373925052
coul_a0.15,3,4.5,0.1644370008,0.241137242,0.2737455232,-0.1414804682,0.8971427624,0.1644364965,0.2411371102
coul_a0.15,3,5.5,0.1677389812,0.2459561627,0.2769330998,-0.1460563583,0.904170782,0.167738458,0.2459560018
coul_a0.15,3,6.5,0.1719216082,0.2519493555,0.2807887632,-0.1518173455,0.9130901348,0.1719210607,0.2519491605
coul_a0.15,3,7.5,0.1771319381,0.259245023,0.285319383,-0.1589341488,0.9242174968,0.1771313563,0.2592447957
coul_a0.15,3,8.5,0.1835688055,0.2680043951,0.2905216639,-0.1676279111,0.937973596,0.1835681765,0.268004143
coul_a0.15,3,9.5,0.1915017513,0.278427304,0.2963726232,-0.1781830229,0.9549174601,0.1915010665,0.2784270199
coul_a0.15,3,10.5,0.2012989726,0.2907578687,0.3028141655,-0.1909636879,0.975795502,0.2012982167,0.2907575613
coul_a0.15,3,11.5,0.2134689037,0.3052889097,0.309728082,-0.2064346676,1.001613423,0.2134680621,0.3052885953
coul_a0.15,3,12.5,0.2287227396,0.3223613445,0.3168955198,-0.2251858253,1.033742166,0.2287218011,0.3223610176
coul_a0.15,3,13.5,0.248068949,0.3423503038,0.3239314243,-0.2479578418,1.074075656,0.2480679067,0.3423499824
coul_a0.15,3,14.5,0.2729559053,0.3656203786,0.3301793347,-0.2756609785,1.12526971,0.2729547652,0.3656200565
coul_a0.15,3,15.5,0.3054835493,0.39241166,0.3345457874,-0.3093663412,1.191104346,0.305482303,0.3924112323
coul_a0.15,3,16.5,0.3487039297,0.422579183,0.3352504234,-0.3502229043,1.27704303,0.3487006524,0.4225766919
coul_a0.15,3,17.5,0.4069874349,0.4550205271,0.3294819644,-0.3992036004,1.391011638,0.4069794048,0.4550162442
coul_a0.15,3,18.5,0.4863134497,0.4865331296,0.3130210083,-0.4565059424,1.544537909,0.486296935,0.4865298844
coul_a0.15,3,19.5,0.5939444259,0.5097230744,0.280100448,-0.520371117,1.754047226,0.5939140442,0.5097291557
coul_a0.15,3,20.5,0.7361122939,0.5099508797,0.2242052113,-0.5852493905,2.04160435,0.7360741782,0.5099801254
coul_a0.15,3,21.5,0.9115231792,0.4630903179,0.1409261204,-0.6401149966,2.433215063,0.9114987562,0.4631578814
coul_a0.15,3,22.5,1.10021881,0.3399433614,0.03311542366,-0.6695029614,2.951150424,1.100248399,0.3400392502
coul_a0.15,3,23.5,1.256544635,0.1243656398,-0.08515426124,-0.6601568096,3.598558859,1.256655031,0.1244366346
coul_a0.15,3,24.5,1.324136697,-0.1625291572,-0.1924276484,-0.610487076,4.343798823,1.324291112,-0.1625660079
coul_a0.15,3,25.5,1.272306964,-0.4617315969,-0.2713723531,-0.5329649635,5.1215787,1.272375952,-0.4618778862
coul_a0.15,3,26.5,1.117068095,-0.7101000155,-0.3169403003,-0.4458264731,5.855650272,1.117019518,-0.7102233888
coul_a0.15,3,27.5,0.90467092,-0.8737179918,-0.3344191994,-0.3633434649,6.486701994,0.9045957619,-0.8737778308
coul_a0.15,3,28.5,0.6815194052,-0.9524727936,-0.332799388,-0.2925343503,6.986505858,0.6814471172,-0.9524911076
coul_a0.15,3,29.5,0.4776359056,-0.9649816139,-0.3201223814,-0.2349265374,7.352916039,0.4775813491,-0.9649656251
coul_a0.15,3.5,0.5,0.1447264925,0.1968085799,0.2419473156,-0.1030429732,0.8629629521,0.1447261756,0.1968084149
coul_a0.15,3.5,1.5,0.1451726025,0.197477223,0.2425021742,-0.1036216916,0.8637938878,0.1451722842,0.1974770554
coul_a0.15,3.5,2.5,0.1460751723,0.198826142,0.2436170608,-0.1047929408,0.8654780321,0.1460748505,0.1988259718
coul_a0.15,3.5,3.5,0.1474555086,0.2008790473,0.2453022791,-0.106585029,0.8680611493,0.147455181,0.2008788744
coul_a0.15,3.5,4.5,0.1493471537,0.2036726414,0.2475731692,-0.10904218,0.8716150448,0.1493468204,0.2036724511
coul_a0.15,3.5,5.5,0.1517979831,0.2072579945,0.250449887,-0.1122268011,0.8762414137,0.1517976411,0.2072577825
coul_a0.15,3.5,6.5,0.1548733271,0.2117025791,0.2539569514,-0.1162227845,0.8820779621,0.1548729742,0.2117023415
coul_a0.15,3.5,7.5,0.1586605156,0.2170929403,0.2581223746,-0.1211401083,0.8893068725,0.1586601466,0.2170926772
coul_a0.15,3.5,8.5,0.1632753828,0.2235381847,0.2629760662,-0.1271211263,0.898166793,0.1632749908,0.2235378993
coul_a0.15,3.5,9.5,0.1688716097,0.2311743933,0.2685469962,-0.1343490717,0.9089697251,0.1688711917,0.2311740796
coul_a0.15,3.5,10.5,0.1756542608,0.240169984,0.2748582621,-0.1430594937,0.9221247539,0.1756538094,0.2401696447
coul_a0.15,3.5,11.5,0.1838995545,0.2507320311,0.2819186195,-0.1535555469,0.9381721686,0.1838990626,0.2507316722
coul_a0.15,3.5,12.5,0.1939841856,0.2631129799,0.2897080516,-0.166228257,0.9578327804,0.1939836504,0.2631125945
coul_a0.15,3.5,13.5,0.2064293908,0.2776162455,0.2981532712,-0.1815829149,0.9820801208,0.2064288096,0.277615839
coul_a0.15,3.5,14.5,0.2219679672,0.2945971387,0.3070861994,-0.2002722571,1.012248573,0.2219673455,0.2945967045
coul_a0.15,3.5,15.5,0.2416472122,0.3144503119,0.3161737398,-0.2231351264,1.050196985,0.2416465621,0.3144497946
coul_a0.15,3.5,16.5,0.2669878549,0.3375652054,0.3247996968,-0.2512336619,1.098566346,0.2669866085,0.3375633107
coul_a0.15,3.5,17.5,0.3002236652,0.3642002471,0.3318692238,-0.2858677688,1.161153439,0.3002208357,0.3641964825
coul_a0.15,3.5,18.5,0.3446503071,0.3941912832,0.3354962332,-0.328512304,1.243527843,0.344644076,0.3941855311
coul_a0.15,3.5,19.5,0.4050692008,0.4262904186,0.3325420196,-0.3805520816,1.35395087,0.405055559,0.4262831077
coul_a0.15,3.5,20.5,0.4881360216,0.456775162,0.3180559387,-0.4425656103,1.504661156,0.4881115271,0.4567710207
coul_a0.15,3.5,21.5,0.6019114532,0.4768459347,0.2849650255,-0.5127779032,1.71345599,0.6018724619,0.4768561305
coul_a0.15,3.5,22.5,0.7526938457,0.468814223,0.2250480305,-0.5844899832,2.004549072,0.7526481781,0.4688589382
coul_a0.15,3.5,23.5,0.9361026101,0.4039057456,0.1329694807,-0.6436721696,2.406112483,0.936083171,0.403999876
coul_a0.15,3.5,24.5,1.122904405,0.2504183806,0.01366345558,-0.6708626561,2.939795872,1.122971628,0.2505458928
coul_a0.15,3.5,25.5,1.254846513,0.0002428016178,-0.113104215,-0.6515055529,3.601217726,1.2550445,0.0002771174001
coul_a0.15,3.5,26.5,1.273677091,-0.3055076681,-0.2207973546,-0.5882680527,4.345343091,1.273816322,-0.3056602203
coul_a0.15,3.5,27.5,1.165752927,-0.5923699802,-0.292469176,-0.5000980398,5.094449682,1.165762211,-0.5925259236
coul_a0.15,3.5,28.5,0.9696751425,-0.8011004906,-0.3275706895,-0.4084057879,5.771777894,0.9696172883,-0.8012195868
coul_a0.15,3.5,29.5,0.7418514389,-0.9150086897,-0.3354507292,-0.3266067402,6.330245491,0.7417537198,-0.9150511757
coul_a0.15,4,0.5,0.1337406694,0.1700311698,0.2195977606,-0.08182972857,0.8521081224,0.1337404638,0.1700309964
coul_a0.15,4,1.5,0.1340934541,0.1705478021,0.2200786687,-0.08224672481,0.8526872643,0.134093248,0.1705476266
coul_a0.15,4,2.5,0.1348059591,0.1715892104,0.2210454553,-0.08308988262,0.8538596798,0.1348057512,0.1715890326
coul_a0.15,4,3.5,0.1358924071,0.1731719745,0.2225081184,-0.08437795908,0.8556543271,0.1358921961,0.1731717938
coul_a0.15,4,4.5,0.1373750456,0.1753217095,0.2244817918,-0.08614018829,0.8581164366,0.1373748326,0.1753215162
coul_a0.15,4,5.5,0.1392853488,0.1780739712,0.2269868847,-0.08841769438,0.8613096561,0.1392851324,0.1780737623
coul_a0.15,4,6.5,0.1416657777,0.1814755985,0.2300492199,-0.09126554431,0.8653194684,0.1416655571,0.1814753711
coul_a0.15,4,7.5,0.1445723089,0.1855864882,0.2337001129,-0.09475560851,0.8702578345,0.1445720813,0.1855862422
coul_a0.15,4,8.5,0.1480779861,0.1904819433,0.2379762868,-0.09898047189,0.87626968,0.1480777478,0.1904816804
coul_a0.15,4,9.5,0.1522779206,0.1962557097,0.2429194495,-0.1040587395,0.8835418801,0.1522776712,0.1962554256
coul_a0.15,4,10.5,0.1572963874,0.2030238148,0.2485752295,-0.1101422207,0.8923156392,0.1572961232,0.2030235108
coul_a0.15,4,11.5,0.1632969512,0.2109294193,0.2549909522,-0.1174256682,0.9029039545,0.1632966689,0.2109290981
coul_a0.15,4,12.5,0.1704971573,0.2201487371,0.2622113594,-0.1261600039,0.9157163089,0.1704968574,0.2201483938
coul_a0.15,4,13.5,0.1791901544,0.230897945,0.2702707172,-0.1366702948,0.9312940251,0.1791898366,0.230897582
coul_a0.15,4,14.5,0.1897769919,0.2434406419,0.2791785978,-0.1493801083,0.9503620951,0.1897766613,0.243440255
coul_a0.15,4,15.5,0.2028156972,0.258094147,0.2888945643,-0.1648441657,0.9739060222,0.2028153667,0.258093707
coul_a0.15,4,16.5,0.2190970744,0.2752310898,0.2992833668,-0.1837910029,1.003291573,0.2190966109,0.2752298298
coul_a0.15,4,17.5,0.2397624922,0.2952627303,0.3100359353,-0.2071755361,1.040434318,0.2397615796,0.2952602948
coul_a0.15,4,18.5,0.2664883733,0.3185858847,0.32053086,-0.2362351388,1.088087063,0.2664863737,0.3185818894
coul_a0.15,4,19.5,0.3017711122,0.3454330806,0.3295949258,-0.272525049,1.150282621,0.3017665479,0.3454267249
coul_a0.15,4,20.5,0.3493436804,0.3755020285,0.3351029923,-0.3178638393,1.233024001,0.3493344439,0.3754938129
coul_a0.15,4,21.5,0.4147035196,0.4071083425,0.3333607721,-0.374017002,1.345385778,0.4146852224,0.4070998404
coul_a0.15,4,22.5,0.5054633303,0.435360218,0.3183283611,-0.4417523642,1.501060964,0.5054301144,0.4353580856
coul_a0.15,4,23.5,0.6304333755,0.4487366944,0.281205322,-0.5186854802,1.720171892,0.6303829114,0.4487572027
coul_a0.15,4,24.5,0.794586502,0.4244472036,0.2120227307,-0.5956741066,2.029917806,0.7945329784,0.424519187
coul_a0.15,4,25.5,0.986033261,0.3278057032,0.1059233865,-0.6539849424,2.459965009,0.9860459438,0.3279607525
coul_a0.15,4,26.5,1.159611494,0.1289970727,-0.02664520509,-0.6700814162,3.027087683,1.159813098,0.1291049106
coul_a0.15,4,27.5,1.244512215,-0.1601900146,-0.1574990637,-0.6318837924,3.712648678,1.244699605,-0.1602635738
coul_a0.15,4,28.5,1.193496222,-0.4709332261,-0.2571304375,-0.5511892962,4.450113427,1.193622834,-0.4710789228
coul_a0.15,4,29.5,1.024526252,-0.7217501723,-0.3139660072,-0.4540309548,5.154186584,1.024488949,-0.7219415271
