# Toponium S-wave Green's function, JKT (Z. Phys. C 56 (1992) 653) Secs. 2-3. Colour singlet.
# Units: GeV. m_t = 173.0, Gamma_t = 1.49, C_F = 1.333333, n_F = 5, mZ = 91.1876.
# JKT potential: Lambda_MSbar from (14) at Q = mZ; (13) with the NLO bracket (31/3 - 10 n_F/9) alpha/4pi;
#   (15) with Lambda_R = 0.4 GeV, switch at |p| = 5 GeV, C from continuity there;
#   (19) below q_cut with C1 from continuity at q_cut; the d3 term V0_tilde fixed by (20): V_cut(r = 1/GeV) = -1/4 GeV.
# Position-space convention: V(r) = Int d^3q/(2pi)^3 e^{-iq.r} V(q), so the d3 term adds V0_tilde/(2pi)^3 = shift to V(r).
# Coulomb rows: V = -4 pi C_F alpha/Q^2, alpha fixed, no bracket, no cut, no shift.
# Sign of G: JKT (6), G0 = 1/(E + i Gamma_t - p^2/m_t); G -> G0 as alpha -> 0.
# G at energy E includes the d3 term, i.e. it is solved with G0 at E - shift. G0 columns are at the physical E.
# Solver: JKT (21) on Gauss-Legendre nodes (23), 48 per panel on (0,4,16,60,m_t) + t=1/q tail (N = 240).
# V in GeV^-2 (momentum space), Q in GeV. V_cut excludes the d3 term (it is the shift).
# alpha_2loop, V_pert = nan where ln(Q^2/Lambda^2) <= 1 (two-loop formula meaningless).
# V_log = the |p| < 5 GeV line of (15) evaluated at all Q; V_jkt switches at 5 GeV.
id,Q,Q2,alpha_2loop,alpha_fixed,V_pert,V_log,V_jkt,V_cut,V_coulomb
jkt_a0.112,0.001,1e-06,nan,0.112,nan,-3.743149422e+12,-3.743149422e+12,-1205752.102,-1876578.012
jkt_a0.112,0.001122018454,1.258925412e-06,nan,0.112,nan,-2.361769346e+12,-2.361769346e+12,-1205627.285,-1490618.899
jkt_a0.112,0.001258925412,1.584893192e-06,nan,0.112,nan,-1.490177086e+12,-1.490177086e+12,-1205470.186,-1184040.679
jkt_a0.112,0.001412537545,1.995262315e-06,nan,0.112,nan,-9.402392663e+11,-9.402392663e+11,-1205272.469,-940516.9424
jkt_a0.112,0.001584893192,2.511886432e-06,nan,0.112,nan,-5.932517359e+11,-5.932517359e+11,-1205023.649,-747079.1626
jkt_a0.112,0.00177827941,3.16227766e-06,nan,0.112,nan,-3.743172272e+11,-3.743172272e+11,-1204710.551,-593426.0724
jkt_a0.112,0.001995262315,3.981071706e-06,nan,0.112,nan,-2.361787496e+11,-2.361787496e+11,-1204316.614,-471375.0845
jkt_a0.112,0.002238721139,5.011872336e-06,nan,0.112,nan,-1.490191503e+11,-1.490191503e+11,-1203821.043,-374426.5388
jkt_a0.112,0.002511886432,6.309573445e-06,nan,0.112,nan,-9.402507185e+10,-9.402507185e+10,-1203197.737,-297417.5716
jkt_a0.112,0.002818382931,7.943282347e-06,nan,0.112,nan,-5.932608327e+10,-5.932608327e+10,-1202413.957,-236247.1746
jkt_a0.112,0.00316227766,1e-05,nan,0.112,nan,-3.74324453e+10,-3.74324453e+10,-1201428.688,-187657.8012
jkt_a0.112,0.003548133892,1.258925412e-05,nan,0.112,nan,-2.361844892e+10,-2.361844892e+10,-1200190.601,-149061.8899
jkt_a0.112,0.003981071706,1.584893192e-05,nan,0.112,nan,-1.490237095e+10,-1.490237095e+10,-1198635.565,-118404.0679
jkt_a0.112,0.004466835922,1.995262315e-05,nan,0.112,nan,-9402869326,-9402869326,-1196683.612,-94051.69424
jkt_a0.112,0.005011872336,2.511886432e-05,nan,0.112,nan,-5932895984,-5932895984,-1194235.269,-74707.91626
jkt_a0.112,0.005623413252,3.16227766e-05,nan,0.112,nan,-3743473022,-3743473022,-1191167.197,-59342.60724
jkt_a0.112,0.006309573445,3.981071706e-05,nan,0.112,nan,-2362026388,-2362026388,-1187327.066,-47137.50845
jkt_a0.112,0.007079457844,5.011872336e-05,nan,0.112,nan,-1490381259,-1490381259,-1182527.691,-37442.65388
jkt_a0.112,0.007943282347,6.309573445e-05,nan,0.112,nan,-940401444.3,-940401444.3,-1176540.527,-29741.75716
jkt_a0.112,0.008912509381,7.943282347e-05,nan,0.112,nan,-593380556,-593380556,-1169088.793,-23624.71746
jkt_a0.112,0.01,0.0001,nan,0.112,nan,-374419550.1,-374419550.1,-1159840.772,-18765.78012
jkt_a0.112,0.01122018454,0.0001258925412,nan,0.112,nan,-236260025.1,-236260025.1,-1148404.194,-14906.18899
jkt_a0.112,0.01258925412,0.0001584893192,nan,0.112,nan,-149083707.3,-149083707.3,-1134323.16,-11840.40679
jkt_a0.112,0.01412537545,0.0001995262315,nan,0.112,nan,-94076348.72,-94076348.72,-1117079.72,-9405.169424
jkt_a0.112,0.01584893192,0.0002511886432,nan,0.112,nan,-59366811.43,-59366811.43,-1096102.957,-7470.791626
jkt_a0.112,0.0177827941,0.000316227766,nan,0.112,nan,-37464794.33,-37464794.33,-1070789.104,-5934.260724
jkt_a0.112,0.01995262315,0.0003981071706,nan,0.112,nan,-23644142.18,-23644142.18,-1040536.401,-4713.750845
jkt_a0.112,0.02238721139,0.0005011872336,nan,0.112,nan,-14922777.33,-14922777.33,-1004797.692,-3744.265388
jkt_a0.112,0.02511886432,0.0006309573445,nan,0.112,nan,-9419076.195,-9419076.195,-963151.418,-2974.175716
jkt_a0.112,0.02818382931,0.0007943282347,nan,0.112,nan,-5945767.064,-5945767.064,-915387.2326,-2362.471746
jkt_a0.112,0.0316227766,0.001,nan,0.112,nan,-3753694.395,-3753694.395,-861596.0017,-1876.578012
jkt_a0.112,0.03548133892,0.001258925412,nan,0.112,nan,-2370143.027,-2370143.027,-802246.8327,-1490.618899
jkt_a0.112,0.03981071706,0.001584893192,nan,0.112,nan,-1496826.054,-1496826.054,-738228.8506,-1184.040679
jkt_a0.112,0.04466835922,0.001995262315,nan,0.112,nan,-945518.2506,-945518.2506,-670836.4929,-940.5169424
jkt_a0.112,0.04999995,0.002499995,nan,0.112,nan,-603119.6053,-603119.6053,-603117.8043,-750.632706
jkt_a0.112,0.05,0.0025,nan,0.112,nan,-603117.2012,-603117.2012,-603117.2012,-750.6312047
jkt_a0.112,0.05000005,0.002500005,nan,0.112,nan,-603114.7972,-603114.7972,-603114.7972,-750.6297034
jkt_a0.112,0.05011872336,0.002511886432,nan,0.112,nan,-597442.511,-597442.511,-597442.511,-747.0791626
jkt_a0.112,0.05623413252,0.00316227766,nan,0.112,nan,-377643.6158,-377643.6158,-377643.6158,-593.4260724
jkt_a0.112,0.06309573445,0.003981071706,nan,0.112,nan,-238818.5428,-238818.5428,-238818.5428,-471.3750845
jkt_a0.112,0.07079457844,0.005011872336,nan,0.112,nan,-151113.5751,-151113.5751,-151113.5751,-374.4265388
jkt_a0.112,0.07943282347,0.006309573445,nan,0.112,nan,-95686.31229,-95686.31229,-95686.31229,-297.4175716
jkt_a0.112,0.08912509381,0.007943282347,nan,0.112,nan,-60643.25448,-60643.25448,-60643.25448,-236.2471746
jkt_a0.112,0.1,0.01,nan,0.112,nan,-38476.33893,-38476.33893,-38476.33893,-187.6578012
jkt_a0.112,0.1122018454,0.01258925412,nan,0.112,nan,-24445.3028,-24445.3028,-24445.3028,-149.0618899
jkt_a0.112,0.1258925412,0.01584893192,nan,0.112,nan,-15556.86359,-15556.86359,-15556.86359,-118.4040679
jkt_a0.112,0.1412537545,0.01995262315,nan,0.112,nan,-9920.498598,-9920.498598,-9920.498598,-94.05169424
jkt_a0.112,0.1584893192,0.02511886432,nan,0.112,nan,-6341.868642,-6341.868642,-6341.868642,-74.70791626
jkt_a0.112,0.177827941,0.0316227766,nan,0.112,nan,-4066.205573,-4066.205573,-4066.205573,-59.34260724
jkt_a0.112,0.1995262315,0.03981071706,nan,0.112,nan,-2616.337114,-2616.337114,-2616.337114,-47.13750845
jkt_a0.112,0.2238721139,0.05011872336,nan,0.112,nan,-1690.436754,-1690.436754,-1690.436754,-37.44265388
jkt_a0.112,0.2511886432,0.06309573445,1.301677159,0.112,-516.7311704,-1097.467959,-1097.467959,-1097.467959,-29.74175716
jkt_a0.112,0.2818382931,0.07943282347,1.019021948,0.112,-298.2256538,-716.4200992,-716.4200992,-716.4200992,-23.62471746
jkt_a0.112,0.316227766,0.1,0.8451086107,0.112,-187.0970376,-470.5625126,-470.5625126,-470.5625126,-18.76578012
jkt_a0.112,0.3548133892,0.1258925412,0.7261895321,0.112,-123.3341145,-311.1796579,-311.1796579,-311.1796579,-14.90618899
jkt_a0.112,0.3981071706,0.1584893192,0.6391539934,0.112,-83.99012547,-207.2926986,-207.2926986,-207.2926986,-11.84040679
jkt_a0.112,0.4466835922,0.1995262315,0.5723618979,0.112,-58.52331824,-139.1617372,-139.1617372,-139.1617372,-9.405169424
jkt_a0.112,0.5011872336,0.2511886432,0.5192849895,0.112,-41.47686657,-94.1762662,-94.1762662,-94.1762662,-7.470791626
jkt_a0.112,0.5623413252,0.316227766,0.4759642515,0.112,-29.78237471,-64.25468328,-64.25468328,-64.25468328,-5.934260724
jkt_a0.112,0.6309573445,0.3981071706,0.4398515746,0.112,-21.60788925,-44.19765269,-44.19765269,-44.19765269,-4.713750845
jkt_a0.112,0.7079457844,0.5011872336,0.4092282947,0.112,-15.80949644,-30.64455729,-30.64455729,-30.64455729,-3.744265388
jkt_a0.112,0.7943282347,0.6309573445,0.3828904891,0.112,-11.64788831,-21.41138596,-21.41138596,-21.41138596,-2.974175716
jkt_a0.112,0.8912509381,0.7943282347,0.359968074,0.112,-8.632170231,-15.06995063,-15.06995063,-15.06995063,-2.362471746
jkt_a0.112,1,1,0.3398155532,0.112,-6.429280278,-10.67986889,-10.67986889,-10.67986889,-1.876578012
jkt_a0.112,1.122018454,1.258925412,0.3219432609,0.112,-4.80924746,-7.617332759,-7.617332759,-7.617332759,-1.490618899
jkt_a0.112,1.258925412,1.584893192,0.3059725494,0.112,-3.610974092,-5.465284706,-5.465284706,-5.465284706,-1.184040679
jkt_a0.112,1.412537545,1.995262315,0.2916056932,0.112,-2.720242625,-3.94263923,-3.94263923,-3.94263923,-0.9405169424
jkt_a0.112,1.584893192,2.511886432,0.278605141,0.112,-2.055247116,-2.858408095,-2.858408095,-2.858408095,-0.7470791626
jkt_a0.112,1.77827941,3.16227766,0.2667788817,0.112,-1.556886853,-2.081773991,-2.081773991,-2.081773991,-0.5934260724
jkt_a0.112,1.995262315,3.981071706,0.2559699124,0.112,-1.182145879,-1.522428987,-1.522428987,-1.522428987,-0.4713750845
jkt_a0.112,2.238721139,5.011872336,0.2460485198,0.112,-0.8995129236,-1.117558723,-1.117558723,-1.117558723,-0.3744265388
jkt_a0.112,2.511886432,6.309573445,0.2369065321,0.112,-0.6857741241,-0.8231578904,-0.8231578904,-0.8231578904,-0.2974175716
jkt_a0.112,2.818382931,7.943282347,0.2284529762,0.112,-0.5237432915,-0.6081890635,-0.6081890635,-0.6081890635,-0.2362471746
jkt_a0.112,3.16227766,10,0.2206107516,0.112,-0.4006408838,-0.450622357,-0.450622357,-0.450622357,-0.1876578012
jkt_a0.112,3.548133892,12.58925412,0.2133140539,0.112,-0.3069269613,-0.3347290664,-0.3347290664,-0.3347290664,-0.1490618899
jkt_a0.112,3.981071706,15.84893192,0.2065063559,0.112,-0.235455037,-0.2492180328,-0.2492180328,-0.2492180328,-0.1184040679
jkt_a0.112,4.466835922,19.95262315,0.2001388104,0.112,-0.1808547465,-0.1859428544,-0.1859428544,-0.1859428544,-0.09405169424
jkt_a0.112,4.999995,24.99995,0.1942882453,0.112,-0.1398322413,-0.1398322753,-0.1398322753,-0.1398322753,-0.0750632706
jkt_a0.112,5,25,0.194288195,0.112,-0.1398319229,-0.1398319229,-0.1398319229,-0.1398319229,-0.07506312047
jkt_a0.112,5.000005,25.00005,0.1942881447,0.112,-0.1398316046,-0.1398315706,-0.1398316046,-0.1398316046,-0.07506297034
jkt_a0.112,5.011872336,25.11886432,0.1941689739,0.112,-0.1390789582,-0.1389987933,-0.1390789582,-0.1390789582,-0.07470791626
jkt_a0.112,5.623413252,31.6227766,0.1885597794,0.112,-0.107069871,-0.104087725,-0.107069871,-0.107069871,-0.05934260724
jkt_a0.112,6.309573445,39.81071706,0.1832787014,0.112,-0.08251174547,-0.07806879176,-0.08251174547,-0.08251174547,-0.04713750845
jkt_a0.112,7.079457844,50.11872336,0.1782970737,0.112,-0.06364705695,-0.05863860496,-0.06364705695,-0.06364705695,-0.03744265388
jkt_a0.112,7.943282347,63.09573445,0.1735895273,0.112,-0.04913931042,-0.04410241413,-0.04913931042,-0.04913931042,-0.02974175716
jkt_a0.112,8.912509381,79.43282347,0.1691335245,0.112,-0.03797033815,-0.03320954354,-0.03797033815,-0.03797033815,-0.02362471746
jkt_a0.112,10,100,0.1649089701,0.112,-0.02936318336,-0.02503449604,-0.02936318336,-0.02936318336,-0.01876578012
jkt_a0.112,11.22018454,125.8925412,0.1608978864,0.112,-0.02272403838,-0.01889068193,-0.02272403838,-0.02272403838,-0.01490618899
jkt_a0.112,12.58925412,158.4893192,0.1570841379,0.112,-0.01759841995,-0.01426757203,-0.01759841995,-0.01759841995,-0.01184040679
jkt_a0.112,14.12537545,199.5262315,0.1534531991,0.112,-0.01363801518,-0.01078474731,-0.01363801518,-0.01363801518,-0.009405169424
jkt_a0.112,15.84893192,251.1886432,0.1499919565,0.112,-0.01057554705,-0.008158189256,-0.01057554705,-0.01057554705,-0.007470791626
jkt_a0.112,17.7827941,316.227766,0.1466885394,0.112,-0.008205682632,-0.006175473125,-0.008205682632,-0.008205682632,-0.005934260724
jkt_a0.112,19.95262315,398.1071706,0.1435321743,0.112,-0.006370505082,-0.004677460685,-0.006370505082,-0.006370505082,-0.004713750845
jkt_a0.112,22.38721139,501.1872336,0.1405130602,0.112,-0.004948440101,-0.003544753838,-0.004948440101,-0.004948440101,-0.003744265388
jkt_a0.112,25.11886432,630.9573445,0.1376222599,0.112,-0.003845802271,-0.002687646694,-0.003845802271,-0.003845802271,-0.002974175716
jkt_a0.112,28.18382931,794.3282347,0.134851606,0.112,-0.002990332136,-0.002038655887,-0.002990332136,-0.002990332136,-0.002362471746
jkt_a0.112,31.6227766,1000,0.1321936189,0.112,-0.00232624854,-0.001546956097,-0.00232624854,-0.00232624854,-0.001876578012
jkt_a0.112,35.48133892,1258.925412,0.1296414355,0.112,-0.001810456178,-0.001174226924,-0.001810456178,-0.001810456178,-0.001490618899
jkt_a0.112,39.81071706,1584.893192,0.1271887461,0.112,-0.001409635199,-0.0008915476967,-0.001409635199,-0.001409635199,-0.001184040679
jkt_a0.112,44.66835922,1995.262315,0.1248297392,0.112,-0.001098005212,-0.0006770720115,-0.001098005212,-0.001098005212,-0.0009405169424
jkt_a0.112,50.11872336,2511.886432,0.1225590531,0.112,-0.0008556056422,-0.0005142836017,-0.0008556056422,-0.0008556056422,-0.0007470791626
jkt_a0.112,56.23413252,3162.27766,0.1203717323,0.112,-0.0006669718827,-0.0003906863919,-0.0006669718827,-0.0006669718827,-0.0005934260724
jkt_a0.112,63.09573445,3981.071706,0.1182631901,0.112,-0.0005201152058,-0.0002968193937,-0.0005201152058,-0.0005201152058,-0.0004713750845
jkt_a0.112,70.79457844,5011.872336,0.1162291739,0.112,-0.0004057360413,-0.0002255150081,-0.0004057360413,-0.0004057360413,-0.0003744265388
jkt_a0.112,79.43282347,6309.573445,0.1142657356,0.112,-0.0003166167322,-0.0001713399844,-0.0003166167322,-0.0003166167322,-0.0002974175716
jkt_a0.112,89.12509381,7943.282347,0.1123692043,0.112,-0.000247152454,-0.0001301736243,-0.000247152454,-0.000247152454,-0.0002362471746
jkt_a0.112,91.18750881,8315.161763,0.1120000161,0.112,-0.0002352916619,-0.0001232554731,-0.0002352916619,-0.0002352916619,-0.0002256814798
jkt_a0.112,91.1876,8315.178394,0.112,0.112,-0.0002352911561,-0.0001232551789,-0.0002352911561,-0.0002352911561,-0.0002256810285
jkt_a0.112,91.18769119,8315.195024,0.1119999839,0.112,-0.0002352906504,-0.0001232548846,-0.0002352906504,-0.0002352906504,-0.0002256805771
jkt_a0.112,100,10000,0.1105361623,0.112,-0.000192988591,-9.888924363e-05,-0.000192988591,-0.000192988591,-0.0001876578012
jkt_a0.112,112.2018454,12589.25412,0.1087634233,0.112,-0.0001507402118,-7.511340489e-05,-0.0001507402118,-0.0001507402118,-0.0001490618899
jkt_a0.112,125.8925412,15848.93192,0.1070480133,0.112,-0.0001177749092,-5.704379077e-05,-0.0001177749092,-0.0001177749092,-0.0001184040679
jkt_a0.112,141.2537545,19952.62315,0.1053871527,0.112,-9.20445843e-05,-4.331133482e-05,-9.20445843e-05,-9.20445843e-05,-9.405169424e-05
jkt_a0.112,158.4893192,25118.86432,0.1037782406,0.112,-7.195506485e-05,-3.287578563e-05,-7.195506485e-05,-7.195506485e-05,-7.470791626e-05
jkt_a0.112,177.827941,31622.7766,0.1022188409,0.112,-5.626498822e-05,-2.494654851e-05,-5.626498822e-05,-5.626498822e-05,-5.934260724e-05
jkt_a0.112,199.5262315,39810.71706,0.100706669,0.112,-4.400733767e-05,-1.892265304e-05,-4.400733767e-05,-4.400733767e-05,-4.713750845e-05
jkt_a0.112,223.8721139,50118.72336,0.09923958006,0.112,-3.442852419e-05,-1.43472025e-05,-3.442852419e-05,-3.442852419e-05,-3.744265388e-05
jkt_a0.112,251.1886432,63095.73445,0.09781555868,0.112,-2.69410665e-05,-1.08727958e-05,-2.69410665e-05,-2.69410665e-05,-2.974175716e-05
jkt_a0.112,281.8382931,79432.82347,0.09643270899,0.112,-2.108681589e-05,-8.235268008e-06,-2.108681589e-05,-2.108681589e-05,-2.362471746e-05
jkt_a0.112,316.227766,100000,0.09508924593,0.112,-1.650836272e-05,-6.233740957e-06,-1.650836272e-05,-1.650836272e-05,-1.876578012e-05
jkt_a0.112,354.8133892,125892.5412,0.0937834872,0.112,-1.292679442e-05,-4.715462752e-06,-1.292679442e-05,-1.292679442e-05,-1.490618899e-05
jkt_a0.112,398.1071706,158489.3192,0.0925138459,0.112,-1.012438677e-05,-3.564283317e-06,-1.012438677e-05,-1.012438677e-05,-1.184040679e-05
jkt_a0.112,446.6835922,199526.2315,0.09127882382,0.112,-7.93112847e-06,-2.691891835e-06,-7.93112847e-06,-7.93112847e-06,-9.405169424e-06
jkt_a0.112,501.1872336,251188.6432,0.09007700528,0.112,-6.214226197e-06,-2.031152833e-06,-6.214226197e-06,-6.214226197e-06,-7.470791626e-06
jkt_a0.112,562.3413252,316227.766,0.08890705148,0.112,-4.869927543e-06,-1.531037454e-06,-4.869927543e-06,-4.869927543e-06,-5.934260724e-06
jkt_a0.112,630.9573445,398107.1706,0.08776769534,0.112,-3.817147738e-06,-1.152767583e-06,-3.817147738e-06,-3.817147738e-06,-4.713750845e-06
jkt_a0.112,707.9457844,501187.2336,0.08665773669,0.112,-2.992500434e-06,-8.668823601e-07,-2.992500434e-06,-2.992500434e-06,-3.744265388e-06
jkt_a0.112,794.3282347,630957.3445,0.0855760379,0.112,-2.346421922e-06,-6.510063131e-07,-2.346421922e-06,-2.346421922e-06,-2.974175716e-06
jkt_a0.112,891.2509381,794328.2347,0.08452151982,0.112,-1.840147185e-06,-4.881512826e-07,-1.840147185e-06,-1.840147185e-06,-2.362471746e-06
jkt_a0.112,1000,1000000,0.08349315807,0.112,-1.443349827e-06,-3.654245014e-07,-1.443349827e-06,-1.443349827e-06,-1.876578012e-06
jkt_a0.118,0.001,1e-06,nan,0.118,nan,-3.743149803e+12,-3.743149803e+12,-1206056.646,-1977108.977
jkt_a0.118,0.001122018454,1.258925412e-06,nan,0.118,nan,-2.361769648e+12,-2.361769648e+12,-1205931.798,-1570473.483
jkt_a0.118,0.001258925412,1.584893192e-06,nan,0.118,nan,-1.490177326e+12,-1.490177326e+12,-1205774.659,-1247471.43
jkt_a0.118,0.001412537545,1.995262315e-06,nan,0.118,nan,-9.402394572e+11,-9.402394572e+11,-1205576.892,-990901.7786
jkt_a0.118,0.001584893192,2.511886432e-06,nan,0.118,nan,-5.932518875e+11,-5.932518875e+11,-1205328.01,-787101.2606
jkt_a0.118,0.00177827941,3.16227766e-06,nan,0.118,nan,-3.743173476e+11,-3.743173476e+11,-1205014.833,-625216.7549
jkt_a0.118,0.001995262315,3.981071706e-06,nan,0.118,nan,-2.361788453e+11,-2.361788453e+11,-1204620.796,-496627.3212
jkt_a0.118,0.002238721139,5.011872336e-06,nan,0.118,nan,-1.490192263e+11,-1.490192263e+11,-1204125.101,-394485.1034
jkt_a0.118,0.002511886432,6.309573445e-06,nan,0.118,nan,-9.402513221e+10,-9.402513221e+10,-1203501.636,-313350.6558
jkt_a0.118,0.002818382931,7.943282347e-06,nan,0.118,nan,-5.932613121e+10,-5.932613121e+10,-1202717.659,-248903.2733
jkt_a0.118,0.00316227766,1e-05,nan,0.118,nan,-3.743248338e+10,-3.743248338e+10,-1201732.141,-197710.8977
jkt_a0.118,0.003548133892,1.258925412e-05,nan,0.118,nan,-2.361847918e+10,-2.361847918e+10,-1200493.741,-157047.3483
jkt_a0.118,0.003981071706,1.584893192e-05,nan,0.118,nan,-1.490239498e+10,-1.490239498e+10,-1198938.312,-124747.143
jkt_a0.118,0.004466835922,1.995262315e-05,nan,0.118,nan,-9402888413,-9402888413,-1196985.866,-99090.17786
jkt_a0.118,0.005011872336,2.511886432e-05,nan,0.118,nan,-5932911145,-5932911145,-1194536.905,-78710.12606
jkt_a0.118,0.005623413252,3.16227766e-05,nan,0.118,nan,-3743485065,-3743485065,-1191468.058,-62521.67549
jkt_a0.118,0.006309573445,3.981071706e-05,nan,0.118,nan,-2362035954,-2362035954,-1187626.957,-49662.73212
jkt_a0.118,0.007079457844,5.011872336e-05,nan,0.118,nan,-1490388858,-1490388858,-1182826.37,-39448.51034
jkt_a0.118,0.007943282347,6.309573445e-05,nan,0.118,nan,-940407480.1,-940407480.1,-1176837.694,-31335.06558
jkt_a0.118,0.008912509381,7.943282347e-05,nan,0.118,nan,-593385350.4,-593385350.4,-1169384.078,-24890.32733
jkt_a0.118,0.01,0.0001,nan,0.118,nan,-374423358.5,-374423358.5,-1160133.72,-19771.08977
jkt_a0.118,0.01122018454,0.0001258925412,nan,0.118,nan,-236263050.2,-236263050.2,-1148694.254,-15704.73483
jkt_a0.118,0.01258925412,0.0001584893192,nan,0.118,nan,-149086110.1,-149086110.1,-1134609.664,-12474.7143
jkt_a0.118,0.01412537545,0.0001995262315,nan,0.118,nan,-94078257.41,-94078257.41,-1117361.868,-9909.017786
jkt_a0.118,0.01584893192,0.0002511886432,nan,0.118,nan,-59368327.56,-59368327.56,-1096379.807,-7871.012606
jkt_a0.118,0.0177827941,0.000316227766,nan,0.118,nan,-37465998.63,-37465998.63,-1071059.56,-6252.167549
jkt_a0.118,0.01995262315,0.0003981071706,nan,0.118,nan,-23645098.79,-23645098.79,-1040799.217,-4966.273212
jkt_a0.118,0.02238721139,0.0005011872336,nan,0.118,nan,-14923537.19,-14923537.19,-1005051.481,-3944.851034
jkt_a0.118,0.02511886432,0.0006309573445,nan,0.118,nan,-9419679.775,-9419679.775,-963394.6876,-3133.506558
jkt_a0.118,0.02818382931,0.0007943282347,nan,0.118,nan,-5946246.505,-5946246.505,-915618.4381,-2489.032733
jkt_a0.118,0.0316227766,0.001,nan,0.118,nan,-3754075.228,-3754075.228,-861813.6208,-1977.108977
jkt_a0.118,0.03548133892,0.001258925412,nan,0.118,nan,-2370445.534,-2370445.534,-802449.4616,-1570.473483
jkt_a0.118,0.03981071706,0.001584893192,nan,0.118,nan,-1497066.343,-1497066.343,-738415.3099,-1247.47143
jkt_a0.118,0.04466835922,0.001995262315,nan,0.118,nan,-945709.1195,-945709.1195,-671005.9306,-990.9017786
jkt_a0.118,0.04999995,0.002499995,nan,0.118,nan,-603271.9389,-603271.9389,-603270.1378,-790.8451724
jkt_a0.118,0.05,0.0025,nan,0.118,nan,-603269.5346,-603269.5346,-603269.5346,-790.8435907
jkt_a0.118,0.05000005,0.002500005,nan,0.118,nan,-603267.1302,-603267.1302,-603267.1302,-790.842009
jkt_a0.118,0.05011872336,0.002511886432,nan,0.118,nan,-597594.1235,-597594.1235,-597594.1235,-787.1012606
jkt_a0.118,0.05623413252,0.00316227766,nan,0.118,nan,-377764.0459,-377764.0459,-377764.0459,-625.2167549
jkt_a0.118,0.06309573445,0.003981071706,nan,0.118,nan,-238914.2038,-238914.2038,-238914.2038,-496.6273212
jkt_a0.118,0.07079457844,0.005011872336,nan,0.118,nan,-151189.5614,-151189.5614,-151189.5614,-394.4851034
jkt_a0.118,0.07943282347,0.006309573445,nan,0.118,nan,-95746.67031,-95746.67031,-95746.67031,-313.3506558
jkt_a0.118,0.08912509381,0.007943282347,nan,0.118,nan,-60691.19856,-60691.19856,-60691.19856,-248.9032733
jkt_a0.118,0.1,0.01,nan,0.118,nan,-38514.42226,-38514.42226,-38514.42226,-197.7108977
jkt_a0.118,0.1122018454,0.01258925412,nan,0.118,nan,-24475.55347,-24475.55347,-24475.55347,-157.0473483
jkt_a0.118,0.1258925412,0.01584893192,nan,0.118,nan,-15580.89255,-15580.89255,-15580.89255,-124.747143
jkt_a0.118,0.1412537545,0.01995262315,nan,0.118,nan,-9939.585479,-9939.585479,-9939.585479,-99.09017786
jkt_a0.118,0.1584893192,0.02511886432,nan,0.118,nan,-6357.029891,-6357.029891,-6357.029891,-78.71012606
jkt_a0.118,0.177827941,0.0316227766,nan,0.118,nan,-4078.248581,-4078.248581,-4078.248581,-62.52167549
jkt_a0.118,0.1995262315,0.03981071706,nan,0.118,nan,-2625.903215,-2625.903215,-2625.903215,-49.66273212
jkt_a0.118,0.2238721139,0.05011872336,nan,0.118,nan,-1698.035378,-1698.035378,-1698.035378,-39.44851034
jkt_a0.118,0.2511886432,0.06309573445,nan,0.118,nan,-1103.503761,-1103.503761,-1103.503761,-31.33506558
jkt_a0.118,0.2818382931,0.07943282347,nan,0.118,nan,-721.214507,-721.214507,-721.214507,-24.89032733
jkt_a0.118,0.316227766,0.1,nan,0.118,nan,-474.370846,-474.370846,-474.370846,-19.77108977
jkt_a0.118,0.3548133892,0.1258925412,1.328896443,0.118,-266.2249028,-314.2047247,-314.2047247,-314.2047247,-15.70473483
jkt_a0.118,0.3981071706,0.1584893192,1.034608253,0.118,-152.4012023,-209.6955945,-209.6955945,-209.6955945,-12.4747143
jkt_a0.118,0.4466835922,0.1995262315,0.8553030202,0.118,-95.18017253,-141.0704253,-141.0704253,-141.0704253,-9.909017786
jkt_a0.118,0.5011872336,0.2511886432,0.7334294705,0.118,-62.56441549,-95.69239105,-95.69239105,-95.69239105,-7.871012606
jkt_a0.118,0.5623413252,0.316227766,0.644590824,0.118,-42.52344748,-65.45898406,-65.45898406,-65.45898406,-6.252167549
jkt_a0.118,0.6309573445,0.3981071706,0.576612309,0.118,-29.58817313,-45.1542628,-45.1542628,-45.1542628,-4.966273212
jkt_a0.118,0.7079457844,0.5011872336,0.5227102196,0.118,-20.94754961,-31.40441971,-31.40441971,-31.40441971,-3.944851034
jkt_a0.118,0.7943282347,0.6309573445,0.4787905886,0.118,-15.02884438,-22.01496613,-22.01496613,-22.01496613,-3.133506558
jkt_a0.118,0.8912509381,0.7943282347,0.4422283639,0.118,-10.89654674,-15.54939141,-15.54939141,-15.54939141,-2.489032733
jkt_a0.118,1,1,0.411258303,0.118,-7.968141352,-11.06070224,-11.06070224,-11.06070224,-1.977108977
jkt_a0.118,1.122018454,1.258925412,0.3846468887,0.118,-5.867970632,-7.919839438,-7.919839438,-7.919839438,-1.570473483
jkt_a0.118,1.258925412,1.584893192,0.3615044692,0.118,-4.347031377,-5.705574302,-5.705574302,-5.705574302,-1.24747143
jkt_a0.118,1.412537545,1.995262315,0.3411721697,0.118,-3.236614933,-4.133508041,-4.133508041,-4.133508041,-0.9909017786
jkt_a0.118,1.584893192,2.511886432,0.3231509135,0.118,-2.420364636,-3.01002058,-3.01002058,-3.01002058,-0.7871012606
jkt_a0.118,1.77827941,3.16227766,0.307055269,0.118,-1.816847939,-2.202204069,-2.202204069,-2.202204069,-0.6252167549
jkt_a0.118,1.995262315,3.981071706,0.2925825152,0.118,-1.368375163,-1.618089999,-1.618089999,-1.618089999,-0.4966273212
jkt_a0.118,2.238721139,5.011872336,0.2794913526,0.118,-1.033654959,-1.193544965,-1.193544965,-1.193544965,-0.3944851034
jkt_a0.118,2.511886432,6.309573445,0.267586911,0.118,-0.7828734919,-0.883515908,-0.883515908,-0.883515908,-0.3133506558
jkt_a0.118,2.818382931,7.943282347,0.2567099741,0.118,-0.5943417556,-0.6561331411,-0.6561331411,-0.6561331411,-0.2489032733
jkt_a0.118,3.16227766,10,0.2467290922,0.118,-0.4521783476,-0.4887056915,-0.4887056915,-0.4887056915,-0.1977108977
jkt_a0.118,3.548133892,12.58925412,0.2375347154,0.118,-0.3446881026,-0.3649797343,-0.3649797343,-0.3649797343,-0.1570473483
jkt_a0.118,3.981071706,15.84893192,0.2290347643,0.118,-0.2632154873,-0.2732469925,-0.2732469925,-0.2732469925,-0.124747143
jkt_a0.118,4.466835922,19.95262315,0.221151242,0.118,-0.2013262042,-0.2050297355,-0.2050297355,-0.2050297355,-0.09909017786
jkt_a0.118,4.999995,24.99995,0.2139635921,0.118,-0.1550656149,-0.1550656396,-0.1550656396,-0.1550656396,-0.07908451724
jkt_a0.118,5,25,0.2139635305,0.118,-0.1550652568,-0.1550652568,-0.1550652568,-0.1550652568,-0.07908435907
jkt_a0.118,5.000005,25.00005,0.213963469,0.118,-0.1550648987,-0.1550648739,-0.1550648987,-0.1550648987,-0.0790842009
jkt_a0.118,5.011872336,25.11886432,0.2138176111,0.118,-0.1542183125,-0.1541600418,-0.1542183125,-0.1542183125,-0.07871012606
jkt_a0.118,5.623413252,31.6227766,0.2069767401,0.118,-0.1182954701,-0.1161307328,-0.1182954701,-0.1182954701,-0.06252167549
jkt_a0.118,6.309573445,39.81071706,0.2005792795,0.118,-0.0908557141,-0.08763489289,-0.0908557141,-0.0908557141,-0.04966273212
jkt_a0.118,7.079457844,50.11872336,0.1945823659,0.118,-0.06986322582,-0.06623722919,-0.06986322582,-0.06986322582,-0.03944851034
jkt_a0.118,7.943282347,63.09573445,0.1889485783,0.118,-0.05378011746,-0.0501382159,-0.05378011746,-0.05378011746,-0.03133506558
jkt_a0.118,8.912509381,79.43282347,0.1836450918,0.118,-0.04144189964,-0.0380039513,-0.04144189964,-0.04144189964,-0.02489032733
jkt_a0.118,10,100,0.1786429847,0.118,-0.03196491581,-0.02884282949,-0.03196491581,-0.03196491581,-0.01977108977
jkt_a0.118,11.22018454,125.8925412,0.1739166694,0.118,-0.0246772873,-0.02191574872,-0.0246772873,-0.0246772873,-0.01570473483
jkt_a0.118,12.58925412,158.4893192,0.1694434198,0.118,-0.01906722755,-0.01667046799,-0.01906722755,-0.01906722755,-0.0124747143
jkt_a0.118,14.12537545,199.5262315,0.1652029781,0.118,-0.01474424062,-0.01269343542,-0.01474424062,-0.01474424062,-0.009909017786
jkt_a0.118,15.84893192,251.1886432,0.1611772252,0.118,-0.01140991248,-0.009674314112,-0.01140991248,-0.01140991248,-0.007871012606
jkt_a0.118,17.7827941,316.227766,0.1573499024,0.118,-0.008835868216,-0.007379773906,-0.008835868216,-0.008835868216,-0.006252167549
jkt_a0.118,19.95262315,398.1071706,0.1537063762,0.118,-0.006847098961,-0.005634070799,-0.006847098961,-0.006847098961,-0.004966273212
jkt_a0.118,22.38721139,501.1872336,0.1502334385,0.118,-0.005309323645,-0.004304616261,-0.005309323645,-0.005309323645,-0.003944851034
jkt_a0.118,25.11886432,630.9573445,0.1469191349,0.118,-0.004119390444,-0.003291226871,-0.004119390444,-0.004119390444,-0.003133506558
jkt_a0.118,28.18382931,794.3282347,0.143752618,0.118,-0.003197973645,-0.002518096663,-0.003197973645,-0.003197973645,-0.002489032733
jkt_a0.118,31.6227766,1000,0.1407240214,0.118,-0.002484007647,-0.001927789442,-0.002484007647,-0.002484007647,-0.001977108977
jkt_a0.118,35.48133892,1258.925412,0.1378243493,0.118,-0.001930438302,-0.001476733603,-0.001930438302,-0.001930438302,-0.001570473483
jkt_a0.118,39.81071706,1584.893192,0.1350453823,0.118,-0.00150097507,-0.001131837293,-0.00150097507,-0.00150097507,-0.00124747143
jkt_a0.118,44.66835922,1995.262315,0.1323795945,0.118,-0.001167604892,-0.0008679408225,-0.001167604892,-0.001167604892,-0.0009909017786
jkt_a0.118,50.11872336,2511.886432,0.1298200808,0.118,-0.0009086867019,-0.0006658960873,-0.0009086867019,-0.0009086867019,-0.0007871012606
jkt_a0.118,56.23413252,3162.27766,0.1273604939,0.118,-0.0007074892325,-0.00051111647,-0.0007074892325,-0.0007074892325,-0.0006252167549
jkt_a0.118,63.09573445,3981.071706,0.1249949886,0.118,-0.000551067741,-0.000392480405,-0.000551067741,-0.000551067741,-0.0004966273212
jkt_a0.118,70.79457844,5011.872336,0.1227181724,0.118,-0.000429400183,-0.0003015012504,-0.000429400183,-0.000429400183,-0.0003944851034
jkt_a0.118,79.43282347,6309.573445,0.1205250624,0.118,-0.0003347222556,-0.0002316980021,-0.0003347222556,-0.0003347222556,-0.0003133506558
jkt_a0.118,89.12509381,7943.282347,0.1184110466,0.118,-0.0002610150467,-0.000178117702,-0.0002610150467,-0.0002610150467,-0.0002489032733
jkt_a0.118,91.18750881,8315.161763,0.1180000179,0.118,-0.000248438984,-0.0001690553452,-0.000248438984,-0.000248438984,-0.0002377715591
jkt_a0.118,91.1876,8315.178394,0.118,0.118,-0.0002484384478,-0.0001690549594,-0.0002484384478,-0.0002484384478,-0.0002377710836
jkt_a0.118,91.18769119,8315.195024,0.1179999821,0.118,-0.0002484379117,-0.0001690545736,-0.0002484379117,-0.0002484379117,-0.000237770608
jkt_a0.118,100,10000,0.1163718497,0.118,-0.0002036099208,-0.0001369725782,-0.0002036099208,-0.0002036099208,-0.0001977108977
jkt_a0.118,112.2018454,12589.25412,0.1144035028,0.118,-0.0001588835609,-0.0001053640728,-0.0001588835609,-0.0001588835609,-0.0001570473483
jkt_a0.118,125.8925412,15848.93192,0.112502316,0.118,-0.0001240224089,-8.107275041e-05,-0.0001240224089,-0.0001240224089,-0.000124747143
jkt_a0.118,141.2537545,19952.62315,0.1106648543,0.118,-9.684057552e-05,-6.239821591e-05,-9.684057552e-05,-9.684057552e-05,-9.909017786e-05
jkt_a0.118,158.4893192,25118.86432,0.1088879156,0.118,-7.563898225e-05,-4.80370342e-05,-7.563898225e-05,-7.563898225e-05,-7.871012606e-05
jkt_a0.118,177.827941,31622.7766,0.1071685114,0.118,-5.909632612e-05,-3.698955632e-05,-5.909632612e-05,-5.909632612e-05,-6.252167549e-05
jkt_a0.118,199.5262315,39810.71706,0.1055038486,0.118,-4.618462251e-05,-2.848875417e-05,-4.618462251e-05,-4.618462251e-05,-4.966273212e-05
jkt_a0.118,223.8721139,50118.72336,0.1038913144,0.118,-3.610374621e-05,-2.194582673e-05,-3.610374621e-05,-3.610374621e-05,-3.944851034e-05
jkt_a0.118,251.1886432,63095.73445,0.1023284611,0.118,-2.823066743e-05,-1.690859757e-05,-2.823066743e-05,-2.823066743e-05,-3.133506558e-05
jkt_a0.118,281.8382931,79432.82347,0.1008129936,0.118,-2.208006177e-05,-1.302967577e-05,-2.208006177e-05,-2.208006177e-05,-2.489032733e-05
jkt_a0.118,316.227766,100000,0.09934275776,0.118,-1.727372963e-05,-1.004207441e-05,-1.727372963e-05,-1.727372963e-05,-1.977108977e-05
jkt_a0.118,354.8133892,125892.5412,0.09791572911,0.118,-1.351684249e-05,-7.740529543e-06,-1.351684249e-05,-1.351684249e-05,-1.570473483e-05
jkt_a0.118,398.1071706,158489.3192,0.09653000359,0.118,-1.057948332e-05,-5.967179281e-06,-1.057948332e-05,-1.057948332e-05,-1.24747143e-05
jkt_a0.118,446.6835922,199526.2315,0.09518378852,0.118,-8.28229417e-06,-4.600579944e-06,-8.28229417e-06,-8.28229417e-06,-9.909017786e-06
jkt_a0.118,501.1872336,251188.6432,0.0938753945,0.118,-6.485312281e-06,-3.547277689e-06,-6.485312281e-06,-6.485312281e-06,-7.871012606e-06
jkt_a0.118,562.3413252,316227.766,0.09260322808,0.118,-5.079282584e-06,-2.735338235e-06,-5.079282584e-06,-5.079282584e-06,-6.252167549e-06
jkt_a0.118,630.9573445,398107.1706,0.09136578491,0.118,-3.978894428e-06,-2.109377696e-06,-3.978894428e-06,-3.978894428e-06,-4.966273212e-06
jkt_a0.118,707.9457844,501187.2336,0.09016164363,0.118,-3.117514278e-06,-1.626744783e-06,-3.117514278e-06,-3.117514278e-06,-3.944851034e-06
jkt_a0.118,794.3282347,630957.3445,0.08898946015,0.118,-2.443081902e-06,-1.25458649e-06,-2.443081902e-06,-2.443081902e-06,-3.133506558e-06
jkt_a0.118,891.2509381,794328.2347,0.08784796241,0.118,-1.914911877e-06,-9.675920589e-07,-1.914911877e-06,-1.914911877e-06,-2.489032733e-06
jkt_a0.118,1000,1000000,0.08673594564,0.118,-1.501199806e-06,-7.462578469e-07,-1.501199806e-06,-1.501199806e-06,-1.977108977e-06
jkt_a0.120,0.001,1e-06,nan,0.12,nan,-3.743149939e+12,-3.743149939e+12,-1206165.835,-2010619.298
jkt_a0.120,0.001122018454,1.258925412e-06,nan,0.12,nan,-2.361769757e+12,-2.361769757e+12,-1206040.975,-1597091.678
jkt_a0.120,0.001258925412,1.584893192e-06,nan,0.12,nan,-1.490177412e+12,-1.490177412e+12,-1205883.822,-1268615.013
jkt_a0.120,0.001412537545,1.995262315e-06,nan,0.12,nan,-9.402395256e+11,-9.402395256e+11,-1205686.037,-1007696.724
jkt_a0.120,0.001584893192,2.511886432e-06,nan,0.12,nan,-5.932519419e+11,-5.932519419e+11,-1205437.132,-800441.9599
jkt_a0.120,0.00177827941,3.16227766e-06,nan,0.12,nan,-3.743173908e+11,-3.743173908e+11,-1205123.926,-635813.649
jkt_a0.120,0.001995262315,3.981071706e-06,nan,0.12,nan,-2.361788796e+11,-2.361788796e+11,-1204729.854,-505044.7334
jkt_a0.120,0.002238721139,5.011872336e-06,nan,0.12,nan,-1.490192536e+11,-1.490192536e+11,-1204234.114,-401171.2916
jkt_a0.120,0.002511886432,6.309573445e-06,nan,0.12,nan,-9.402515385e+10,-9.402515385e+10,-1203610.593,-318661.6839
jkt_a0.120,0.002818382931,7.943282347e-06,nan,0.12,nan,-5.93261484e+10,-5.93261484e+10,-1202826.544,-253121.9728
jkt_a0.120,0.00316227766,1e-05,nan,0.12,nan,-3.743249704e+10,-3.743249704e+10,-1201840.937,-201061.9298
jkt_a0.120,0.003548133892,1.258925412e-05,nan,0.12,nan,-2.361849002e+10,-2.361849002e+10,-1200602.425,-159709.1678
jkt_a0.120,0.003981071706,1.584893192e-05,nan,0.12,nan,-1.490240359e+10,-1.490240359e+10,-1199046.856,-126861.5013
jkt_a0.120,0.004466835922,1.995262315e-05,nan,0.12,nan,-9402895256,-9402895256,-1197094.233,-100769.6724
jkt_a0.120,0.005011872336,2.511886432e-05,nan,0.12,nan,-5932916581,-5932916581,-1194645.05,-80044.19599
jkt_a0.120,0.005623413252,3.16227766e-05,nan,0.12,nan,-3743489383,-3743489383,-1191575.925,-63581.3649
jkt_a0.120,0.006309573445,3.981071706e-05,nan,0.12,nan,-2362039383,-2362039383,-1187734.476,-50504.47334
jkt_a0.120,0.007079457844,5.011872336e-05,nan,0.12,nan,-1490391582,-1490391582,-1182933.455,-40117.12916
jkt_a0.120,0.007943282347,6.309573445e-05,nan,0.12,nan,-940409644.1,-940409644.1,-1176944.236,-31866.16839
jkt_a0.120,0.008912509381,7.943282347e-05,nan,0.12,nan,-593387069.3,-593387069.3,-1169489.945,-25312.19728
jkt_a0.120,0.01,0.0001,nan,0.12,nan,-374424723.9,-374424723.9,-1160238.751,-20106.19298
jkt_a0.120,0.01122018454,0.0001258925412,nan,0.12,nan,-236264134.7,-236264134.7,-1148798.249,-15970.91678
jkt_a0.120,0.01258925412,0.0001584893192,nan,0.12,nan,-149086971.7,-149086971.7,-1134712.384,-12686.15013
jkt_a0.120,0.01412537545,0.0001995262315,nan,0.12,nan,-94078941.73,-94078941.73,-1117463.026,-10076.96724
jkt_a0.120,0.01584893192,0.0002511886432,nan,0.12,nan,-59368871.13,-59368871.13,-1096479.065,-8004.419599
jkt_a0.120,0.0177827941,0.000316227766,nan,0.12,nan,-37466430.41,-37466430.41,-1071156.527,-6358.13649
jkt_a0.120,0.01995262315,0.0003981071706,nan,0.12,nan,-23645441.76,-23645441.76,-1040893.443,-5050.447334
jkt_a0.120,0.02238721139,0.0005011872336,nan,0.12,nan,-14923809.62,-14923809.62,-1005142.471,-4011.712916
jkt_a0.120,0.02511886432,0.0006309573445,nan,0.12,nan,-9419896.176,-9419896.176,-963481.9067,-3186.616839
jkt_a0.120,0.02818382931,0.0007943282347,nan,0.12,nan,-5946418.398,-5946418.398,-915701.3319,-2531.219728
jkt_a0.120,0.0316227766,0.001,nan,0.12,nan,-3754211.768,-3754211.768,-861891.6435,-2010.619298
jkt_a0.120,0.03548133892,0.001258925412,nan,0.12,nan,-2370553.991,-2370553.991,-802522.1098,-1597.091678
jkt_a0.120,0.03981071706,0.001584893192,nan,0.12,nan,-1497152.494,-1497152.494,-738482.161,-1268.615013
jkt_a0.120,0.04466835922,0.001995262315,nan,0.12,nan,-945777.5514,-945777.5514,-671066.6788,-1007.696724
jkt_a0.120,0.04999995,0.002499995,nan,0.12,nan,-603326.5549,-603326.5549,-603324.7537,-804.2493278
jkt_a0.120,0.05,0.0025,nan,0.12,nan,-603324.1504,-603324.1504,-603324.1504,-804.2477193
jkt_a0.120,0.05000005,0.002500005,nan,0.12,nan,-603321.7459,-603321.7459,-603321.7459,-804.2461108
jkt_a0.120,0.05011872336,0.002511886432,nan,0.12,nan,-597648.4809,-597648.4809,-597648.4809,-800.4419599
jkt_a0.120,0.05623413252,0.00316227766,nan,0.12,nan,-377807.2235,-377807.2235,-377807.2235,-635.813649
jkt_a0.120,0.06309573445,0.003981071706,nan,0.12,nan,-238948.501,-238948.501,-238948.501,-505.0447334
jkt_a0.120,0.07079457844,0.005011872336,nan,0.12,nan,-151216.8046,-151216.8046,-151216.8046,-401.1712916
jkt_a0.120,0.07943282347,0.006309573445,nan,0.12,nan,-95768.31039,-95768.31039,-95768.31039,-318.6616839
jkt_a0.120,0.08912509381,0.007943282347,nan,0.12,nan,-60708.38788,-60708.38788,-60708.38788,-253.1219728
jkt_a0.120,0.1,0.01,nan,0.12,nan,-38528.07622,-38528.07622,-38528.07622,-201.0619298
jkt_a0.120,0.1122018454,0.01258925412,nan,0.12,nan,-24486.3992,-24486.3992,-24486.3992,-159.7091678
jkt_a0.120,0.1258925412,0.01584893192,nan,0.12,nan,-15589.50761,-15589.50761,-15589.50761,-126.8615013
jkt_a0.120,0.1412537545,0.01995262315,nan,0.12,nan,-9946.428672,-9946.428672,-9946.428672,-100.7696724
jkt_a0.120,0.1584893192,0.02511886432,nan,0.12,nan,-6362.465632,-6362.465632,-6362.465632,-80.04419599
jkt_a0.120,0.177827941,0.0316227766,nan,0.12,nan,-4082.566344,-4082.566344,-4082.566344,-63.5813649
jkt_a0.120,0.1995262315,0.03981071706,nan,0.12,nan,-2629.332935,-2629.332935,-2629.332935,-50.50447334
jkt_a0.120,0.2238721139,0.05011872336,nan,0.12,nan,-1700.759702,-1700.759702,-1700.759702,-40.11712916
jkt_a0.120,0.2511886432,0.06309573445,nan,0.12,nan,-1105.667769,-1105.667769,-1105.667769,-31.86616839
jkt_a0.120,0.2818382931,0.07943282347,nan,0.12,nan,-722.9334393,-722.9334393,-722.9334393,-25.31219728
jkt_a0.120,0.316227766,0.1,nan,0.12,nan,-475.7362425,-475.7362425,-475.7362425,-20.10619298
jkt_a0.120,0.3548133892,0.1258925412,nan,0.12,nan,-315.2892976,-315.2892976,-315.2892976,-15.97091678
jkt_a0.120,0.3981071706,0.1584893192,1.311090265,0.12,-207.6980675,-210.5571015,-210.5571015,-210.5571015,-12.68615013
jkt_a0.120,0.4466835922,0.1995262315,1.024433924,0.12,-119.5333307,-141.7547446,-141.7547446,-141.7547446,-10.07696724
jkt_a0.120,0.5011872336,0.2511886432,0.8486567655,0.12,-74.87375904,-96.23596517,-96.23596517,-96.23596517,-8.004419599
jkt_a0.120,0.5623413252,0.316227766,0.7287132855,0.12,-49.30788338,-65.89076033,-65.89076033,-65.89076033,-6.35813649
jkt_a0.120,0.6309573445,0.3981071706,0.6410512649,0.12,-33.55578814,-45.49723488,-45.49723488,-45.49723488,-5.050447334
jkt_a0.120,0.7079457844,0.5011872336,0.5738463402,0.12,-23.3698057,-31.67685212,-31.67685212,-31.67685212,-4.011712916
jkt_a0.120,0.7943282347,0.6309573445,0.5204819781,0.12,-16.55659001,-22.23136689,-22.23136689,-22.23136689,-3.186616839
jkt_a0.120,0.8912509381,0.7943282347,0.4769524319,0.12,-11.884973,-15.72128464,-15.72128464,-15.72128464,-2.531219728
jkt_a0.120,1,1,0.4406829073,0.12,-8.620847984,-11.19724188,-11.19724188,-11.19724188,-2.010619298
jkt_a0.120,1.122018454,1.258925412,0.4099385656,0.12,-6.306271116,-8.028296733,-8.028296733,-8.028296733,-1.597091678
jkt_a0.120,1.258925412,1.584893192,0.3835051971,0.12,-4.645500016,-5.791724994,-5.791724994,-5.791724994,-1.268615013
jkt_a0.120,1.412537545,1.995262315,0.3605059104,0.12,-3.442282514,-4.201939968,-4.201939968,-4.201939968,-1.007696724
jkt_a0.120,1.584893192,2.511886432,0.3402905515,0.12,-2.563530267,-3.064377992,-3.064377992,-3.064377992,-0.8004419599
jkt_a0.120,1.77827941,3.16227766,0.3223661761,0.12,-1.917385617,-2.245381696,-2.245381696,-2.245381696,-0.635813649
jkt_a0.120,1.995262315,3.981071706,0.3063517722,0.12,-1.439522286,-1.652387207,-1.652387207,-1.652387207,-0.5050447334
jkt_a0.120,2.238721139,5.011872336,0.2919478722,0.12,-1.084345835,-1.220788206,-1.220788206,-1.220788206,-0.4011712916
jkt_a0.120,2.511886432,6.309573445,0.2789156171,0.12,-0.8192078526,-0.9051559835,-0.9051559835,-0.9051559835,-0.3186616839
jkt_a0.120,2.818382931,7.943282347,0.2670619984,0.12,-0.6205262232,-0.673322464,-0.673322464,-0.673322464,-0.2531219728
jkt_a0.120,3.16227766,10,0.2562292403,0.12,-0.4711398752,-0.502359656,-0.502359656,-0.502359656,-0.2010619298
jkt_a0.120,3.548133892,12.58925412,0.2462870232,0.12,-0.3584793898,-0.3758254638,-0.3758254638,-0.3758254638,-0.1597091678
jkt_a0.120,3.981071706,15.84893192,0.237126694,0.12,-0.2732862952,-0.2818620617,-0.2818620617,-0.2818620617,-0.1268615013
jkt_a0.120,4.466835922,19.95262315,0.2286568931,0.12,-0.2087069589,-0.2118729282,-0.2118729282,-0.2118729282,-0.1007696724
jkt_a0.120,4.999995,24.99995,0.2209563914,0.12,-0.1605272152,-0.1605272363,-0.1605272363,-0.1605272363,-0.08042493278
jkt_a0.120,5,25,0.2209563255,0.12,-0.1605268426,-0.1605268426,-0.1605268426,-0.1605268426,-0.08042477193
jkt_a0.120,5.000005,25.00005,0.2209562596,0.12,-0.1605264699,-0.1605264488,-0.1605264699,-0.1605264699,-0.08042461108
jkt_a0.120,5.011872336,25.11886432,0.2208002066,0.12,-0.1596455905,-0.159595783,-0.1596455905,-0.1596455905,-0.08004419599
jkt_a0.120,5.623413252,31.6227766,0.2134905741,0.12,-0.1222985295,-0.1204484955,-0.1222985295,-0.1222985295,-0.0635813649
jkt_a0.120,6.309573445,39.81071706,0.2066712571,0.12,-0.0938166431,-0.09106461371,-0.0938166431,-0.0938166431,-0.05050447334
jkt_a0.120,7.079457844,50.11872336,0.2002932327,0.12,-0.0720590559,-0.06896155327,-0.0720590559,-0.0720590559,-0.04011712916
jkt_a0.120,7.943282347,63.09573445,0.1943139107,0.12,-0.05541250349,-0.05230222344,-0.05541250349,-0.05541250349,-0.03186616839
jkt_a0.120,8.912509381,79.43282347,0.1886961003,0.12,-0.04265816265,-0.03972288359,-0.04265816265,-0.04265816265,-0.02531219728
jkt_a0.120,10,100,0.183407171,0.12,-0.03287304377,-0.03020822594,-0.03287304377,-0.03287304377,-0.02010619298
jkt_a0.120,11.22018454,125.8925412,0.1784183675,0.12,-0.02535668227,-0.02300032168,-0.02535668227,-0.02535668227,-0.01597091678
jkt_a0.120,12.58925412,158.4893192,0.1737042443,0.12,-0.01957644083,-0.01753197491,-0.01957644083,-0.01957644083,-0.01268615013
jkt_a0.120,14.12537545,199.5262315,0.1692421976,0.12,-0.01512656373,-0.01337775469,-0.01512656373,-0.01512656373,-0.01007696724
jkt_a0.120,15.84893192,251.1886432,0.1650120755,0.12,-0.01169743403,-0.01021788823,-0.01169743403,-0.01169743403,-0.008004419599
jkt_a0.120,17.7827941,316.227766,0.1609958506,0.12,-0.009052428454,-0.007811550175,-0.009052428454,-0.009052428454,-0.00635813649
jkt_a0.120,19.95262315,398.1071706,0.1571773444,0.12,-0.007010448669,-0.005977042881,-0.007010448669,-0.007010448669,-0.005050447334
jkt_a0.120,22.38721139,501.1872336,0.1535419937,0.12,-0.005432706605,-0.00457704867,-0.005432706605,-0.005432706605,-0.004011712916
jkt_a0.120,25.11886432,630.9573445,0.1500766517,0.12,-0.0042127068,-0.003507627625,-0.0042127068,-0.0042127068,-0.003186616839
jkt_a0.120,28.18382931,794.3282347,0.1467694185,0.12,-0.003268637466,-0.002689989892,-0.003268637466,-0.003268637466,-0.002531219728
jkt_a0.120,31.6227766,1000,0.1436094947,0.12,-0.002537580704,-0.002064329087,-0.002537580704,-0.002537580704,-0.002010619298
jkt_a0.120,35.48133892,1258.925412,0.1405870564,0.12,-0.001971099563,-0.001585190899,-0.001971099563,-0.001971099563,-0.001597091678
jkt_a0.120,39.81071706,1584.893192,0.1376931459,0.12,-0.001531869295,-0.001217987985,-0.001531869295,-0.001531869295,-0.001268615013
jkt_a0.120,44.66835922,1995.262315,0.1349195775,0.12,-0.001191101999,-0.0009363727495,-0.001191101999,-0.001191101999,-0.001007696724
jkt_a0.120,50.11872336,2511.886432,0.1322588554,0.12,-0.0009265751274,-0.0007202534991,-0.0009265751274,-0.0009265751274,-0.0008004419599
jkt_a0.120,56.23413252,3162.27766,0.129704102,0.12,-0.0007211203615,-0.000554294097,-0.0007211203615,-0.0007211203615,-0.000635813649
jkt_a0.120,63.09573445,3981.071706,0.1272489942,0.12,-0.0005614639766,-0.0004267776132,-0.0005614639766,-0.0005614639766,-0.0005050447334
jkt_a0.120,70.79457844,5011.872336,0.1248877087,0.12,-0.0004373359456,-0.0003287444912,-0.0004373359456,-0.0004373359456,-0.0004011712916
jkt_a0.120,79.43282347,6309.573445,0.1226148732,0.12,-0.0003407847898,-0.0002533380775,-0.0003407847898,-0.0003407847898,-0.0003186616839
jkt_a0.120,89.12509381,7943.282347,0.1204255224,0.12,-0.0002656501388,-0.0001953070249,-0.0002656501388,-0.0002656501388,-0.0002531219728
jkt_a0.120,91.18750881,8315.161763,0.1200000185,0.12,-0.0002528336826,-0.0001854759092,-0.0002528336826,-0.0002528336826,-0.0002418015855
jkt_a0.120,91.1876,8315.178394,0.12,0.12,-0.0002528331362,-0.0001854754905,-0.0002528331362,-0.0002528331362,-0.0002418011019
jkt_a0.120,91.18769119,8315.195024,0.1199999815,0.12,-0.0002528325898,-0.0001854750718,-0.0002528325898,-0.0002528325898,-0.0002418006183
jkt_a0.120,100,10000,0.1183150608,0.12,-0.0002071563205,-0.0001506265427,-0.0002071563205,-0.0002071563205,-0.0002010619298
jkt_a0.120,112.2018454,12589.25412,0.1162792279,0.12,-0.0001615989338,-0.0001162098023,-0.0001615989338,-0.0001615989338,-0.0001597091678
jkt_a0.120,125.8925412,15848.93192,0.1143140683,0.12,-0.0001261029283,-8.968781961e-05,-0.0001261029283,-0.0001261029283,-0.0001268615013
jkt_a0.120,141.2537545,19952.62315,0.1124159044,0.12,-9.843573197e-05,-6.924140862e-05,-9.843573197e-05,-9.843573197e-05,-0.0001007696724
jkt_a0.120,158.4893192,25118.86432,0.1105813124,0.12,-7.686279051e-05,-5.347277538e-05,-7.686279051e-05,-7.686279051e-05,-8.004419599e-05
jkt_a0.120,177.827941,31622.7766,0.1088071006,0.12,-6.003581574e-05,-4.130731902e-05,-6.003581574e-05,-6.003581574e-05,-6.35813649e-05
jkt_a0.120,199.5262315,39810.71706,0.1070902898,0.12,-4.690627741e-05,-3.191847499e-05,-4.690627741e-05,-4.690627741e-05,-5.050447334e-05
jkt_a0.120,223.8721139,50118.72336,0.1054280957,0.12,-3.665839376e-05,-2.467015081e-05,-3.665839376e-05,-3.665839376e-05,-4.011712916e-05
jkt_a0.120,251.1886432,63095.73445,0.1038179133,0.12,-2.865719393e-05,-1.907260511e-05,-2.865719393e-05,-2.865719393e-05,-3.186616839e-05
jkt_a0.120,281.8382931,79432.82347,0.1022573023,0.12,-2.240823882e-05,-1.474860806e-05,-2.240823882e-05,-2.240823882e-05,-2.531219728e-05
jkt_a0.120,316.227766,100000,0.1007439745,0.12,-1.752636603e-05,-1.140747086e-05,-1.752636603e-05,-1.752636603e-05,-2.010619298e-05
jkt_a0.120,354.8133892,125892.5412,0.09927578184,0.12,-1.371142413e-05,-8.825102497e-06,-1.371142413e-05,-1.371142413e-05,-1.597091678e-05
jkt_a0.120,398.1071706,158489.3192,0.09785070567,0.12,-1.072942384e-05,-6.8286862e-06,-1.072942384e-05,-1.072942384e-05,-1.268615013e-05
jkt_a0.120,446.6835922,199526.2315,0.09646684728,0.12,-8.397889617e-06,-5.284899215e-06,-8.397889617e-06,-8.397889617e-06,-1.007696724e-05
jkt_a0.120,501.1872336,251188.6432,0.09512241894,0.12,-6.574470352e-06,-4.090851808e-06,-6.574470352e-06,-6.574470352e-06,-8.004419599e-06
jkt_a0.120,562.3413252,316227.766,0.09381573586,0.12,-5.148080103e-06,-3.167114505e-06,-5.148080103e-06,-5.148080103e-06,-6.35813649e-06
jkt_a0.120,630.9573445,398107.1706,0.09254520883,0.12,-4.032003816e-06,-2.452349779e-06,-4.032003816e-06,-4.032003816e-06,-5.050447334e-06
jkt_a0.120,707.9457844,501187.2336,0.0913093375,0.12,-3.158530032e-06,-1.899177191e-06,-3.158530032e-06,-3.158530032e-06,-4.011712916e-06
jkt_a0.120,794.3282347,630957.3445,0.0901067042,0.12,-2.474770696e-06,-1.470987244e-06,-2.474770696e-06,-2.474770696e-06,-3.186616839e-06
jkt_a0.120,891.2509381,794328.2347,0.08893596827,0.12,-1.939404274e-06,-1.139485288e-06,-1.939404274e-06,-1.939404274e-06,-2.531219728e-06
jkt_a0.120,1000,1000000,0.08779586089,0.12,-1.520137304e-06,-8.827974921e-07,-1.520137304e-06,-1.520137304e-06,-2.010619298e-06
jkt_a0.125,0.001,1e-06,nan,0.125,nan,-3.743150305e+12,-3.743150305e+12,-1206457.924,-2094395.102
jkt_a0.125,0.001122018454,1.258925412e-06,nan,0.125,nan,-2.361770047e+12,-2.361770047e+12,-1206333.034,-1663637.164
jkt_a0.125,0.001258925412,1.584893192e-06,nan,0.125,nan,-1.490177643e+12,-1.490177643e+12,-1206175.843,-1321473.972
jkt_a0.125,0.001412537545,1.995262315e-06,nan,0.125,nan,-9.402397087e+11,-9.402397087e+11,-1205978.01,-1049684.087
jkt_a0.125,0.001584893192,2.511886432e-06,nan,0.125,nan,-5.932520873e+11,-5.932520873e+11,-1205729.046,-833793.7082
jkt_a0.125,0.00177827941,3.16227766e-06,nan,0.125,nan,-3.743175063e+11,-3.743175063e+11,-1205415.764,-662305.8844
jkt_a0.125,0.001995262315,3.981071706e-06,nan,0.125,nan,-2.361789713e+11,-2.361789713e+11,-1205021.596,-526088.264
jkt_a0.125,0.002238721139,5.011872336e-06,nan,0.125,nan,-1.490193265e+11,-1.490193265e+11,-1204525.736,-417886.762
jkt_a0.125,0.002511886432,6.309573445e-06,nan,0.125,nan,-9.402521174e+10,-9.402521174e+10,-1203902.064,-331939.254
jkt_a0.125,0.002818382931,7.943282347e-06,nan,0.125,nan,-5.932619438e+10,-5.932619438e+10,-1203117.825,-263668.7217
jkt_a0.125,0.00316227766,1e-05,nan,0.125,nan,-3.743253356e+10,-3.743253356e+10,-1202131.979,-209439.5102
jkt_a0.125,0.003548133892,1.258925412e-05,nan,0.125,nan,-2.361851903e+10,-2.361851903e+10,-1200893.168,-166363.7164
jkt_a0.125,0.003981071706,1.584893192e-05,nan,0.125,nan,-1.490242664e+10,-1.490242664e+10,-1199337.222,-132147.3972
jkt_a0.125,0.004466835922,1.995262315e-05,nan,0.125,nan,-9402913563,-9402913563,-1197384.126,-104968.4087
jkt_a0.125,0.005011872336,2.511886432e-05,nan,0.125,nan,-5932931122,-5932931122,-1194934.35,-83379.37082
jkt_a0.125,0.005623413252,3.16227766e-05,nan,0.125,nan,-3743500933,-3743500933,-1191864.482,-66230.58844
jkt_a0.125,0.006309573445,3.981071706e-05,nan,0.125,nan,-2362048558,-2362048558,-1188022.103,-52608.8264
jkt_a0.125,0.007079457844,5.011872336e-05,nan,0.125,nan,-1490398870,-1490398870,-1183219.919,-41788.6762
jkt_a0.125,0.007943282347,6.309573445e-05,nan,0.125,nan,-940415433.1,-940415433.1,-1177229.25,-33193.9254
jkt_a0.125,0.008912509381,7.943282347e-05,nan,0.125,nan,-593391667.7,-593391667.7,-1169773.154,-26366.87217
jkt_a0.125,0.01,0.0001,nan,0.125,nan,-374428376.4,-374428376.4,-1160519.719,-20943.95102
jkt_a0.125,0.01122018454,0.0001258925412,nan,0.125,nan,-236267036.1,-236267036.1,-1149076.446,-16636.37164
jkt_a0.125,0.01258925412,0.0001584893192,nan,0.125,nan,-149089276.3,-149089276.3,-1134987.17,-13214.73972
jkt_a0.125,0.01412537545,0.0001995262315,nan,0.125,nan,-94080772.35,-94080772.35,-1117733.635,-10496.84087
jkt_a0.125,0.01584893192,0.0002511886432,nan,0.125,nan,-59370325.25,-59370325.25,-1096744.593,-8337.937082
jkt_a0.125,0.0177827941,0.000316227766,nan,0.125,nan,-37467585.46,-37467585.46,-1071415.922,-6623.058844
jkt_a0.125,0.01995262315,0.0003981071706,nan,0.125,nan,-23646359.25,-23646359.25,-1041145.51,-5260.88264
jkt_a0.125,0.02238721139,0.0005011872336,nan,0.125,nan,-14924538.41,-14924538.41,-1005385.88,-4178.86762
jkt_a0.125,0.02511886432,0.0006309573445,nan,0.125,nan,-9420475.071,-9420475.071,-963715.2271,-3319.39254
jkt_a0.125,0.02818382931,0.0007943282347,nan,0.125,nan,-5946878.231,-5946878.231,-915923.0815,-2636.687217
jkt_a0.125,0.0316227766,0.001,nan,0.125,nan,-3754577.026,-3754577.026,-862100.3624,-2094.395102
jkt_a0.125,0.03548133892,0.001258925412,nan,0.125,nan,-2370844.126,-2370844.126,-802716.4516,-1663.637164
jkt_a0.125,0.03981071706,0.001584893192,nan,0.125,nan,-1497382.956,-1497382.956,-738660.9946,-1321.473972
jkt_a0.125,0.04466835922,0.001995262315,nan,0.125,nan,-945960.6141,-945960.6141,-671229.1868,-1049.684087
jkt_a0.125,0.04999995,0.002499995,nan,0.125,nan,-603472.6584,-603472.6584,-603470.8571,-837.7597165
jkt_a0.125,0.05,0.0025,nan,0.125,nan,-603470.2537,-603470.2537,-603470.2537,-837.758041
jkt_a0.125,0.05000005,0.002500005,nan,0.125,nan,-603467.8489,-603467.8489,-603467.8489,-837.7563654
jkt_a0.125,0.05011872336,0.002511886432,nan,0.125,nan,-597793.8928,-597793.8928,-597793.8928,-833.7937082
jkt_a0.125,0.05623413252,0.00316227766,nan,0.125,nan,-377922.7283,-377922.7283,-377922.7283,-662.3058844
jkt_a0.125,0.06309573445,0.003981071706,nan,0.125,nan,-239040.2497,-239040.2497,-239040.2497,-526.088264
jkt_a0.125,0.07079457844,0.005011872336,nan,0.125,nan,-151289.6832,-151289.6832,-151289.6832,-417.886762
jkt_a0.125,0.07943282347,0.006309573445,nan,0.125,nan,-95826.19989,-95826.19989,-95826.19989,-331.939254
jkt_a0.125,0.08912509381,0.007943282347,nan,0.125,nan,-60754.37115,-60754.37115,-60754.37115,-263.6687217
jkt_a0.125,0.1,0.01,nan,0.125,nan,-38564.60203,-38564.60203,-38564.60203,-209.4395102
jkt_a0.125,0.1122018454,0.01258925412,nan,0.125,nan,-24515.41268,-24515.41268,-24515.41268,-166.3637164
jkt_a0.125,0.1258925412,0.01584893192,nan,0.125,nan,-15612.55384,-15612.55384,-15612.55384,-132.1473972
jkt_a0.125,0.1412537545,0.01995262315,nan,0.125,nan,-9964.734941,-9964.734941,-9964.734941,-104.9684087
jkt_a0.125,0.1584893192,0.02511886432,nan,0.125,nan,-6377.006818,-6377.006818,-6377.006818,-83.37937082
jkt_a0.125,0.177827941,0.0316227766,nan,0.125,nan,-4094.116818,-4094.116818,-4094.116818,-66.23058844
jkt_a0.125,0.1995262315,0.03981071706,nan,0.125,nan,-2638.507804,-2638.507804,-2638.507804,-52.6088264
jkt_a0.125,0.2238721139,0.05011872336,nan,0.125,nan,-1708.047559,-1708.047559,-1708.047559,-41.7886762
jkt_a0.125,0.2511886432,0.06309573445,nan,0.125,nan,-1111.456719,-1111.456719,-1111.456719,-33.1939254
jkt_a0.125,0.2818382931,0.07943282347,nan,0.125,nan,-727.5317661,-727.5317661,-727.5317661,-26.36687217
jkt_a0.125,0.316227766,0.1,nan,0.125,nan,-479.3888233,-479.3888233,-479.3888233,-20.94395102
jkt_a0.125,0.3548133892,0.1258925412,nan,0.125,nan,-318.1906457,-318.1906457,-318.1906457,-16.63637164
jkt_a0.125,0.3981071706,0.1584893192,nan,0.125,nan,-212.8617241,-212.8617241,-212.8617241,-13.21473972
jkt_a0.125,0.4466835922,0.1995262315,nan,0.125,nan,-143.5853715,-143.5853715,-143.5853715,-10.49684087
jkt_a0.125,0.5011872336,0.2511886432,1.412968635,0.125,-144.88249,-97.69008378,-97.69008378,-97.69008378,-8.337937082
jkt_a0.125,0.5623413252,0.316227766,1.08155361,0.125,-80.87018434,-67.0458078,-67.0458078,-67.0458078,-6.623058844
jkt_a0.125,0.6309573445,0.3981071706,0.8855653486,0.125,-49.81975028,-46.4147217,-46.4147217,-46.4147217,-5.26088264
jkt_a0.125,0.7079457844,0.5011872336,0.7547199891,0.125,-32.47096309,-32.4056378,-32.4056378,-32.4056378,-4.17886762
jkt_a0.125,0.7943282347,0.6309573445,0.660474142,0.125,-21.94327772,-22.81026193,-22.81026193,-22.81026193,-3.31939254
jkt_a0.125,0.8912509381,0.7943282347,0.5889696051,0.125,-15.20538626,-16.18111732,-16.18111732,-16.18111732,-2.636687217
jkt_a0.125,1,1,0.5326315908,0.125,-10.73157918,-11.56249996,-11.56249996,-11.56249996,-2.094395102
jkt_a0.125,1.122018454,1.258925412,0.4869532951,0.125,-7.680792898,-8.31843154,-8.31843154,-8.31843154,-1.663637164
jkt_a0.125,1.258925412,1.584893192,0.4490764939,0.125,-5.558140815,-6.022187263,-6.022187263,-6.022187263,-1.321473972
jkt_a0.125,1.412537545,1.995262315,0.4170958439,0.125,-4.05799001,-4.385002655,-4.385002655,-4.385002655,-1.049684087
jkt_a0.125,1.584893192,2.511886432,0.3896893539,0.125,-2.9844893,-3.209789853,-3.209789853,-3.209789853,-0.8337937082
jkt_a0.125,1.77827941,3.16227766,0.3659091678,0.125,-2.208469188,-2.360886443,-2.360886443,-2.360886443,-0.6623058844
jkt_a0.125,1.995262315,3.981071706,0.3450567862,0.125,-1.642764911,-1.744135889,-1.744135889,-1.744135889,-0.526088264
jkt_a0.125,2.238721139,5.011872336,0.3266053616,0.125,-1.227457349,-1.293666775,-1.293666775,-1.293666775,-0.417886762
jkt_a0.125,2.511886432,6.309573445,0.3101495067,0.125,-0.9207259641,-0.9630454881,-0.9630454881,-0.9630454881,-0.331939254
jkt_a0.125,2.818382931,7.943282347,0.2953718454,0.125,-0.6930110853,-0.719305732,-0.719305732,-0.719305732,-0.2636687217
jkt_a0.125,3.16227766,10,0.2820201096,0.125,-0.5231961878,-0.5388854642,-0.5388854642,-0.5388854642,-0.2094395102
jkt_a0.125,3.548133892,12.58925412,0.2698910802,0.125,-0.396059512,-0.4048389445,-0.4048389445,-0.4048389445,-0.1663637164
jkt_a0.125,3.981071706,15.84893192,0.2588190897,0.125,-0.3005432505,-0.3049082886,-0.3049082886,-0.3049082886,-0.1321473972
jkt_a0.125,4.466835922,19.95262315,0.248667637,0.125,-0.228560518,-0.2301791969,-0.2301791969,-0.2301791969,-0.1049684087
jkt_a0.125,4.999995,24.99995,0.2395082618,0.125,-0.175137578,-0.1751375888,-0.1751375888,-0.1751375888,-0.08377597165
jkt_a0.125,5,25,0.2395081837,0.125,-0.1751371658,-0.1751371658,-0.1751371658,-0.1751371658,-0.0837758041
jkt_a0.125,5.000005,25.00005,0.2395081057,0.125,-0.1751367537,-0.1751367429,-0.1751367537,-0.1751367537,-0.08377563654
jkt_a0.125,5.011872336,25.11886432,0.2393231678,0.125,-0.1741625242,-0.1741369691,-0.1741625242,-0.1741625242,-0.08337937082
jkt_a0.125,5.623413252,31.6227766,0.2306903942,0.125,-0.1329507983,-0.1319989702,-0.1329507983,-0.1329507983,-0.06623058844
jkt_a0.125,6.309573445,39.81071706,0.2226887223,0.125,-0.1016583981,-0.1002394819,-0.1016583981,-0.1016583981,-0.0526088264
jkt_a0.125,7.079457844,50.11872336,0.2152494936,0.125,-0.07784903153,-0.07624941012,-0.07784903153,-0.07784903153,-0.0417886762
jkt_a0.125,7.943282347,63.09573445,0.2083138295,0.125,-0.05969930852,-0.05809117391,-0.05969930852,-0.05969930852,-0.0331939254
jkt_a0.125,8.912509381,79.43282347,0.2018309309,0.125,-0.04584013508,-0.04432121039,-0.04584013508,-0.04584013508,-0.02636687217
jkt_a0.125,10,100,0.1957567222,0.125,-0.03524052377,-0.03386080676,-0.03524052377,-0.03524052377,-0.02094395102
jkt_a0.125,11.22018454,125.8925412,0.190052763,0.125,-0.02712204146,-0.02590166975,-0.02712204146,-0.02712204146,-0.01663637164
jkt_a0.125,12.58925412,158.4893192,0.1846853649,0.125,-0.02089552757,-0.0198365976,-0.02089552757,-0.02089552757,-0.01321473972
jkt_a0.125,14.12537545,199.5262315,0.1796248715,0.125,-0.0161140928,-0.01520838156,-0.0161140928,-0.0161140928,-0.01049684087
jkt_a0.125,15.84893192,251.1886432,0.1748450662,0.125,-0.01243808026,-0.01167200684,-0.01243808026,-0.01243808026,-0.008337937082
jkt_a0.125,17.7827941,316.227766,0.170322682,0.125,-0.009608856425,-0.008966597646,-0.009608856425,-0.009608856425,-0.006623058844
jkt_a0.125,19.95262315,398.1071706,0.1660369937,0.125,-0.007429147036,-0.006894529699,-0.007429147036,-0.007429147036,-0.00526088264
jkt_a0.125,22.38721139,501.1872336,0.1619694762,0.125,-0.005748242238,-0.005305834354,-0.005748242238,-0.005748242238,-0.00417886762
jkt_a0.125,25.11886432,630.9573445,0.1581035172,0.125,-0.004450836906,-0.004086522671,-0.004450836906,-0.004450836906,-0.00331939254
jkt_a0.125,28.18382931,794.3282347,0.1544241741,0.125,-0.003448593242,-0.003149822573,-0.003448593242,-0.003448593242,-0.002636687217
jkt_a0.125,31.6227766,1000,0.1509179669,0.125,-0.002673747843,-0.002429587169,-0.002673747843,-0.002673747843,-0.002094395102
jkt_a0.125,35.48133892,1258.925412,0.1475727018,0.125,-0.002074258217,-0.001875325705,-0.002074258217,-0.002074258217,-0.001663637164
jkt_a0.125,39.81071706,1584.893192,0.1443773199,0.125,-0.001610111262,-0.001448450254,-0.001610111262,-0.001610111262,-0.001321473972
jkt_a0.125,44.66835922,1995.262315,0.141321767,0.125,-0.001250510745,-0.001119435437,-0.001250510745,-0.001250510745,-0.001049684087
jkt_a0.125,50.11872336,2511.886432,0.1383968805,0.125,-0.0009717310866,-0.0008656653603,-0.0009717310866,-0.0009717310866,-0.0008337937082
jkt_a0.125,56.23413252,3162.27766,0.1355942921,0.125,-0.0007554771782,-0.000669798844,-0.0007554771782,-0.0007554771782,-0.0006623058844
jkt_a0.125,63.09573445,3981.071706,0.1329063426,0.125,-0.0005876291989,-0.000518526295,-0.0005876291989,-0.0005876291989,-0.000526088264
jkt_a0.125,70.79457844,5011.872336,0.1303260075,0.125,-0.0004572808249,-0.0004016230597,-0.0004572808249,-0.0004572808249,-0.000417886762
jkt_a0.125,79.43282347,6309.573445,0.1278468323,0.125,-0.0003560013629,-0.0003112275821,-0.0003560013629,-0.0003560013629,-0.000331939254
jkt_a0.125,89.12509381,7943.282347,0.125462875,0.125,-0.0002772690338,-0.0002412902929,-0.0002772690338,-0.0002772690338,-0.0002636687217
jkt_a0.125,91.18750881,8315.161763,0.1250000202,0.125,-0.0002638472433,-0.0002294026651,-0.0002638472433,-0.0002638472433,-0.0002518766516
jkt_a0.125,91.1876,8315.178394,0.125,0.125,-0.0002638466712,-0.0002294021586,-0.0002638466712,-0.0002638466712,-0.0002518761478
jkt_a0.125,91.18769119,8315.195024,0.1249999798,0.125,-0.000263846099,-0.000229401652,-0.000263846099,-0.000263846099,-0.0002518756441
jkt_a0.125,100,10000,0.1231686559,0.125,-0.0002160352455,-0.0001871523508,-0.0002160352455,-0.0002160352455,-0.0002094395102
jkt_a0.125,112.2018454,12589.25412,0.120959113,0.125,-0.0001683892422,-0.000145223283,-0.0001683892422,-0.0001683892422,-0.0001663637164
jkt_a0.125,125.8925412,15848.93192,0.1188295626,0.125,-0.0001312997641,-0.0001127340465,-0.0001312997641,-0.0001312997641,-0.0001321473972
jkt_a0.125,141.2537545,19952.62315,0.1167756644,0.125,-0.0001024158544,-8.754767734e-05,-0.0001024158544,-0.0001024158544,-0.0001049684087
jkt_a0.125,158.4893192,25118.86432,0.1147933902,0.125,-7.991314364e-05,-6.80139615e-05,-7.991314364e-05,-7.991314364e-05,-8.337937082e-05
jkt_a0.125,177.827941,31622.7766,0.1128789961,0.125,-6.237513236e-05,-5.285779372e-05,-6.237513236e-05,-6.237513236e-05,-6.623058844e-05
jkt_a0.125,199.5262315,39810.71706,0.1110289978,0.125,-4.870143533e-05,-4.109334317e-05,-4.870143533e-05,-4.870143533e-05,-5.26088264e-05
jkt_a0.125,223.8721139,50118.72336,0.109240148,0.125,-3.803681262e-05,-3.195800766e-05,-3.803681262e-05,-3.803681262e-05,-4.17886762e-05
jkt_a0.125,251.1886432,63095.73445,0.1075094168,0.125,-2.971624111e-05,-2.486155558e-05,-2.971624111e-05,-2.971624111e-05,-3.31939254e-05
jkt_a0.125,281.8382931,79432.82347,0.1058339731,0.125,-2.322237323e-05,-1.934693487e-05,-2.322237323e-05,-2.322237323e-05,-2.636687217e-05
jkt_a0.125,316.227766,100000,0.104211169,0.125,-1.815256913e-05,-1.506005168e-05,-1.815256913e-05,-1.815256913e-05,-2.094395102e-05
jkt_a0.125,354.8133892,125892.5412,0.102638525,0.125,-1.41933327e-05,-1.172645057e-05,-1.41933327e-05,-1.41933327e-05,-1.663637164e-05
jkt_a0.125,398.1071706,158489.3192,0.1011137161,0.125,-1.110047759e-05,-9.13330889e-06,-1.110047759e-05,-1.110047759e-05,-1.321473972e-05
jkt_a0.125,446.6835922,199526.2315,0.09963456088,0.125,-8.683730634e-06,-7.115526087e-06,-8.683730634e-06,-8.683730634e-06,-1.049684087e-05
jkt_a0.125,501.1872336,251188.6432,0.09819900952,0.125,-6.794773627e-06,-5.54497042e-06,-6.794773627e-06,-6.794773627e-06,-8.337937082e-06
jkt_a0.125,562.3413252,316227.766,0.09680513456,0.125,-5.317951206e-06,-4.322161975e-06,-5.317951206e-06,-5.317951206e-06,-6.623058844e-06
jkt_a0.125,630.9573445,398107.1706,0.09545112161,0.125,-4.16304686e-06,-3.369836597e-06,-4.16304686e-06,-4.16304686e-06,-5.26088264e-06
jkt_a0.125,707.9457844,501187.2336,0.09413526115,0.125,-3.259664316e-06,-2.627962876e-06,-3.259664316e-06,-3.259664316e-06,-4.17886762e-06
jkt_a0.125,794.3282347,630957.3445,0.092855941,0.125,-2.552855609e-06,-2.04988229e-06,-2.552855609e-06,-2.552855609e-06,-3.31939254e-06
jkt_a0.125,891.2509381,794328.2347,0.09161163945,0.125,-1.999717802e-06,-1.599317968e-06,-1.999717802e-06,-1.999717802e-06,-2.636687217e-06
jkt_a0.125,1000,1000000,0.09040091892,0.125,-1.566742679e-06,-1.248055573e-06,-1.566742679e-06,-1.566742679e-06,-2.094395102e-06
jkt_qc10,0.001,1e-06,nan,0.12,nan,-3.743149939e+12,-3.743149939e+12,-741435096.7,-2010619.298
jkt_qc10,0.001122018454,1.258925412e-06,nan,0.12,nan,-2.361769757e+12,-2.361769757e+12,-739539200.8,-1597091.678
jkt_qc10,0.001258925412,1.584893192e-06,nan,0.12,nan,-1.490177412e+12,-1.490177412e+12,-737166151.6,-1268615.013
jkt_qc10,0.001412537545,1.995262315e-06,nan,0.12,nan,-9.402395256e+11,-9.402395256e+11,-734200227.3,-1007696.724
jkt_qc10,0.001584893192,2.511886432e-06,nan,0.12,nan,-5.932519419e+11,-5.932519419e+11,-730500114.5,-800441.9599
jkt_qc10,0.00177827941,3.16227766e-06,nan,0.12,nan,-3.743173908e+11,-3.743173908e+11,-725894643.6,-635813.649
jkt_qc10,0.001995262315,3.981071706e-06,nan,0.12,nan,-2.361788796e+11,-2.361788796e+11,-720178620.4,-505044.7334
jkt_qc10,0.002238721139,5.011872336e-06,nan,0.12,nan,-1.490192536e+11,-1.490192536e+11,-713109319,-401171.2916
jkt_qc10,0.002511886432,6.309573445e-06,nan,0.12,nan,-9.402515385e+10,-9.402515385e+10,-704404526.8,-318661.6839
jkt_qc10,0.002818382931,7.943282347e-06,nan,0.12,nan,-5.93261484e+10,-5.93261484e+10,-693743447,-253121.9728
jkt_qc10,0.00316227766,1e-05,nan,0.12,nan,-3.743249704e+10,-3.743249704e+10,-680772225.2,-201061.9298
jkt_qc10,0.003548133892,1.258925412e-05,nan,0.12,nan,-2.361849002e+10,-2.361849002e+10,-665116270.3,-159709.1678
jkt_qc10,0.003981071706,1.584893192e-05,nan,0.12,nan,-1.490240359e+10,-1.490240359e+10,-646401684.7,-126861.5013
jkt_qc10,0.004466835922,1.995262315e-05,nan,0.12,nan,-9402895256,-9402895256,-624287679.6,-100769.6724
jkt_qc10,0.005011872336,2.511886432e-05,nan,0.12,nan,-5932916581,-5932916581,-598510425.9,-80044.19599
jkt_qc10,0.005623413252,3.16227766e-05,nan,0.12,nan,-3743489383,-3743489383,-568936066.4,-63581.3649
jkt_qc10,0.006309573445,3.981071706e-05,nan,0.12,nan,-2362039383,-2362039383,-535616627.6,-50504.47334
jkt_qc10,0.007079457844,5.011872336e-05,nan,0.12,nan,-1490391582,-1490391582,-498838140.2,-40117.12916
jkt_qc10,0.007943282347,6.309573445e-05,nan,0.12,nan,-940409644.1,-940409644.1,-459147169.1,-31866.16839
jkt_qc10,0.008912509381,7.943282347e-05,nan,0.12,nan,-593387069.3,-593387069.3,-417342509.1,-25312.19728
jkt_qc10,0.00999999,9.99998e-05,nan,0.12,nan,-374426221.3,-374426221.3,-374425098.3,-20106.2332
jkt_qc10,0.01,0.0001,nan,0.12,nan,-374424723.9,-374424723.9,-374424723.9,-20106.19298
jkt_qc10,0.01000001,0.0001000002,nan,0.12,nan,-374423226.4,-374423226.4,-374423226.4,-20106.15277
jkt_qc10,0.01122018454,0.0001258925412,nan,0.12,nan,-236264134.7,-236264134.7,-236264134.7,-15970.91678
jkt_qc10,0.01258925412,0.0001584893192,nan,0.12,nan,-149086971.7,-149086971.7,-149086971.7,-12686.15013
jkt_qc10,0.01412537545,0.0001995262315,nan,0.12,nan,-94078941.73,-94078941.73,-94078941.73,-10076.96724
jkt_qc10,0.01584893192,0.0002511886432,nan,0.12,nan,-59368871.13,-59368871.13,-59368871.13,-8004.419599
jkt_qc10,0.0177827941,0.000316227766,nan,0.12,nan,-37466430.41,-37466430.41,-37466430.41,-6358.13649
jkt_qc10,0.01995262315,0.0003981071706,nan,0.12,nan,-23645441.76,-23645441.76,-23645441.76,-5050.447334
jkt_qc10,0.02238721139,0.0005011872336,nan,0.12,nan,-14923809.62,-14923809.62,-14923809.62,-4011.712916
jkt_qc10,0.02511886432,0.0006309573445,nan,0.12,nan,-9419896.176,-9419896.176,-9419896.176,-3186.616839
jkt_qc10,0.02818382931,0.0007943282347,nan,0.12,nan,-5946418.398,-5946418.398,-5946418.398,-2531.219728
jkt_qc10,0.0316227766,0.001,nan,0.12,nan,-3754211.768,-3754211.768,-3754211.768,-2010.619298
jkt_qc10,0.03548133892,0.001258925412,nan,0.12,nan,-2370553.991,-2370553.991,-2370553.991,-1597.091678
jkt_qc10,0.03981071706,0.001584893192,nan,0.12,nan,-1497152.494,-1497152.494,-1497152.494,-1268.615013
jkt_qc10,0.04466835922,0.001995262315,nan,0.12,nan,-945777.5514,-945777.5514,-945777.5514,-1007.696724
jkt_qc10,0.05011872336,0.002511886432,nan,0.12,nan,-597648.4809,-597648.4809,-597648.4809,-800.4419599
jkt_qc10,0.05623413252,0.00316227766,nan,0.12,nan,-377807.2235,-377807.2235,-377807.2235,-635.813649
jkt_qc10,0.06309573445,0.003981071706,nan,0.12,nan,-238948.501,-238948.501,-238948.501,-505.0447334
jkt_qc10,0.07079457844,0.005011872336,nan,0.12,nan,-151216.8046,-151216.8046,-151216.8046,-401.1712916
jkt_qc10,0.07943282347,0.006309573445,nan,0.12,nan,-95768.31039,-95768.31039,-95768.31039,-318.6616839
jkt_qc10,0.08912509381,0.007943282347,nan,0.12,nan,-60708.38788,-60708.38788,-60708.38788,-253.1219728
jkt_qc10,0.1,0.01,nan,0.12,nan,-38528.07622,-38528.07622,-38528.07622,-201.0619298
jkt_qc10,0.1122018454,0.01258925412,nan,0.12,nan,-24486.3992,-24486.3992,-24486.3992,-159.7091678
jkt_qc10,0.1258925412,0.01584893192,nan,0.12,nan,-15589.50761,-15589.50761,-15589.50761,-126.8615013
jkt_qc10,0.1412537545,0.01995262315,nan,0.12,nan,-9946.428672,-9946.428672,-9946.428672,-100.7696724
jkt_qc10,0.1584893192,0.02511886432,nan,0.12,nan,-6362.465632,-6362.465632,-6362.465632,-80.04419599
jkt_qc10,0.177827941,0.0316227766,nan,0.12,nan,-4082.566344,-4082.566344,-4082.566344,-63.5813649
jkt_qc10,0.1995262315,0.03981071706,nan,0.12,nan,-2629.332935,-2629.332935,-2629.332935,-50.50447334
jkt_qc10,0.2238721139,0.05011872336,nan,0.12,nan,-1700.759702,-1700.759702,-1700.759702,-40.11712916
jkt_qc10,0.2511886432,0.06309573445,nan,0.12,nan,-1105.667769,-1105.667769,-1105.667769,-31.86616839
jkt_qc10,0.2818382931,0.07943282347,nan,0.12,nan,-722.9334393,-722.9334393,-722.9334393,-25.31219728
jkt_qc10,0.316227766,0.1,nan,0.12,nan,-475.7362425,-475.7362425,-475.7362425,-20.10619298
jkt_qc10,0.3548133892,0.1258925412,nan,0.12,nan,-315.2892976,-315.2892976,-315.2892976,-15.97091678
jkt_qc10,0.3981071706,0.1584893192,1.311090265,0.12,-207.6980675,-210.5571015,-210.5571015,-210.5571015,-12.68615013
jkt_qc10,0.4466835922,0.1995262315,1.024433924,0.12,-119.5333307,-141.7547446,-141.7547446,-141.7547446,-10.07696724
jkt_qc10,0.5011872336,0.2511886432,0.8486567655,0.12,-74.87375904,-96.23596517,-96.23596517,-96.23596517,-8.004419599
jkt_qc10,0.5623413252,0.316227766,0.7287132855,0.12,-49.30788338,-65.89076033,-65.89076033,-65.89076033,-6.35813649
jkt_qc10,0.6309573445,0.3981071706,0.6410512649,0.12,-33.55578814,-45.49723488,-45.49723488,-45.49723488,-5.050447334
jkt_qc10,0.7079457844,0.5011872336,0.5738463402,0.12,-23.3698057,-31.67685212,-31.67685212,-31.67685212,-4.011712916
jkt_qc10,0.7943282347,0.6309573445,0.5204819781,0.12,-16.55659001,-22.23136689,-22.23136689,-22.23136689,-3.186616839
jkt_qc10,0.8912509381,0.7943282347,0.4769524319,0.12,-11.884973,-15.72128464,-15.72128464,-15.72128464,-2.531219728
jkt_qc10,1,1,0.4406829073,0.12,-8.620847984,-11.19724188,-11.19724188,-11.19724188,-2.010619298
jkt_qc10,1.122018454,1.258925412,0.4099385656,0.12,-6.306271116,-8.028296733,-8.028296733,-8.028296733,-1.597091678
jkt_qc10,1.258925412,1.584893192,0.3835051971,0.12,-4.645500016,-5.791724994,-5.791724994,-5.791724994,-1.268615013
jkt_qc10,1.412537545,1.995262315,0.3605059104,0.12,-3.442282514,-4.201939968,-4.201939968,-4.201939968,-1.007696724
jkt_qc10,1.584893192,2.511886432,0.3402905515,0.12,-2.563530267,-3.064377992,-3.064377992,-3.064377992,-0.8004419599
jkt_qc10,1.77827941,3.16227766,0.3223661761,0.12,-1.917385617,-2.245381696,-2.245381696,-2.245381696,-0.635813649
jkt_qc10,1.995262315,3.981071706,0.3063517722,0.12,-1.439522286,-1.652387207,-1.652387207,-1.652387207,-0.5050447334
jkt_qc10,2.238721139,5.011872336,0.2919478722,0.12,-1.084345835,-1.220788206,-1.220788206,-1.220788206,-0.4011712916
jkt_qc10,2.511886432,6.309573445,0.2789156171,0.12,-0.8192078526,-0.9051559835,-0.9051559835,-0.9051559835,-0.3186616839
jkt_qc10,2.818382931,7.943282347,0.2670619984,0.12,-0.6205262232,-0.673322464,-0.673322464,-0.673322464,-0.2531219728
jkt_qc10,3.16227766,10,0.2562292403,0.12,-0.4711398752,-0.502359656,-0.502359656,-0.502359656,-0.2010619298
jkt_qc10,3.548133892,12.58925412,0.2462870232,0.12,-0.3584793898,-0.3758254638,-0.3758254638,-0.3758254638,-0.1597091678
jkt_qc10,3.981071706,15.84893192,0.237126694,0.12,-0.2732862952,-0.2818620617,-0.2818620617,-0.2818620617,-0.1268615013
jkt_qc10,4.466835922,19.95262315,0.2286568931,0.12,-0.2087069589,-0.2118729282,-0.2118729282,-0.2118729282,-0.1007696724
jkt_qc10,4.999995,24.99995,0.2209563914,0.12,-0.1605272152,-0.1605272363,-0.1605272363,-0.1605272363,-0.08042493278
jkt_qc10,5,25,0.2209563255,0.12,-0.1605268426,-0.1605268426,-0.1605268426,-0.1605268426,-0.08042477193
jkt_qc10,5.000005,25.00005,0.2209562596,0.12,-0.1605264699,-0.1605264488,-0.1605264699,-0.1605264699,-0.08042461108
jkt_qc10,5.011872336,25.11886432,0.2208002066,0.12,-0.1596455905,-0.159595783,-0.1596455905,-0.1596455905,-0.08004419599
jkt_qc10,5.623413252,31.6227766,0.2134905741,0.12,-0.1222985295,-0.1204484955,-0.1222985295,-0.1222985295,-0.0635813649
jkt_qc10,6.309573445,39.81071706,0.2066712571,0.12,-0.0938166431,-0.09106461371,-0.0938166431,-0.0938166431,-0.05050447334
jkt_qc10,7.079457844,50.11872336,0.2002932327,0.12,-0.0720590559,-0.06896155327,-0.0720590559,-0.0720590559,-0.04011712916
jkt_qc10,7.943282347,63.09573445,0.1943139107,0.12,-0.05541250349,-0.05230222344,-0.05541250349,-0.05541250349,-0.03186616839
jkt_qc10,8.912509381,79.43282347,0.1886961003,0.12,-0.04265816265,-0.03972288359,-0.04265816265,-0.04265816265,-0.02531219728
jkt_qc10,10,100,0.183407171,0.12,-0.03287304377,-0.03020822594,-0.03287304377,-0.03287304377,-0.02010619298
jkt_qc10,11.22018454,125.8925412,0.1784183675,0.12,-0.02535668227,-0.02300032168,-0.02535668227,-0.02535668227,-0.01597091678
jkt_qc10,12.58925412,158.4893192,0.1737042443,0.12,-0.01957644083,-0.01753197491,-0.01957644083,-0.01957644083,-0.01268615013
jkt_qc10,14.12537545,199.5262315,0.1692421976,0.12,-0.01512656373,-0.01337775469,-0.01512656373,-0.01512656373,-0.01007696724
jkt_qc10,15.84893192,251.1886432,0.1650120755,0.12,-0.01169743403,-0.01021788823,-0.01169743403,-0.01169743403,-0.008004419599
jkt_qc10,17.7827941,316.227766,0.1609958506,0.12,-0.009052428454,-0.007811550175,-0.009052428454,-0.009052428454,-0.00635813649
jkt_qc10,19.95262315,398.1071706,0.1571773444,0.12,-0.007010448669,-0.005977042881,-0.007010448669,-0.007010448669,-0.005050447334
jkt_qc10,22.38721139,501.1872336,0.1535419937,0.12,-0.005432706605,-0.00457704867,-0.005432706605,-0.005432706605,-0.004011712916
jkt_qc10,25.11886432,630.9573445,0.1500766517,0.12,-0.0042127068,-0.003507627625,-0.0042127068,-0.0042127068,-0.003186616839
jkt_qc10,28.18382931,794.3282347,0.1467694185,0.12,-0.003268637466,-0.002689989892,-0.003268637466,-0.003268637466,-0.002531219728
jkt_qc10,31.6227766,1000,0.1436094947,0.12,-0.002537580704,-0.002064329087,-0.002537580704,-0.002537580704,-0.002010619298
jkt_qc10,35.48133892,1258.925412,0.1405870564,0.12,-0.001971099563,-0.001585190899,-0.001971099563,-0.001971099563,-0.001597091678
jkt_qc10,39.81071706,1584.893192,0.1376931459,0.12,-0.001531869295,-0.001217987985,-0.001531869295,-0.001531869295,-0.001268615013
jkt_qc10,44.66835922,1995.262315,0.1349195775,0.12,-0.001191101999,-0.0009363727495,-0.001191101999,-0.001191101999,-0.001007696724
jkt_qc10,50.11872336,2511.886432,0.1322588554,0.12,-0.0009265751274,-0.0007202534991,-0.0009265751274,-0.0009265751274,-0.0008004419599
jkt_qc10,56.23413252,3162.27766,0.129704102,0.12,-0.0007211203615,-0.000554294097,-0.0007211203615,-0.0007211203615,-0.000635813649
jkt_qc10,63.09573445,3981.071706,0.1272489942,0.12,-0.0005614639766,-0.0004267776132,-0.0005614639766,-0.0005614639766,-0.0005050447334
jkt_qc10,70.79457844,5011.872336,0.1248877087,0.12,-0.0004373359456,-0.0003287444912,-0.0004373359456,-0.0004373359456,-0.0004011712916
jkt_qc10,79.43282347,6309.573445,0.1226148732,0.12,-0.0003407847898,-0.0002533380775,-0.0003407847898,-0.0003407847898,-0.0003186616839
jkt_qc10,89.12509381,7943.282347,0.1204255224,0.12,-0.0002656501388,-0.0001953070249,-0.0002656501388,-0.0002656501388,-0.0002531219728
jkt_qc10,91.18750881,8315.161763,0.1200000185,0.12,-0.0002528336826,-0.0001854759092,-0.0002528336826,-0.0002528336826,-0.0002418015855
jkt_qc10,91.1876,8315.178394,0.12,0.12,-0.0002528331362,-0.0001854754905,-0.0002528331362,-0.0002528331362,-0.0002418011019
jkt_qc10,91.18769119,8315.195024,0.1199999815,0.12,-0.0002528325898,-0.0001854750718,-0.0002528325898,-0.0002528325898,-0.0002418006183
jkt_qc10,100,10000,0.1183150608,0.12,-0.0002071563205,-0.0001506265427,-0.0002071563205,-0.0002071563205,-0.0002010619298
jkt_qc10,112.2018454,12589.25412,0.1162792279,0.12,-0.0001615989338,-0.0001162098023,-0.0001615989338,-0.0001615989338,-0.0001597091678
jkt_qc10,125.8925412,15848.93192,0.1143140683,0.12,-0.0001261029283,-8.968781961e-05,-0.0001261029283,-0.0001261029283,-0.0001268615013
jkt_qc10,141.2537545,19952.62315,0.1124159044,0.12,-9.843573197e-05,-6.924140862e-05,-9.843573197e-05,-9.843573197e-05,-0.0001007696724
jkt_qc10,158.4893192,25118.86432,0.1105813124,0.12,-7.686279051e-05,-5.347277538e-05,-7.686279051e-05,-7.686279051e-05,-8.004419599e-05
jkt_qc10,177.827941,31622.7766,0.1088071006,0.12,-6.003581574e-05,-4.130731902e-05,-6.003581574e-05,-6.003581574e-05,-6.35813649e-05
jkt_qc10,199.5262315,39810.71706,0.1070902898,0.12,-4.690627741e-05,-3.191847499e-05,-4.690627741e-05,-4.690627741e-05,-5.050447334e-05
jkt_qc10,223.8721139,50118.72336,0.1054280957,0.12,-3.665839376e-05,-2.467015081e-05,-3.665839376e-05,-3.665839376e-05,-4.011712916e-05
jkt_qc10,251.1886432,63095.73445,0.1038179133,0.12,-2.865719393e-05,-1.907260511e-05,-2.865719393e-05,-2.865719393e-05,-3.186616839e-05
jkt_qc10,281.8382931,79432.82347,0.1022573023,0.12,-2.240823882e-05,-1.474860806e-05,-2.240823882e-05,-2.240823882e-05,-2.531219728e-05
jkt_qc10,316.227766,100000,0.1007439745,0.12,-1.752636603e-05,-1.140747086e-05,-1.752636603e-05,-1.752636603e-05,-2.010619298e-05
jkt_qc10,354.8133892,125892.5412,0.09927578184,0.12,-1.371142413e-05,-8.825102497e-06,-1.371142413e-05,-1.371142413e-05,-1.597091678e-05
jkt_qc10,398.1071706,158489.3192,0.09785070567,0.12,-1.072942384e-05,-6.8286862e-06,-1.072942384e-05,-1.072942384e-05,-1.268615013e-05
jkt_qc10,446.6835922,199526.2315,0.09646684728,0.12,-8.397889617e-06,-5.284899215e-06,-8.397889617e-06,-8.397889617e-06,-1.007696724e-05
jkt_qc10,501.1872336,251188.6432,0.09512241894,0.12,-6.574470352e-06,-4.090851808e-06,-6.574470352e-06,-6.574470352e-06,-8.004419599e-06
jkt_qc10,562.3413252,316227.766,0.09381573586,0.12,-5.148080103e-06,-3.167114505e-06,-5.148080103e-06,-5.148080103e-06,-6.35813649e-06
jkt_qc10,630.9573445,398107.1706,0.09254520883,0.12,-4.032003816e-06,-2.452349779e-06,-4.032003816e-06,-4.032003816e-06,-5.050447334e-06
jkt_qc10,707.9457844,501187.2336,0.0913093375,0.12,-3.158530032e-06,-1.899177191e-06,-3.158530032e-06,-3.158530032e-06,-4.011712916e-06
jkt_qc10,794.3282347,630957.3445,0.0901067042,0.12,-2.474770696e-06,-1.470987244e-06,-2.474770696e-06,-2.474770696e-06,-3.186616839e-06
jkt_qc10,891.2509381,794328.2347,0.08893596827,0.12,-1.939404274e-06,-1.139485288e-06,-1.939404274e-06,-1.939404274e-06,-2.531219728e-06
jkt_qc10,1000,1000000,0.08779586089,0.12,-1.520137304e-06,-8.827974921e-07,-1.520137304e-06,-1.520137304e-06,-2.010619298e-06
jkt_qc20,0.001,1e-06,nan,0.12,nan,-3.743149939e+12,-3.743149939e+12,-46727817.1,-2010619.298
jkt_qc20,0.001122018454,1.258925412e-06,nan,0.12,nan,-2.361769757e+12,-2.361769757e+12,-46697664.45,-1597091.678
jkt_qc20,0.001258925412,1.584893192e-06,nan,0.12,nan,-1.490177412e+12,-1.490177412e+12,-46659759.8,-1268615.013
jkt_qc20,0.001412537545,1.995262315e-06,nan,0.12,nan,-9.402395256e+11,-9.402395256e+11,-46612128.09,-1007696.724
jkt_qc20,0.001584893192,2.511886432e-06,nan,0.12,nan,-5.932519419e+11,-5.932519419e+11,-46552301.41,-800441.9599
jkt_qc20,0.00177827941,3.16227766e-06,nan,0.12,nan,-3.743173908e+11,-3.743173908e+11,-46477202.1,-635813.649
jkt_qc20,0.001995262315,3.981071706e-06,nan,0.12,nan,-2.361788796e+11,-2.361788796e+11,-46383001.5,-505044.7334
jkt_qc20,0.002238721139,5.011872336e-06,nan,0.12,nan,-1.490192536e+11,-1.490192536e+11,-46264951.57,-401171.2916
jkt_qc20,0.002511886432,6.309573445e-06,nan,0.12,nan,-9.402515385e+10,-9.402515385e+10,-46117187.19,-318661.6839
jkt_qc20,0.002818382931,7.943282347e-06,nan,0.12,nan,-5.93261484e+10,-5.93261484e+10,-45932499.61,-253121.9728
jkt_qc20,0.00316227766,1e-05,nan,0.12,nan,-3.743249704e+10,-3.743249704e+10,-45702084.53,-201061.9298
jkt_qc20,0.003548133892,1.258925412e-05,nan,0.12,nan,-2.361849002e+10,-2.361849002e+10,-45415275.53,-159709.1678
jkt_qc20,0.003981071706,1.584893192e-05,nan,0.12,nan,-1.490240359e+10,-1.490240359e+10,-45059282.88,-126861.5013
jkt_qc20,0.004466835922,1.995262315e-05,nan,0.12,nan,-9402895256,-9402895256,-44618972.77,-100769.6724
jkt_qc20,0.005011872336,2.511886432e-05,nan,0.12,nan,-5932916581,-5932916581,-44076742.36,-80044.19599
jkt_qc20,0.005623413252,3.16227766e-05,nan,0.12,nan,-3743489383,-3743489383,-43412571.52,-63581.3649
jkt_qc20,0.006309573445,3.981071706e-05,nan,0.12,nan,-2362039383,-2362039383,-42604361.22,-50504.47334
jkt_qc20,0.007079457844,5.011872336e-05,nan,0.12,nan,-1490391582,-1490391582,-41628694.13,-40117.12916
jkt_qc20,0.007943282347,6.309573445e-05,nan,0.12,nan,-940409644.1,-940409644.1,-40462162.06,-31866.16839
jkt_qc20,0.008912509381,7.943282347e-05,nan,0.12,nan,-593387069.3,-593387069.3,-39083378.82,-25312.19728
jkt_qc20,0.01,0.0001,nan,0.12,nan,-374424723.9,-374424723.9,-37475709.31,-20106.19298
jkt_qc20,0.01122018454,0.0001258925412,nan,0.12,nan,-236264134.7,-236264134.7,-35630576.95,-15970.91678
jkt_qc20,0.01258925412,0.0001584893192,nan,0.12,nan,-149086971.7,-149086971.7,-33550963.31,-12686.15013
jkt_qc20,0.01412537545,0.0001995262315,nan,0.12,nan,-94078941.73,-94078941.73,-31254436.71,-10076.96724
jkt_qc20,0.01584893192,0.0002511886432,nan,0.12,nan,-59368871.13,-59368871.13,-28774848.66,-8004.419599
jkt_qc20,0.0177827941,0.000316227766,nan,0.12,nan,-37466430.41,-37466430.41,-26161865.74,-6358.13649
jkt_qc20,0.01995262315,0.0003981071706,nan,0.12,nan,-23645441.76,-23645441.76,-23477867.82,-5050.447334
jkt_qc20,0.01999998,0.0003999992,nan,0.12,nan,-23422411.96,-23422411.96,-23422341.74,-5026.558299
jkt_qc20,0.02,0.0004,nan,0.12,nan,-23422318.32,-23422318.32,-23422318.32,-5026.548246
jkt_qc20,0.02000002,0.0004000008,nan,0.12,nan,-23422224.69,-23422224.69,-23422224.69,-5026.538193
jkt_qc20,0.02238721139,0.0005011872336,nan,0.12,nan,-14923809.62,-14923809.62,-14923809.62,-4011.712916
jkt_qc20,0.02511886432,0.0006309573445,nan,0.12,nan,-9419896.176,-9419896.176,-9419896.176,-3186.616839
jkt_qc20,0.02818382931,0.0007943282347,nan,0.12,nan,-5946418.398,-5946418.398,-5946418.398,-2531.219728
jkt_qc20,0.0316227766,0.001,nan,0.12,nan,-3754211.768,-3754211.768,-3754211.768,-2010.619298
jkt_qc20,0.03548133892,0.001258925412,nan,0.12,nan,-2370553.991,-2370553.991,-2370553.991,-1597.091678
jkt_qc20,0.03981071706,0.001584893192,nan,0.12,nan,-1497152.494,-1497152.494,-1497152.494,-1268.615013
jkt_qc20,0.04466835922,0.001995262315,nan,0.12,nan,-945777.5514,-945777.5514,-945777.5514,-1007.696724
jkt_qc20,0.05011872336,0.002511886432,nan,0.12,nan,-597648.4809,-597648.4809,-597648.4809,-800.4419599
jkt_qc20,0.05623413252,0.00316227766,nan,0.12,nan,-377807.2235,-377807.2235,-377807.2235,-635.813649
jkt_qc20,0.06309573445,0.003981071706,nan,0.12,nan,-238948.501,-238948.501,-238948.501,-505.0447334
jkt_qc20,0.07079457844,0.005011872336,nan,0.12,nan,-151216.8046,-151216.8046,-151216.8046,-401.1712916
jkt_qc20,0.07943282347,0.006309573445,nan,0.12,nan,-95768.31039,-95768.31039,-95768.31039,-318.6616839
jkt_qc20,0.08912509381,0.007943282347,nan,0.12,nan,-60708.38788,-60708.38788,-60708.38788,-253.1219728
jkt_qc20,0.1,0.01,nan,0.12,nan,-38528.07622,-38528.07622,-38528.07622,-201.0619298
jkt_qc20,0.1122018454,0.01258925412,nan,0.12,nan,-24486.3992,-24486.3992,-24486.3992,-159.7091678
jkt_qc20,0.1258925412,0.01584893192,nan,0.12,nan,-15589.50761,-15589.50761,-15589.50761,-126.8615013
jkt_qc20,0.1412537545,0.01995262315,nan,0.12,nan,-9946.428672,-9946.428672,-9946.428672,-100.7696724
jkt_qc20,0.1584893192,0.02511886432,nan,0.12,nan,-6362.465632,-6362.465632,-6362.465632,-80.04419599
jkt_qc20,0.177827941,0.0316227766,nan,0.12,nan,-4082.566344,-4082.566344,-4082.566344,-63.5813649
jkt_qc20,0.1995262315,0.03981071706,nan,0.12,nan,-2629.332935,-2629.332935,-2629.332935,-50.50447334
jkt_qc20,0.2238721139,0.05011872336,nan,0.12,nan,-1700.759702,-1700.759702,-1700.759702,-40.11712916
jkt_qc20,0.2511886432,0.06309573445,nan,0.12,nan,-1105.667769,-1105.667769,-1105.667769,-31.86616839
jkt_qc20,0.2818382931,0.07943282347,nan,0.12,nan,-722.9334393,-722.9334393,-722.9334393,-25.31219728
jkt_qc20,0.316227766,0.1,nan,0.12,nan,-475.7362425,-475.7362425,-475.7362425,-20.10619298
jkt_qc20,0.3548133892,0.1258925412,nan,0.12,nan,-315.2892976,-315.2892976,-315.2892976,-15.97091678
jkt_qc20,0.3981071706,0.1584893192,1.311090265,0.12,-207.6980675,-210.5571015,-210.5571015,-210.5571015,-12.68615013
jkt_qc20,0.4466835922,0.1995262315,1.024433924,0.12,-119.5333307,-141.7547446,-141.7547446,-141.7547446,-10.07696724
jkt_qc20,0.5011872336,0.2511886432,0.8486567655,0.12,-74.87375904,-96.23596517,-96.23596517,-96.23596517,-8.004419599
jkt_qc20,0.5623413252,0.316227766,0.7287132855,0.12,-49.30788338,-65.89076033,-65.89076033,-65.89076033,-6.35813649
jkt_qc20,0.6309573445,0.3981071706,0.6410512649,0.12,-33.55578814,-45.49723488,-45.49723488,-45.49723488,-5.050447334
jkt_qc20,0.7079457844,0.5011872336,0.5738463402,0.12,-23.3698057,-31.67685212,-31.67685212,-31.67685212,-4.011712916
jkt_qc20,0.7943282347,0.6309573445,0.5204819781,0.12,-16.55659001,-22.23136689,-22.23136689,-22.23136689,-3.186616839
jkt_qc20,0.8912509381,0.7943282347,0.4769524319,0.12,-11.884973,-15.72128464,-15.72128464,-15.72128464,-2.531219728
jkt_qc20,1,1,0.4406829073,0.12,-8.620847984,-11.19724188,-11.19724188,-11.19724188,-2.010619298
jkt_qc20,1.122018454,1.258925412,0.4099385656,0.12,-6.306271116,-8.028296733,-8.028296733,-8.028296733,-1.597091678
jkt_qc20,1.258925412,1.584893192,0.3835051971,0.12,-4.645500016,-5.791724994,-5.791724994,-5.791724994,-1.268615013
jkt_qc20,1.412537545,1.995262315,0.3605059104,0.12,-3.442282514,-4.201939968,-4.201939968,-4.201939968,-1.007696724
jkt_qc20,1.584893192,2.511886432,0.3402905515,0.12,-2.563530267,-3.064377992,-3.064377992,-3.064377992,-0.8004419599
jkt_qc20,1.77827941,3.16227766,0.3223661761,0.12,-1.917385617,-2.245381696,-2.245381696,-2.245381696,-0.635813649
jkt_qc20,1.995262315,3.981071706,0.3063517722,0.12,-1.439522286,-1.652387207,-1.652387207,-1.652387207,-0.5050447334
jkt_qc20,2.238721139,5.011872336,0.2919478722,0.12,-1.084345835,-1.220788206,-1.220788206,-1.220788206,-0.4011712916
jkt_qc20,2.511886432,6.309573445,0.2789156171,0.12,-0.8192078526,-0.9051559835,-0.9051559835,-0.9051559835,-0.3186616839
jkt_qc20,2.818382931,7.943282347,0.2670619984,0.12,-0.6205262232,-0.673322464,-0.673322464,-0.673322464,-0.2531219728
jkt_qc20,3.16227766,10,0.2562292403,0.12,-0.4711398752,-0.502359656,-0.502359656,-0.502359656,-0.2010619298
jkt_qc20,3.548133892,12.58925412,0.2462870232,0.12,-0.3584793898,-0.3758254638,-0.3758254638,-0.3758254638,-0.1597091678
jkt_qc20,3.981071706,15.84893192,0.237126694,0.12,-0.2732862952,-0.2818620617,-0.2818620617,-0.2818620617,-0.1268615013
jkt_qc20,4.466835922,19.95262315,0.2286568931,0.12,-0.2087069589,-0.2118729282,-0.2118729282,-0.2118729282,-0.1007696724
jkt_qc20,4.999995,24.99995,0.2209563914,0.12,-0.1605272152,-0.1605272363,-0.1605272363,-0.1605272363,-0.08042493278
jkt_qc20,5,25,0.2209563255,0.12,-0.1605268426,-0.1605268426,-0.1605268426,-0.1605268426,-0.08042477193
jkt_qc20,5.000005,25.00005,0.2209562596,0.12,-0.1605264699,-0.1605264488,-0.1605264699,-0.1605264699,-0.08042461108
jkt_qc20,5.011872336,25.11886432,0.2208002066,0.12,-0.1596455905,-0.159595783,-0.1596455905,-0.1596455905,-0.08004419599
jkt_qc20,5.623413252,31.6227766,0.2134905741,0.12,-0.1222985295,-0.1204484955,-0.1222985295,-0.1222985295,-0.0635813649
jkt_qc20,6.309573445,39.81071706,0.2066712571,0.12,-0.0938166431,-0.09106461371,-0.0938166431,-0.0938166431,-0.05050447334
jkt_qc20,7.079457844,50.11872336,0.2002932327,0.12,-0.0720590559,-0.06896155327,-0.0720590559,-0.0720590559,-0.04011712916
jkt_qc20,7.943282347,63.09573445,0.1943139107,0.12,-0.05541250349,-0.05230222344,-0.05541250349,-0.05541250349,-0.03186616839
jkt_qc20,8.912509381,79.43282347,0.1886961003,0.12,-0.04265816265,-0.03972288359,-0.04265816265,-0.04265816265,-0.02531219728
jkt_qc20,10,100,0.183407171,0.12,-0.03287304377,-0.03020822594,-0.03287304377,-0.03287304377,-0.02010619298
jkt_qc20,11.22018454,125.8925412,0.1784183675,0.12,-0.02535668227,-0.02300032168,-0.02535668227,-0.02535668227,-0.01597091678
jkt_qc20,12.58925412,158.4893192,0.1737042443,0.12,-0.01957644083,-0.01753197491,-0.01957644083,-0.01957644083,-0.01268615013
jkt_qc20,14.12537545,199.5262315,0.1692421976,0.12,-0.01512656373,-0.01337775469,-0.01512656373,-0.01512656373,-0.01007696724
jkt_qc20,15.84893192,251.1886432,0.1650120755,0.12,-0.01169743403,-0.01021788823,-0.01169743403,-0.01169743403,-0.008004419599
jkt_qc20,17.7827941,316.227766,0.1609958506,0.12,-0.009052428454,-0.007811550175,-0.009052428454,-0.009052428454,-0.00635813649
jkt_qc20,19.95262315,398.1071706,0.1571773444,0.12,-0.007010448669,-0.005977042881,-0.007010448669,-0.007010448669,-0.005050447334
jkt_qc20,22.38721139,501.1872336,0.1535419937,0.12,-0.005432706605,-0.00457704867,-0.005432706605,-0.005432706605,-0.004011712916
jkt_qc20,25.11886432,630.9573445,0.1500766517,0.12,-0.0042127068,-0.003507627625,-0.0042127068,-0.0042127068,-0.003186616839
jkt_qc20,28.18382931,794.3282347,0.1467694185,0.12,-0.003268637466,-0.002689989892,-0.003268637466,-0.003268637466,-0.002531219728
jkt_qc20,31.6227766,1000,0.1436094947,0.12,-0.002537580704,-0.002064329087,-0.002537580704,-0.002537580704,-0.002010619298
jkt_qc20,35.48133892,1258.925412,0.1405870564,0.12,-0.001971099563,-0.001585190899,-0.001971099563,-0.001971099563,-0.001597091678
jkt_qc20,39.81071706,1584.893192,0.1376931459,0.12,-0.001531869295,-0.001217987985,-0.001531869295,-0.001531869295,-0.001268615013
jkt_qc20,44.66835922,1995.262315,0.1349195775,0.12,-0.001191101999,-0.0009363727495,-0.001191101999,-0.001191101999,-0.001007696724
jkt_qc20,50.11872336,2511.886432,0.1322588554,0.12,-0.0009265751274,-0.0007202534991,-0.0009265751274,-0.0009265751274,-0.0008004419599
jkt_qc20,56.23413252,3162.27766,0.129704102,0.12,-0.0007211203615,-0.000554294097,-0.0007211203615,-0.0007211203615,-0.000635813649
jkt_qc20,63.09573445,3981.071706,0.1272489942,0.12,-0.0005614639766,-0.0004267776132,-0.0005614639766,-0.0005614639766,-0.0005050447334
jkt_qc20,70.79457844,5011.872336,0.1248877087,0.12,-0.0004373359456,-0.0003287444912,-0.0004373359456,-0.0004373359456,-0.0004011712916
jkt_qc20,79.43282347,6309.573445,0.1226148732,0.12,-0.0003407847898,-0.0002533380775,-0.0003407847898,-0.0003407847898,-0.0003186616839
jkt_qc20,89.12509381,7943.282347,0.1204255224,0.12,-0.0002656501388,-0.0001953070249,-0.0002656501388,-0.0002656501388,-0.0002531219728
jkt_qc20,91.18750881,8315.161763,0.1200000185,0.12,-0.0002528336826,-0.0001854759092,-0.0002528336826,-0.0002528336826,-0.0002418015855
jkt_qc20,91.1876,8315.178394,0.12,0.12,-0.0002528331362,-0.0001854754905,-0.0002528331362,-0.0002528331362,-0.0002418011019
jkt_qc20,91.18769119,8315.195024,0.1199999815,0.12,-0.0002528325898,-0.0001854750718,-0.0002528325898,-0.0002528325898,-0.0002418006183
jkt_qc20,100,10000,0.1183150608,0.12,-0.0002071563205,-0.0001506265427,-0.0002071563205,-0.0002071563205,-0.0002010619298
jkt_qc20,112.2018454,12589.25412,0.1162792279,0.12,-0.0001615989338,-0.0001162098023,-0.0001615989338,-0.0001615989338,-0.0001597091678
jkt_qc20,125.8925412,15848.93192,0.1143140683,0.12,-0.0001261029283,-8.968781961e-05,-0.0001261029283,-0.0001261029283,-0.0001268615013
jkt_qc20,141.2537545,19952.62315,0.1124159044,0.12,-9.843573197e-05,-6.924140862e-05,-9.843573197e-05,-9.843573197e-05,-0.0001007696724
jkt_qc20,158.4893192,25118.86432,0.1105813124,0.12,-7.686279051e-05,-5.347277538e-05,-7.686279051e-05,-7.686279051e-05,-8.004419599e-05
jkt_qc20,177.827941,31622.7766,0.1088071006,0.12,-6.003581574e-05,-4.130731902e-05,-6.003581574e-05,-6.003581574e-05,-6.35813649e-05
jkt_qc20,199.5262315,39810.71706,0.1070902898,0.12,-4.690627741e-05,-3.191847499e-05,-4.690627741e-05,-4.690627741e-05,-5.050447334e-05
jkt_qc20,223.8721139,50118.72336,0.1054280957,0.12,-3.665839376e-05,-2.467015081e-05,-3.665839376e-05,-3.665839376e-05,-4.011712916e-05
jkt_qc20,251.1886432,63095.73445,0.1038179133,0.12,-2.865719393e-05,-1.907260511e-05,-2.865719393e-05,-2.865719393e-05,-3.186616839e-05
jkt_qc20,281.8382931,79432.82347,0.1022573023,0.12,-2.240823882e-05,-1.474860806e-05,-2.240823882e-05,-2.240823882e-05,-2.531219728e-05
jkt_qc20,316.227766,100000,0.1007439745,0.12,-1.752636603e-05,-1.140747086e-05,-1.752636603e-05,-1.752636603e-05,-2.010619298e-05
jkt_qc20,354.8133892,125892.5412,0.09927578184,0.12,-1.371142413e-05,-8.825102497e-06,-1.371142413e-05,-1.371142413e-05,-1.597091678e-05
jkt_qc20,398.1071706,158489.3192,0.09785070567,0.12,-1.072942384e-05,-6.8286862e-06,-1.072942384e-05,-1.072942384e-05,-1.268615013e-05
jkt_qc20,446.6835922,199526.2315,0.09646684728,0.12,-8.397889617e-06,-5.284899215e-06,-8.397889617e-06,-8.397889617e-06,-1.007696724e-05
jkt_qc20,501.1872336,251188.6432,0.09512241894,0.12,-6.574470352e-06,-4.090851808e-06,-6.574470352e-06,-6.574470352e-06,-8.004419599e-06
jkt_qc20,562.3413252,316227.766,0.09381573586,0.12,-5.148080103e-06,-3.167114505e-06,-5.148080103e-06,-5.148080103e-06,-6.35813649e-06
jkt_qc20,630.9573445,398107.1706,0.09254520883,0.12,-4.032003816e-06,-2.452349779e-06,-4.032003816e-06,-4.032003816e-06,-5.050447334e-06
jkt_qc20,707.9457844,501187.2336,0.0913093375,0.12,-3.158530032e-06,-1.899177191e-06,-3.158530032e-06,-3.158530032e-06,-4.011712916e-06
jkt_qc20,794.3282347,630957.3445,0.0901067042,0.12,-2.474770696e-06,-1.470987244e-06,-2.474770696e-06,-2.474770696e-06,-3.186616839e-06
jkt_qc20,891.2509381,794328.2347,0.08893596827,0.12,-1.939404274e-06,-1.139485288e-06,-1.939404274e-06,-1.939404274e-06,-2.531219728e-06
jkt_qc20,1000,1000000,0.08779586089,0.12,-1.520137304e-06,-8.827974921e-07,-1.520137304e-06,-1.520137304e-06,-2.010619298e-06
jkt_qc100,0.001,1e-06,nan,0.12,nan,-3.743149939e+12,-3.743149939e+12,-77048.44761,-2010619.298
jkt_qc100,0.001122018454,1.258925412e-06,nan,0.12,nan,-2.361769757e+12,-2.361769757e+12,-77046.45288,-1597091.678
jkt_qc100,0.001258925412,1.584893192e-06,nan,0.12,nan,-1.490177412e+12,-1.490177412e+12,-77043.94181,-1268615.013
jkt_qc100,0.001412537545,1.995262315e-06,nan,0.12,nan,-9.402395256e+11,-9.402395256e+11,-77040.78079,-1007696.724
jkt_qc100,0.001584893192,2.511886432e-06,nan,0.12,nan,-5.932519419e+11,-5.932519419e+11,-77036.80168,-800441.9599
jkt_qc100,0.00177827941,3.16227766e-06,nan,0.12,nan,-3.743173908e+11,-3.743173908e+11,-77031.79286,-635813.649
jkt_qc100,0.001995262315,3.981071706e-06,nan,0.12,nan,-2.361788796e+11,-2.361788796e+11,-77025.48805,-505044.7334
jkt_qc100,0.002238721139,5.011872336e-06,nan,0.12,nan,-1.490192536e+11,-1.490192536e+11,-77017.55224,-401171.2916
jkt_qc100,0.002511886432,6.309573445e-06,nan,0.12,nan,-9.402515385e+10,-9.402515385e+10,-77007.56396,-318661.6839
jkt_qc100,0.002818382931,7.943282347e-06,nan,0.12,nan,-5.93261484e+10,-5.93261484e+10,-76994.99315,-253121.9728
jkt_qc100,0.00316227766,1e-05,nan,0.12,nan,-3.743249704e+10,-3.743249704e+10,-76979.17328,-201061.9298
jkt_qc100,0.003548133892,1.258925412e-05,nan,0.12,nan,-2.361849002e+10,-2.361849002e+10,-76959.26647,-159709.1678
jkt_qc100,0.003981071706,1.584893192e-05,nan,0.12,nan,-1.490240359e+10,-1.490240359e+10,-76934.21993,-126861.5013
jkt_qc100,0.004466835922,1.995262315e-05,nan,0.12,nan,-9402895256,-9402895256,-76902.71137,-100769.6724
jkt_qc100,0.005011872336,2.511886432e-05,nan,0.12,nan,-5932916581,-5932916581,-76863.08112,-80044.19599
jkt_qc100,0.005623413252,3.16227766e-05,nan,0.12,nan,-3743489383,-3743489383,-76813.24763,-63581.3649
jkt_qc100,0.006309573445,3.981071706e-05,nan,0.12,nan,-2362039383,-2362039383,-76750.6028,-50504.47334
jkt_qc100,0.007079457844,5.011872336e-05,nan,0.12,nan,-1490391582,-1490391582,-76671.88276,-40117.12916
jkt_qc100,0.007943282347,6.309573445e-05,nan,0.12,nan,-940409644.1,-940409644.1,-76573.00942,-31866.16839
jkt_qc100,0.008912509381,7.943282347e-05,nan,0.12,nan,-593387069.3,-593387069.3,-76448.89727,-25312.19728
jkt_qc100,0.01,0.0001,nan,0.12,nan,-374424723.9,-374424723.9,-76293.22025,-20106.19298
jkt_qc100,0.01122018454,0.0001258925412,nan,0.12,nan,-236264134.7,-236264134.7,-76098.13371,-15970.91678
jkt_qc100,0.01258925412,0.0001584893192,nan,0.12,nan,-149086971.7,-149086971.7,-75853.94839,-12686.15013
jkt_qc100,0.01412537545,0.0001995262315,nan,0.12,nan,-94078941.73,-94078941.73,-75548.75658,-10076.96724
jkt_qc100,0.01584893192,0.0002511886432,nan,0.12,nan,-59368871.13,-59368871.13,-75168.01722,-8004.419599
jkt_qc100,0.0177827941,0.000316227766,nan,0.12,nan,-37466430.41,-37466430.41,-74694.11707,-6358.13649
jkt_qc100,0.01995262315,0.0003981071706,nan,0.12,nan,-23645441.76,-23645441.76,-74105.94177,-5050.447334
jkt_qc100,0.02238721139,0.0005011872336,nan,0.12,nan,-14923809.62,-14923809.62,-73378.51496,-4011.712916
jkt_qc100,0.02511886432,0.0006309573445,nan,0.12,nan,-9419896.176,-9419896.176,-72482.79713,-3186.616839
jkt_qc100,0.02818382931,0.0007943282347,nan,0.12,nan,-5946418.398,-5946418.398,-71385.77851,-2531.219728
jkt_qc100,0.0316227766,0.001,nan,0.12,nan,-3754211.768,-3754211.768,-70051.04768,-2010.619298
jkt_qc100,0.03548133892,0.001258925412,nan,0.12,nan,-2370553.991,-2370553.991,-68440.05945,-1597.091678
jkt_qc100,0.03981071706,0.001584893192,nan,0.12,nan,-1497152.494,-1497152.494,-66514.33999,-1268.615013
jkt_qc100,0.04466835922,0.001995262315,nan,0.12,nan,-945777.5514,-945777.5514,-64238.82232,-1007.696724
jkt_qc100,0.05011872336,0.002511886432,nan,0.12,nan,-597648.4809,-597648.4809,-61586.3586,-800.4419599
jkt_qc100,0.05623413252,0.00316227766,nan,0.12,nan,-377807.2235,-377807.2235,-58543.175,-635.813649
jkt_qc100,0.06309573445,0.003981071706,nan,0.12,nan,-238948.501,-238948.501,-55114.62503,-505.0447334
jkt_qc100,0.07079457844,0.005011872336,nan,0.12,nan,-151216.8046,-151216.8046,-51330.14105,-401.1712916
jkt_qc100,0.07943282347,0.006309573445,nan,0.12,nan,-95768.31039,-95768.31039,-47245.96429,-318.6616839
jkt_qc100,0.08912509381,0.007943282347,nan,0.12,nan,-60708.38788,-60708.38788,-42944.29021,-253.1219728
jkt_qc100,0.0999999,0.00999998,nan,0.12,nan,-38528.22817,-38528.22817,-38528.11475,-201.062332
jkt_qc100,0.1,0.01,nan,0.12,nan,-38528.07622,-38528.07622,-38528.07622,-201.0619298
jkt_qc100,0.1000001,0.01000002,nan,0.12,nan,-38527.92428,-38527.92428,-38527.92428,-201.0615277
jkt_qc100,0.1122018454,0.01258925412,nan,0.12,nan,-24486.3992,-24486.3992,-24486.3992,-159.7091678
jkt_qc100,0.1258925412,0.01584893192,nan,0.12,nan,-15589.50761,-15589.50761,-15589.50761,-126.8615013
jkt_qc100,0.1412537545,0.01995262315,nan,0.12,nan,-9946.428672,-9946.428672,-9946.428672,-100.7696724
jkt_qc100,0.1584893192,0.02511886432,nan,0.12,nan,-6362.465632,-6362.465632,-6362.465632,-80.04419599
jkt_qc100,0.177827941,0.0316227766,nan,0.12,nan,-4082.566344,-4082.566344,-4082.566344,-63.5813649
jkt_qc100,0.1995262315,0.03981071706,nan,0.12,nan,-2629.332935,-2629.332935,-2629.332935,-50.50447334
jkt_qc100,0.2238721139,0.05011872336,nan,0.12,nan,-1700.759702,-1700.759702,-1700.759702,-40.11712916
jkt_qc100,0.2511886432,0.06309573445,nan,0.12,nan,-1105.667769,-1105.667769,-1105.667769,-31.86616839
jkt_qc100,0.2818382931,0.07943282347,nan,0.12,nan,-722.9334393,-722.9334393,-722.9334393,-25.31219728
jkt_qc100,0.316227766,0.1,nan,0.12,nan,-475.7362425,-475.7362425,-475.7362425,-20.10619298
jkt_qc100,0.3548133892,0.1258925412,nan,0.12,nan,-315.2892976,-315.2892976,-315.2892976,-15.97091678
jkt_qc100,0.3981071706,0.1584893192,1.311090265,0.12,-207.6980675,-210.5571015,-210.5571015,-210.5571015,-12.68615013
jkt_qc100,0.4466835922,0.1995262315,1.024433924,0.12,-119.5333307,-141.7547446,-141.7547446,-141.7547446,-10.07696724
jkt_qc100,0.5011872336,0.2511886432,0.8486567655,0.12,-74.87375904,-96.23596517,-96.23596517,-96.23596517,-8.004419599
jkt_qc100,0.5623413252,0.316227766,0.7287132855,0.12,-49.30788338,-65.89076033,-65.89076033,-65.89076033,-6.35813649
jkt_qc100,0.6309573445,0.3981071706,0.6410512649,0.12,-33.55578814,-45.49723488,-45.49723488,-45.49723488,-5.050447334
jkt_qc100,0.7079457844,0.5011872336,0.5738463402,0.12,-23.3698057,-31.67685212,-31.67685212,-31.67685212,-4.011712916
jkt_qc100,0.7943282347,0.6309573445,0.5204819781,0.12,-16.55659001,-22.23136689,-22.23136689,-22.23136689,-3.186616839
jkt_qc100,0.8912509381,0.7943282347,0.4769524319,0.12,-11.884973,-15.72128464,-15.72128464,-15.72128464,-2.531219728
jkt_qc100,1,1,0.4406829073,0.12,-8.620847984,-11.19724188,-11.19724188,-11.19724188,-2.010619298
jkt_qc100,1.122018454,1.258925412,0.4099385656,0.12,-6.306271116,-8.028296733,-8.028296733,-8.028296733,-1.597091678
jkt_qc100,1.258925412,1.584893192,0.3835051971,0.12,-4.645500016,-5.791724994,-5.791724994,-5.791724994,-1.268615013
jkt_qc100,1.412537545,1.995262315,0.3605059104,0.12,-3.442282514,-4.201939968,-4.201939968,-4.201939968,-1.007696724
jkt_qc100,1.584893192,2.511886432,0.3402905515,0.12,-2.563530267,-3.064377992,-3.064377992,-3.064377992,-0.8004419599
jkt_qc100,1.77827941,3.16227766,0.3223661761,0.12,-1.917385617,-2.245381696,-2.245381696,-2.245381696,-0.635813649
jkt_qc100,1.995262315,3.981071706,0.3063517722,0.12,-1.439522286,-1.652387207,-1.652387207,-1.652387207,-0.5050447334
jkt_qc100,2.238721139,5.011872336,0.2919478722,0.12,-1.084345835,-1.220788206,-1.220788206,-1.220788206,-0.4011712916
jkt_qc100,2.511886432,6.309573445,0.2789156171,0.12,-0.8192078526,-0.9051559835,-0.9051559835,-0.9051559835,-0.3186616839
jkt_qc100,2.818382931,7.943282347,0.2670619984,0.12,-0.6205262232,-0.673322464,-0.673322464,-0.673322464,-0.2531219728
jkt_qc100,3.16227766,10,0.2562292403,0.12,-0.4711398752,-0.502359656,-0.502359656,-0.502359656,-0.2010619298
jkt_qc100,3.548133892,12.58925412,0.2462870232,0.12,-0.3584793898,-0.3758254638,-0.3758254638,-0.3758254638,-0.1597091678
jkt_qc100,3.981071706,15.84893192,0.237126694,0.12,-0.2732862952,-0.2818620617,-0.2818620617,-0.2818620617,-0.1268615013
jkt_qc100,4.466835922,19.95262315,0.2286568931,0.12,-0.2087069589,-0.2118729282,-0.2118729282,-0.2118729282,-0.1007696724
jkt_qc100,4.999995,24.99995,0.2209563914,0.12,-0.1605272152,-0.1605272363,-0.1605272363,-0.1605272363,-0.08042493278
jkt_qc100,5,25,0.2209563255,0.12,-0.1605268426,-0.1605268426,-0.1605268426,-0.1605268426,-0.08042477193
jkt_qc100,5.000005,25.00005,0.2209562596,0.12,-0.1605264699,-0.1605264488,-0.1605264699,-0.1605264699,-0.08042461108
jkt_qc100,5.011872336,25.11886432,0.2208002066,0.12,-0.1596455905,-0.159595783,-0.1596455905,-0.1596455905,-0.08004419599
jkt_qc100,5.623413252,31.6227766,0.2134905741,0.12,-0.1222985295,-0.1204484955,-0.1222985295,-0.1222985295,-0.0635813649
jkt_qc100,6.309573445,39.81071706,0.2066712571,0.12,-0.0938166431,-0.09106461371,-0.0938166431,-0.0938166431,-0.05050447334
jkt_qc100,7.079457844,50.11872336,0.2002932327,0.12,-0.0720590559,-0.06896155327,-0.0720590559,-0.0720590559,-0.04011712916
jkt_qc100,7.943282347,63.09573445,0.1943139107,0.12,-0.05541250349,-0.05230222344,-0.05541250349,-0.05541250349,-0.03186616839
jkt_qc100,8.912509381,79.43282347,0.1886961003,0.12,-0.04265816265,-0.03972288359,-0.04265816265,-0.04265816265,-0.02531219728
jkt_qc100,10,100,0.183407171,0.12,-0.03287304377,-0.03020822594,-0.03287304377,-0.03287304377,-0.02010619298
jkt_qc100,11.22018454,125.8925412,0.1784183675,0.12,-0.02535668227,-0.02300032168,-0.02535668227,-0.02535668227,-0.01597091678
jkt_qc100,12.58925412,158.4893192,0.1737042443,0.12,-0.01957644083,-0.01753197491,-0.01957644083,-0.01957644083,-0.01268615013
jkt_qc100,14.12537545,199.5262315,0.1692421976,0.12,-0.01512656373,-0.01337775469,-0.01512656373,-0.01512656373,-0.01007696724
jkt_qc100,15.84893192,251.1886432,0.1650120755,0.12,-0.01169743403,-0.01021788823,-0.01169743403,-0.01169743403,-0.008004419599
jkt_qc100,17.7827941,316.227766,0.1609958506,0.12,-0.009052428454,-0.007811550175,-0.009052428454,-0.009052428454,-0.00635813649
jkt_qc100,19.95262315,398.1071706,0.1571773444,0.12,-0.007010448669,-0.005977042881,-0.007010448669,-0.007010448669,-0.005050447334
jkt_qc100,22.38721139,501.1872336,0.1535419937,0.12,-0.005432706605,-0.00457704867,-0.005432706605,-0.005432706605,-0.004011712916
jkt_qc100,25.11886432,630.9573445,0.1500766517,0.12,-0.0042127068,-0.003507627625,-0.0042127068,-0.0042127068,-0.003186616839
jkt_qc100,28.18382931,794.3282347,0.1467694185,0.12,-0.003268637466,-0.002689989892,-0.003268637466,-0.003268637466,-0.002531219728
jkt_qc100,31.6227766,1000,0.1436094947,0.12,-0.002537580704,-0.002064329087,-0.002537580704,-0.002537580704,-0.002010619298
jkt_qc100,35.48133892,1258.925412,0.1405870564,0.12,-0.001971099563,-0.001585190899,-0.001971099563,-0.001971099563,-0.001597091678
jkt_qc100,39.81071706,1584.893192,0.1376931459,0.12,-0.001531869295,-0.001217987985,-0.001531869295,-0.001531869295,-0.001268615013
jkt_qc100,44.66835922,1995.262315,0.1349195775,0.12,-0.001191101999,-0.0009363727495,-0.001191101999,-0.001191101999,-0.001007696724
jkt_qc100,50.11872336,2511.886432,0.1322588554,0.12,-0.0009265751274,-0.0007202534991,-0.0009265751274,-0.0009265751274,-0.0008004419599
jkt_qc100,56.23413252,3162.27766,0.129704102,0.12,-0.0007211203615,-0.000554294097,-0.0007211203615,-0.0007211203615,-0.000635813649
jkt_qc100,63.09573445,3981.071706,0.1272489942,0.12,-0.0005614639766,-0.0004267776132,-0.0005614639766,-0.0005614639766,-0.0005050447334
jkt_qc100,70.79457844,5011.872336,0.1248877087,0.12,-0.0004373359456,-0.0003287444912,-0.0004373359456,-0.0004373359456,-0.0004011712916
jkt_qc100,79.43282347,6309.573445,0.1226148732,0.12,-0.0003407847898,-0.0002533380775,-0.0003407847898,-0.0003407847898,-0.0003186616839
jkt_qc100,89.12509381,7943.282347,0.1204255224,0.12,-0.0002656501388,-0.0001953070249,-0.0002656501388,-0.0002656501388,-0.0002531219728
jkt_qc100,91.18750881,8315.161763,0.1200000185,0.12,-0.0002528336826,-0.0001854759092,-0.0002528336826,-0.0002528336826,-0.0002418015855
jkt_qc100,91.1876,8315.178394,0.12,0.12,-0.0002528331362,-0.0001854754905,-0.0002528331362,-0.0002528331362,-0.0002418011019
jkt_qc100,91.18769119,8315.195024,0.1199999815,0.12,-0.0002528325898,-0.0001854750718,-0.0002528325898,-0.0002528325898,-0.0002418006183
jkt_qc100,100,10000,0.1183150608,0.12,-0.0002071563205,-0.0001506265427,-0.0002071563205,-0.0002071563205,-0.0002010619298
jkt_qc100,112.2018454,12589.25412,0.1162792279,0.12,-0.0001615989338,-0.0001162098023,-0.0001615989338,-0.0001615989338,-0.0001597091678
jkt_qc100,125.8925412,15848.93192,0.1143140683,0.12,-0.0001261029283,-8.968781961e-05,-0.0001261029283,-0.0001261029283,-0.0001268615013
jkt_qc100,141.2537545,19952.62315,0.1124159044,0.12,-9.843573197e-05,-6.924140862e-05,-9.843573197e-05,-9.843573197e-05,-0.0001007696724
jkt_qc100,158.4893192,25118.86432,0.1105813124,0.12,-7.686279051e-05,-5.347277538e-05,-7.686279051e-05,-7.686279051e-05,-8.004419599e-05
jkt_qc100,177.827941,31622.7766,0.1088071006,0.12,-6.003581574e-05,-4.130731902e-05,-6.003581574e-05,-6.003581574e-05,-6.35813649e-05
jkt_qc100,199.5262315,39810.71706,0.1070902898,0.12,-4.690627741e-05,-3.191847499e-05,-4.690627741e-05,-4.690627741e-05,-5.050447334e-05
jkt_qc100,223.8721139,50118.72336,0.1054280957,0.12,-3.665839376e-05,-2.467015081e-05,-3.665839376e-05,-3.665839376e-05,-4.011712916e-05
jkt_qc100,251.1886432,63095.73445,0.1038179133,0.12,-2.865719393e-05,-1.907260511e-05,-2.865719393e-05,-2.865719393e-05,-3.186616839e-05
jkt_qc100,281.8382931,79432.82347,0.1022573023,0.12,-2.240823882e-05,-1.474860806e-05,-2.240823882e-05,-2.240823882e-05,-2.531219728e-05
jkt_qc100,316.227766,100000,0.1007439745,0.12,-1.752636603e-05,-1.140747086e-05,-1.752636603e-05,-1.752636603e-05,-2.010619298e-05
jkt_qc100,354.8133892,125892.5412,0.09927578184,0.12,-1.371142413e-05,-8.825102497e-06,-1.371142413e-05,-1.371142413e-05,-1.597091678e-05
jkt_qc100,398.1071706,158489.3192,0.09785070567,0.12,-1.072942384e-05,-6.8286862e-06,-1.072942384e-05,-1.072942384e-05,-1.268615013e-05
jkt_qc100,446.6835922,199526.2315,0.09646684728,0.12,-8.397889617e-06,-5.284899215e-06,-8.397889617e-06,-8.397889617e-06,-1.007696724e-05
jkt_qc100,501.1872336,251188.6432,0.09512241894,0.12,-6.574470352e-06,-4.090851808e-06,-6.574470352e-06,-6.574470352e-06,-8.004419599e-06
jkt_qc100,562.3413252,316227.766,0.09381573586,0.12,-5.148080103e-06,-3.167114505e-06,-5.148080103e-06,-5.148080103e-06,-6.35813649e-06
jkt_qc100,630.9573445,398107.1706,0.09254520883,0.12,-4.032003816e-06,-2.452349779e-06,-4.032003816e-06,-4.032003816e-06,-5.050447334e-06
jkt_qc100,707.9457844,501187.2336,0.0913093375,0.12,-3.158530032e-06,-1.899177191e-06,-3.158530032e-06,-3.158530032e-06,-4.011712916e-06
jkt_qc100,794.3282347,630957.3445,0.0901067042,0.12,-2.474770696e-06,-1.470987244e-06,-2.474770696e-06,-2.474770696e-06,-3.186616839e-06
jkt_qc100,891.2509381,794328.2347,0.08893596827,0.12,-1.939404274e-06,-1.139485288e-06,-1.939404274e-06,-1.939404274e-06,-2.531219728e-06
jkt_qc100,1000,1000000,0.08779586089,0.12,-1.520137304e-06,-8.827974921e-07,-1.520137304e-06,-1.520137304e-06,-2.010619298e-06
jkt_qc200,0.001,1e-06,nan,0.12,nan,-3.743149939e+12,-3.743149939e+12,-5211.312843,-2010619.298
jkt_qc200,0.001122018454,1.258925412e-06,nan,0.12,nan,-2.361769757e+12,-2.361769757e+12,-5211.27911,-1597091.678
jkt_qc200,0.001258925412,1.584893192e-06,nan,0.12,nan,-1.490177412e+12,-1.490177412e+12,-5211.236644,-1268615.013
jkt_qc200,0.001412537545,1.995262315e-06,nan,0.12,nan,-9.402395256e+11,-9.402395256e+11,-5211.183184,-1007696.724
jkt_qc200,0.001584893192,2.511886432e-06,nan,0.12,nan,-5.932519419e+11,-5.932519419e+11,-5211.115882,-800441.9599
jkt_qc200,0.00177827941,3.16227766e-06,nan,0.12,nan,-3.743173908e+11,-3.743173908e+11,-5211.031157,-635813.649
jkt_qc200,0.001995262315,3.981071706e-06,nan,0.12,nan,-2.361788796e+11,-2.361788796e+11,-5210.924499,-505044.7334
jkt_qc200,0.002238721139,5.011872336e-06,nan,0.12,nan,-1.490192536e+11,-1.490192536e+11,-5210.79023,-401171.2916
jkt_qc200,0.002511886432,6.309573445e-06,nan,0.12,nan,-9.402515385e+10,-9.402515385e+10,-5210.621206,-318661.6839
jkt_qc200,0.002818382931,7.943282347e-06,nan,0.12,nan,-5.93261484e+10,-5.93261484e+10,-5210.408432,-253121.9728
jkt_qc200,0.00316227766,1e-05,nan,0.12,nan,-3.743249704e+10,-3.743249704e+10,-5210.14059,-201061.9298
jkt_qc200,0.003548133892,1.258925412e-05,nan,0.12,nan,-2.361849002e+10,-2.361849002e+10,-5209.803437,-159709.1678
jkt_qc200,0.003981071706,1.584893192e-05,nan,0.12,nan,-1.490240359e+10,-1.490240359e+10,-5209.379048,-126861.5013
jkt_qc200,0.004466835922,1.995262315e-05,nan,0.12,nan,-9402895256,-9402895256,-5208.844873,-100769.6724
jkt_qc200,0.005011872336,2.511886432e-05,nan,0.12,nan,-5932916581,-5932916581,-5208.172541,-80044.19599
jkt_qc200,0.005623413252,3.16227766e-05,nan,0.12,nan,-3743489383,-3743489383,-5207.326373,-63581.3649
jkt_qc200,0.006309573445,3.981071706e-05,nan,0.12,nan,-2362039383,-2362039383,-5206.2615,-50504.47334
jkt_qc200,0.007079457844,5.011872336e-05,nan,0.12,nan,-1490391582,-1490391582,-5204.921525,-40117.12916
jkt_qc200,0.007943282347,6.309573445e-05,nan,0.12,nan,-940409644.1,-940409644.1,-5203.235576,-31866.16839
jkt_qc200,0.008912509381,7.943282347e-05,nan,0.12,nan,-593387069.3,-593387069.3,-5201.114645,-25312.19728
jkt_qc200,0.01,0.0001,nan,0.12,nan,-374424723.9,-374424723.9,-5198.447008,-20106.19298
jkt_qc200,0.01122018454,0.0001258925412,nan,0.12,nan,-236264134.7,-236264134.7,-5195.092541,-15970.91678
jkt_qc200,0.01258925412,0.0001584893192,nan,0.12,nan,-149086971.7,-149086971.7,-5190.875667,-12686.15013
jkt_qc200,0.01412537545,0.0001995262315,nan,0.12,nan,-94078941.73,-94078941.73,-5185.576661,-10076.96724
jkt_qc200,0.01584893192,0.0002511886432,nan,0.12,nan,-59368871.13,-59368871.13,-5178.920972,-8004.419599
jkt_qc200,0.0177827941,0.000316227766,nan,0.12,nan,-37466430.41,-37466430.41,-5170.566211,-6358.13649
jkt_qc200,0.01995262315,0.0003981071706,nan,0.12,nan,-23645441.76,-23645441.76,-5160.08644,-5050.447334
jkt_qc200,0.02238721139,0.0005011872336,nan,0.12,nan,-14923809.62,-14923809.62,-5146.953442,-4011.712916
jkt_qc200,0.02511886432,0.0006309573445,nan,0.12,nan,-9419896.176,-9419896.176,-5130.514727,-3186.616839
jkt_qc200,0.02818382931,0.0007943282347,nan,0.12,nan,-5946418.398,-5946418.398,-5109.968323,-2531.219728
jkt_qc200,0.0316227766,0.001,nan,0.12,nan,-3754211.768,-3754211.768,-5084.334757,-2010.619298
jkt_qc200,0.03548133892,0.001258925412,nan,0.12,nan,-2370553.991,-2370553.991,-5052.427395,-1597.091678
jkt_qc200,0.03981071706,0.001584893192,nan,0.12,nan,-1497152.494,-1497152.494,-5012.823384,-1268.615013
jkt_qc200,0.04466835922,0.001995262315,nan,0.12,nan,-945777.5514,-945777.5514,-4963.839098,-1007.696724
jkt_qc200,0.05011872336,0.002511886432,nan,0.12,nan,-597648.4809,-597648.4809,-4903.516229,-800.4419599
jkt_qc200,0.05623413252,0.00316227766,nan,0.12,nan,-377807.2235,-377807.2235,-4829.627543,-635.813649
jkt_qc200,0.06309573445,0.003981071706,nan,0.12,nan,-238948.501,-238948.501,-4739.714539,-505.0447334
jkt_qc200,0.07079457844,0.005011872336,nan,0.12,nan,-151216.8046,-151216.8046,-4631.172049,-401.1712916
jkt_qc200,0.07943282347,0.006309573445,nan,0.12,nan,-95768.31039,-95768.31039,-4501.395921,-318.6616839
jkt_qc200,0.08912509381,0.007943282347,nan,0.12,nan,-60708.38788,-60708.38788,-4348.006954,-253.1219728
jkt_qc200,0.1,0.01,nan,0.12,nan,-38528.07622,-38528.07622,-4169.1545,-201.0619298
jkt_qc200,0.1122018454,0.01258925412,nan,0.12,nan,-24486.3992,-24486.3992,-3963.884419,-159.7091678
jkt_qc200,0.1258925412,0.01584893192,nan,0.12,nan,-15589.50761,-15589.50761,-3732.528409,-126.8615013
jkt_qc200,0.1412537545,0.01995262315,nan,0.12,nan,-9946.428672,-9946.428672,-3477.040938,-100.7696724
jkt_qc200,0.1584893192,0.02511886432,nan,0.12,nan,-6362.465632,-6362.465632,-3201.187969,-80.04419599
jkt_qc200,0.177827941,0.0316227766,nan,0.12,nan,-4082.566344,-4082.566344,-2910.494886,-63.5813649
jkt_qc200,0.1995262315,0.03981071706,nan,0.12,nan,-2629.332935,-2629.332935,-2611.901418,-50.50447334
jkt_qc200,0.1999998,0.03999992,nan,0.12,nan,-2605.731473,-2605.731473,-2605.724169,-50.26558299
jkt_qc200,0.2,0.04,nan,0.12,nan,-2605.721563,-2605.721563,-2605.721563,-50.26548246
jkt_qc200,0.2000002,0.04000008,nan,0.12,nan,-2605.711653,-2605.711653,-2605.711653,-50.26538193
jkt_qc200,0.2238721139,0.05011872336,nan,0.12,nan,-1700.759702,-1700.759702,-1700.759702,-40.11712916
jkt_qc200,0.2511886432,0.06309573445,nan,0.12,nan,-1105.667769,-1105.667769,-1105.667769,-31.86616839
jkt_qc200,0.2818382931,0.07943282347,nan,0.12,nan,-722.9334393,-722.9334393,-722.9334393,-25.31219728
jkt_qc200,0.316227766,0.1,nan,0.12,nan,-475.7362425,-475.7362425,-475.7362425,-20.10619298
jkt_qc200,0.3548133892,0.1258925412,nan,0.12,nan,-315.2892976,-315.2892976,-315.2892976,-15.97091678
jkt_qc200,0.3981071706,0.1584893192,1.311090265,0.12,-207.6980675,-210.5571015,-210.5571015,-210.5571015,-12.68615013
jkt_qc200,0.4466835922,0.1995262315,1.024433924,0.12,-119.5333307,-141.7547446,-141.7547446,-141.7547446,-10.07696724
jkt_qc200,0.5011872336,0.2511886432,0.8486567655,0.12,-74.87375904,-96.23596517,-96.23596517,-96.23596517,-8.004419599
jkt_qc200,0.5623413252,0.316227766,0.7287132855,0.12,-49.30788338,-65.89076033,-65.89076033,-65.89076033,-6.35813649
jkt_qc200,0.6309573445,0.3981071706,0.6410512649,0.12,-33.55578814,-45.49723488,-45.49723488,-45.49723488,-5.050447334
jkt_qc200,0.7079457844,0.5011872336,0.5738463402,0.12,-23.3698057,-31.67685212,-31.67685212,-31.67685212,-4.011712916
jkt_qc200,0.7943282347,0.6309573445,0.5204819781,0.12,-16.55659001,-22.23136689,-22.23136689,-22.23136689,-3.186616839
jkt_qc200,0.8912509381,0.7943282347,0.4769524319,0.12,-11.884973,-15.72128464,-15.72128464,-15.72128464,-2.531219728
jkt_qc200,1,1,0.4406829073,0.12,-8.620847984,-11.19724188,-11.19724188,-11.19724188,-2.010619298
jkt_qc200,1.122018454,1.258925412,0.4099385656,0.12,-6.306271116,-8.028296733,-8.028296733,-8.028296733,-1.597091678
jkt_qc200,1.258925412,1.584893192,0.3835051971,0.12,-4.645500016,-5.791724994,-5.791724994,-5.791724994,-1.268615013
jkt_qc200,1.412537545,1.995262315,0.3605059104,0.12,-3.442282514,-4.201939968,-4.201939968,-4.201939968,-1.007696724
jkt_qc200,1.584893192,2.511886432,0.3402905515,0.12,-2.563530267,-3.064377992,-3.064377992,-3.064377992,-0.8004419599
jkt_qc200,1.77827941,3.16227766,0.3223661761,0.12,-1.917385617,-2.245381696,-2.245381696,-2.245381696,-0.635813649
jkt_qc200,1.995262315,3.981071706,0.3063517722,0.12,-1.439522286,-1.652387207,-1.652387207,-1.652387207,-0.5050447334
jkt_qc200,2.238721139,5.011872336,0.2919478722,0.12,-1.084345835,-1.220788206,-1.220788206,-1.220788206,-0.4011712916
jkt_qc200,2.511886432,6.309573445,0.2789156171,0.12,-0.8192078526,-0.9051559835,-0.9051559835,-0.9051559835,-0.3186616839
jkt_qc200,2.818382931,7.943282347,0.2670619984,0.12,-0.6205262232,-0.673322464,-0.673322464,-0.673322464,-0.2531219728
jkt_qc200,3.16227766,10,0.2562292403,0.12,-0.4711398752,-0.502359656,-0.502359656,-0.502359656,-0.2010619298
jkt_qc200,3.548133892,12.58925412,0.2462870232,0.12,-0.3584793898,-0.3758254638,-0.3758254638,-0.3758254638,-0.1597091678
jkt_qc200,3.981071706,15.84893192,0.237126694,0.12,-0.2732862952,-0.2818620617,-0.2818620617,-0.2818620617,-0.1268615013
jkt_qc200,4.466835922,19.95262315,0.2286568931,0.12,-0.2087069589,-0.2118729282,-0.2118729282,-0.2118729282,-0.1007696724
jkt_qc200,4.999995,24.99995,0.2209563914,0.12,-0.1605272152,-0.1605272363,-0.1605272363,-0.1605272363,-0.08042493278
jkt_qc200,5,25,0.2209563255,0.12,-0.1605268426,-0.1605268426,-0.1605268426,-0.1605268426,-0.08042477193
jkt_qc200,5.000005,25.00005,0.2209562596,0.12,-0.1605264699,-0.1605264488,-0.1605264699,-0.1605264699,-0.08042461108
jkt_qc200,5.011872336,25.11886432,0.2208002066,0.12,-0.1596455905,-0.159595783,-0.1596455905,-0.1596455905,-0.08004419599
jkt_qc200,5.623413252,31.6227766,0.2134905741,0.12,-0.1222985295,-0.1204484955,-0.1222985295,-0.1222985295,-0.0635813649
jkt_qc200,6.309573445,39.81071706,0.2066712571,0.12,-0.0938166431,-0.09106461371,-0.0938166431,-0.0938166431,-0.05050447334
jkt_qc200,7.079457844,50.11872336,0.2002932327,0.12,-0.0720590559,-0.06896155327,-0.0720590559,-0.0720590559,-0.04011712916
jkt_qc200,7.943282347,63.09573445,0.1943139107,0.12,-0.05541250349,-0.05230222344,-0.05541250349,-0.05541250349,-0.03186616839
jkt_qc200,8.912509381,79.43282347,0.1886961003,0.12,-0.04265816265,-0.03972288359,-0.04265816265,-0.04265816265,-0.02531219728
jkt_qc200,10,100,0.183407171,0.12,-0.03287304377,-0.03020822594,-0.03287304377,-0.03287304377,-0.02010619298
jkt_qc200,11.22018454,125.8925412,0.1784183675,0.12,-0.02535668227,-0.02300032168,-0.02535668227,-0.02535668227,-0.01597091678
jkt_qc200,12.58925412,158.4893192,0.1737042443,0.12,-0.01957644083,-0.01753197491,-0.01957644083,-0.01957644083,-0.01268615013
jkt_qc200,14.12537545,199.5262315,0.1692421976,0.12,-0.01512656373,-0.01337775469,-0.01512656373,-0.01512656373,-0.01007696724
jkt_qc200,15.84893192,251.1886432,0.1650120755,0.12,-0.01169743403,-0.01021788823,-0.01169743403,-0.01169743403,-0.008004419599
jkt_qc200,17.7827941,316.227766,0.1609958506,0.12,-0.009052428454,-0.007811550175,-0.009052428454,-0.009052428454,-0.00635813649
jkt_qc200,19.95262315,398.1071706,0.1571773444,0.12,-0.007010448669,-0.005977042881,-0.007010448669,-0.007010448669,-0.005050447334
jkt_qc200,22.38721139,501.1872336,0.1535419937,0.12,-0.005432706605,-0.00457704867,-0.005432706605,-0.005432706605,-0.004011712916
jkt_qc200,25.11886432,630.9573445,0.1500766517,0.12,-0.0042127068,-0.003507627625,-0.0042127068,-0.0042127068,-0.003186616839
jkt_qc200,28.18382931,794.3282347,0.1467694185,0.12,-0.003268637466,-0.002689989892,-0.003268637466,-0.003268637466,-0.002531219728
jkt_qc200,31.6227766,1000,0.1436094947,0.12,-0.002537580704,-0.002064329087,-0.002537580704,-0.002537580704,-0.002010619298
jkt_qc200,35.48133892,1258.925412,0.1405870564,0.12,-0.001971099563,-0.001585190899,-0.001971099563,-0.001971099563,-0.001597091678
jkt_qc200,39.81071706,1584.893192,0.1376931459,0.12,-0.001531869295,-0.001217987985,-0.001531869295,-0.001531869295,-0.001268615013
jkt_qc200,44.66835922,1995.262315,0.1349195775,0.12,-0.001191101999,-0.0009363727495,-0.001191101999,-0.001191101999,-0.001007696724
jkt_qc200,50.11872336,2511.886432,0.1322588554,0.12,-0.0009265751274,-0.0007202534991,-0.0009265751274,-0.0009265751274,-0.0008004419599
jkt_qc200,56.23413252,3162.27766,0.129704102,0.12,-0.0007211203615,-0.000554294097,-0.0007211203615,-0.0007211203615,-0.000635813649
jkt_qc200,63.09573445,3981.071706,0.1272489942,0.12,-0.0005614639766,-0.0004267776132,-0.0005614639766,-0.0005614639766,-0.0005050447334
jkt_qc200,70.79457844,5011.872336,0.1248877087,0.12,-0.0004373359456,-0.0003287444912,-0.0004373359456,-0.0004373359456,-0.0004011712916
jkt_qc200,79.43282347,6309.573445,0.1226148732,0.12,-0.0003407847898,-0.0002533380775,-0.0003407847898,-0.0003407847898,-0.0003186616839
jkt_qc200,89.12509381,7943.282347,0.1204255224,0.12,-0.0002656501388,-0.0001953070249,-0.0002656501388,-0.0002656501388,-0.0002531219728
jkt_qc200,91.18750881,8315.161763,0.1200000185,0.12,-0.0002528336826,-0.0001854759092,-0.0002528336826,-0.0002528336826,-0.0002418015855
jkt_qc200,91.1876,8315.178394,0.12,0.12,-0.0002528331362,-0.0001854754905,-0.0002528331362,-0.0002528331362,-0.0002418011019
jkt_qc200,91.18769119,8315.195024,0.1199999815,0.12,-0.0002528325898,-0.0001854750718,-0.0002528325898,-0.0002528325898,-0.0002418006183
jkt_qc200,100,10000,0.1183150608,0.12,-0.0002071563205,-0.0001506265427,-0.0002071563205,-0.0002071563205,-0.0002010619298
jkt_qc200,112.2018454,12589.25412,0.1162792279,0.12,-0.0001615989338,-0.0001162098023,-0.0001615989338,-0.0001615989338,-0.0001597091678
jkt_qc200,125.8925412,15848.93192,0.1143140683,0.12,-0.0001261029283,-8.968781961e-05,-0.0001261029283,-0.0001261029283,-0.0001268615013
jkt_qc200,141.2537545,19952.62315,0.1124159044,0.12,-9.843573197e-05,-6.924140862e-05,-9.843573197e-05,-9.843573197e-05,-0.0001007696724
jkt_qc200,158.4893192,25118.86432,0.1105813124,0.12,-7.686279051e-05,-5.347277538e-05,-7.686279051e-05,-7.686279051e-05,-8.004419599e-05
jkt_qc200,177.827941,31622.7766,0.1088071006,0.12,-6.003581574e-05,-4.130731902e-05,-6.003581574e-05,-6.003581574e-05,-6.35813649e-05
jkt_qc200,199.5262315,39810.71706,0.1070902898,0.12,-4.690627741e-05,-3.191847499e-05,-4.690627741e-05,-4.690627741e-05,-5.050447334e-05
jkt_qc200,223.8721139,50118.72336,0.1054280957,0.12,-3.665839376e-05,-2.467015081e-05,-3.665839376e-05,-3.665839376e-05,-4.011712916e-05
jkt_qc200,251.1886432,63095.73445,0.1038179133,0.12,-2.865719393e-05,-1.907260511e-05,-2.865719393e-05,-2.865719393e-05,-3.186616839e-05
jkt_qc200,281.8382931,79432.82347,0.1022573023,0.12,-2.240823882e-05,-1.474860806e-05,-2.240823882e-05,-2.240823882e-05,-2.531219728e-05
jkt_qc200,316.227766,100000,0.1007439745,0.12,-1.752636603e-05,-1.140747086e-05,-1.752636603e-05,-1.752636603e-05,-2.010619298e-05
jkt_qc200,354.8133892,125892.5412,0.09927578184,0.12,-1.371142413e-05,-8.825102497e-06,-1.371142413e-05,-1.371142413e-05,-1.597091678e-05
jkt_qc200,398.1071706,158489.3192,0.09785070567,0.12,-1.072942384e-05,-6.8286862e-06,-1.072942384e-05,-1.072942384e-05,-1.268615013e-05
jkt_qc200,446.6835922,199526.2315,0.09646684728,0.12,-8.397889617e-06,-5.284899215e-06,-8.397889617e-06,-8.397889617e-06,-1.007696724e-05
jkt_qc200,501.1872336,251188.6432,0.09512241894,0.12,-6.574470352e-06,-4.090851808e-06,-6.574470352e-06,-6.574470352e-06,-8.004419599e-06
jkt_qc200,562.3413252,316227.766,0.09381573586,0.12,-5.148080103e-06,-3.167114505e-06,-5.148080103e-06,-5.148080103e-06,-6.35813649e-06
jkt_qc200,630.9573445,398107.1706,0.09254520883,0.12,-4.032003816e-06,-2.452349779e-06,-4.032003816e-06,-4.032003816e-06,-5.050447334e-06
jkt_qc200,707.9457844,501187.2336,0.0913093375,0.12,-3.158530032e-06,-1.899177191e-06,-3.158530032e-06,-3.158530032e-06,-4.011712916e-06
jkt_qc200,794.3282347,630957.3445,0.0901067042,0.12,-2.474770696e-06,-1.470987244e-06,-2.474770696e-06,-2.474770696e-06,-3.186616839e-06
jkt_qc200,891.2509381,794328.2347,0.08893596827,0.12,-1.939404274e-06,-1.139485288e-06,-1.939404274e-06,-1.939404274e-06,-2.531219728e-06
jkt_qc200,1000,1000000,0.08779586089,0.12,-1.520137304e-06,-8.827974921e-07,-1.520137304e-06,-1.520137304e-06,-2.010619298e-06
coul_a0.12,0.001,1e-06,nan,0.12,nan,nan,nan,nan,-2010619.298
coul_a0.12,0.001122018454,1.258925412e-06,nan,0.12,nan,nan,nan,nan,-1597091.678
coul_a0.12,0.001258925412,1.584893192e-06,nan,0.12,nan,nan,nan,nan,-1268615.013
coul_a0.12,0.001412537545,1.995262315e-06,nan,0.12,nan,nan,nan,nan,-1007696.724
coul_a0.12,0.001584893192,2.511886432e-06,nan,0.12,nan,nan,nan,nan,-800441.9599
coul_a0.12,0.00177827941,3.16227766e-06,nan,0.12,nan,nan,nan,nan,-635813.649
coul_a0.12,0.001995262315,3.981071706e-06,nan,0.12,nan,nan,nan,nan,-505044.7334
coul_a0.12,0.002238721139,5.011872336e-06,nan,0.12,nan,nan,nan,nan,-401171.2916
coul_a0.12,0.002511886432,6.309573445e-06,nan,0.12,nan,nan,nan,nan,-318661.6839
coul_a0.12,0.002818382931,7.943282347e-06,nan,0.12,nan,nan,nan,nan,-253121.9728
coul_a0.12,0.00316227766,1e-05,nan,0.12,nan,nan,nan,nan,-201061.9298
coul_a0.12,0.003548133892,1.258925412e-05,nan,0.12,nan,nan,nan,nan,-159709.1678
coul_a0.12,0.003981071706,1.584893192e-05,nan,0.12,nan,nan,nan,nan,-126861.5013
coul_a0.12,0.004466835922,1.995262315e-05,nan,0.12,nan,nan,nan,nan,-100769.6724
coul_a0.12,0.005011872336,2.511886432e-05,nan,0.12,nan,nan,nan,nan,-80044.19599
coul_a0.12,0.005623413252,3.16227766e-05,nan,0.12,nan,nan,nan,nan,-63581.3649
coul_a0.12,0.006309573445,3.981071706e-05,nan,0.12,nan,nan,nan,nan,-50504.47334
coul_a0.12,0.007079457844,5.011872336e-05,nan,0.12,nan,nan,nan,nan,-40117.12916
coul_a0.12,0.007943282347,6.309573445e-05,nan,0.12,nan,nan,nan,nan,-31866.16839
coul_a0.12,0.008912509381,7.943282347e-05,nan,0.12,nan,nan,nan,nan,-25312.19728
coul_a0.12,0.01,0.0001,nan,0.12,nan,nan,nan,nan,-20106.19298
coul_a0.12,0.01122018454,0.0001258925412,nan,0.12,nan,nan,nan,nan,-15970.91678
coul_a0.12,0.01258925412,0.0001584893192,nan,0.12,nan,nan,nan,nan,-12686.15013
coul_a0.12,0.01412537545,0.0001995262315,nan,0.12,nan,nan,nan,nan,-10076.96724
coul_a0.12,0.01584893192,0.0002511886432,nan,0.12,nan,nan,nan,nan,-8004.419599
coul_a0.12,0.0177827941,0.000316227766,nan,0.12,nan,nan,nan,nan,-6358.13649
coul_a0.12,0.01995262315,0.0003981071706,nan,0.12,nan,nan,nan,nan,-5050.447334
coul_a0.12,0.02238721139,0.0005011872336,nan,0.12,nan,nan,nan,nan,-4011.712916
coul_a0.12,0.02511886432,0.0006309573445,nan,0.12,nan,nan,nan,nan,-3186.616839
coul_a0.12,0.02818382931,0.0007943282347,nan,0.12,nan,nan,nan,nan,-2531.219728
coul_a0.12,0.0316227766,0.001,nan,0.12,nan,nan,nan,nan,-2010.619298
coul_a0.12,0.03548133892,0.001258925412,nan,0.12,nan,nan,nan,nan,-1597.091678
coul_a0.12,0.03981071706,0.001584893192,nan,0.12,nan,nan,nan,nan,-1268.615013
coul_a0.12,0.04466835922,0.001995262315,nan,0.12,nan,nan,nan,nan,-1007.696724
coul_a0.12,0.05011872336,0.002511886432,nan,0.12,nan,nan,nan,nan,-800.4419599
coul_a0.12,0.05623413252,0.00316227766,nan,0.12,nan,nan,nan,nan,-635.813649
coul_a0.12,0.06309573445,0.003981071706,nan,0.12,nan,nan,nan,nan,-505.0447334
coul_a0.12,0.07079457844,0.005011872336,nan,0.12,nan,nan,nan,nan,-401.1712916
coul_a0.12,0.07943282347,0.006309573445,nan,0.12,nan,nan,nan,nan,-318.6616839
coul_a0.12,0.08912509381,0.007943282347,nan,0.12,nan,nan,nan,nan,-253.1219728
coul_a0.12,0.1,0.01,nan,0.12,nan,nan,nan,nan,-201.0619298
coul_a0.12,0.1122018454,0.01258925412,nan,0.12,nan,nan,nan,nan,-159.7091678
coul_a0.12,0.1258925412,0.01584893192,nan,0.12,nan,nan,nan,nan,-126.8615013
coul_a0.12,0.1412537545,0.01995262315,nan,0.12,nan,nan,nan,nan,-100.7696724
coul_a0.12,0.1584893192,0.02511886432,nan,0.12,nan,nan,nan,nan,-80.04419599
coul_a0.12,0.177827941,0.0316227766,nan,0.12,nan,nan,nan,nan,-63.5813649
coul_a0.12,0.1995262315,0.03981071706,nan,0.12,nan,nan,nan,nan,-50.50447334
coul_a0.12,0.2238721139,0.05011872336,nan,0.12,nan,nan,nan,nan,-40.11712916
coul_a0.12,0.2511886432,0.06309573445,nan,0.12,nan,nan,nan,nan,-31.86616839
coul_a0.12,0.2818382931,0.07943282347,nan,0.12,nan,nan,nan,nan,-25.31219728
coul_a0.12,0.316227766,0.1,nan,0.12,nan,nan,nan,nan,-20.10619298
coul_a0.12,0.3548133892,0.1258925412,nan,0.12,nan,nan,nan,nan,-15.97091678
coul_a0.12,0.3981071706,0.1584893192,nan,0.12,nan,nan,nan,nan,-12.68615013
coul_a0.12,0.4466835922,0.1995262315,nan,0.12,nan,nan,nan,nan,-10.07696724
coul_a0.12,0.5011872336,0.2511886432,nan,0.12,nan,nan,nan,nan,-8.004419599
coul_a0.12,0.5623413252,0.316227766,nan,0.12,nan,nan,nan,nan,-6.35813649
coul_a0.12,0.6309573445,0.3981071706,nan,0.12,nan,nan,nan,nan,-5.050447334
coul_a0.12,0.7079457844,0.5011872336,nan,0.12,nan,nan,nan,nan,-4.011712916
coul_a0.12,0.7943282347,0.6309573445,nan,0.12,nan,nan,nan,nan,-3.186616839
coul_a0.12,0.8912509381,0.7943282347,nan,0.12,nan,nan,nan,nan,-2.531219728
coul_a0.12,1,1,nan,0.12,nan,nan,nan,nan,-2.010619298
coul_a0.12,1.122018454,1.258925412,nan,0.12,nan,nan,nan,nan,-1.597091678
coul_a0.12,1.258925412,1.584893192,nan,0.12,nan,nan,nan,nan,-1.268615013
coul_a0.12,1.412537545,1.995262315,nan,0.12,nan,nan,nan,nan,-1.007696724
coul_a0.12,1.584893192,2.511886432,nan,0.12,nan,nan,nan,nan,-0.8004419599
coul_a0.12,1.77827941,3.16227766,nan,0.12,nan,nan,nan,nan,-0.635813649
coul_a0.12,1.995262315,3.981071706,nan,0.12,nan,nan,nan,nan,-0.5050447334
coul_a0.12,2.238721139,5.011872336,nan,0.12,nan,nan,nan,nan,-0.4011712916
coul_a0.12,2.511886432,6.309573445,nan,0.12,nan,nan,nan,nan,-0.3186616839
coul_a0.12,2.818382931,7.943282347,nan,0.12,nan,nan,nan,nan,-0.2531219728
coul_a0.12,3.16227766,10,nan,0.12,nan,nan,nan,nan,-0.2010619298
coul_a0.12,3.548133892,12.58925412,nan,0.12,nan,nan,nan,nan,-0.1597091678
coul_a0.12,3.981071706,15.84893192,nan,0.12,nan,nan,nan,nan,-0.1268615013
coul_a0.12,4.466835922,19.95262315,nan,0.12,nan,nan,nan,nan,-0.1007696724
coul_a0.12,5.011872336,25.11886432,nan,0.12,nan,nan,nan,nan,-0.08004419599
coul_a0.12,5.623413252,31.6227766,nan,0.12,nan,nan,nan,nan,-0.0635813649
coul_a0.12,6.309573445,39.81071706,nan,0.12,nan,nan,nan,nan,-0.05050447334
coul_a0.12,7.079457844,50.11872336,nan,0.12,nan,nan,nan,nan,-0.04011712916
coul_a0.12,7.943282347,63.09573445,nan,0.12,nan,nan,nan,nan,-0.03186616839
coul_a0.12,8.912509381,79.43282347,nan,0.12,nan,nan,nan,nan,-0.02531219728
coul_a0.12,10,100,nan,0.12,nan,nan,nan,nan,-0.02010619298
coul_a0.12,11.22018454,125.8925412,nan,0.12,nan,nan,nan,nan,-0.01597091678
coul_a0.12,12.58925412,158.4893192,nan,0.12,nan,nan,nan,nan,-0.01268615013
coul_a0.12,14.12537545,199.5262315,nan,0.12,nan,nan,nan,nan,-0.01007696724
coul_a0.12,15.84893192,251.1886432,nan,0.12,nan,nan,nan,nan,-0.008004419599
coul_a0.12,17.7827941,316.227766,nan,0.12,nan,nan,nan,nan,-0.00635813649
coul_a0.12,19.95262315,398.1071706,nan,0.12,nan,nan,nan,nan,-0.005050447334
coul_a0.12,22.38721139,501.1872336,nan,0.12,nan,nan,nan,nan,-0.004011712916
coul_a0.12,25.11886432,630.9573445,nan,0.12,nan,nan,nan,nan,-0.003186616839
coul_a0.12,28.18382931,794.3282347,nan,0.12,nan,nan,nan,nan,-0.002531219728
coul_a0.12,31.6227766,1000,nan,0.12,nan,nan,nan,nan,-0.002010619298
coul_a0.12,35.48133892,1258.925412,nan,0.12,nan,nan,nan,nan,-0.001597091678
coul_a0.12,39.81071706,1584.893192,nan,0.12,nan,nan,nan,nan,-0.001268615013
coul_a0.12,44.66835922,1995.262315,nan,0.12,nan,nan,nan,nan,-0.001007696724
coul_a0.12,50.11872336,2511.886432,nan,0.12,nan,nan,nan,nan,-0.0008004419599
coul_a0.12,56.23413252,3162.27766,nan,0.12,nan,nan,nan,nan,-0.000635813649
coul_a0.12,63.09573445,3981.071706,nan,0.12,nan,nan,nan,nan,-0.0005050447334
coul_a0.12,70.79457844,5011.872336,nan,0.12,nan,nan,nan,nan,-0.0004011712916
coul_a0.12,79.43282347,6309.573445,nan,0.12,nan,nan,nan,nan,-0.0003186616839
coul_a0.12,89.12509381,7943.282347,nan,0.12,nan,nan,nan,nan,-0.0002531219728
coul_a0.12,91.18750881,8315.161763,nan,0.12,nan,nan,nan,nan,-0.0002418015855
coul_a0.12,91.1876,8315.178394,nan,0.12,nan,nan,nan,nan,-0.0002418011019
coul_a0.12,91.18769119,8315.195024,nan,0.12,nan,nan,nan,nan,-0.0002418006183
coul_a0.12,100,10000,nan,0.12,nan,nan,nan,nan,-0.0002010619298
coul_a0.12,112.2018454,12589.25412,nan,0.12,nan,nan,nan,nan,-0.0001597091678
coul_a0.12,125.8925412,15848.93192,nan,0.12,nan,nan,nan,nan,-0.0001268615013
coul_a0.12,141.2537545,19952.62315,nan,0.12,nan,nan,nan,nan,-0.0001007696724
coul_a0.12,158.4893192,25118.86432,nan,0.12,nan,nan,nan,nan,-8.004419599e-05
coul_a0.12,177.827941,31622.7766,nan,0.12,nan,nan,nan,nan,-6.35813649e-05
coul_a0.12,199.5262315,39810.71706,nan,0.12,nan,nan,nan,nan,-5.050447334e-05
coul_a0.12,223.8721139,50118.72336,nan,0.12,nan,nan,nan,nan,-4.011712916e-05
coul_a0.12,251.1886432,63095.73445,nan,0.12,nan,nan,nan,nan,-3.186616839e-05
coul_a0.12,281.8382931,79432.82347,nan,0.12,nan,nan,nan,nan,-2.531219728e-05
coul_a0.12,316.227766,100000,nan,0.12,nan,nan,nan,nan,-2.010619298e-05
coul_a0.12,354.8133892,125892.5412,nan,0.12,nan,nan,nan,nan,-1.597091678e-05
coul_a0.12,398.1071706,158489.3192,nan,0.12,nan,nan,nan,nan,-1.268615013e-05
coul_a0.12,446.6835922,199526.2315,nan,0.12,nan,nan,nan,nan,-1.007696724e-05
coul_a0.12,501.1872336,251188.6432,nan,0.12,nan,nan,nan,nan,-8.004419599e-06
coul_a0.12,562.3413252,316227.766,nan,0.12,nan,nan,nan,nan,-6.35813649e-06
coul_a0.12,630.9573445,398107.1706,nan,0.12,nan,nan,nan,nan,-5.050447334e-06
coul_a0.12,707.9457844,501187.2336,nan,0.12,nan,nan,nan,nan,-4.011712916e-06
coul_a0.12,794.3282347,630957.3445,nan,0.12,nan,nan,nan,nan,-3.186616839e-06
coul_a0.12,891.2509381,794328.2347,nan,0.12,nan,nan,nan,nan,-2.531219728e-06
coul_a0.12,1000,1000000,nan,0.12,nan,nan,nan,nan,-2.010619298e-06
coul_a0.15,0.001,1e-06,nan,0.15,nan,nan,nan,nan,-2513274.123
coul_a0.15,0.001122018454,1.258925412e-06,nan,0.15,nan,nan,nan,nan,-1996364.597
coul_a0.15,0.001258925412,1.584893192e-06,nan,0.15,nan,nan,nan,nan,-1585768.767
coul_a0.15,0.001412537545,1.995262315e-06,nan,0.15,nan,nan,nan,nan,-1259620.905
coul_a0.15,0.001584893192,2.511886432e-06,nan,0.15,nan,nan,nan,nan,-1000552.45
coul_a0.15,0.00177827941,3.16227766e-06,nan,0.15,nan,nan,nan,nan,-794767.0613
coul_a0.15,0.001995262315,3.981071706e-06,nan,0.15,nan,nan,nan,nan,-631305.9168
coul_a0.15,0.002238721139,5.011872336e-06,nan,0.15,nan,nan,nan,nan,-501464.1145
coul_a0.15,0.002511886432,6.309573445e-06,nan,0.15,nan,nan,nan,nan,-398327.1048
coul_a0.15,0.002818382931,7.943282347e-06,nan,0.15,nan,nan,nan,nan,-316402.466
coul_a0.15,0.00316227766,1e-05,nan,0.15,nan,nan,nan,nan,-251327.4123
coul_a0.15,0.003548133892,1.258925412e-05,nan,0.15,nan,nan,nan,nan,-199636.4597
coul_a0.15,0.003981071706,1.584893192e-05,nan,0.15,nan,nan,nan,nan,-158576.8767
coul_a0.15,0.004466835922,1.995262315e-05,nan,0.15,nan,nan,nan,nan,-125962.0905
coul_a0.15,0.005011872336,2.511886432e-05,nan,0.15,nan,nan,nan,nan,-100055.245
coul_a0.15,0.005623413252,3.16227766e-05,nan,0.15,nan,nan,nan,nan,-79476.70613
coul_a0.15,0.006309573445,3.981071706e-05,nan,0.15,nan,nan,nan,nan,-63130.59168
coul_a0.15,0.007079457844,5.011872336e-05,nan,0.15,nan,nan,nan,nan,-50146.41145
coul_a0.15,0.007943282347,6.309573445e-05,nan,0.15,nan,nan,nan,nan,-39832.71048
coul_a0.15,0.008912509381,7.943282347e-05,nan,0.15,nan,nan,nan,nan,-31640.2466
coul_a0.15,0.01,0.0001,nan,0.15,nan,nan,nan,nan,-25132.74123
coul_a0.15,0.01122018454,0.0001258925412,nan,0.15,nan,nan,nan,nan,-19963.64597
coul_a0.15,0.01258925412,0.0001584893192,nan,0.15,nan,nan,nan,nan,-15857.68767
coul_a0.15,0.01412537545,0.0001995262315,nan,0.15,nan,nan,nan,nan,-12596.20905
coul_a0.15,0.01584893192,0.0002511886432,nan,0.15,nan,nan,nan,nan,-10005.5245
coul_a0.15,0.0177827941,0.000316227766,nan,0.15,nan,nan,nan,nan,-7947.670613
coul_a0.15,0.01995262315,0.0003981071706,nan,0.15,nan,nan,nan,nan,-6313.059168
coul_a0.15,0.02238721139,0.0005011872336,nan,0.15,nan,nan,nan,nan,-5014.641145
coul_a0.15,0.02511886432,0.0006309573445,nan,0.15,nan,nan,nan,nan,-3983.271048
coul_a0.15,0.02818382931,0.0007943282347,nan,0.15,nan,nan,nan,nan,-3164.02466
coul_a0.15,0.0316227766,0.001,nan,0.15,nan,nan,nan,nan,-2513.274123
coul_a0.15,0.03548133892,0.001258925412,nan,0.15,nan,nan,nan,nan,-1996.364597
coul_a0.15,0.03981071706,0.001584893192,nan,0.15,nan,nan,nan,nan,-1585.768767
coul_a0.15,0.04466835922,0.001995262315,nan,0.15,nan,nan,nan,nan,-1259.620905
coul_a0.15,0.05011872336,0.002511886432,nan,0.15,nan,nan,nan,nan,-1000.55245
coul_a0.15,0.05623413252,0.00316227766,nan,0.15,nan,nan,nan,nan,-794.7670613
coul_a0.15,0.06309573445,0.003981071706,nan,0.15,nan,nan,nan,nan,-631.3059168
coul_a0.15,0.07079457844,0.005011872336,nan,0.15,nan,nan,nan,nan,-501.4641145
coul_a0.15,0.07943282347,0.006309573445,nan,0.15,nan,nan,nan,nan,-398.3271048
coul_a0.15,0.08912509381,0.007943282347,nan,0.15,nan,nan,nan,nan,-316.402466
coul_a0.15,0.1,0.01,nan,0.15,nan,nan,nan,nan,-251.3274123
coul_a0.15,0.1122018454,0.01258925412,nan,0.15,nan,nan,nan,nan,-199.6364597
coul_a0.15,0.1258925412,0.01584893192,nan,0.15,nan,nan,nan,nan,-158.5768767
coul_a0.15,0.1412537545,0.01995262315,nan,0.15,nan,nan,nan,nan,-125.9620905
coul_a0.15,0.1584893192,0.02511886432,nan,0.15,nan,nan,nan,nan,-100.055245
coul_a0.15,0.177827941,0.0316227766,nan,0.15,nan,nan,nan,nan,-79.47670613
coul_a0.15,0.1995262315,0.03981071706,nan,0.15,nan,nan,nan,nan,-63.13059168
coul_a0.15,0.2238721139,0.05011872336,nan,0.15,nan,nan,nan,nan,-50.14641145
coul_a0.15,0.2511886432,0.06309573445,nan,0.15,nan,nan,nan,nan,-39.83271048
coul_a0.15,0.2818382931,0.07943282347,nan,0.15,nan,nan,nan,nan,-31.6402466
coul_a0.15,0.316227766,0.1,nan,0.15,nan,nan,nan,nan,-25.13274123
coul_a0.15,0.3548133892,0.1258925412,nan,0.15,nan,nan,nan,nan,-19.96364597
coul_a0.15,0.3981071706,0.1584893192,nan,0.15,nan,nan,nan,nan,-15.85768767
coul_a0.15,0.4466835922,0.1995262315,nan,0.15,nan,nan,nan,nan,-12.59620905
coul_a0.15,0.5011872336,0.2511886432,nan,0.15,nan,nan,nan,nan,-10.0055245
coul_a0.15,0.5623413252,0.316227766,nan,0.15,nan,nan,nan,nan,-7.947670613
coul_a0.15,0.6309573445,0.3981071706,nan,0.15,nan,nan,nan,nan,-6.313059168
coul_a0.15,0.7079457844,0.5011872336,nan,0.15,nan,nan,nan,nan,-5.014641145
coul_a0.15,0.7943282347,0.6309573445,nan,0.15,nan,nan,nan,nan,-3.983271048
coul_a0.15,0.8912509381,0.7943282347,nan,0.15,nan,nan,nan,nan,-3.16402466
coul_a0.15,1,1,nan,0.15,nan,nan,nan,nan,-2.513274123
coul_a0.15,1.122018454,1.258925412,nan,0.15,nan,nan,nan,nan,-1.996364597
coul_a0.15,1.258925412,1.584893192,nan,0.15,nan,nan,nan,nan,-1.585768767
coul_a0.15,1.412537545,1.995262315,nan,0.15,nan,nan,nan,nan,-1.259620905
coul_a0.15,1.584893192,2.511886432,nan,0.15,nan,nan,nan,nan,-1.00055245
coul_a0.15,1.77827941,3.16227766,nan,0.15,nan,nan,nan,nan,-0.7947670613
coul_a0.15,1.995262315,3.981071706,nan,0.15,nan,nan,nan,nan,-0.6313059168
coul_a0.15,2.238721139,5.011872336,nan,0.15,nan,nan,nan,nan,-0.5014641145
coul_a0.15,2.511886432,6.309573445,nan,0.15,nan,nan,nan,nan,-0.3983271048
coul_a0.15,2.818382931,7.943282347,nan,0.15,nan,nan,nan,nan,-0.316402466
coul_a0.15,3.16227766,10,nan,0.15,nan,nan,nan,nan,-0.2513274123
coul_a0.15,3.548133892,12.58925412,nan,0.15,nan,nan,nan,nan,-0.1996364597
coul_a0.15,3.981071706,15.84893192,nan,0.15,nan,nan,nan,nan,-0.1585768767
coul_a0.15,4.466835922,19.95262315,nan,0.15,nan,nan,nan,nan,-0.1259620905
coul_a0.15,5.011872336,25.11886432,nan,0.15,nan,nan,nan,nan,-0.100055245
coul_a0.15,5.623413252,31.6227766,nan,0.15,nan,nan,nan,nan,-0.07947670613
coul_a0.15,6.309573445,39.81071706,nan,0.15,nan,nan,nan,nan,-0.06313059168
coul_a0.15,7.079457844,50.11872336,nan,0.15,nan,nan,nan,nan,-0.05014641145
coul_a0.15,7.943282347,63.09573445,nan,0.15,nan,nan,nan,nan,-0.03983271048
coul_a0.15,8.912509381,79.43282347,nan,0.15,nan,nan,nan,nan,-0.0316402466
coul_a0.15,10,100,nan,0.15,nan,nan,nan,nan,-0.02513274123
coul_a0.15,11.22018454,125.8925412,nan,0.15,nan,nan,nan,nan,-0.01996364597
coul_a0.15,12.58925412,158.4893192,nan,0.15,nan,nan,nan,nan,-0.01585768767
coul_a0.15,14.12537545,199.5262315,nan,0.15,nan,nan,nan,nan,-0.01259620905
coul_a0.15,15.84893192,251.1886432,nan,0.15,nan,nan,nan,nan,-0.0100055245
coul_a0.15,17.7827941,316.227766,nan,0.15,nan,nan,nan,nan,-0.007947670613
coul_a0.15,19.95262315,398.1071706,nan,0.15,nan,nan,nan,nan,-0.006313059168
coul_a0.15,22.38721139,501.1872336,nan,0.15,nan,nan,nan,nan,-0.005014641145
coul_a0.15,25.11886432,630.9573445,nan,0.15,nan,nan,nan,nan,-0.003983271048
coul_a0.15,28.18382931,794.3282347,nan,0.15,nan,nan,nan,nan,-0.00316402466
coul_a0.15,31.6227766,1000,nan,0.15,nan,nan,nan,nan,-0.002513274123
coul_a0.15,35.48133892,1258.925412,nan,0.15,nan,nan,nan,nan,-0.001996364597
coul_a0.15,39.81071706,1584.893192,nan,0.15,nan,nan,nan,nan,-0.001585768767
coul_a0.15,44.66835922,1995.262315,nan,0.15,nan,nan,nan,nan,-0.001259620905
coul_a0.15,50.11872336,2511.886432,nan,0.15,nan,nan,nan,nan,-0.00100055245
coul_a0.15,56.23413252,3162.27766,nan,0.15,nan,nan,nan,nan,-0.0007947670613
coul_a0.15,63.09573445,3981.071706,nan,0.15,nan,nan,nan,nan,-0.0006313059168
coul_a0.15,70.79457844,5011.872336,nan,0.15,nan,nan,nan,nan,-0.0005014641145
coul_a0.15,79.43282347,6309.573445,nan,0.15,nan,nan,nan,nan,-0.0003983271048
coul_a0.15,89.12509381,7943.282347,nan,0.15,nan,nan,nan,nan,-0.000316402466
coul_a0.15,91.18750881,8315.161763,nan,0.15,nan,nan,nan,nan,-0.0003022519819
coul_a0.15,91.1876,8315.178394,nan,0.15,nan,nan,nan,nan,-0.0003022513774
coul_a0.15,91.18769119,8315.195024,nan,0.15,nan,nan,nan,nan,-0.0003022507729
coul_a0.15,100,10000,nan,0.15,nan,nan,nan,nan,-0.0002513274123
coul_a0.15,112.2018454,12589.25412,nan,0.15,nan,nan,nan,nan,-0.0001996364597
coul_a0.15,125.8925412,15848.93192,nan,0.15,nan,nan,nan,nan,-0.0001585768767
coul_a0.15,141.2537545,19952.62315,nan,0.15,nan,nan,nan,nan,-0.0001259620905
coul_a0.15,158.4893192,25118.86432,nan,0.15,nan,nan,nan,nan,-0.000100055245
coul_a0.15,177.827941,31622.7766,nan,0.15,nan,nan,nan,nan,-7.947670613e-05
coul_a0.15,199.5262315,39810.71706,nan,0.15,nan,nan,nan,nan,-6.313059168e-05
coul_a0.15,223.8721139,50118.72336,nan,0.15,nan,nan,nan,nan,-5.014641145e-05
coul_a0.15,251.1886432,63095.73445,nan,0.15,nan,nan,nan,nan,-3.983271048e-05
coul_a0.15,281.8382931,79432.82347,nan,0.15,nan,nan,nan,nan,-3.16402466e-05
coul_a0.15,316.227766,100000,nan,0.15,nan,nan,nan,nan,-2.513274123e-05
coul_a0.15,354.8133892,125892.5412,nan,0.15,nan,nan,nan,nan,-1.996364597e-05
coul_a0.15,398.1071706,158489.3192,nan,0.15,nan,nan,nan,nan,-1.585768767e-05
coul_a0.15,446.6835922,199526.2315,nan,0.15,nan,nan,nan,nan,-1.259620905e-05
coul_a0.15,501.1872336,251188.6432,nan,0.15,nan,nan,nan,nan,-1.00055245e-05
coul_a0.15,562.3413252,316227.766,nan,0.15,nan,nan,nan,nan,-7.947670613e-06
coul_a0.15,630.9573445,398107.1706,nan,0.15,nan,nan,nan,nan,-6.313059168e-06
coul_a0.15,707.9457844,501187.2336,nan,0.15,nan,nan,nan,nan,-5.014641145e-06
coul_a0.15,794.3282347,630957.3445,nan,0.15,nan,nan,nan,nan,-3.983271048e-06
coul_a0.15,891.2509381,794328.2347,nan,0.15,nan,nan,nan,nan,-3.16402466e-06
coul_a0.15,1000,1000000,nan,0.15,nan,nan,nan,nan,-2.513274123e-06
